0 0.050521 0.554630 0.048958 0.557407 0.048958 0.558333 0.045833 0.563889 0.045833 0.564815 0.045312 0.565741 0.045312 0.569444 0.045833 0.570370 0.045833 0.571296 0.052604 0.583333 0.053125 0.583333 0.057292 0.590741 0.057813 0.590741 0.061458 0.597222 0.061979 0.597222 0.065625 0.603704 0.066146 0.603704 0.069792 0.610185 0.070312 0.610185 0.073958 0.616667 0.074479 0.616667 0.077604 0.622222 0.078125 0.622222 0.081771 0.628704 0.082292 0.628704 0.085938 0.635185 0.086458 0.635185 0.090104 0.641667 0.090625 0.641667 0.094271 0.648148 0.094792 0.648148 0.098437 0.654630 0.098958 0.654630 0.102083 0.660185 0.102604 0.660185 0.104688 0.663889 0.115625 0.663889 0.116146 0.662963 0.117708 0.662963 0.136458 0.629630 0.136458 0.628704 0.155729 0.594444 0.155729 0.593519 0.167708 0.572222 0.167708 0.571296 0.169792 0.567593 0.169792 0.566667 0.170313 0.565741 0.170313 0.564815 0.171354 0.562963 0.171354 0.562037 0.171875 0.561111 0.171875 0.560185 0.172396 0.559259 0.172396 0.558333 0.172917 0.557407 0.172917 0.555556 0.170833 0.555556 0.170313 0.556481 0.169271 0.556481 0.168750 0.557407 0.168229 0.557407 0.167708 0.558333 0.167187 0.558333 0.166146 0.560185 0.165625 0.560185 0.164583 0.562037 0.164062 0.562037 0.162500 0.564815 0.161979 0.564815 0.159375 0.569444 0.158854 0.569444 0.154688 0.576852 0.154167 0.576852 0.141667 0.599074 0.141146 0.599074 0.138542 0.603704 0.138542 0.604630 0.118750 0.639815 0.118229 0.639815 0.117708 0.640741 0.115625 0.640741 0.115104 0.639815 0.114583 0.639815 0.112500 0.636111 0.112500 0.631481 0.113021 0.630556 0.113021 0.629630 0.113542 0.628704 0.113542 0.627778 0.114583 0.625926 0.114583 0.625000 0.115625 0.623148 0.115625 0.622222 0.116667 0.620370 0.116667 0.619444 0.117708 0.617593 0.117708 0.615741 0.108854 0.631481 0.108333 0.631481 0.107292 0.633333 0.105208 0.633333 0.104688 0.632407 0.104167 0.632407 0.103646 0.631481 0.103125 0.631481 0.102083 0.629630 0.101562 0.629630 0.100521 0.627778 0.100000 0.627778 0.098437 0.625000 0.097917 0.625000 0.096354 0.622222 0.095833 0.622222 0.094271 0.619444 0.093750 0.619444 0.091667 0.615741 0.091146 0.615741 0.088021 0.610185 0.087500 0.610185 0.083333 0.602778 0.082812 0.602778 0.079167 0.596296 0.078646 0.596296 0.075000 0.589815 0.074479 0.589815 0.070833 0.583333 0.070312 0.583333 0.066667 0.576852 0.066146 0.576852 0.062500 0.570370 0.061979 0.570370 0.058333 0.563889 0.057813 0.563889 0.054167 0.557407 0.053646 0.557407 0.052083 0.554630
0 0.169792 0.510185 0.169271 0.511111 0.168229 0.511111 0.167708 0.512037 0.167187 0.512037 0.166146 0.513889 0.165625 0.513889 0.164583 0.515741 0.164062 0.515741 0.162500 0.518519 0.161979 0.518519 0.159896 0.522222 0.159375 0.522222 0.155208 0.529630 0.154688 0.529630 0.144271 0.548148 0.143750 0.548148 0.137500 0.559259 0.137500 0.560185 0.118750 0.593519 0.118229 0.593519 0.117188 0.595370 0.115625 0.595370 0.115104 0.594444 0.114583 0.594444 0.111979 0.589815 0.111979 0.588889 0.111458 0.587963 0.111458 0.586111 0.111979 0.585185 0.111979 0.584259 0.112500 0.583333 0.096354 0.612037 0.095833 0.612037 0.094792 0.613889 0.091667 0.613889 0.091146 0.612963 0.090625 0.612963 0.089583 0.611111 0.089063 0.611111 0.086979 0.607407 0.086458 0.607407 0.083333 0.601852 0.082812 0.601852 0.079167 0.595370 0.078646 0.595370 0.075000 0.588889 0.074479 0.588889 0.070833 0.582407 0.070312 0.582407 0.066667 0.575926 0.066146 0.575926 0.062500 0.569444 0.061979 0.569444 0.058333 0.562963 0.057813 0.562963 0.054167 0.556481 0.053646 0.556481 0.050000 0.550000 0.049479 0.550000 0.045833 0.543519 0.045312 0.543519 0.041146 0.536111 0.041146 0.537037 0.043750 0.541667 0.044271 0.541667 0.048958 0.550000 0.049479 0.550000 0.053125 0.556481 0.053646 0.556481 0.057292 0.562963 0.057813 0.562963 0.061458 0.569444 0.061979 0.569444 0.065625 0.575926 0.066146 0.575926 0.069792 0.582407 0.070312 0.582407 0.073958 0.588889 0.074479 0.588889 0.078125 0.595370 0.078646 0.595370 0.082292 0.601852 0.082812 0.601852 0.086979 0.609259 0.087500 0.609259 0.090625 0.614815 0.091146 0.614815 0.093229 0.618519 0.093750 0.618519 0.095312 0.621296 0.095833 0.621296 0.097396 0.624074 0.097917 0.624074 0.099479 0.626852 0.100000 0.626852 0.101042 0.628704 0.101562 0.628704 0.102604 0.630556 0.103125 0.630556 0.103646 0.631481 0.104167 0.631481 0.104688 0.632407 0.105208 0.632407 0.105729 0.633333 0.107292 0.633333 0.108854 0.630556 0.109375 0.630556 0.120833 0.610185 0.120833 0.609259 0.140625 0.574074 0.140625 0.573148 0.158854 0.540741 0.158854 0.539815 0.163021 0.532407 0.163021 0.531481 0.164062 0.529630 0.164062 0.528704 0.165104 0.526852 0.165104 0.525926 0.165625 0.525000 0.165625 0.524074 0.166667 0.522222 0.166667 0.521296 0.167187 0.520370 0.167187 0.519444 0.168229 0.517593 0.168229 0.516667 0.168750 0.515741 0.168750 0.514815 0.169792 0.512963 0.169792 0.512037 0.170313 0.511111 0.170313 0.510185
0 0.161979 0.450000 0.161458 0.450926 0.159896 0.450926 0.159375 0.451852 0.158854 0.451852 0.158333 0.452778 0.157292 0.452778 0.156250 0.454630 0.155729 0.454630 0.153646 0.458333 0.153125 0.458333 0.150000 0.463889 0.149479 0.463889 0.147917 0.466667 0.147396 0.466667 0.144792 0.471296 0.144271 0.471296 0.107813 0.536111 0.107292 0.536111 0.106771 0.537037 0.105208 0.537037 0.104688 0.536111 0.104167 0.536111 0.101562 0.531481 0.101562 0.529630 0.101042 0.528704 0.101042 0.527778 0.101562 0.526852 0.101562 0.525926 0.102083 0.525000 0.102083 0.524074 0.104167 0.520370 0.094271 0.537963 0.094271 0.538889 0.080729 0.562963 0.080208 0.562963 0.079167 0.564815 0.078646 0.564815 0.078125 0.565741 0.076563 0.565741 0.076042 0.564815 0.075521 0.564815 0.075000 0.563889 0.074479 0.563889 0.073438 0.562037 0.072917 0.562037 0.070833 0.558333 0.070312 0.558333 0.067187 0.552778 0.066667 0.552778 0.063021 0.546296 0.062500 0.546296 0.058854 0.539815 0.058333 0.539815 0.054688 0.533333 0.054167 0.533333 0.050521 0.526852 0.050000 0.526852 0.046354 0.520370 0.045833 0.520370 0.041667 0.512963 0.041146 0.512963 0.037500 0.506481 0.036979 0.506481 0.033333 0.500000 0.032813 0.500000 0.031250 0.497222 0.030729 0.497222 0.028646 0.500926 0.028125 0.500926 0.026042 0.504630 0.026042 0.506481 0.025521 0.507407 0.025521 0.508333 0.026042 0.509259 0.026042 0.510185 0.026562 0.511111 0.026562 0.512037 0.032292 0.522222 0.032813 0.522222 0.036458 0.528704 0.036979 0.528704 0.040625 0.535185 0.041146 0.535185 0.045312 0.542593 0.045833 0.542593 0.049479 0.549074 0.050000 0.549074 0.053646 0.555556 0.054167 0.555556 0.057813 0.562037 0.058333 0.562037 0.061979 0.568519 0.062500 0.568519 0.066146 0.575000 0.066667 0.575000 0.070312 0.581481 0.070833 0.581481 0.074479 0.587963 0.075000 0.587963 0.078646 0.594444 0.079167 0.594444 0.082812 0.600926 0.083333 0.600926 0.086458 0.606481 0.086979 0.606481 0.089063 0.610185 0.089583 0.610185 0.090625 0.612037 0.091146 0.612037 0.091667 0.612963 0.094792 0.612963 0.095833 0.611111 0.096354 0.611111 0.114062 0.579630 0.114062 0.578704 0.132292 0.546296 0.132292 0.545370 0.148438 0.516667 0.148438 0.515741 0.152083 0.509259 0.152083 0.508333 0.153646 0.505556 0.153646 0.504630 0.154688 0.502778 0.154688 0.501852 0.155729 0.500000 0.155729 0.499074 0.156771 0.497222 0.156771 0.496296 0.157812 0.494444 0.157812 0.493519 0.158854 0.491667 0.158854 0.490741 0.159896 0.488889 0.159896 0.487963 0.160938 0.486111 0.160938 0.485185 0.161979 0.483333 0.161979 0.482407 0.163021 0.480556 0.163021 0.479630 0.164062 0.477778 0.164062 0.476852 0.165104 0.475000 0.165104 0.474074 0.166146 0.472222 0.166146 0.471296 0.167187 0.469444 0.167187 0.468519 0.168229 0.466667 0.168229 0.465741 0.169271 0.463889 0.169271 0.462963 0.170313 0.461111 0.170313 0.460185 0.171354 0.458333 0.171354 0.457407 0.171875 0.456481 0.170833 0.454630 0.170313 0.454630 0.169792 0.453704 0.169271 0.453704 0.168750 0.452778 0.168229 0.452778 0.167708 0.451852 0.166667 0.451852 0.166146 0.450926 0.164583 0.450926 0.164062 0.450000
0 0.162500 0.400000 0.161979 0.400926 0.160417 0.400926 0.159896 0.401852 0.159375 0.401852 0.158854 0.402778 0.158333 0.402778 0.157812 0.403704 0.157292 0.403704 0.156250 0.405556 0.155729 0.405556 0.154688 0.407407 0.154167 0.407407 0.152083 0.411111 0.151562 0.411111 0.148438 0.416667 0.147917 0.416667 0.141667 0.427778 0.141146 0.427778 0.122396 0.461111 0.122396 0.462037 0.109896 0.484259 0.109375 0.484259 0.108333 0.486111 0.106771 0.486111 0.106250 0.485185 0.105729 0.485185 0.103125 0.480556 0.103125 0.479630 0.102604 0.478704 0.102604 0.475926 0.103646 0.474074 0.103646 0.473148 0.105208 0.470370 0.105208 0.469444 0.110937 0.459259 0.097917 0.482407 0.097917 0.483333 0.080208 0.514815 0.079687 0.514815 0.079167 0.515741 0.078125 0.515741 0.077604 0.514815 0.077083 0.514815 0.076042 0.512963 0.075521 0.512963 0.075000 0.512037 0.074479 0.512037 0.073438 0.510185 0.072917 0.510185 0.071354 0.507407 0.070833 0.507407 0.069271 0.504630 0.068750 0.504630 0.067187 0.501852 0.066667 0.501852 0.064583 0.498148 0.064062 0.498148 0.061979 0.494444 0.061458 0.494444 0.058333 0.488889 0.057813 0.488889 0.054167 0.482407 0.053646 0.482407 0.049479 0.475000 0.048958 0.475000 0.045312 0.468519 0.044792 0.468519 0.040625 0.461111 0.040104 0.461111 0.036458 0.454630 0.035937 0.454630 0.031771 0.447222 0.031250 0.447222 0.027604 0.440741 0.027083 0.440741 0.024479 0.436111 0.023958 0.436111 0.023438 0.437037 0.022917 0.437037 0.021354 0.439815 0.020833 0.439815 0.019271 0.442593 0.018750 0.442593 0.017188 0.445370 0.016667 0.445370 0.015625 0.447222 0.015104 0.447222 0.013542 0.450000 0.013021 0.450000 0.011458 0.452778 0.010937 0.452778 0.009896 0.454630 0.009896 0.455556 0.009375 0.456481 0.009375 0.460185 0.009896 0.461111 0.009896 0.462037 0.015625 0.472222 0.016146 0.472222 0.020313 0.479630 0.020833 0.479630 0.024479 0.486111 0.025000 0.486111 0.028646 0.492593 0.029167 0.492593 0.032813 0.499074 0.033333 0.499074 0.036979 0.505556 0.037500 0.505556 0.041146 0.512037 0.041667 0.512037 0.045833 0.519444 0.046354 0.519444 0.050000 0.525926 0.050521 0.525926 0.054167 0.532407 0.054688 0.532407 0.058333 0.538889 0.058854 0.538889 0.062500 0.545370 0.063021 0.545370 0.066667 0.551852 0.067187 0.551852 0.070312 0.557407 0.070833 0.557407 0.072917 0.561111 0.073438 0.561111 0.074479 0.562963 0.075000 0.562963 0.075521 0.563889 0.076042 0.563889 0.076563 0.564815 0.078125 0.564815 0.078646 0.563889 0.079167 0.563889 0.080208 0.562037 0.080729 0.562037 0.093750 0.538889 0.093750 0.537963 0.109896 0.509259 0.109896 0.508333 0.125521 0.480556 0.125521 0.479630 0.135417 0.462037 0.135417 0.461111 0.137500 0.457407 0.137500 0.456481 0.139583 0.452778 0.139583 0.451852 0.142187 0.447222 0.142187 0.446296 0.144271 0.442593 0.144271 0.441667 0.146354 0.437963 0.146354 0.437037 0.148438 0.433333 0.148438 0.432407 0.151042 0.427778 0.151042 0.426852 0.153125 0.423148 0.153125 0.422222 0.155208 0.418519 0.155208 0.417593 0.157292 0.413889 0.157292 0.412963 0.159896 0.408333 0.159896 0.407407 0.161979 0.403704 0.161979 0.402778 0.163542 0.400000
0 0.171354 0.327778 0.170833 0.328704 0.170313 0.328704 0.140104 0.382407 0.139583 0.382407 0.136458 0.387963 0.135937 0.387963 0.133854 0.391667 0.133333 0.391667 0.132812 0.392593 0.132292 0.392593 0.131250 0.394444 0.130729 0.394444 0.130208 0.395370 0.129167 0.395370 0.128646 0.396296 0.125521 0.396296 0.125000 0.395370 0.123958 0.395370 0.123438 0.394444 0.122396 0.394444 0.121354 0.392593 0.120833 0.392593 0.120313 0.391667 0.119792 0.391667 0.118750 0.389815 0.118229 0.389815 0.116667 0.387037 0.116146 0.387037 0.114583 0.384259 0.114062 0.384259 0.111979 0.380556 0.111458 0.380556 0.108333 0.375000 0.107813 0.375000 0.105208 0.370370 0.104688 0.370370 0.101042 0.363889 0.100521 0.363889 0.095833 0.355556 0.095312 0.355556 0.090625 0.347222 0.090104 0.347222 0.085938 0.339815 0.085417 0.339815 0.082812 0.335185 0.082292 0.335185 0.080729 0.332407 0.080208 0.332407 0.079687 0.331481 0.077604 0.331481 0.077083 0.332407 0.076563 0.332407 0.075521 0.334259 0.075000 0.334259 0.073958 0.336111 0.073438 0.336111 0.072917 0.337037 0.072396 0.337037 0.071354 0.338889 0.070833 0.338889 0.069792 0.340741 0.069271 0.340741 0.068229 0.342593 0.067708 0.342593 0.066667 0.344444 0.066146 0.344444 0.065104 0.346296 0.064583 0.346296 0.063542 0.348148 0.063021 0.348148 0.061979 0.350000 0.061458 0.350000 0.060417 0.351852 0.059896 0.351852 0.059375 0.352778 0.058854 0.352778 0.057813 0.354630 0.057292 0.354630 0.056250 0.356481 0.055729 0.356481 0.054688 0.358333 0.054167 0.358333 0.053125 0.360185 0.052604 0.360185 0.051562 0.362037 0.051042 0.362037 0.050000 0.363889 0.049479 0.363889 0.048438 0.365741 0.047917 0.365741 0.046875 0.367593 0.046354 0.367593 0.045312 0.369444 0.044792 0.369444 0.044271 0.370370 0.043750 0.370370 0.042708 0.372222 0.042188 0.372222 0.041146 0.374074 0.040625 0.374074 0.039583 0.375926 0.039062 0.375926 0.038021 0.377778 0.037500 0.377778 0.036458 0.379630 0.035937 0.379630 0.034896 0.381481 0.034375 0.381481 0.033333 0.383333 0.032813 0.383333 0.031771 0.385185 0.031250 0.385185 0.030729 0.386111 0.030208 0.386111 0.029167 0.387963 0.028646 0.387963 0.027604 0.389815 0.027083 0.389815 0.026042 0.391667 0.025521 0.391667 0.024479 0.393519 0.023958 0.393519 0.022917 0.395370 0.022396 0.395370 0.021354 0.397222 0.020833 0.397222 0.019792 0.399074 0.019271 0.399074 0.018229 0.400926 0.017708 0.400926 0.016667 0.402778 0.016146 0.402778 0.015625 0.403704 0.015104 0.403704 0.014063 0.405556 0.013542 0.405556 0.011979 0.408333 0.011979 0.409259 0.011458 0.410185 0.011458 0.412037 0.011979 0.412963 0.011979 0.413889 0.012500 0.414815 0.012500 0.415741 0.017708 0.425000 0.018229 0.425000 0.022396 0.432407 0.022917 0.432407 0.027083 0.439815 0.027604 0.439815 0.031250 0.446296 0.031771 0.446296 0.035937 0.453704 0.036458 0.453704 0.040104 0.460185 0.040625 0.460185 0.044792 0.467593 0.045312 0.467593 0.048958 0.474074 0.049479 0.474074 0.053646 0.481481 0.054167 0.481481 0.057813 0.487963 0.058333 0.487963 0.061458 0.493519 0.061979 0.493519 0.064062 0.497222 0.064583 0.497222 0.066667 0.500926 0.067187 0.500926 0.068750 0.503704 0.069271 0.503704 0.070833 0.506481 0.071354 0.506481 0.072917 0.509259 0.073438 0.509259 0.074479 0.511111 0.075000 0.511111 0.075521 0.512037 0.076042 0.512037 0.077083 0.513889 0.077604 0.513889 0.078125 0.514815 0.079167 0.514815 0.079687 0.513889 0.080208 0.513889 0.097396 0.483333 0.097396 0.482407 0.112500 0.455556 0.112500 0.454630 0.127604 0.427778 0.127604 0.426852 0.135417 0.412963 0.135417 0.412037 0.141667 0.400926 0.141667 0.400000 0.147917 0.388889 0.147917 0.387963 0.154167 0.376852 0.154167 0.375926 0.159896 0.365741 0.159896 0.364815 0.166146 0.353704 0.166146 0.352778 0.172396 0.341667 0.172396 0.340741 0.174479 0.337037 0.174479 0.336111 0.175000 0.335185 0.175000 0.333333 0.174479 0.332407 0.174479 0.331481 0.172917 0.328704 0.172396 0.328704 0.171875 0.327778
0 0.306771 0.317593 0.306250 0.318519 0.305729 0.318519 0.276562 0.370370 0.276042 0.370370 0.271875 0.377778 0.271354 0.377778 0.269271 0.381481 0.268750 0.381481 0.267708 0.383333 0.267188 0.383333 0.266146 0.385185 0.265625 0.385185 0.265104 0.386111 0.264583 0.386111 0.264062 0.387037 0.261979 0.387037 0.261458 0.387963 0.260937 0.387037 0.258854 0.387037 0.258333 0.386111 0.257292 0.386111 0.256250 0.384259 0.255729 0.384259 0.255208 0.383333 0.254688 0.383333 0.253646 0.381481 0.253125 0.381481 0.251563 0.378704 0.251042 0.378704 0.249479 0.375926 0.248958 0.375926 0.246354 0.371296 0.245833 0.371296 0.242708 0.365741 0.242188 0.365741 0.238542 0.359259 0.238021 0.359259 0.232813 0.350000 0.232292 0.350000 0.226042 0.338889 0.225521 0.338889 0.219271 0.327778 0.218750 0.327778 0.216146 0.323148 0.215625 0.323148 0.215104 0.322222 0.214583 0.322222 0.214062 0.321296 0.211979 0.321296 0.209375 0.325926 0.209375 0.326852 0.207813 0.329630 0.207813 0.330556 0.206250 0.333333 0.206250 0.334259 0.204687 0.337037 0.204687 0.337963 0.203125 0.340741 0.203125 0.341667 0.201042 0.345370 0.201042 0.346296 0.199479 0.349074 0.199479 0.350000 0.197917 0.352778 0.197917 0.353704 0.196354 0.356481 0.196354 0.357407 0.194792 0.360185 0.194792 0.361111 0.193229 0.363889 0.193229 0.364815 0.191667 0.367593 0.191667 0.368519 0.190104 0.371296 0.190104 0.372222 0.188542 0.375000 0.188542 0.375926 0.186979 0.378704 0.186979 0.379630 0.184896 0.383333 0.184896 0.384259 0.183333 0.387037 0.183333 0.387963 0.181771 0.390741 0.181771 0.391667 0.180208 0.394444 0.180208 0.395370 0.179167 0.397222 0.179167 0.398148 0.178646 0.399074 0.178646 0.400926 0.179167 0.401852 0.179167 0.403704 0.189583 0.422222 0.190104 0.422222 0.195312 0.431481 0.195833 0.431481 0.201563 0.441667 0.202083 0.441667 0.207813 0.451852 0.208333 0.451852 0.214062 0.462037 0.214583 0.462037 0.219792 0.471296 0.220312 0.471296 0.226042 0.481481 0.226562 0.481481 0.232292 0.491667 0.232813 0.491667 0.237500 0.500000 0.238021 0.500000 0.240625 0.504630 0.241146 0.504630 0.242188 0.506481 0.243229 0.506481 0.243750 0.507407 0.244792 0.507407 0.245312 0.506481 0.245833 0.506481 0.246354 0.505556 0.246875 0.505556 0.273438 0.458333 0.273438 0.457407 0.293750 0.421296 0.293750 0.420370 0.303125 0.403704 0.303125 0.402778 0.304167 0.400926 0.304167 0.400000 0.304688 0.399074 0.304688 0.398148 0.305208 0.397222 0.305208 0.390741 0.305729 0.389815 0.305729 0.384259 0.306250 0.383333 0.306250 0.376852 0.306771 0.375926 0.306771 0.369444 0.307292 0.368519 0.307292 0.362963 0.307812 0.362037 0.307812 0.355556 0.308333 0.354630 0.308333 0.348148 0.308854 0.347222 0.308854 0.341667 0.309375 0.340741 0.309375 0.334259 0.309896 0.333333 0.309896 0.326852 0.310417 0.325926 0.310417 0.323148 0.309896 0.322222 0.309896 0.321296 0.308333 0.318519 0.307812 0.318519 0.307292 0.317593
0 0.409896 0.310185 0.409375 0.311111 0.408854 0.311111 0.382292 0.358333 0.381771 0.358333 0.376563 0.367593 0.376042 0.367593 0.373437 0.372222 0.372917 0.372222 0.371354 0.375000 0.370833 0.375000 0.370312 0.375926 0.369792 0.375926 0.368750 0.377778 0.367708 0.377778 0.367188 0.378704 0.365625 0.378704 0.365104 0.379630 0.364583 0.378704 0.362500 0.378704 0.361979 0.377778 0.360938 0.377778 0.360417 0.376852 0.359896 0.376852 0.358854 0.375000 0.358333 0.375000 0.357292 0.373148 0.356771 0.373148 0.355208 0.370370 0.354687 0.370370 0.352604 0.366667 0.352083 0.366667 0.348958 0.361111 0.348438 0.361111 0.344271 0.353704 0.343750 0.353704 0.336979 0.341667 0.336458 0.341667 0.327083 0.325000 0.326562 0.325000 0.321875 0.316667 0.321354 0.316667 0.320312 0.314815 0.319792 0.314815 0.319271 0.313889 0.316667 0.313889 0.315625 0.315741 0.315625 0.316667 0.315104 0.317593 0.315104 0.325000 0.314583 0.325926 0.314583 0.334259 0.314063 0.335185 0.314063 0.342593 0.313542 0.343519 0.313542 0.350926 0.313021 0.351852 0.313021 0.359259 0.312500 0.360185 0.312500 0.368519 0.311979 0.369444 0.311979 0.376852 0.311458 0.377778 0.311458 0.385185 0.310937 0.386111 0.310937 0.391667 0.311458 0.392593 0.311458 0.393519 0.325000 0.417593 0.325521 0.417593 0.333854 0.432407 0.334375 0.432407 0.343229 0.448148 0.343750 0.448148 0.352083 0.462963 0.352604 0.462963 0.360938 0.477778 0.361458 0.477778 0.367708 0.488889 0.368229 0.488889 0.370833 0.493519 0.371354 0.493519 0.371875 0.494444 0.372396 0.494444 0.372917 0.495370 0.373958 0.495370 0.374479 0.494444 0.375521 0.494444 0.377604 0.490741 0.378125 0.490741 0.389583 0.470370 0.389583 0.469444 0.417708 0.419444 0.417708 0.418519 0.431771 0.393519 0.431771 0.392593 0.433333 0.389815 0.433333 0.388889 0.433854 0.387963 0.433854 0.385185 0.433333 0.384259 0.433333 0.383333 0.432812 0.382407 0.432812 0.381481 0.432292 0.380556 0.432292 0.379630 0.431771 0.378704 0.431771 0.377778 0.431250 0.376852 0.431250 0.375926 0.430729 0.375000 0.430729 0.374074 0.430208 0.373148 0.430208 0.372222 0.429688 0.371296 0.429688 0.370370 0.429167 0.369444 0.429167 0.368519 0.428646 0.367593 0.428646 0.366667 0.427604 0.364815 0.427604 0.363889 0.427083 0.362963 0.427083 0.362037 0.426563 0.361111 0.426563 0.360185 0.426042 0.359259 0.426042 0.358333 0.425521 0.357407 0.425521 0.356481 0.425000 0.355556 0.425000 0.354630 0.424479 0.353704 0.424479 0.352778 0.423958 0.351852 0.423958 0.350926 0.423438 0.350000 0.423438 0.349074 0.422917 0.348148 0.422917 0.347222 0.422396 0.346296 0.422396 0.345370 0.421354 0.343519 0.421354 0.342593 0.420833 0.341667 0.420833 0.340741 0.420312 0.339815 0.420312 0.338889 0.419792 0.337963 0.419792 0.337037 0.419271 0.336111 0.419271 0.335185 0.418750 0.334259 0.418750 0.333333 0.418229 0.332407 0.418229 0.331481 0.417708 0.330556 0.417708 0.329630 0.417187 0.328704 0.417187 0.327778 0.416667 0.326852 0.416667 0.325926 0.416146 0.325000 0.416146 0.324074 0.415104 0.322222 0.415104 0.321296 0.414583 0.320370 0.414583 0.319444 0.414062 0.318519 0.414062 0.317593 0.413542 0.316667 0.413542 0.315741 0.413021 0.314815 0.413021 0.313889 0.411458 0.311111 0.410938 0.311111 0.410417 0.310185
0 0.516146 0.305556 0.515104 0.307407 0.514583 0.307407 0.486979 0.356481 0.486458 0.356481 0.482292 0.363889 0.481771 0.363889 0.479687 0.367593 0.479167 0.367593 0.478125 0.369444 0.477604 0.369444 0.476562 0.371296 0.476042 0.371296 0.475521 0.372222 0.475000 0.372222 0.474479 0.373148 0.472917 0.373148 0.472396 0.374074 0.471354 0.374074 0.470833 0.373148 0.469271 0.373148 0.468750 0.372222 0.467708 0.372222 0.466667 0.370370 0.466146 0.370370 0.465625 0.369444 0.465104 0.369444 0.463542 0.366667 0.463021 0.366667 0.460938 0.362963 0.460417 0.362963 0.457292 0.357407 0.456771 0.357407 0.451562 0.348148 0.451042 0.348148 0.439583 0.327778 0.439063 0.327778 0.430208 0.312037 0.429688 0.312037 0.428125 0.309259 0.427083 0.309259 0.426563 0.308333 0.425521 0.308333 0.425000 0.309259 0.424479 0.309259 0.423958 0.310185 0.423958 0.311111 0.423438 0.312037 0.423438 0.314815 0.423958 0.315741 0.423958 0.316667 0.424479 0.317593 0.424479 0.318519 0.425521 0.320370 0.425521 0.321296 0.426042 0.322222 0.426042 0.323148 0.427083 0.325000 0.427083 0.325926 0.427604 0.326852 0.427604 0.327778 0.428646 0.329630 0.428646 0.330556 0.429167 0.331481 0.429167 0.332407 0.429688 0.333333 0.429688 0.334259 0.430729 0.336111 0.430729 0.337037 0.431250 0.337963 0.431250 0.338889 0.432292 0.340741 0.432292 0.341667 0.432812 0.342593 0.432812 0.343519 0.433854 0.345370 0.433854 0.346296 0.434375 0.347222 0.434375 0.348148 0.435417 0.350000 0.435417 0.350926 0.435937 0.351852 0.435937 0.352778 0.436458 0.353704 0.436458 0.354630 0.437500 0.356481 0.437500 0.357407 0.438021 0.358333 0.438021 0.359259 0.439063 0.361111 0.439063 0.362037 0.439583 0.362963 0.439583 0.363889 0.440625 0.365741 0.440625 0.366667 0.441146 0.367593 0.441146 0.368519 0.442188 0.370370 0.442188 0.371296 0.442708 0.372222 0.442708 0.373148 0.443229 0.374074 0.443229 0.375000 0.444271 0.376852 0.444271 0.377778 0.444792 0.378704 0.444792 0.379630 0.445833 0.381481 0.445833 0.382407 0.446354 0.383333 0.446354 0.384259 0.447396 0.386111 0.447396 0.387037 0.450000 0.391667 0.450000 0.392593 0.453646 0.399074 0.454167 0.399074 0.471875 0.430556 0.472396 0.430556 0.489583 0.461111 0.490104 0.461111 0.501563 0.481481 0.502083 0.481481 0.504167 0.485185 0.504687 0.485185 0.505729 0.487037 0.507812 0.487037 0.508333 0.486111 0.508854 0.486111 0.509896 0.484259 0.510417 0.484259 0.544792 0.423148 0.544792 0.422222 0.565104 0.386111 0.565104 0.385185 0.566667 0.382407 0.566667 0.381481 0.567187 0.380556 0.567187 0.377778 0.566667 0.376852 0.566667 0.375926 0.564063 0.371296 0.563542 0.371296 0.561458 0.367593 0.560937 0.367593 0.558854 0.363889 0.558333 0.363889 0.556250 0.360185 0.555729 0.360185 0.553646 0.356481 0.553125 0.356481 0.551042 0.352778 0.550521 0.352778 0.548438 0.349074 0.547917 0.349074 0.545312 0.344444 0.544792 0.344444 0.542708 0.340741 0.542188 0.340741 0.540104 0.337037 0.539583 0.337037 0.537500 0.333333 0.536979 0.333333 0.534896 0.329630 0.534375 0.329630 0.532292 0.325926 0.531771 0.325926 0.529687 0.322222 0.529167 0.322222 0.527083 0.318519 0.526563 0.318519 0.524479 0.314815 0.523958 0.314815 0.521875 0.311111 0.521354 0.311111 0.519271 0.307407 0.518750 0.307407 0.517708 0.305556
0 0.619271 0.301852 0.617708 0.304630 0.617188 0.304630 0.590625 0.351852 0.590104 0.351852 0.586458 0.358333 0.585938 0.358333 0.583333 0.362963 0.582812 0.362963 0.581771 0.364815 0.581250 0.364815 0.580208 0.366667 0.578646 0.366667 0.577083 0.363889 0.576562 0.363889 0.575000 0.361111 0.574479 0.361111 0.572917 0.358333 0.572396 0.358333 0.570833 0.355556 0.570312 0.355556 0.568750 0.352778 0.568229 0.352778 0.566667 0.350000 0.566146 0.350000 0.564583 0.347222 0.564063 0.347222 0.562500 0.344444 0.561979 0.344444 0.560937 0.342593 0.560417 0.342593 0.558854 0.339815 0.558333 0.339815 0.556771 0.337037 0.556250 0.337037 0.554688 0.334259 0.554167 0.334259 0.552604 0.331481 0.552083 0.331481 0.550521 0.328704 0.550000 0.328704 0.548438 0.325926 0.547917 0.325926 0.546354 0.323148 0.545833 0.323148 0.544271 0.320370 0.543750 0.320370 0.542188 0.317593 0.541667 0.317593 0.540625 0.315741 0.540104 0.315741 0.538542 0.312963 0.538021 0.312963 0.536458 0.310185 0.535937 0.310185 0.534375 0.307407 0.533854 0.307407 0.532813 0.305556 0.531771 0.305556 0.531250 0.304630 0.530729 0.305556 0.529687 0.305556 0.528646 0.307407 0.528646 0.312037 0.529167 0.312963 0.529167 0.313889 0.531250 0.317593 0.531771 0.317593 0.533854 0.321296 0.534375 0.321296 0.536458 0.325000 0.536979 0.325000 0.538542 0.327778 0.539062 0.327778 0.541146 0.331481 0.541667 0.331481 0.543229 0.334259 0.543750 0.334259 0.545833 0.337963 0.546354 0.337963 0.548438 0.341667 0.548958 0.341667 0.550521 0.344444 0.551042 0.344444 0.553125 0.348148 0.553646 0.348148 0.555208 0.350926 0.555729 0.350926 0.557813 0.354630 0.558333 0.354630 0.560417 0.358333 0.560937 0.358333 0.562500 0.361111 0.563021 0.361111 0.565104 0.364815 0.565625 0.364815 0.567187 0.367593 0.567708 0.367593 0.569792 0.371296 0.570312 0.371296 0.622396 0.463889 0.622917 0.463889 0.625000 0.467593 0.625521 0.467593 0.628125 0.472222 0.628646 0.472222 0.631250 0.476852 0.631771 0.476852 0.632812 0.478704 0.633333 0.478704 0.633854 0.479630 0.635938 0.479630 0.636458 0.478704 0.636979 0.478704 0.638542 0.475926 0.639062 0.475926 0.683333 0.397222 0.683333 0.396296 0.693229 0.378704 0.693229 0.377778 0.694271 0.375926 0.694271 0.371296 0.693750 0.370370 0.693750 0.369444 0.692708 0.367593 0.692187 0.367593 0.691667 0.366667 0.691146 0.366667 0.690625 0.365741 0.690104 0.365741 0.689583 0.364815 0.689063 0.364815 0.688542 0.363889 0.688021 0.363889 0.687500 0.362963 0.686979 0.362963 0.686458 0.362037 0.685937 0.362037 0.685417 0.361111 0.684896 0.361111 0.684375 0.360185 0.683854 0.360185 0.683333 0.359259 0.682813 0.359259 0.682292 0.358333 0.681771 0.358333 0.680729 0.356481 0.680208 0.356481 0.679688 0.355556 0.679167 0.355556 0.678646 0.354630 0.678125 0.354630 0.677604 0.353704 0.677083 0.353704 0.676562 0.352778 0.676042 0.352778 0.675521 0.351852 0.675000 0.351852 0.674479 0.350926 0.673958 0.350926 0.673438 0.350000 0.672917 0.350000 0.672396 0.349074 0.671875 0.349074 0.671354 0.348148 0.670833 0.348148 0.670312 0.347222 0.669792 0.347222 0.669271 0.346296 0.668750 0.346296 0.668229 0.345370 0.667708 0.345370 0.667188 0.344444 0.666667 0.344444 0.666146 0.343519 0.665625 0.343519 0.665104 0.342593 0.664583 0.342593 0.664062 0.341667 0.663542 0.341667 0.663021 0.340741 0.662500 0.340741 0.661979 0.339815 0.661458 0.339815 0.660937 0.338889 0.660417 0.338889 0.659896 0.337963 0.659375 0.337963 0.658854 0.337037 0.658333 0.337037 0.657292 0.335185 0.656771 0.335185 0.656250 0.334259 0.655729 0.334259 0.655208 0.333333 0.654687 0.333333 0.654167 0.332407 0.653646 0.332407 0.653125 0.331481 0.652604 0.331481 0.652083 0.330556 0.651563 0.330556 0.651042 0.329630 0.650521 0.329630 0.650000 0.328704 0.649479 0.328704 0.648958 0.327778 0.648438 0.327778 0.647917 0.326852 0.647396 0.326852 0.646875 0.325926 0.646354 0.325926 0.645833 0.325000 0.645312 0.325000 0.644792 0.324074 0.644271 0.324074 0.643750 0.323148 0.643229 0.323148 0.642708 0.322222 0.642188 0.322222 0.641667 0.321296 0.641146 0.321296 0.640625 0.320370 0.640104 0.320370 0.639583 0.319444 0.639062 0.319444 0.638542 0.318519 0.638021 0.318519 0.637500 0.317593 0.636979 0.317593 0.636458 0.316667 0.635938 0.316667 0.634896 0.314815 0.634375 0.314815 0.633854 0.313889 0.633333 0.313889 0.632812 0.312963 0.632292 0.312963 0.631771 0.312037 0.631250 0.312037 0.630729 0.311111 0.630208 0.311111 0.629687 0.310185 0.629167 0.310185 0.628646 0.309259 0.628125 0.309259 0.627604 0.308333 0.627083 0.308333 0.626563 0.307407 0.626042 0.307407 0.625521 0.306481 0.625000 0.306481 0.624479 0.305556 0.623958 0.305556 0.623437 0.304630 0.622917 0.304630 0.622396 0.303704 0.621875 0.303704 0.621354 0.302778 0.620833 0.302778 0.620313 0.301852
0 0.316667 0.532407 0.316667 0.553704 0.317708 0.555556 0.317708 0.556481 0.324479 0.568519 0.325000 0.568519 0.331250 0.579630 0.331771 0.579630 0.338542 0.591667 0.339062 0.591667 0.345833 0.603704 0.346354 0.603704 0.352604 0.614815 0.353125 0.614815 0.359896 0.626852 0.360417 0.626852 0.366667 0.637963 0.367188 0.637963 0.370833 0.644444 0.382292 0.644444 0.401562 0.610185 0.401562 0.609259 0.431771 0.555556 0.431771 0.554630 0.434375 0.550000 0.434375 0.549074 0.434896 0.548148 0.434896 0.545370 0.434375 0.544444 0.434375 0.542593 0.433854 0.541667 0.433854 0.539815 0.433333 0.538889 0.433333 0.537963 0.432812 0.537037 0.432812 0.535185 0.432292 0.534259 0.432292 0.533333 0.431771 0.533333 0.430729 0.535185 0.429167 0.535185 0.428646 0.536111 0.428125 0.536111 0.411979 0.564815 0.411458 0.564815 0.393750 0.596296 0.393229 0.596296 0.389062 0.603704 0.388542 0.603704 0.386458 0.607407 0.385937 0.607407 0.384375 0.610185 0.383333 0.610185 0.376563 0.622222 0.376042 0.622222 0.375521 0.623148 0.375000 0.623148 0.374479 0.624074 0.373958 0.624074 0.373437 0.623148 0.372396 0.623148 0.371875 0.622222 0.371354 0.622222 0.369271 0.618519 0.368750 0.618519 0.363542 0.609259 0.363021 0.609259 0.356771 0.598148 0.356250 0.598148 0.349479 0.586111 0.348958 0.586111 0.342187 0.574074 0.341667 0.574074 0.334896 0.562037 0.334375 0.562037 0.328125 0.550926 0.327604 0.550926 0.320833 0.538889 0.320312 0.538889
0 0.440104 0.529630 0.440625 0.530556 0.440625 0.531481 0.441146 0.532407 0.441146 0.533333 0.441667 0.534259 0.441667 0.536111 0.442188 0.537037 0.442188 0.537963 0.442708 0.538889 0.442708 0.540741 0.443229 0.541667 0.443229 0.542593 0.443750 0.543519 0.443750 0.545370 0.444271 0.546296 0.444271 0.547222 0.444792 0.548148 0.444792 0.550000 0.445312 0.550926 0.445312 0.551852 0.445833 0.552778 0.445833 0.553704 0.446354 0.554630 0.446354 0.555556 0.458333 0.576852 0.458854 0.576852 0.468750 0.594444 0.469271 0.594444 0.479167 0.612037 0.479687 0.612037 0.489583 0.629630 0.490104 0.629630 0.498437 0.644444 0.504167 0.644444 0.504687 0.643519 0.509896 0.643519 0.552604 0.567593 0.552604 0.566667 0.561458 0.550926 0.561458 0.550000 0.561979 0.549074 0.561979 0.548148 0.562500 0.547222 0.562500 0.544444 0.561979 0.545370 0.561458 0.545370 0.559375 0.549074 0.558854 0.549074 0.555729 0.554630 0.555208 0.554630 0.550000 0.563889 0.549479 0.563889 0.519792 0.616667 0.519271 0.616667 0.517188 0.620370 0.516667 0.620370 0.516146 0.621296 0.514583 0.621296 0.513542 0.619444 0.513021 0.619444 0.511979 0.617593 0.511979 0.616667 0.511458 0.615741 0.511458 0.614815 0.510938 0.613889 0.510938 0.612963 0.509896 0.611111 0.509896 0.610185 0.509375 0.609259 0.509375 0.608333 0.508854 0.607407 0.508854 0.606481 0.507292 0.609259 0.506771 0.609259 0.505729 0.611111 0.503646 0.611111 0.503125 0.610185 0.502604 0.610185 0.500521 0.606481 0.500000 0.606481 0.496354 0.600000 0.495833 0.600926 0.495833 0.601852 0.494792 0.603704 0.494271 0.603704 0.493750 0.604630 0.492188 0.604630 0.491146 0.602778 0.490625 0.602778 0.489063 0.600000 0.488542 0.600000 0.486458 0.596296 0.485938 0.596296 0.483333 0.591667 0.482812 0.591667 0.478646 0.584259 0.478125 0.584259 0.469271 0.568519 0.468750 0.568519 0.463021 0.558333 0.462500 0.558333 0.454688 0.544444 0.454167 0.544444 0.451042 0.538889 0.450521 0.538889 0.448958 0.536111 0.448437 0.536111 0.447917 0.535185 0.446875 0.535185 0.445833 0.533333 0.445312 0.533333 0.444792 0.532407 0.444271 0.532407 0.443750 0.531481 0.443229 0.531481 0.442708 0.530556 0.442188 0.530556 0.441667 0.529630
0 0.682292 0.532407 0.680208 0.536111 0.679688 0.536111 0.677083 0.540741 0.676562 0.540741 0.671354 0.550000 0.670833 0.550000 0.659375 0.570370 0.658854 0.570370 0.639583 0.604630 0.639062 0.604630 0.638542 0.605556 0.638021 0.605556 0.637500 0.606481 0.636979 0.605556 0.636458 0.606481 0.635938 0.606481 0.634896 0.608333 0.633854 0.608333 0.633333 0.609259 0.632812 0.608333 0.631771 0.608333 0.630208 0.605556 0.629687 0.605556 0.619271 0.587037 0.626563 0.600000 0.626563 0.600926 0.628125 0.603704 0.628125 0.604630 0.628646 0.605556 0.628646 0.610185 0.628125 0.611111 0.628125 0.612037 0.627604 0.612963 0.627083 0.612963 0.626042 0.614815 0.623958 0.614815 0.623437 0.613889 0.622917 0.613889 0.622396 0.612963 0.621875 0.612963 0.619792 0.609259 0.619271 0.609259 0.603646 0.581481 0.603125 0.581481 0.594271 0.565741 0.593750 0.565741 0.588542 0.556481 0.588021 0.556481 0.584896 0.550926 0.584375 0.550926 0.582292 0.547222 0.581771 0.547222 0.580208 0.544444 0.579688 0.544444 0.578646 0.542593 0.578125 0.542593 0.577083 0.540741 0.576562 0.540741 0.576042 0.539815 0.575521 0.539815 0.575000 0.538889 0.573958 0.538889 0.573438 0.537963 0.569271 0.537963 0.569271 0.538889 0.570312 0.540741 0.570312 0.541667 0.597917 0.590741 0.598437 0.590741 0.619271 0.627778 0.619792 0.627778 0.620833 0.629630 0.627083 0.629630 0.627604 0.628704 0.631771 0.628704 0.666146 0.567593 0.666146 0.566667 0.682292 0.537963 0.682292 0.537037 0.682813 0.536111 0.682813 0.535185 0.683333 0.534259 0.683333 0.533333 0.682813 0.532407
0 0.690104 0.525000 0.689583 0.525926 0.688542 0.525926 0.688021 0.526852 0.686979 0.526852 0.685937 0.528704 0.685417 0.528704 0.684896 0.529630 0.684375 0.529630 0.683333 0.531481 0.683333 0.532407 0.683854 0.533333 0.683854 0.534259 0.683333 0.535185 0.683333 0.536111 0.682813 0.537037 0.682813 0.537963 0.682292 0.538889 0.682292 0.539815 0.683333 0.541667 0.683854 0.541667 0.685937 0.545370 0.686458 0.545370 0.688542 0.549074 0.689063 0.549074 0.691146 0.552778 0.691667 0.552778 0.693750 0.556481 0.694271 0.556481 0.695833 0.559259 0.696354 0.559259 0.698438 0.562963 0.698958 0.562963 0.701042 0.566667 0.701562 0.566667 0.703646 0.570370 0.704167 0.570370 0.706250 0.574074 0.706771 0.574074 0.708854 0.577778 0.709375 0.577778 0.711458 0.581481 0.711979 0.581481 0.713542 0.584259 0.714063 0.584259 0.716146 0.587963 0.716667 0.587963 0.718750 0.591667 0.719271 0.591667 0.721354 0.595370 0.721875 0.595370 0.723958 0.599074 0.724479 0.599074 0.726562 0.602778 0.727083 0.602778 0.728646 0.605556 0.729167 0.605556 0.731250 0.609259 0.731771 0.609259 0.733854 0.612963 0.734375 0.612963 0.736458 0.616667 0.736979 0.616667 0.739062 0.620370 0.739583 0.620370 0.741667 0.624074 0.742188 0.624074 0.744271 0.627778 0.744792 0.627778 0.745313 0.628704 0.751042 0.628704 0.751563 0.627778 0.756250 0.627778 0.805729 0.539815 0.805729 0.538889 0.807292 0.536111 0.807292 0.535185 0.807813 0.534259 0.807813 0.530556 0.806250 0.527778 0.805729 0.527778 0.803125 0.532407 0.802604 0.532407 0.775000 0.581481 0.774479 0.581481 0.773438 0.583333 0.772396 0.583333 0.771875 0.584259 0.771354 0.583333 0.770312 0.583333 0.759375 0.602778 0.758854 0.602778 0.758333 0.603704 0.757812 0.603704 0.757292 0.604630 0.756250 0.604630 0.755729 0.603704 0.755208 0.603704 0.754167 0.601852 0.753646 0.601852 0.752083 0.599074 0.751563 0.599074 0.750521 0.597222 0.750000 0.597222 0.748437 0.594444 0.747917 0.594444 0.746875 0.592593 0.746875 0.594444 0.746354 0.595370 0.746354 0.596296 0.744792 0.599074 0.744271 0.599074 0.743750 0.600000 0.742188 0.600000 0.741667 0.599074 0.741146 0.599074 0.738542 0.594444 0.738021 0.594444 0.734375 0.587963 0.733854 0.587963 0.724479 0.571296 0.723958 0.571296 0.703125 0.534259 0.702604 0.534259 0.701562 0.532407 0.701042 0.532407 0.700521 0.531481 0.700000 0.531481 0.698958 0.529630 0.698438 0.529630 0.697396 0.527778 0.696875 0.527778 0.696354 0.526852 0.695833 0.526852 0.695312 0.525926 0.694271 0.525926 0.693750 0.525000
0 0.171354 0.509259 0.170833 0.510185 0.170833 0.511111 0.170313 0.512037 0.170313 0.512963 0.169271 0.514815 0.169271 0.515741 0.168750 0.516667 0.168750 0.517593 0.167708 0.519444 0.167708 0.520370 0.167187 0.521296 0.167187 0.522222 0.166146 0.524074 0.166146 0.525000 0.165625 0.525926 0.165625 0.526852 0.164583 0.528704 0.164583 0.529630 0.163542 0.531481 0.163542 0.532407 0.159375 0.539815 0.159375 0.540741 0.141146 0.573148 0.141146 0.574074 0.121354 0.609259 0.121354 0.610185 0.118229 0.615741 0.118229 0.616667 0.117188 0.618519 0.117188 0.619444 0.116146 0.621296 0.116146 0.622222 0.115104 0.624074 0.115104 0.625000 0.114062 0.626852 0.114062 0.627778 0.113542 0.628704 0.113542 0.629630 0.112500 0.631481 0.112500 0.635185 0.113021 0.636111 0.113021 0.637037 0.114062 0.638889 0.114583 0.638889 0.115625 0.640741 0.117708 0.640741 0.118750 0.638889 0.119271 0.638889 0.138021 0.605556 0.138021 0.604630 0.141667 0.598148 0.142187 0.598148 0.154688 0.575926 0.155208 0.575926 0.159375 0.568519 0.159896 0.568519 0.162500 0.563889 0.163021 0.563889 0.164583 0.561111 0.165104 0.561111 0.166146 0.559259 0.166667 0.559259 0.167708 0.557407 0.168229 0.557407 0.168750 0.556481 0.169792 0.556481 0.170313 0.555556 0.171354 0.555556 0.171875 0.554630 0.175521 0.554630 0.176042 0.555556 0.177083 0.555556 0.177604 0.556481 0.178646 0.556481 0.179167 0.557407 0.179688 0.557407 0.180208 0.558333 0.180729 0.558333 0.181771 0.560185 0.182292 0.560185 0.183333 0.562037 0.183854 0.562037 0.184896 0.563889 0.185417 0.563889 0.186979 0.566667 0.187500 0.566667 0.189062 0.569444 0.189583 0.569444 0.191667 0.573148 0.192188 0.573148 0.194271 0.576852 0.194792 0.576852 0.197396 0.581481 0.197917 0.581481 0.201042 0.587037 0.201563 0.587037 0.205208 0.593519 0.205729 0.593519 0.209375 0.600000 0.209896 0.600000 0.214062 0.607407 0.214583 0.607407 0.219271 0.615741 0.219792 0.615741 0.223958 0.623148 0.224479 0.623148 0.227604 0.628704 0.228125 0.628704 0.229687 0.631481 0.230208 0.631481 0.230729 0.632407 0.231250 0.632407 0.231771 0.633333 0.232813 0.633333 0.233333 0.634259 0.233854 0.634259 0.234375 0.633333 0.234896 0.633333 0.235417 0.632407 0.235937 0.632407 0.236458 0.631481 0.236458 0.630556 0.236979 0.629630 0.236979 0.627778 0.237500 0.626852 0.237500 0.624074 0.238021 0.623148 0.238021 0.620370 0.238542 0.619444 0.238021 0.618519 0.237500 0.618519 0.232813 0.610185 0.232292 0.610185 0.227604 0.601852 0.227083 0.601852 0.221875 0.592593 0.221354 0.592593 0.216667 0.584259 0.216146 0.584259 0.211458 0.575926 0.210938 0.575926 0.205729 0.566667 0.205208 0.566667 0.200521 0.558333 0.200000 0.558333 0.194792 0.549074 0.194271 0.549074 0.184896 0.532407 0.184896 0.531481 0.184375 0.530556 0.184375 0.526852 0.184896 0.525926 0.184896 0.525000 0.185417 0.524074 0.185417 0.523148 0.185938 0.522222 0.185938 0.520370 0.184896 0.518519 0.184375 0.518519 0.183333 0.516667 0.182812 0.516667 0.181771 0.514815 0.181250 0.514815 0.180208 0.512963 0.179688 0.512963 0.179167 0.512037 0.178646 0.512037 0.178125 0.511111 0.177083 0.511111 0.176563 0.510185 0.175521 0.510185 0.175000 0.509259
0 0.437500 0.490741 0.436979 0.491667 0.435937 0.491667 0.435417 0.492593 0.434896 0.492593 0.434375 0.493519 0.433854 0.493519 0.433333 0.494444 0.432812 0.494444 0.431771 0.496296 0.431250 0.496296 0.430208 0.498148 0.430208 0.500000 0.430729 0.500926 0.430729 0.501852 0.431250 0.502778 0.431250 0.504630 0.431771 0.505556 0.431771 0.507407 0.432292 0.508333 0.432292 0.509259 0.432812 0.510185 0.432812 0.512037 0.433333 0.512963 0.433333 0.514815 0.433854 0.515741 0.433854 0.517593 0.433333 0.518519 0.433333 0.519444 0.432292 0.521296 0.432292 0.522222 0.418750 0.546296 0.418750 0.547222 0.383854 0.609259 0.384375 0.609259 0.385937 0.606481 0.386458 0.606481 0.388542 0.602778 0.389062 0.602778 0.393229 0.595370 0.393750 0.595370 0.411458 0.563889 0.411979 0.563889 0.428125 0.535185 0.428646 0.535185 0.429167 0.534259 0.430729 0.534259 0.431771 0.532407 0.432292 0.532407 0.433333 0.530556 0.434375 0.530556 0.434896 0.529630 0.435417 0.529630 0.435937 0.528704 0.438021 0.528704 0.438542 0.527778 0.439063 0.528704 0.441667 0.528704 0.442188 0.529630 0.442708 0.529630 0.443229 0.530556 0.443750 0.530556 0.444271 0.531481 0.444792 0.531481 0.445312 0.532407 0.445833 0.532407 0.446875 0.534259 0.447917 0.534259 0.448437 0.535185 0.448958 0.535185 0.450521 0.537963 0.451042 0.537963 0.454167 0.543519 0.454688 0.543519 0.462500 0.557407 0.463021 0.557407 0.468750 0.567593 0.469271 0.567593 0.478125 0.583333 0.478646 0.583333 0.482812 0.590741 0.483333 0.590741 0.485938 0.595370 0.486458 0.595370 0.488542 0.599074 0.489063 0.599074 0.490625 0.601852 0.491146 0.601852 0.492188 0.603704 0.493750 0.603704 0.494271 0.602778 0.494792 0.602778 0.495312 0.601852 0.495312 0.600926 0.495833 0.600000 0.495833 0.599074 0.493750 0.595370 0.493229 0.595370 0.481771 0.575000 0.481250 0.575000 0.470313 0.555556 0.469792 0.555556 0.458333 0.535185 0.457813 0.535185 0.446354 0.514815 0.446354 0.513889 0.445312 0.512037 0.445312 0.510185 0.444792 0.509259 0.444792 0.508333 0.444271 0.507407 0.444271 0.506481 0.443750 0.505556 0.443750 0.504630 0.443229 0.503704 0.443229 0.501852 0.442708 0.500926 0.442708 0.500000 0.442188 0.499074 0.442188 0.498148 0.441667 0.497222 0.441667 0.495370 0.441146 0.494444 0.441146 0.493519 0.440625 0.492593 0.440625 0.491667 0.440104 0.490741
0 0.564063 0.489815 0.563542 0.490741 0.563021 0.490741 0.562500 0.491667 0.561979 0.491667 0.560937 0.493519 0.560417 0.493519 0.559896 0.494444 0.562500 0.499074 0.562500 0.500000 0.563542 0.501852 0.563542 0.502778 0.564063 0.503704 0.564063 0.506481 0.563542 0.507407 0.563542 0.508333 0.561458 0.512037 0.561458 0.512963 0.523438 0.580556 0.523438 0.581481 0.510417 0.604630 0.509896 0.604630 0.509375 0.605556 0.509375 0.607407 0.509896 0.608333 0.509896 0.609259 0.510417 0.610185 0.510417 0.611111 0.511458 0.612963 0.511458 0.613889 0.511979 0.614815 0.511979 0.615741 0.512500 0.616667 0.512500 0.617593 0.513021 0.618519 0.513542 0.618519 0.514583 0.620370 0.516146 0.620370 0.516667 0.619444 0.517188 0.619444 0.519271 0.615741 0.519792 0.615741 0.549479 0.562963 0.550000 0.562963 0.555208 0.553704 0.555729 0.553704 0.558854 0.548148 0.559375 0.548148 0.561458 0.544444 0.561979 0.544444 0.563021 0.542593 0.563542 0.542593 0.564583 0.540741 0.565104 0.540741 0.565625 0.539815 0.566146 0.539815 0.566667 0.538889 0.567187 0.538889 0.567708 0.537963 0.568750 0.537963 0.569271 0.537037 0.573438 0.537037 0.573958 0.537963 0.575000 0.537963 0.575521 0.538889 0.576042 0.538889 0.576562 0.539815 0.577083 0.539815 0.578125 0.541667 0.578646 0.541667 0.579688 0.543519 0.580208 0.543519 0.581771 0.546296 0.582292 0.546296 0.584375 0.550000 0.584896 0.550000 0.588021 0.555556 0.588542 0.555556 0.593750 0.564815 0.594271 0.564815 0.603125 0.580556 0.603646 0.580556 0.619271 0.608333 0.619792 0.608333 0.621875 0.612037 0.622396 0.612037 0.622917 0.612963 0.623437 0.612963 0.623958 0.613889 0.626042 0.613889 0.627083 0.612037 0.627604 0.612037 0.627604 0.611111 0.628125 0.610185 0.628125 0.605556 0.627604 0.604630 0.627604 0.603704 0.626042 0.600926 0.626042 0.600000 0.618750 0.587037 0.618750 0.586111 0.617188 0.583333 0.616667 0.583333 0.585417 0.527778 0.584896 0.527778 0.580208 0.519444 0.580208 0.518519 0.573438 0.506481 0.573438 0.505556 0.566667 0.493519 0.566667 0.492593 0.565104 0.489815
0 0.686979 0.487963 0.686458 0.488889 0.685937 0.488889 0.685417 0.489815 0.686458 0.491667 0.686979 0.491667 0.688021 0.493519 0.688542 0.493519 0.690104 0.496296 0.690625 0.496296 0.692187 0.499074 0.692187 0.500000 0.692708 0.500926 0.692708 0.505556 0.691667 0.507407 0.691667 0.508333 0.637500 0.604630 0.637500 0.605556 0.638021 0.604630 0.638542 0.604630 0.639062 0.603704 0.639583 0.603704 0.658854 0.569444 0.659375 0.569444 0.670833 0.549074 0.671354 0.549074 0.676562 0.539815 0.677083 0.539815 0.679688 0.535185 0.680208 0.535185 0.682292 0.531481 0.682813 0.531481 0.684375 0.528704 0.684896 0.528704 0.685417 0.527778 0.685937 0.527778 0.686979 0.525926 0.688021 0.525926 0.688542 0.525000 0.689583 0.525000 0.690104 0.524074 0.693750 0.524074 0.694271 0.525000 0.695312 0.525000 0.695833 0.525926 0.696354 0.525926 0.696875 0.526852 0.697396 0.526852 0.698438 0.528704 0.698958 0.528704 0.700000 0.530556 0.700521 0.530556 0.701042 0.531481 0.701562 0.531481 0.702604 0.533333 0.703125 0.533333 0.723958 0.570370 0.724479 0.570370 0.733854 0.587037 0.734375 0.587037 0.738021 0.593519 0.738542 0.593519 0.741146 0.598148 0.741667 0.598148 0.742188 0.599074 0.743750 0.599074 0.744271 0.598148 0.744792 0.598148 0.745833 0.596296 0.745833 0.595370 0.746354 0.594444 0.746354 0.591667 0.745833 0.590741 0.745833 0.589815 0.744792 0.587963 0.744792 0.587037 0.730208 0.561111 0.730208 0.560185 0.694792 0.497222 0.694271 0.497222 0.693229 0.495370 0.692708 0.495370 0.691146 0.492593 0.690625 0.492593 0.689583 0.490741 0.689063 0.490741 0.688021 0.488889 0.687500 0.488889
0 0.186458 0.521296 0.186458 0.522222 0.185938 0.523148 0.185938 0.524074 0.185417 0.525000 0.185417 0.525926 0.184896 0.526852 0.184896 0.530556 0.185417 0.531481 0.185417 0.532407 0.194271 0.548148 0.194792 0.548148 0.200000 0.557407 0.200521 0.557407 0.205208 0.565741 0.205729 0.565741 0.210938 0.575000 0.211458 0.575000 0.216146 0.583333 0.216667 0.583333 0.221354 0.591667 0.221875 0.591667 0.227083 0.600926 0.227604 0.600926 0.232292 0.609259 0.232813 0.609259 0.237500 0.617593 0.238021 0.617593 0.242188 0.625000 0.242708 0.625000 0.244792 0.628704 0.245312 0.628704 0.246354 0.630556 0.246875 0.630556 0.247396 0.631481 0.249479 0.631481 0.250521 0.629630 0.251042 0.629630 0.254167 0.624074 0.254688 0.624074 0.258333 0.617593 0.258333 0.616667 0.284896 0.569444 0.284896 0.568519 0.304688 0.533333 0.304688 0.532407 0.306771 0.528704 0.306771 0.527778 0.307292 0.526852 0.307292 0.525926 0.307812 0.525000 0.307812 0.521296 0.307292 0.521296 0.306771 0.522222 0.306250 0.522222 0.305729 0.523148 0.305208 0.523148 0.304688 0.524074 0.304167 0.524074 0.303125 0.525926 0.302604 0.525926 0.301042 0.528704 0.300521 0.528704 0.298438 0.532407 0.297917 0.532407 0.294792 0.537963 0.294271 0.537963 0.287500 0.550000 0.286979 0.550000 0.262500 0.593519 0.262500 0.594444 0.259896 0.599074 0.259375 0.599074 0.255729 0.605556 0.253125 0.605556 0.252604 0.604630 0.252083 0.604630 0.250000 0.600926 0.250000 0.599074 0.249479 0.598148 0.249479 0.597222 0.250000 0.596296 0.250000 0.593519 0.250521 0.592593 0.250521 0.589815 0.251042 0.588889 0.250000 0.590741 0.249479 0.590741 0.248438 0.592593 0.247917 0.592593 0.247396 0.593519 0.246354 0.593519 0.245833 0.592593 0.244792 0.592593 0.243750 0.590741 0.243229 0.590741 0.241146 0.587037 0.240625 0.587037 0.237500 0.581481 0.236979 0.581481 0.236979 0.583333 0.236458 0.584259 0.236458 0.585185 0.234896 0.587963 0.234375 0.587963 0.233854 0.588889 0.231771 0.588889 0.231250 0.587963 0.230729 0.587963 0.230208 0.587037 0.229687 0.587037 0.228125 0.584259 0.227604 0.584259 0.225000 0.579630 0.224479 0.579630 0.220312 0.572222 0.219792 0.572222 0.215104 0.563889 0.214583 0.563889 0.209896 0.555556 0.209375 0.555556 0.205208 0.548148 0.204687 0.548148 0.201042 0.541667 0.200521 0.541667 0.197396 0.536111 0.196875 0.536111 0.194271 0.531481 0.193750 0.531481 0.191667 0.527778 0.191146 0.527778 0.189062 0.524074 0.188542 0.524074 0.186979 0.521296
0 0.429167 0.499074 0.427604 0.501852 0.426563 0.501852 0.425000 0.504630 0.424479 0.504630 0.392188 0.562037 0.391667 0.562037 0.387500 0.569444 0.386979 0.569444 0.384896 0.573148 0.383333 0.573148 0.382812 0.572222 0.382292 0.572222 0.379688 0.576852 0.379167 0.576852 0.376563 0.581481 0.376042 0.581481 0.375521 0.582407 0.375000 0.582407 0.374479 0.583333 0.373437 0.583333 0.372917 0.582407 0.372917 0.587037 0.373437 0.587963 0.373437 0.594444 0.370833 0.599074 0.368229 0.599074 0.367708 0.598148 0.367188 0.598148 0.366667 0.597222 0.366146 0.597222 0.365104 0.595370 0.364583 0.595370 0.361458 0.589815 0.360938 0.589815 0.354687 0.578704 0.354167 0.578704 0.347917 0.567593 0.347396 0.567593 0.342187 0.558333 0.341667 0.558333 0.337500 0.550926 0.336979 0.550926 0.333333 0.544444 0.332813 0.544444 0.329688 0.538889 0.329167 0.538889 0.327083 0.535185 0.326562 0.535185 0.324479 0.531481 0.323958 0.531481 0.322396 0.528704 0.321875 0.528704 0.320833 0.526852 0.320312 0.526852 0.319271 0.525000 0.318750 0.525000 0.318229 0.524074 0.317708 0.524074 0.316667 0.522222 0.316146 0.522222 0.315625 0.521296 0.314583 0.521296 0.314063 0.520370 0.312500 0.520370 0.312500 0.522222 0.313021 0.523148 0.313021 0.524074 0.313542 0.525000 0.313542 0.525926 0.320312 0.537963 0.320833 0.537963 0.327604 0.550000 0.328125 0.550000 0.334375 0.561111 0.334896 0.561111 0.341667 0.573148 0.342187 0.573148 0.348958 0.585185 0.349479 0.585185 0.356250 0.597222 0.356771 0.597222 0.363021 0.608333 0.363542 0.608333 0.368750 0.617593 0.369271 0.617593 0.371354 0.621296 0.371875 0.621296 0.372396 0.622222 0.373437 0.622222 0.373958 0.623148 0.374479 0.623148 0.375000 0.622222 0.375521 0.622222 0.376042 0.621296 0.376563 0.621296 0.418229 0.547222 0.418229 0.546296 0.431771 0.522222 0.431771 0.521296 0.432812 0.519444 0.432812 0.518519 0.433333 0.517593 0.433333 0.515741 0.432812 0.514815 0.432812 0.512963 0.432292 0.512037 0.432292 0.510185 0.431771 0.509259 0.431771 0.508333 0.431250 0.507407 0.431250 0.505556 0.430729 0.504630 0.430729 0.502778 0.430208 0.501852 0.430208 0.500926 0.429688 0.500000 0.429688 0.499074
0 0.440625 0.490741 0.441146 0.491667 0.441146 0.492593 0.441667 0.493519 0.441667 0.494444 0.442188 0.495370 0.442188 0.497222 0.442708 0.498148 0.442708 0.499074 0.443229 0.500000 0.443229 0.500926 0.443750 0.501852 0.443750 0.503704 0.444271 0.504630 0.444271 0.505556 0.444792 0.506481 0.444792 0.507407 0.445312 0.508333 0.445312 0.509259 0.445833 0.510185 0.445833 0.512037 0.446875 0.513889 0.446875 0.514815 0.457813 0.534259 0.458333 0.534259 0.469792 0.554630 0.470313 0.554630 0.481250 0.574074 0.481771 0.574074 0.493229 0.594444 0.493750 0.594444 0.500000 0.605556 0.500521 0.605556 0.502604 0.609259 0.503125 0.609259 0.503646 0.610185 0.505729 0.610185 0.506771 0.608333 0.507292 0.608333 0.509896 0.603704 0.510417 0.603704 0.522917 0.581481 0.522917 0.580556 0.560937 0.512963 0.560937 0.512037 0.563021 0.508333 0.563021 0.507407 0.563542 0.506481 0.563542 0.503704 0.563021 0.502778 0.563021 0.501852 0.561979 0.500000 0.561979 0.499074 0.559896 0.495370 0.558333 0.495370 0.557813 0.496296 0.557292 0.496296 0.556250 0.498148 0.555729 0.498148 0.527604 0.548148 0.527083 0.548148 0.520833 0.559259 0.520312 0.559259 0.516667 0.565741 0.516146 0.565741 0.514062 0.569444 0.513542 0.569444 0.512500 0.571296 0.511979 0.570370 0.511458 0.570370 0.509375 0.566667 0.509375 0.565741 0.508333 0.563889 0.508333 0.562963 0.507812 0.562037 0.507812 0.561111 0.506771 0.559259 0.506771 0.558333 0.506250 0.557407 0.506250 0.556481 0.505729 0.555556 0.505208 0.555556 0.503646 0.558333 0.503125 0.558333 0.502604 0.559259 0.500521 0.559259 0.500000 0.558333 0.499479 0.558333 0.496875 0.553704 0.496354 0.553704 0.495833 0.552778 0.496354 0.553704 0.496354 0.554630 0.497396 0.556481 0.497396 0.557407 0.497917 0.558333 0.497917 0.562963 0.495833 0.566667 0.495312 0.566667 0.494792 0.567593 0.493750 0.567593 0.492708 0.565741 0.492188 0.565741 0.490625 0.562963 0.490104 0.562963 0.488021 0.559259 0.487500 0.559259 0.484896 0.554630 0.484375 0.554630 0.480729 0.548148 0.480208 0.548148 0.471354 0.532407 0.470833 0.532407 0.464583 0.521296 0.464062 0.521296 0.455208 0.505556 0.454688 0.505556 0.451562 0.500000 0.451042 0.500000 0.450000 0.498148 0.449479 0.498148 0.448958 0.497222 0.447917 0.497222 0.446875 0.495370 0.446354 0.495370 0.445312 0.493519 0.444792 0.493519 0.444271 0.492593 0.443229 0.492593 0.442708 0.491667 0.442188 0.491667 0.441667 0.490741
0 0.565625 0.488889 0.565625 0.489815 0.567187 0.492593 0.567187 0.493519 0.573958 0.505556 0.573958 0.506481 0.580729 0.518519 0.580729 0.519444 0.584896 0.526852 0.585417 0.526852 0.616667 0.582407 0.617188 0.582407 0.629687 0.604630 0.630208 0.604630 0.631771 0.607407 0.632812 0.607407 0.633333 0.608333 0.633854 0.607407 0.634896 0.607407 0.635938 0.605556 0.636458 0.605556 0.691146 0.508333 0.691146 0.507407 0.692187 0.505556 0.692187 0.500926 0.691667 0.500000 0.691667 0.499074 0.690625 0.497222 0.690104 0.497222 0.688542 0.494444 0.688021 0.494444 0.686979 0.492593 0.686458 0.492593 0.685417 0.490741 0.683333 0.490741 0.682292 0.492593 0.681771 0.492593 0.661458 0.528704 0.660937 0.528704 0.648438 0.550926 0.647917 0.550926 0.643750 0.558333 0.643229 0.558333 0.640625 0.562963 0.640104 0.562963 0.638542 0.565741 0.638021 0.565741 0.637500 0.564815 0.636979 0.564815 0.635938 0.562963 0.635417 0.563889 0.634896 0.563889 0.634375 0.564815 0.631771 0.564815 0.630729 0.562963 0.630208 0.562963 0.623958 0.551852 0.623437 0.551852 0.620833 0.547222 0.624479 0.553704 0.624479 0.554630 0.625000 0.555556 0.625000 0.556481 0.625521 0.557407 0.625521 0.559259 0.625000 0.560185 0.625000 0.561111 0.622917 0.564815 0.620313 0.564815 0.619271 0.562963 0.618750 0.562963 0.616146 0.558333 0.615625 0.558333 0.611979 0.551852 0.611458 0.551852 0.598437 0.528704 0.597917 0.528704 0.586458 0.508333 0.585938 0.508333 0.580729 0.499074 0.580208 0.499074 0.579167 0.497222 0.578646 0.497222 0.578125 0.496296 0.577604 0.496296 0.576562 0.494444 0.576042 0.494444 0.575000 0.492593 0.574479 0.492593 0.573958 0.491667 0.573438 0.491667 0.572396 0.489815 0.571354 0.489815 0.570833 0.488889
0 0.691146 0.484259 0.690625 0.485185 0.690104 0.485185 0.689583 0.486111 0.688542 0.486111 0.687500 0.487963 0.688021 0.487963 0.689063 0.489815 0.689583 0.489815 0.690625 0.491667 0.691146 0.491667 0.692708 0.494444 0.693229 0.494444 0.694271 0.496296 0.694792 0.496296 0.730729 0.560185 0.730729 0.561111 0.745313 0.587037 0.745313 0.587963 0.746354 0.589815 0.746354 0.590741 0.747917 0.593519 0.748437 0.593519 0.750000 0.596296 0.750521 0.596296 0.751563 0.598148 0.752083 0.598148 0.753646 0.600926 0.754167 0.600926 0.755208 0.602778 0.755729 0.602778 0.756250 0.603704 0.757292 0.603704 0.757812 0.602778 0.758333 0.602778 0.758854 0.601852 0.759375 0.601852 0.769792 0.583333 0.769792 0.582407 0.769271 0.581481 0.768750 0.581481 0.767708 0.579630 0.767188 0.579630 0.765625 0.576852 0.765104 0.576852 0.764062 0.575000 0.763542 0.575000 0.762500 0.573148 0.761979 0.573148 0.760938 0.571296 0.760417 0.571296 0.758854 0.568519 0.758333 0.568519 0.757292 0.566667 0.756771 0.566667 0.755729 0.564815 0.755208 0.564815 0.753646 0.562037 0.753125 0.562037 0.752083 0.560185 0.751563 0.560185 0.750521 0.558333 0.750000 0.558333 0.748958 0.556481 0.747917 0.556481 0.746354 0.559259 0.745833 0.559259 0.745313 0.560185 0.744271 0.560185 0.743750 0.559259 0.743229 0.559259 0.742708 0.558333 0.742188 0.558333 0.741146 0.556481 0.740625 0.556481 0.738021 0.551852 0.737500 0.551852 0.709896 0.502778 0.709375 0.502778 0.708333 0.500926 0.707812 0.500926 0.706771 0.499074 0.706250 0.499074 0.704688 0.496296 0.704167 0.496296 0.703125 0.494444 0.702604 0.494444 0.701562 0.492593 0.701042 0.492593 0.700000 0.490741 0.699479 0.490741 0.698438 0.488889 0.697917 0.488889 0.696354 0.486111 0.695833 0.486111 0.694792 0.484259
0 0.172396 0.456481 0.171875 0.457407 0.171875 0.458333 0.170833 0.460185 0.170833 0.461111 0.169792 0.462963 0.169792 0.463889 0.168750 0.465741 0.168750 0.466667 0.167708 0.468519 0.167708 0.469444 0.166667 0.471296 0.166667 0.472222 0.165625 0.474074 0.165625 0.475000 0.164583 0.476852 0.164583 0.477778 0.163542 0.479630 0.163542 0.480556 0.162500 0.482407 0.162500 0.483333 0.161458 0.485185 0.161458 0.486111 0.160417 0.487963 0.160417 0.488889 0.159375 0.490741 0.159375 0.491667 0.158333 0.493519 0.158333 0.494444 0.157292 0.496296 0.157292 0.497222 0.156250 0.499074 0.156250 0.500000 0.155208 0.501852 0.155208 0.502778 0.154167 0.504630 0.154167 0.505556 0.152604 0.508333 0.152604 0.509259 0.148958 0.515741 0.148958 0.516667 0.132812 0.545370 0.132812 0.546296 0.114583 0.578704 0.114583 0.579630 0.113021 0.582407 0.113021 0.583333 0.112500 0.584259 0.112500 0.585185 0.111979 0.586111 0.111979 0.587963 0.112500 0.588889 0.112500 0.589815 0.114583 0.593519 0.115104 0.593519 0.115625 0.594444 0.117188 0.594444 0.118229 0.592593 0.118750 0.592593 0.136979 0.560185 0.136979 0.559259 0.143750 0.547222 0.144271 0.547222 0.154688 0.528704 0.155208 0.528704 0.159375 0.521296 0.159896 0.521296 0.161979 0.517593 0.162500 0.517593 0.164062 0.514815 0.164583 0.514815 0.165625 0.512963 0.166146 0.512963 0.167187 0.511111 0.167708 0.511111 0.168229 0.510185 0.169271 0.510185 0.169792 0.509259 0.170833 0.509259 0.171354 0.508333 0.175000 0.508333 0.175521 0.509259 0.176563 0.509259 0.177083 0.510185 0.178125 0.510185 0.178646 0.511111 0.179167 0.511111 0.179688 0.512037 0.180208 0.512037 0.181250 0.513889 0.181771 0.513889 0.182812 0.515741 0.183333 0.515741 0.184375 0.517593 0.184896 0.517593 0.186458 0.520370 0.186979 0.520370 0.188542 0.523148 0.189062 0.523148 0.191146 0.526852 0.191667 0.526852 0.193750 0.530556 0.194271 0.530556 0.196875 0.535185 0.197396 0.535185 0.200521 0.540741 0.201042 0.540741 0.204687 0.547222 0.205208 0.547222 0.209375 0.554630 0.209896 0.554630 0.214583 0.562963 0.215104 0.562963 0.219792 0.571296 0.220312 0.571296 0.224479 0.578704 0.225000 0.578704 0.227604 0.583333 0.228125 0.583333 0.229687 0.586111 0.230208 0.586111 0.230729 0.587037 0.231250 0.587037 0.231771 0.587963 0.233854 0.587963 0.234375 0.587037 0.234896 0.587037 0.235937 0.585185 0.235937 0.584259 0.236458 0.583333 0.236458 0.581481 0.236979 0.580556 0.236458 0.579630 0.235937 0.579630 0.230729 0.570370 0.230208 0.570370 0.225521 0.562037 0.225000 0.562037 0.219792 0.552778 0.219271 0.552778 0.214062 0.543519 0.213542 0.543519 0.208854 0.535185 0.208333 0.535185 0.203125 0.525926 0.202604 0.525926 0.197917 0.517593 0.197396 0.517593 0.192188 0.508333 0.191667 0.508333 0.182292 0.491667 0.182292 0.490741 0.181771 0.489815 0.181771 0.486111 0.182292 0.485185 0.182292 0.484259 0.183333 0.482407 0.183333 0.481481 0.183854 0.480556 0.183854 0.479630 0.184896 0.477778 0.184896 0.476852 0.185417 0.475926 0.185417 0.475000 0.183333 0.471296 0.182812 0.471296 0.180729 0.467593 0.180208 0.467593 0.178125 0.463889 0.177604 0.463889 0.176042 0.461111 0.175521 0.461111 0.173958 0.458333 0.173437 0.458333
0 0.310417 0.473148 0.309896 0.474074 0.307812 0.474074 0.307812 0.475926 0.307292 0.476852 0.307292 0.484259 0.306771 0.485185 0.306771 0.487037 0.305208 0.489815 0.305208 0.490741 0.293750 0.511111 0.293750 0.512037 0.270833 0.552778 0.270833 0.553704 0.251563 0.587963 0.251563 0.588889 0.251042 0.589815 0.251042 0.592593 0.250521 0.593519 0.250521 0.596296 0.250000 0.597222 0.250000 0.598148 0.250521 0.599074 0.250521 0.600926 0.252083 0.603704 0.252604 0.603704 0.253125 0.604630 0.255729 0.604630 0.259375 0.598148 0.259896 0.598148 0.261979 0.594444 0.261979 0.593519 0.286979 0.549074 0.287500 0.549074 0.294271 0.537037 0.294792 0.537037 0.297917 0.531481 0.298438 0.531481 0.300521 0.527778 0.301042 0.527778 0.302604 0.525000 0.303125 0.525000 0.304167 0.523148 0.304688 0.523148 0.305208 0.522222 0.305729 0.522222 0.306250 0.521296 0.306771 0.521296 0.307292 0.520370 0.307812 0.520370 0.308333 0.519444 0.314063 0.519444 0.314583 0.520370 0.315625 0.520370 0.316146 0.521296 0.316667 0.521296 0.317708 0.523148 0.318229 0.523148 0.318750 0.524074 0.319271 0.524074 0.320312 0.525926 0.320833 0.525926 0.321875 0.527778 0.322396 0.527778 0.323958 0.530556 0.324479 0.530556 0.326562 0.534259 0.327083 0.534259 0.329167 0.537963 0.329688 0.537963 0.332813 0.543519 0.333333 0.543519 0.336979 0.550000 0.337500 0.550000 0.341667 0.557407 0.342187 0.557407 0.347396 0.566667 0.347917 0.566667 0.354167 0.577778 0.354687 0.577778 0.360938 0.588889 0.361458 0.588889 0.364583 0.594444 0.365104 0.594444 0.366146 0.596296 0.366667 0.596296 0.367188 0.597222 0.367708 0.597222 0.368229 0.598148 0.370833 0.598148 0.372917 0.594444 0.372917 0.587963 0.372396 0.587037 0.372396 0.582407 0.371354 0.580556 0.370833 0.580556 0.368750 0.576852 0.368229 0.576852 0.362500 0.566667 0.361979 0.566667 0.355208 0.554630 0.354687 0.554630 0.347396 0.541667 0.346875 0.541667 0.339583 0.528704 0.339062 0.528704 0.332292 0.516667 0.331771 0.516667 0.324479 0.503704 0.323958 0.503704 0.311979 0.482407 0.311979 0.481481 0.311458 0.480556 0.311458 0.475000 0.311979 0.474074 0.310937 0.474074
0 0.436979 0.449074 0.436458 0.450000 0.435417 0.450000 0.434896 0.450926 0.434375 0.450926 0.433854 0.451852 0.433333 0.451852 0.432292 0.453704 0.431771 0.453704 0.430729 0.455556 0.430208 0.455556 0.430208 0.456481 0.430729 0.457407 0.430729 0.459259 0.431250 0.460185 0.431250 0.461111 0.431771 0.462037 0.431771 0.462963 0.432292 0.463889 0.432292 0.465741 0.432812 0.466667 0.432812 0.467593 0.433333 0.468519 0.433333 0.470370 0.433854 0.471296 0.433854 0.472222 0.434375 0.473148 0.434375 0.475926 0.433854 0.476852 0.433854 0.477778 0.432812 0.479630 0.432812 0.480556 0.420833 0.501852 0.420833 0.502778 0.388542 0.560185 0.388542 0.561111 0.382812 0.571296 0.383333 0.572222 0.384896 0.572222 0.386979 0.568519 0.387500 0.568519 0.391667 0.561111 0.392188 0.561111 0.424479 0.503704 0.425000 0.503704 0.426563 0.500926 0.427604 0.500926 0.429167 0.498148 0.429688 0.498148 0.431250 0.495370 0.431771 0.495370 0.432812 0.493519 0.433333 0.493519 0.433854 0.492593 0.434375 0.492593 0.434896 0.491667 0.435417 0.491667 0.435937 0.490741 0.436979 0.490741 0.437500 0.489815 0.441667 0.489815 0.442188 0.490741 0.442708 0.490741 0.443229 0.491667 0.444271 0.491667 0.444792 0.492593 0.445312 0.492593 0.446354 0.494444 0.446875 0.494444 0.447917 0.496296 0.448958 0.496296 0.449479 0.497222 0.450000 0.497222 0.451042 0.499074 0.451562 0.499074 0.454688 0.504630 0.455208 0.504630 0.464062 0.520370 0.464583 0.520370 0.470833 0.531481 0.471354 0.531481 0.480208 0.547222 0.480729 0.547222 0.484375 0.553704 0.484896 0.553704 0.487500 0.558333 0.488021 0.558333 0.490104 0.562037 0.490625 0.562037 0.492188 0.564815 0.492708 0.564815 0.493750 0.566667 0.494792 0.566667 0.495312 0.565741 0.495833 0.565741 0.497396 0.562963 0.497396 0.558333 0.496875 0.557407 0.496875 0.556481 0.495833 0.554630 0.495833 0.553704 0.495312 0.552778 0.495312 0.551852 0.487500 0.537963 0.486979 0.537963 0.474479 0.515741 0.473958 0.515741 0.460938 0.492593 0.460417 0.492593 0.443750 0.462963 0.443750 0.462037 0.443229 0.461111 0.443229 0.460185 0.442708 0.459259 0.442708 0.458333 0.442188 0.457407 0.442188 0.456481 0.441667 0.455556 0.441667 0.454630 0.441146 0.453704 0.441146 0.452778 0.440625 0.451852 0.440625 0.450926 0.440104 0.450000 0.440104 0.449074
0 0.564583 0.449074 0.564063 0.450000 0.563542 0.450000 0.563021 0.450926 0.562500 0.450926 0.561458 0.452778 0.560937 0.452778 0.559896 0.454630 0.559896 0.457407 0.558333 0.460185 0.558333 0.461111 0.533333 0.505556 0.533333 0.506481 0.506250 0.554630 0.506250 0.555556 0.506771 0.556481 0.506771 0.557407 0.507292 0.558333 0.507292 0.559259 0.508333 0.561111 0.508333 0.562037 0.508854 0.562963 0.508854 0.563889 0.509896 0.565741 0.509896 0.566667 0.511458 0.569444 0.511979 0.569444 0.512500 0.570370 0.513542 0.568519 0.514062 0.568519 0.516146 0.564815 0.516667 0.564815 0.520312 0.558333 0.520833 0.558333 0.527083 0.547222 0.527604 0.547222 0.555729 0.497222 0.556250 0.497222 0.557292 0.495370 0.557813 0.495370 0.558333 0.494444 0.559375 0.494444 0.560417 0.492593 0.560937 0.492593 0.561979 0.490741 0.562500 0.490741 0.563021 0.489815 0.563542 0.489815 0.564063 0.488889 0.565104 0.488889 0.565625 0.487963 0.570833 0.487963 0.571354 0.488889 0.572396 0.488889 0.573438 0.490741 0.573958 0.490741 0.574479 0.491667 0.575000 0.491667 0.576042 0.493519 0.576562 0.493519 0.577604 0.495370 0.578125 0.495370 0.578646 0.496296 0.579167 0.496296 0.580208 0.498148 0.580729 0.498148 0.585938 0.507407 0.586458 0.507407 0.597917 0.527778 0.598437 0.527778 0.611458 0.550926 0.611979 0.550926 0.615625 0.557407 0.616146 0.557407 0.618750 0.562037 0.619271 0.562037 0.620313 0.563889 0.622917 0.563889 0.624479 0.561111 0.624479 0.560185 0.625000 0.559259 0.625000 0.557407 0.624479 0.556481 0.624479 0.555556 0.623958 0.554630 0.623958 0.553704 0.620313 0.547222 0.620313 0.546296 0.615625 0.537963 0.615104 0.537963 0.572917 0.462963 0.572396 0.462963
0 0.693229 0.452778 0.692708 0.453704 0.692187 0.453704 0.691667 0.454630 0.692187 0.455556 0.692187 0.456481 0.692708 0.457407 0.692708 0.460185 0.692187 0.461111 0.692187 0.462037 0.691667 0.462963 0.691667 0.463889 0.685937 0.474074 0.685937 0.475000 0.638021 0.560185 0.637500 0.560185 0.636458 0.562037 0.636458 0.562963 0.636979 0.563889 0.637500 0.563889 0.638021 0.564815 0.638542 0.564815 0.640104 0.562037 0.640625 0.562037 0.643229 0.557407 0.643750 0.557407 0.647917 0.550000 0.648438 0.550000 0.660937 0.527778 0.661458 0.527778 0.681771 0.491667 0.682292 0.491667 0.683333 0.489815 0.684896 0.489815 0.685937 0.487963 0.686458 0.487963 0.686979 0.487037 0.687500 0.487037 0.688542 0.485185 0.689583 0.485185 0.690104 0.484259 0.690625 0.484259 0.691146 0.483333 0.694792 0.483333 0.695833 0.485185 0.696354 0.485185 0.697917 0.487963 0.698438 0.487963 0.699479 0.489815 0.700000 0.489815 0.701042 0.491667 0.701562 0.491667 0.702604 0.493519 0.703125 0.493519 0.704167 0.495370 0.704688 0.495370 0.706250 0.498148 0.706771 0.498148 0.707812 0.500000 0.708333 0.500000 0.709375 0.501852 0.709896 0.501852 0.737500 0.550926 0.738021 0.550926 0.740625 0.555556 0.741146 0.555556 0.742188 0.557407 0.742708 0.557407 0.743229 0.558333 0.743750 0.558333 0.744271 0.559259 0.745313 0.559259 0.745833 0.558333 0.746354 0.558333 0.747917 0.555556 0.747917 0.553704 0.748437 0.552778 0.747917 0.551852 0.747917 0.550000 0.746354 0.547222 0.746354 0.546296 0.736979 0.529630 0.736979 0.528704 0.706771 0.475000 0.706771 0.474074 0.698438 0.459259 0.697917 0.459259 0.695833 0.455556 0.695312 0.455556 0.694271 0.453704 0.693750 0.453704
0 0.306771 0.475000 0.306250 0.475926 0.305208 0.475926 0.304167 0.477778 0.303646 0.477778 0.302604 0.479630 0.302083 0.479630 0.301042 0.481481 0.300521 0.481481 0.298438 0.485185 0.297917 0.485185 0.294792 0.490741 0.294271 0.490741 0.287500 0.502778 0.286979 0.502778 0.263021 0.545370 0.263021 0.546296 0.258333 0.554630 0.257812 0.554630 0.255208 0.559259 0.252604 0.559259 0.252083 0.558333 0.251563 0.558333 0.249479 0.554630 0.249479 0.552778 0.248958 0.551852 0.248958 0.550926 0.249479 0.550000 0.249479 0.547222 0.250000 0.546296 0.250000 0.544444 0.250521 0.543519 0.250521 0.541667 0.248438 0.545370 0.247917 0.545370 0.247396 0.546296 0.244792 0.546296 0.243750 0.544444 0.243229 0.544444 0.241667 0.541667 0.241146 0.541667 0.237500 0.535185 0.236979 0.535185 0.231771 0.525926 0.231250 0.525926 0.228646 0.521296 0.228125 0.521296 0.228125 0.522222 0.227604 0.523148 0.227604 0.525000 0.227083 0.525926 0.227083 0.526852 0.225000 0.530556 0.221875 0.530556 0.221354 0.529630 0.220833 0.529630 0.220312 0.528704 0.219792 0.528704 0.217708 0.525000 0.217188 0.525000 0.214062 0.519444 0.213542 0.519444 0.208854 0.511111 0.208333 0.511111 0.203646 0.502778 0.203125 0.502778 0.198437 0.494444 0.197917 0.494444 0.193750 0.487037 0.193229 0.487037 0.190104 0.481481 0.189583 0.481481 0.186458 0.475926 0.185938 0.475926 0.185417 0.476852 0.185417 0.477778 0.184375 0.479630 0.184375 0.480556 0.183854 0.481481 0.183854 0.482407 0.182812 0.484259 0.182812 0.485185 0.182292 0.486111 0.182292 0.489815 0.182812 0.490741 0.182812 0.491667 0.191667 0.507407 0.192188 0.507407 0.197396 0.516667 0.197917 0.516667 0.202604 0.525000 0.203125 0.525000 0.208333 0.534259 0.208854 0.534259 0.213542 0.542593 0.214062 0.542593 0.219271 0.551852 0.219792 0.551852 0.225000 0.561111 0.225521 0.561111 0.230208 0.569444 0.230729 0.569444 0.235937 0.578704 0.236458 0.578704 0.240625 0.586111 0.241146 0.586111 0.243229 0.589815 0.243750 0.589815 0.244792 0.591667 0.245833 0.591667 0.246354 0.592593 0.247396 0.592593 0.247917 0.591667 0.248438 0.591667 0.249479 0.589815 0.250000 0.589815 0.270313 0.553704 0.270313 0.552778 0.293229 0.512037 0.293229 0.511111 0.304688 0.490741 0.304688 0.489815 0.306250 0.487037 0.306250 0.485185 0.306771 0.484259 0.306771 0.476852 0.307292 0.475926 0.307292 0.475000
0 0.429688 0.456481 0.428125 0.459259 0.427083 0.459259 0.426042 0.461111 0.425521 0.461111 0.393750 0.517593 0.393229 0.517593 0.388021 0.526852 0.387500 0.526852 0.384375 0.532407 0.383854 0.532407 0.383333 0.531481 0.382812 0.531481 0.380208 0.526852 0.380208 0.525926 0.379688 0.525000 0.379688 0.523148 0.378646 0.525000 0.378125 0.525000 0.375521 0.529630 0.375000 0.529630 0.374479 0.530556 0.371875 0.530556 0.371875 0.535185 0.372396 0.536111 0.372396 0.541667 0.372917 0.542593 0.372917 0.548148 0.372396 0.549074 0.372396 0.550000 0.370833 0.552778 0.369792 0.552778 0.369271 0.553704 0.368229 0.553704 0.367708 0.552778 0.367188 0.552778 0.366667 0.551852 0.366146 0.551852 0.365104 0.550000 0.364583 0.550000 0.362500 0.546296 0.361979 0.546296 0.356250 0.536111 0.355729 0.536111 0.348958 0.524074 0.348438 0.524074 0.342187 0.512963 0.341667 0.512963 0.337500 0.505556 0.336979 0.505556 0.333333 0.499074 0.332813 0.499074 0.329688 0.493519 0.329167 0.493519 0.326562 0.488889 0.326042 0.488889 0.323958 0.485185 0.323437 0.485185 0.321875 0.482407 0.321354 0.482407 0.320312 0.480556 0.319792 0.480556 0.318750 0.478704 0.318229 0.478704 0.317188 0.476852 0.316667 0.476852 0.316146 0.475926 0.315625 0.475926 0.315104 0.475000 0.314063 0.475000 0.313542 0.474074 0.312500 0.474074 0.311979 0.475000 0.311979 0.480556 0.312500 0.481481 0.312500 0.482407 0.323958 0.502778 0.324479 0.502778 0.331771 0.515741 0.332292 0.515741 0.339062 0.527778 0.339583 0.527778 0.346875 0.540741 0.347396 0.540741 0.354687 0.553704 0.355208 0.553704 0.361979 0.565741 0.362500 0.565741 0.368229 0.575926 0.368750 0.575926 0.370833 0.579630 0.371354 0.579630 0.372396 0.581481 0.372917 0.581481 0.373437 0.582407 0.374479 0.582407 0.375000 0.581481 0.375521 0.581481 0.376042 0.580556 0.376563 0.580556 0.379167 0.575926 0.379688 0.575926 0.388021 0.561111 0.388021 0.560185 0.420312 0.502778 0.420312 0.501852 0.432292 0.480556 0.432292 0.479630 0.433333 0.477778 0.433333 0.476852 0.433854 0.475926 0.433854 0.473148 0.433333 0.472222 0.433333 0.471296 0.432812 0.470370 0.432812 0.468519 0.432292 0.467593 0.432292 0.466667 0.431771 0.465741 0.431771 0.463889 0.431250 0.462963 0.431250 0.462037 0.430729 0.461111 0.430729 0.460185 0.430208 0.459259 0.430208 0.457407
0 0.440625 0.449074 0.440625 0.450000 0.441146 0.450926 0.441146 0.451852 0.441667 0.452778 0.441667 0.453704 0.442188 0.454630 0.442188 0.455556 0.442708 0.456481 0.442708 0.457407 0.443229 0.458333 0.443229 0.459259 0.443750 0.460185 0.443750 0.461111 0.444271 0.462037 0.444271 0.462963 0.460417 0.491667 0.460938 0.491667 0.473958 0.514815 0.474479 0.514815 0.486979 0.537037 0.487500 0.537037 0.496354 0.552778 0.496875 0.552778 0.499479 0.557407 0.500000 0.557407 0.500521 0.558333 0.502604 0.558333 0.503125 0.557407 0.503646 0.557407 0.505208 0.554630 0.505729 0.554630 0.532813 0.506481 0.532813 0.505556 0.557813 0.461111 0.557813 0.460185 0.559375 0.457407 0.559375 0.455556 0.558854 0.455556 0.556771 0.459259 0.556250 0.459259 0.552604 0.465741 0.552083 0.465741 0.545833 0.476852 0.545312 0.476852 0.516146 0.528704 0.515625 0.528704 0.515104 0.529630 0.514583 0.529630 0.514062 0.530556 0.513542 0.530556 0.513021 0.529630 0.512500 0.529630 0.511979 0.528704 0.511458 0.528704 0.510417 0.526852 0.510417 0.525926 0.509375 0.524074 0.509375 0.523148 0.508333 0.521296 0.508333 0.520370 0.506250 0.524074 0.505729 0.524074 0.505208 0.525000 0.503646 0.525000 0.503125 0.524074 0.502604 0.524074 0.501042 0.521296 0.500521 0.521296 0.497917 0.516667 0.498437 0.517593 0.498437 0.521296 0.497396 0.523148 0.497396 0.524074 0.496875 0.525000 0.496354 0.525000 0.495833 0.525926 0.492708 0.525926 0.491667 0.524074 0.491146 0.524074 0.489063 0.520370 0.488542 0.520370 0.480208 0.505556 0.479687 0.505556 0.469271 0.487037 0.468750 0.487037 0.463021 0.476852 0.462500 0.476852 0.457813 0.468519 0.457292 0.468519 0.454688 0.463889 0.454167 0.463889 0.451562 0.459259 0.451042 0.459259 0.449479 0.456481 0.448958 0.456481 0.447917 0.454630 0.447396 0.454630 0.446354 0.452778 0.445833 0.452778 0.445312 0.451852 0.444792 0.451852 0.444271 0.450926 0.443750 0.450926 0.443229 0.450000 0.442708 0.450000 0.442188 0.449074
0 0.566667 0.447222 0.566146 0.448148 0.565625 0.448148 0.565625 0.449074 0.590625 0.493519 0.591146 0.493519 0.623437 0.550926 0.623958 0.550926 0.630208 0.562037 0.630729 0.562037 0.631771 0.563889 0.634375 0.563889 0.634896 0.562963 0.635417 0.562963 0.637500 0.559259 0.638021 0.559259 0.685417 0.475000 0.685417 0.474074 0.691146 0.463889 0.691146 0.462963 0.691667 0.462037 0.691667 0.461111 0.692187 0.460185 0.692187 0.457407 0.691667 0.456481 0.691667 0.455556 0.691146 0.455556 0.690625 0.456481 0.690104 0.456481 0.688542 0.459259 0.688021 0.459259 0.684896 0.464815 0.684375 0.464815 0.679688 0.473148 0.679167 0.473148 0.667708 0.493519 0.667188 0.493519 0.646354 0.530556 0.645833 0.530556 0.645312 0.531481 0.643229 0.531481 0.641667 0.528704 0.641146 0.528704 0.636979 0.521296 0.636458 0.521296 0.635938 0.520370 0.635417 0.520370 0.634375 0.522222 0.632812 0.522222 0.632292 0.521296 0.631771 0.521296 0.631250 0.520370 0.630729 0.520370 0.627604 0.514815 0.627083 0.514815 0.622396 0.506481 0.625521 0.512037 0.625521 0.512963 0.626563 0.514815 0.626563 0.520370 0.624479 0.524074 0.621354 0.524074 0.618750 0.519444 0.618229 0.519444 0.615104 0.513889 0.614583 0.513889 0.609375 0.504630 0.608854 0.504630 0.589063 0.469444 0.588542 0.469444 0.582292 0.458333 0.581771 0.458333 0.580208 0.455556 0.579167 0.455556 0.578125 0.453704 0.577604 0.453704 0.576042 0.450926 0.575521 0.450926 0.575000 0.450000 0.574479 0.450000 0.573958 0.449074 0.573438 0.449074 0.572917 0.448148 0.571875 0.448148 0.571354 0.447222
0 0.696875 0.449074 0.696354 0.450000 0.695833 0.450000 0.695312 0.450926 0.694792 0.450926 0.694271 0.451852 0.693750 0.451852 0.693750 0.452778 0.694271 0.452778 0.695312 0.454630 0.695833 0.454630 0.697917 0.458333 0.698438 0.458333 0.707292 0.474074 0.707292 0.475000 0.737500 0.528704 0.737500 0.529630 0.746875 0.546296 0.746875 0.547222 0.748437 0.550000 0.748437 0.551852 0.748958 0.552778 0.748437 0.553704 0.748437 0.555556 0.748958 0.555556 0.750000 0.557407 0.750521 0.557407 0.751563 0.559259 0.752083 0.559259 0.753125 0.561111 0.753646 0.561111 0.755208 0.563889 0.755729 0.563889 0.756771 0.565741 0.757292 0.565741 0.758333 0.567593 0.758854 0.567593 0.760417 0.570370 0.760938 0.570370 0.761979 0.572222 0.762500 0.572222 0.763542 0.574074 0.764062 0.574074 0.765104 0.575926 0.765625 0.575926 0.767188 0.578704 0.767708 0.578704 0.768750 0.580556 0.769271 0.580556 0.770312 0.582407 0.771354 0.582407 0.771875 0.583333 0.772396 0.582407 0.773438 0.582407 0.774479 0.580556 0.775000 0.580556 0.802604 0.531481 0.803125 0.531481 0.827083 0.488889 0.827083 0.487963 0.830208 0.482407 0.830208 0.481481 0.830729 0.480556 0.830729 0.475926 0.828646 0.472222 0.828125 0.472222 0.827604 0.471296 0.827083 0.471296 0.826562 0.470370 0.825521 0.470370 0.798438 0.518519 0.797917 0.518519 0.790104 0.532407 0.789583 0.532407 0.785417 0.539815 0.784896 0.539815 0.782813 0.543519 0.782292 0.543519 0.780208 0.547222 0.779687 0.547222 0.778646 0.549074 0.778125 0.549074 0.777604 0.550000 0.777083 0.550000 0.776563 0.550926 0.775521 0.549074 0.775000 0.549074 0.773958 0.547222 0.773438 0.547222 0.772917 0.546296 0.772396 0.546296 0.771354 0.544444 0.770833 0.544444 0.769792 0.542593 0.769271 0.542593 0.768229 0.540741 0.767708 0.540741 0.766667 0.538889 0.766146 0.538889 0.765104 0.537037 0.764583 0.537037 0.764062 0.536111 0.763542 0.536111 0.762500 0.534259 0.761979 0.534259 0.760938 0.532407 0.760417 0.532407 0.759375 0.530556 0.758854 0.530556 0.757812 0.528704 0.757292 0.528704 0.756771 0.527778 0.756250 0.527778 0.755208 0.525926 0.754687 0.525926 0.754167 0.525000 0.753646 0.525926 0.751042 0.525926 0.750521 0.525000 0.750000 0.525000 0.748958 0.523148 0.748437 0.523148 0.723958 0.479630 0.723437 0.479630 0.722396 0.477778 0.721875 0.477778 0.720833 0.475926 0.720313 0.475926 0.719271 0.474074 0.718750 0.474074 0.718229 0.473148 0.717708 0.473148 0.716667 0.471296 0.716146 0.471296 0.715104 0.469444 0.714583 0.469444 0.713542 0.467593 0.713021 0.467593 0.712500 0.466667 0.711979 0.466667 0.710938 0.464815 0.710417 0.464815 0.709375 0.462963 0.708854 0.462963 0.708333 0.462037 0.707812 0.462037 0.706771 0.460185 0.706250 0.460185 0.705208 0.458333 0.704688 0.458333 0.704167 0.457407 0.703646 0.457407 0.702604 0.455556 0.702083 0.455556 0.701042 0.453704 0.700521 0.453704 0.699479 0.451852 0.698958 0.451852 0.698438 0.450926 0.697917 0.450926
0 0.164062 0.400000 0.162500 0.402778 0.162500 0.403704 0.160417 0.407407 0.160417 0.408333 0.157812 0.412963 0.157812 0.413889 0.155729 0.417593 0.155729 0.418519 0.153646 0.422222 0.153646 0.423148 0.151562 0.426852 0.151562 0.427778 0.148958 0.432407 0.148958 0.433333 0.146875 0.437037 0.146875 0.437963 0.144792 0.441667 0.144792 0.442593 0.142708 0.446296 0.142708 0.447222 0.140104 0.451852 0.140104 0.452778 0.138021 0.456481 0.138021 0.457407 0.135937 0.461111 0.135937 0.462037 0.126042 0.479630 0.126042 0.480556 0.110417 0.508333 0.110417 0.509259 0.104688 0.519444 0.104688 0.520370 0.102604 0.524074 0.102604 0.525000 0.102083 0.525926 0.102083 0.526852 0.101562 0.527778 0.101562 0.528704 0.102083 0.529630 0.102083 0.531481 0.104167 0.535185 0.104688 0.535185 0.105208 0.536111 0.106771 0.536111 0.107292 0.535185 0.107813 0.535185 0.144271 0.470370 0.144792 0.470370 0.148958 0.462963 0.149479 0.462963 0.152083 0.458333 0.152604 0.458333 0.154167 0.455556 0.154688 0.455556 0.155729 0.453704 0.156250 0.453704 0.157292 0.451852 0.158333 0.451852 0.158854 0.450926 0.159375 0.450926 0.159896 0.450000 0.161458 0.450000 0.161979 0.449074 0.164062 0.449074 0.164583 0.450000 0.166146 0.450000 0.166667 0.450926 0.167708 0.450926 0.168229 0.451852 0.168750 0.451852 0.169271 0.452778 0.169792 0.452778 0.170313 0.453704 0.170833 0.453704 0.171875 0.455556 0.172396 0.455556 0.173437 0.457407 0.173958 0.457407 0.175521 0.460185 0.176042 0.460185 0.177604 0.462963 0.178125 0.462963 0.180208 0.466667 0.180729 0.466667 0.182812 0.470370 0.183333 0.470370 0.185938 0.475000 0.186458 0.475000 0.189583 0.480556 0.190104 0.480556 0.193229 0.486111 0.193750 0.486111 0.197917 0.493519 0.198437 0.493519 0.203125 0.501852 0.203646 0.501852 0.208333 0.510185 0.208854 0.510185 0.213542 0.518519 0.214062 0.518519 0.217188 0.524074 0.217708 0.524074 0.219792 0.527778 0.220312 0.527778 0.220833 0.528704 0.221354 0.528704 0.221875 0.529630 0.225000 0.529630 0.226562 0.526852 0.226562 0.525926 0.227083 0.525000 0.227083 0.523148 0.227604 0.522222 0.227604 0.521296 0.228125 0.520370 0.226042 0.516667 0.225521 0.516667 0.220312 0.507407 0.219792 0.507407 0.214583 0.498148 0.214062 0.498148 0.208854 0.488889 0.208333 0.488889 0.203125 0.479630 0.202604 0.479630 0.196875 0.469444 0.196354 0.469444 0.191146 0.460185 0.190625 0.460185 0.182292 0.445370 0.182292 0.444444 0.181771 0.443519 0.181771 0.442593 0.181250 0.441667 0.181250 0.439815 0.181771 0.438889 0.181771 0.437963 0.182292 0.437037 0.182292 0.436111 0.183333 0.434259 0.183333 0.433333 0.184375 0.431481 0.184375 0.430556 0.185417 0.428704 0.185417 0.427778 0.186458 0.425926 0.186458 0.425000 0.185417 0.423148 0.184896 0.423148 0.182292 0.418519 0.181771 0.418519 0.179688 0.414815 0.179167 0.414815 0.177604 0.412037 0.177083 0.412037 0.175521 0.409259 0.175000 0.409259 0.173958 0.407407 0.173437 0.407407 0.171875 0.404630 0.171354 0.404630 0.170833 0.403704 0.170313 0.403704 0.169792 0.402778 0.169271 0.402778 0.168750 0.401852 0.167708 0.401852 0.167187 0.400926 0.166667 0.400926 0.166146 0.400000
0 0.307292 0.425000 0.307292 0.428704 0.306771 0.429630 0.306771 0.437037 0.306250 0.437963 0.306250 0.439815 0.305208 0.441667 0.305208 0.442593 0.300521 0.450926 0.300521 0.451852 0.280208 0.487963 0.280208 0.488889 0.258854 0.526852 0.258854 0.527778 0.251042 0.541667 0.251042 0.543519 0.250521 0.544444 0.250521 0.546296 0.250000 0.547222 0.250000 0.550000 0.249479 0.550926 0.249479 0.551852 0.250000 0.552778 0.250000 0.554630 0.251563 0.557407 0.252083 0.557407 0.252604 0.558333 0.255208 0.558333 0.257812 0.553704 0.258333 0.553704 0.262500 0.546296 0.262500 0.545370 0.286979 0.501852 0.287500 0.501852 0.294271 0.489815 0.294792 0.489815 0.297917 0.484259 0.298438 0.484259 0.300521 0.480556 0.301042 0.480556 0.302083 0.478704 0.302604 0.478704 0.303646 0.476852 0.304167 0.476852 0.305208 0.475000 0.306250 0.475000 0.306771 0.474074 0.307292 0.474074 0.307812 0.473148 0.309896 0.473148 0.310417 0.472222 0.310937 0.473148 0.313542 0.473148 0.314063 0.474074 0.315104 0.474074 0.315625 0.475000 0.316146 0.475000 0.316667 0.475926 0.317188 0.475926 0.318229 0.477778 0.318750 0.477778 0.319792 0.479630 0.320312 0.479630 0.321354 0.481481 0.321875 0.481481 0.323437 0.484259 0.323958 0.484259 0.326042 0.487963 0.326562 0.487963 0.329167 0.492593 0.329688 0.492593 0.332813 0.498148 0.333333 0.498148 0.336979 0.504630 0.337500 0.504630 0.341667 0.512037 0.342187 0.512037 0.348438 0.523148 0.348958 0.523148 0.355729 0.535185 0.356250 0.535185 0.361979 0.545370 0.362500 0.545370 0.364583 0.549074 0.365104 0.549074 0.366146 0.550926 0.366667 0.550926 0.367188 0.551852 0.367708 0.551852 0.368229 0.552778 0.369271 0.552778 0.369792 0.551852 0.370833 0.551852 0.371875 0.550000 0.371875 0.549074 0.372396 0.548148 0.372396 0.542593 0.371875 0.541667 0.371875 0.536111 0.371354 0.535185 0.371354 0.529630 0.370833 0.529630 0.369792 0.527778 0.369271 0.527778 0.365625 0.521296 0.365104 0.521296 0.357812 0.508333 0.357292 0.508333 0.349479 0.494444 0.348958 0.494444 0.341146 0.480556 0.340625 0.480556 0.332813 0.466667 0.332292 0.466667 0.324479 0.452778 0.323958 0.452778 0.311979 0.431481 0.311979 0.430556 0.311458 0.429630 0.311458 0.425000
0 0.437500 0.404630 0.436979 0.405556 0.435417 0.405556 0.434896 0.406481 0.434375 0.406481 0.433854 0.407407 0.433333 0.407407 0.432292 0.409259 0.431771 0.409259 0.431250 0.410185 0.430729 0.410185 0.429688 0.412037 0.430208 0.412963 0.430208 0.413889 0.430729 0.414815 0.430729 0.415741 0.431250 0.416667 0.431250 0.418519 0.431771 0.419444 0.431771 0.420370 0.432292 0.421296 0.432292 0.425926 0.431771 0.426852 0.431771 0.427778 0.430729 0.429630 0.430729 0.430556 0.415625 0.457407 0.415625 0.458333 0.386979 0.509259 0.386979 0.510185 0.380208 0.522222 0.380208 0.525000 0.380729 0.525926 0.380729 0.526852 0.382812 0.530556 0.383333 0.530556 0.383854 0.531481 0.384375 0.531481 0.387500 0.525926 0.388021 0.525926 0.393229 0.516667 0.393750 0.516667 0.425521 0.460185 0.426042 0.460185 0.427083 0.458333 0.428125 0.458333 0.430208 0.454630 0.430729 0.454630 0.431771 0.452778 0.432292 0.452778 0.433333 0.450926 0.433854 0.450926 0.434375 0.450000 0.434896 0.450000 0.435417 0.449074 0.436458 0.449074 0.436979 0.448148 0.442188 0.448148 0.442708 0.449074 0.443229 0.449074 0.443750 0.450000 0.444271 0.450000 0.444792 0.450926 0.445312 0.450926 0.445833 0.451852 0.446354 0.451852 0.447396 0.453704 0.447917 0.453704 0.448958 0.455556 0.449479 0.455556 0.451042 0.458333 0.451562 0.458333 0.454167 0.462963 0.454688 0.462963 0.457292 0.467593 0.457813 0.467593 0.462500 0.475926 0.463021 0.475926 0.468750 0.486111 0.469271 0.486111 0.479687 0.504630 0.480208 0.504630 0.488542 0.519444 0.489063 0.519444 0.491146 0.523148 0.491667 0.523148 0.492708 0.525000 0.495833 0.525000 0.496354 0.524074 0.496875 0.524074 0.496875 0.523148 0.497917 0.521296 0.497917 0.517593 0.497396 0.516667 0.497396 0.515741 0.495312 0.512037 0.494792 0.512037 0.480208 0.486111 0.479687 0.486111 0.465625 0.461111 0.465104 0.461111 0.445312 0.425926 0.445312 0.425000 0.444792 0.424074 0.444792 0.423148 0.444271 0.422222 0.444271 0.421296 0.443750 0.420370 0.443750 0.419444 0.442708 0.417593 0.442708 0.416667 0.442188 0.415741 0.442188 0.414815 0.441667 0.413889 0.441667 0.412963 0.441146 0.412037 0.441146 0.411111 0.440625 0.410185 0.440625 0.409259 0.440104 0.408333 0.440104 0.407407 0.439583 0.406481 0.439583 0.405556 0.439063 0.404630
0 0.561979 0.402778 0.561458 0.403704 0.560937 0.403704 0.559896 0.405556 0.559375 0.405556 0.558854 0.406481 0.563542 0.414815 0.563542 0.415741 0.564063 0.416667 0.564063 0.419444 0.563021 0.421296 0.563021 0.422222 0.560937 0.425926 0.560937 0.426852 0.529687 0.482407 0.529687 0.483333 0.508854 0.520370 0.508854 0.521296 0.509896 0.523148 0.509896 0.524074 0.510938 0.525926 0.510938 0.526852 0.511458 0.527778 0.511979 0.527778 0.512500 0.528704 0.513021 0.528704 0.513542 0.529630 0.514062 0.529630 0.514583 0.528704 0.515104 0.528704 0.515625 0.527778 0.516146 0.527778 0.545312 0.475926 0.545833 0.475926 0.552083 0.464815 0.552604 0.464815 0.556250 0.458333 0.556771 0.458333 0.558854 0.454630 0.559375 0.454630 0.560937 0.451852 0.561458 0.451852 0.562500 0.450000 0.563021 0.450000 0.563542 0.449074 0.564063 0.449074 0.564583 0.448148 0.565104 0.448148 0.565625 0.447222 0.566146 0.447222 0.566667 0.446296 0.571354 0.446296 0.571875 0.447222 0.572917 0.447222 0.573438 0.448148 0.573958 0.448148 0.574479 0.449074 0.575000 0.449074 0.575521 0.450000 0.576042 0.450000 0.577604 0.452778 0.578125 0.452778 0.579167 0.454630 0.580208 0.454630 0.581771 0.457407 0.582292 0.457407 0.588542 0.468519 0.589063 0.468519 0.608854 0.503704 0.609375 0.503704 0.614583 0.512963 0.615104 0.512963 0.618229 0.518519 0.618750 0.518519 0.621354 0.523148 0.624479 0.523148 0.626042 0.520370 0.626042 0.514815 0.625000 0.512963 0.625000 0.512037 0.574479 0.422222 0.573958 0.422222 0.569792 0.414815 0.569271 0.414815 0.565104 0.407407 0.564583 0.407407
0 0.691146 0.408333 0.690625 0.409259 0.692708 0.412963 0.692708 0.414815 0.693229 0.415741 0.692708 0.416667 0.692708 0.418519 0.691667 0.420370 0.691667 0.421296 0.664062 0.470370 0.664062 0.471296 0.639062 0.515741 0.638542 0.515741 0.636458 0.519444 0.636458 0.520370 0.636979 0.520370 0.641146 0.527778 0.641667 0.527778 0.643229 0.530556 0.645312 0.530556 0.645833 0.529630 0.646354 0.529630 0.667188 0.492593 0.667708 0.492593 0.679167 0.472222 0.679688 0.472222 0.684375 0.463889 0.684896 0.463889 0.688021 0.458333 0.688542 0.458333 0.690104 0.455556 0.690625 0.455556 0.692187 0.452778 0.692708 0.452778 0.693750 0.450926 0.694271 0.450926 0.694792 0.450000 0.695312 0.450000 0.695833 0.449074 0.696354 0.449074 0.696875 0.448148 0.697917 0.450000 0.698438 0.450000 0.698958 0.450926 0.699479 0.450926 0.700521 0.452778 0.701042 0.452778 0.702083 0.454630 0.702604 0.454630 0.703646 0.456481 0.704167 0.456481 0.704688 0.457407 0.705208 0.457407 0.706250 0.459259 0.706771 0.459259 0.707812 0.461111 0.708333 0.461111 0.708854 0.462037 0.709375 0.462037 0.710417 0.463889 0.710938 0.463889 0.711979 0.465741 0.712500 0.465741 0.713021 0.466667 0.713542 0.466667 0.714583 0.468519 0.715104 0.468519 0.716146 0.470370 0.716667 0.470370 0.717708 0.472222 0.718229 0.472222 0.718750 0.473148 0.719271 0.473148 0.720313 0.475000 0.720833 0.475000 0.721875 0.476852 0.722396 0.476852 0.723437 0.478704 0.723958 0.478704 0.748437 0.522222 0.748958 0.522222 0.750000 0.524074 0.750521 0.524074 0.751042 0.525000 0.753646 0.525000 0.754687 0.523148 0.755208 0.523148 0.755208 0.522222 0.755729 0.521296 0.755729 0.516667 0.755208 0.515741 0.755208 0.514815 0.753125 0.511111 0.753125 0.510185 0.739062 0.485185 0.739062 0.484259 0.716667 0.444444 0.716667 0.443519 0.704167 0.421296 0.703646 0.421296 0.702083 0.418519 0.701562 0.418519 0.701042 0.417593 0.700521 0.417593 0.699479 0.415741 0.698958 0.415741 0.698438 0.414815 0.697917 0.414815 0.697396 0.413889 0.696875 0.413889 0.695833 0.412037 0.695312 0.412037 0.694792 0.411111 0.694271 0.411111 0.693229 0.409259 0.692708 0.409259 0.692187 0.408333
0 0.186979 0.425926 0.185938 0.427778 0.185938 0.428704 0.184896 0.430556 0.184896 0.431481 0.183854 0.433333 0.183854 0.434259 0.182812 0.436111 0.182812 0.437037 0.182292 0.437963 0.182292 0.438889 0.181771 0.439815 0.181771 0.441667 0.182292 0.442593 0.182292 0.443519 0.182812 0.444444 0.182812 0.445370 0.190625 0.459259 0.191146 0.459259 0.196354 0.468519 0.196875 0.468519 0.202604 0.478704 0.203125 0.478704 0.208333 0.487963 0.208854 0.487963 0.214062 0.497222 0.214583 0.497222 0.219792 0.506481 0.220312 0.506481 0.225521 0.515741 0.226042 0.515741 0.231250 0.525000 0.231771 0.525000 0.236979 0.534259 0.237500 0.534259 0.241146 0.540741 0.241667 0.540741 0.243229 0.543519 0.243750 0.543519 0.244792 0.545370 0.247396 0.545370 0.247917 0.544444 0.248438 0.544444 0.250521 0.540741 0.251042 0.540741 0.258333 0.527778 0.258333 0.526852 0.279687 0.488889 0.279687 0.487963 0.300000 0.451852 0.300000 0.450926 0.304688 0.442593 0.304688 0.441667 0.305729 0.439815 0.305729 0.437963 0.306250 0.437037 0.306250 0.429630 0.306771 0.428704 0.306771 0.425926 0.306250 0.425926 0.305729 0.426852 0.305208 0.426852 0.304688 0.427778 0.304167 0.427778 0.303125 0.429630 0.300521 0.429630 0.267708 0.487963 0.267188 0.487963 0.261458 0.498148 0.260937 0.498148 0.257812 0.503704 0.257292 0.503704 0.255208 0.507407 0.254688 0.507407 0.253646 0.509259 0.253125 0.509259 0.252604 0.510185 0.251563 0.508333 0.251042 0.508333 0.250000 0.506481 0.250000 0.505556 0.249479 0.504630 0.249479 0.503704 0.248958 0.502778 0.246875 0.506481 0.246354 0.506481 0.245833 0.507407 0.245312 0.507407 0.244792 0.508333 0.243750 0.508333 0.243229 0.507407 0.242188 0.507407 0.241146 0.505556 0.240625 0.505556 0.238021 0.500926 0.237500 0.500926 0.232813 0.492593 0.232292 0.492593 0.226562 0.482407 0.226042 0.482407 0.225000 0.480556 0.222917 0.480556 0.222396 0.479630 0.221354 0.479630 0.220312 0.477778 0.219792 0.477778 0.218229 0.475000 0.217708 0.475000 0.214062 0.468519 0.213542 0.468519 0.208333 0.459259 0.207813 0.459259 0.202604 0.450000 0.202083 0.450000 0.197396 0.441667 0.196875 0.441667 0.192708 0.434259 0.192188 0.434259 0.189062 0.428704 0.188542 0.428704
0 0.429167 0.412963 0.428646 0.413889 0.428125 0.413889 0.427604 0.414815 0.427083 0.414815 0.426563 0.415741 0.426042 0.415741 0.422396 0.422222 0.421875 0.422222 0.421354 0.423148 0.421354 0.424074 0.410938 0.442593 0.410417 0.442593 0.398438 0.463889 0.398438 0.464815 0.396875 0.467593 0.396354 0.467593 0.389583 0.479630 0.389062 0.479630 0.385417 0.486111 0.384896 0.486111 0.383854 0.487963 0.382812 0.487963 0.382292 0.487037 0.381771 0.487037 0.381250 0.486111 0.378125 0.491667 0.377604 0.491667 0.375521 0.495370 0.374479 0.495370 0.373958 0.496296 0.372917 0.496296 0.372396 0.495370 0.371875 0.495370 0.371875 0.496296 0.372396 0.497222 0.372396 0.498148 0.371875 0.499074 0.371875 0.500000 0.371354 0.500926 0.371354 0.501852 0.370833 0.502778 0.370312 0.502778 0.369792 0.503704 0.369271 0.503704 0.368750 0.504630 0.367188 0.504630 0.366667 0.503704 0.366146 0.503704 0.365625 0.502778 0.365104 0.502778 0.363542 0.500000 0.363021 0.500000 0.359375 0.493519 0.358854 0.493519 0.351042 0.479630 0.350521 0.479630 0.343750 0.467593 0.343229 0.467593 0.338021 0.458333 0.337500 0.458333 0.333333 0.450926 0.332813 0.450926 0.329688 0.445370 0.329167 0.445370 0.326562 0.440741 0.326042 0.440741 0.323958 0.437037 0.323437 0.437037 0.321354 0.433333 0.320833 0.433333 0.319792 0.431481 0.319271 0.431481 0.318229 0.429630 0.317708 0.429630 0.317188 0.428704 0.316667 0.428704 0.315625 0.426852 0.315104 0.426852 0.314583 0.425926 0.313542 0.425926 0.313021 0.425000 0.311979 0.425000 0.311979 0.429630 0.312500 0.430556 0.312500 0.431481 0.323958 0.451852 0.324479 0.451852 0.332292 0.465741 0.332813 0.465741 0.340625 0.479630 0.341146 0.479630 0.348958 0.493519 0.349479 0.493519 0.357292 0.507407 0.357812 0.507407 0.365104 0.520370 0.365625 0.520370 0.369271 0.526852 0.369792 0.526852 0.370833 0.528704 0.371354 0.528704 0.371875 0.529630 0.374479 0.529630 0.375000 0.528704 0.375521 0.528704 0.378125 0.524074 0.378646 0.524074 0.386458 0.510185 0.386458 0.509259 0.415104 0.458333 0.415104 0.457407 0.430208 0.430556 0.430208 0.429630 0.431250 0.427778 0.431250 0.426852 0.431771 0.425926 0.431771 0.421296 0.431250 0.420370 0.431250 0.419444 0.430729 0.418519 0.430729 0.416667 0.430208 0.415741 0.430208 0.414815 0.429688 0.413889 0.429688 0.412963
0 0.439583 0.404630 0.440104 0.405556 0.440104 0.406481 0.440625 0.407407 0.440625 0.408333 0.441146 0.409259 0.441146 0.410185 0.441667 0.411111 0.441667 0.412037 0.442188 0.412963 0.442188 0.413889 0.442708 0.414815 0.442708 0.415741 0.443229 0.416667 0.443229 0.417593 0.444271 0.419444 0.444271 0.420370 0.444792 0.421296 0.444792 0.422222 0.445312 0.423148 0.445312 0.424074 0.445833 0.425000 0.445833 0.425926 0.465104 0.460185 0.465625 0.460185 0.479687 0.485185 0.480208 0.485185 0.494792 0.511111 0.495312 0.511111 0.500521 0.520370 0.501042 0.520370 0.502604 0.523148 0.503125 0.523148 0.503646 0.524074 0.505208 0.524074 0.505729 0.523148 0.506250 0.523148 0.508333 0.519444 0.508854 0.519444 0.529167 0.483333 0.529167 0.482407 0.560417 0.426852 0.560417 0.425926 0.562500 0.422222 0.562500 0.421296 0.563542 0.419444 0.563542 0.416667 0.563021 0.415741 0.563021 0.414815 0.558854 0.407407 0.556771 0.407407 0.555729 0.409259 0.555208 0.409259 0.525521 0.462037 0.525000 0.462037 0.518750 0.473148 0.518229 0.473148 0.515104 0.478704 0.514583 0.478704 0.512500 0.482407 0.511979 0.482407 0.510417 0.485185 0.509896 0.485185 0.508854 0.487037 0.508333 0.487037 0.507812 0.487963 0.505729 0.487963 0.504687 0.486111 0.504167 0.486111 0.502083 0.482407 0.501563 0.482407 0.497917 0.475926 0.497917 0.478704 0.496354 0.481481 0.495833 0.481481 0.495312 0.482407 0.493229 0.482407 0.492188 0.480556 0.491667 0.480556 0.489583 0.476852 0.489063 0.476852 0.486458 0.472222 0.485938 0.472222 0.482292 0.465741 0.481771 0.465741 0.472917 0.450000 0.472396 0.450000 0.464583 0.436111 0.464062 0.436111 0.454688 0.419444 0.454167 0.419444 0.451042 0.413889 0.450521 0.413889 0.449479 0.412037 0.448958 0.412037 0.448437 0.411111 0.447396 0.411111 0.446354 0.409259 0.445833 0.409259 0.444792 0.407407 0.444271 0.407407 0.443750 0.406481 0.442708 0.406481 0.442188 0.405556 0.441667 0.405556 0.441146 0.404630
0 0.566146 0.400000 0.565625 0.400926 0.564063 0.400926 0.563542 0.401852 0.563021 0.401852 0.562500 0.402778 0.564583 0.406481 0.565104 0.406481 0.569271 0.413889 0.569792 0.413889 0.573958 0.421296 0.574479 0.421296 0.621875 0.505556 0.622396 0.505556 0.627083 0.513889 0.627604 0.513889 0.630729 0.519444 0.631250 0.519444 0.631771 0.520370 0.632292 0.520370 0.632812 0.521296 0.634375 0.521296 0.635417 0.519444 0.635938 0.519444 0.638542 0.514815 0.639062 0.514815 0.663542 0.471296 0.663542 0.470370 0.691146 0.421296 0.691146 0.420370 0.692187 0.418519 0.692187 0.416667 0.692708 0.415741 0.692187 0.414815 0.692187 0.412963 0.690104 0.409259 0.688021 0.412963 0.687500 0.412963 0.684896 0.417593 0.684375 0.417593 0.680729 0.424074 0.680208 0.424074 0.672396 0.437963 0.671875 0.437963 0.645833 0.484259 0.645312 0.484259 0.644271 0.486111 0.642188 0.486111 0.641146 0.484259 0.640625 0.484259 0.638542 0.480556 0.638021 0.480556 0.637500 0.479630 0.636458 0.479630 0.635938 0.480556 0.633854 0.480556 0.633333 0.479630 0.632812 0.479630 0.631771 0.477778 0.631250 0.477778 0.628646 0.473148 0.628125 0.473148 0.625521 0.468519 0.625000 0.468519 0.622917 0.464815 0.623437 0.465741 0.623437 0.466667 0.623958 0.467593 0.623958 0.468519 0.624479 0.469444 0.624479 0.473148 0.621875 0.477778 0.619792 0.477778 0.619271 0.476852 0.618750 0.476852 0.615625 0.471296 0.615104 0.471296 0.607812 0.458333 0.607292 0.458333 0.584896 0.418519 0.584375 0.418519 0.581771 0.413889 0.581250 0.413889 0.579167 0.410185 0.578646 0.410185 0.577604 0.408333 0.577083 0.408333 0.576562 0.407407 0.576042 0.407407 0.575000 0.405556 0.574479 0.405556 0.573438 0.403704 0.572917 0.403704 0.572396 0.402778 0.571875 0.402778 0.571354 0.401852 0.570833 0.401852 0.570312 0.400926 0.568750 0.400926 0.568229 0.400000
0 0.696354 0.412037 0.696875 0.412963 0.697396 0.412963 0.697917 0.413889 0.698438 0.413889 0.698958 0.414815 0.698438 0.413889 0.697917 0.413889 0.697396 0.412963 0.696875 0.412963
0 0.693750 0.409259 0.694271 0.410185 0.694792 0.410185 0.695312 0.411111 0.694792 0.410185 0.694271 0.410185
0 0.691667 0.407407 0.692187 0.407407 0.692708 0.408333 0.692187 0.407407
0 0.735417 0.361111 0.734896 0.362037 0.734375 0.362037 0.731250 0.367593 0.730729 0.367593 0.714583 0.396296 0.725000 0.414815 0.725000 0.415741 0.743229 0.448148 0.743229 0.449074 0.753125 0.466667 0.753125 0.467593 0.754167 0.469444 0.754167 0.470370 0.754687 0.471296 0.754687 0.472222 0.755208 0.473148 0.755208 0.475000 0.754687 0.475926 0.754687 0.476852 0.752604 0.480556 0.749479 0.480556 0.748958 0.479630 0.748437 0.479630 0.737500 0.460185 0.737500 0.459259 0.732292 0.450000 0.731771 0.450000 0.729167 0.445370 0.728646 0.445370 0.727604 0.443519 0.727083 0.443519 0.726562 0.442593 0.726042 0.442593 0.725521 0.441667 0.725000 0.441667 0.723958 0.439815 0.723437 0.439815 0.722917 0.438889 0.722396 0.438889 0.721875 0.437963 0.721354 0.437963 0.720313 0.436111 0.719792 0.436111 0.719271 0.435185 0.718750 0.435185 0.718229 0.434259 0.717708 0.434259 0.716667 0.432407 0.716146 0.432407 0.715625 0.431481 0.715104 0.431481 0.714583 0.430556 0.714063 0.430556 0.713021 0.428704 0.712500 0.428704 0.711979 0.427778 0.711458 0.427778 0.710938 0.426852 0.710417 0.426852 0.709375 0.425000 0.708854 0.425000 0.708333 0.424074 0.707812 0.424074 0.707292 0.423148 0.706771 0.423148 0.705729 0.421296 0.705208 0.421296 0.704688 0.420370 0.704167 0.420370 0.703646 0.419444 0.703125 0.419444 0.702083 0.417593 0.701562 0.417593 0.701042 0.416667 0.700521 0.416667 0.700000 0.415741 0.700521 0.416667 0.701042 0.416667 0.701562 0.417593 0.702083 0.417593 0.703646 0.420370 0.704167 0.420370 0.717187 0.443519 0.717187 0.444444 0.739583 0.484259 0.739583 0.485185 0.753646 0.510185 0.753646 0.511111 0.755729 0.514815 0.755729 0.515741 0.756250 0.516667 0.756250 0.521296 0.755729 0.522222 0.755729 0.523148 0.755208 0.524074 0.754687 0.524074 0.754687 0.525000 0.755208 0.525000 0.756250 0.526852 0.756771 0.526852 0.757292 0.527778 0.757812 0.527778 0.758854 0.529630 0.759375 0.529630 0.760417 0.531481 0.760938 0.531481 0.761979 0.533333 0.762500 0.533333 0.763542 0.535185 0.764062 0.535185 0.764583 0.536111 0.765104 0.536111 0.766146 0.537963 0.766667 0.537963 0.767708 0.539815 0.768229 0.539815 0.769271 0.541667 0.769792 0.541667 0.770833 0.543519 0.771354 0.543519 0.772396 0.545370 0.772917 0.545370 0.773438 0.546296 0.773958 0.546296 0.775000 0.548148 0.775521 0.548148 0.776563 0.550000 0.777083 0.549074 0.777604 0.549074 0.778125 0.548148 0.778646 0.548148 0.779687 0.546296 0.780208 0.546296 0.782292 0.542593 0.782813 0.542593 0.784896 0.538889 0.785417 0.538889 0.789583 0.531481 0.790104 0.531481 0.797917 0.517593 0.798438 0.517593 0.833333 0.455556 0.833333 0.454630 0.836458 0.449074 0.836458 0.448148 0.836979 0.447222 0.836979 0.444444 0.836458 0.443519 0.836458 0.442593 0.835938 0.441667 0.835938 0.440741 0.835417 0.440741 0.834375 0.438889 0.833854 0.438889 0.833333 0.437963 0.832292 0.437963 0.831771 0.437037 0.831250 0.437037 0.830729 0.436111 0.830208 0.436111 0.829688 0.435185 0.829167 0.435185 0.828646 0.434259 0.828125 0.434259 0.827604 0.433333 0.826562 0.433333 0.826042 0.432407 0.825521 0.432407 0.825000 0.431481 0.824479 0.431481 0.823958 0.430556 0.823438 0.430556 0.822917 0.429630 0.821875 0.429630 0.821354 0.428704 0.820833 0.428704 0.820312 0.427778 0.819792 0.427778 0.819271 0.426852 0.818750 0.426852 0.818229 0.425926 0.817187 0.425926 0.816667 0.425000 0.816146 0.425000 0.815625 0.424074 0.815104 0.424074 0.814583 0.423148 0.814063 0.423148 0.813542 0.422222 0.812500 0.422222 0.811979 0.421296 0.811458 0.421296 0.810937 0.420370 0.810417 0.420370 0.809896 0.419444 0.809375 0.419444 0.808854 0.418519 0.807813 0.418519 0.807292 0.417593 0.806771 0.417593 0.806250 0.416667 0.805729 0.416667 0.805208 0.415741 0.804688 0.415741 0.804167 0.414815 0.803125 0.414815 0.802604 0.413889 0.802083 0.413889 0.801562 0.412963 0.801042 0.412963 0.800521 0.412037 0.800000 0.412037 0.799479 0.411111 0.798438 0.411111 0.797917 0.410185 0.797396 0.410185 0.796875 0.409259 0.796354 0.409259 0.795833 0.408333 0.795312 0.408333 0.794792 0.407407 0.794271 0.407407 0.793750 0.406481 0.792708 0.406481 0.792188 0.405556 0.791667 0.405556 0.791146 0.404630 0.790625 0.404630 0.790104 0.403704 0.789583 0.403704 0.789062 0.402778 0.788021 0.402778 0.787500 0.401852 0.786979 0.401852 0.786458 0.400926 0.785937 0.400926 0.785417 0.400000 0.784896 0.400000 0.784375 0.399074 0.783333 0.399074 0.782813 0.398148 0.782292 0.398148 0.781771 0.397222 0.781250 0.397222 0.780729 0.396296 0.780208 0.396296 0.779687 0.395370 0.778646 0.395370 0.778125 0.394444 0.777604 0.394444 0.777083 0.393519 0.776563 0.393519 0.776042 0.392593 0.775521 0.392593 0.775000 0.391667 0.773958 0.391667 0.773438 0.390741 0.772917 0.390741 0.772396 0.389815 0.771875 0.389815 0.771354 0.388889 0.770833 0.388889 0.770312 0.387963 0.769271 0.387963 0.768750 0.387037 0.768229 0.387037 0.767708 0.386111 0.767188 0.386111 0.766667 0.385185 0.766146 0.385185 0.765625 0.384259 0.764583 0.384259 0.764062 0.383333 0.763542 0.383333 0.763021 0.382407 0.762500 0.382407 0.761979 0.381481 0.761458 0.381481 0.760938 0.380556 0.759896 0.380556 0.759375 0.379630 0.758854 0.379630 0.758333 0.378704 0.757812 0.378704 0.757292 0.377778 0.756771 0.377778 0.756250 0.376852 0.755729 0.376852 0.755208 0.375926 0.754167 0.375926 0.753646 0.375000 0.753125 0.375000 0.752604 0.374074 0.752083 0.374074 0.751563 0.373148 0.751042 0.373148 0.750521 0.372222 0.749479 0.372222 0.748958 0.371296 0.748437 0.371296 0.747917 0.370370 0.747396 0.370370 0.746875 0.369444 0.746354 0.369444 0.745833 0.368519 0.744792 0.368519 0.744271 0.367593 0.743750 0.367593 0.743229 0.366667 0.742708 0.366667 0.742188 0.365741 0.741667 0.365741 0.741146 0.364815 0.740104 0.364815 0.739583 0.363889 0.739062 0.363889 0.738542 0.362963 0.738021 0.362963 0.737500 0.362037 0.736979 0.362037 0.736458 0.361111
0 0.195312 0.301852 0.193229 0.305556 0.192708 0.305556 0.188542 0.312963 0.188542 0.313889 0.172917 0.341667 0.172917 0.342593 0.160417 0.364815 0.160417 0.365741 0.154688 0.375926 0.154688 0.376852 0.148438 0.387963 0.148438 0.388889 0.142187 0.400000 0.142187 0.400926 0.135937 0.412037 0.135937 0.412963 0.128125 0.426852 0.128125 0.427778 0.117708 0.446296 0.117708 0.447222 0.111458 0.458333 0.111458 0.459259 0.105729 0.469444 0.105729 0.470370 0.104167 0.473148 0.104167 0.474074 0.103125 0.475926 0.103125 0.478704 0.103646 0.479630 0.103646 0.480556 0.105729 0.484259 0.106250 0.484259 0.106771 0.485185 0.108333 0.485185 0.109375 0.483333 0.109896 0.483333 0.121875 0.462037 0.121875 0.461111 0.141146 0.426852 0.141667 0.426852 0.147917 0.415741 0.148438 0.415741 0.151562 0.410185 0.152083 0.410185 0.154167 0.406481 0.154688 0.406481 0.155729 0.404630 0.156250 0.404630 0.157292 0.402778 0.157812 0.402778 0.158333 0.401852 0.158854 0.401852 0.159375 0.400926 0.159896 0.400926 0.160417 0.400000 0.161979 0.400000 0.162500 0.399074 0.166146 0.399074 0.166667 0.400000 0.167187 0.400000 0.167708 0.400926 0.168750 0.400926 0.169271 0.401852 0.169792 0.401852 0.170313 0.402778 0.170833 0.402778 0.171354 0.403704 0.171875 0.403704 0.173437 0.406481 0.173958 0.406481 0.175000 0.408333 0.175521 0.408333 0.177083 0.411111 0.177604 0.411111 0.179167 0.413889 0.179688 0.413889 0.181771 0.417593 0.182292 0.417593 0.184896 0.422222 0.185417 0.422222 0.188542 0.427778 0.189062 0.427778 0.192188 0.433333 0.192708 0.433333 0.196875 0.440741 0.197396 0.440741 0.202083 0.449074 0.202604 0.449074 0.207813 0.458333 0.208333 0.458333 0.213542 0.467593 0.214062 0.467593 0.217708 0.474074 0.218229 0.474074 0.219792 0.476852 0.220312 0.476852 0.221354 0.478704 0.222396 0.478704 0.222917 0.479630 0.224479 0.479630 0.220312 0.472222 0.219792 0.472222 0.214583 0.462963 0.214062 0.462963 0.208333 0.452778 0.207813 0.452778 0.202083 0.442593 0.201563 0.442593 0.195833 0.432407 0.195312 0.432407 0.190104 0.423148 0.189583 0.423148 0.178646 0.403704 0.178646 0.401852 0.178125 0.400926 0.178125 0.399074 0.178646 0.398148 0.178646 0.397222 0.179688 0.395370 0.179688 0.394444 0.181250 0.391667 0.181250 0.390741 0.182812 0.387963 0.182812 0.387037 0.184375 0.384259 0.184375 0.383333 0.186458 0.379630 0.186458 0.378704 0.188021 0.375926 0.188021 0.375000 0.189583 0.372222 0.189583 0.371296 0.191146 0.368519 0.191146 0.367593 0.192708 0.364815 0.192708 0.363889 0.194271 0.361111 0.194271 0.360185 0.195833 0.357407 0.195833 0.356481 0.197396 0.353704 0.197396 0.352778 0.198958 0.350000 0.198958 0.349074 0.200521 0.346296 0.200521 0.345370 0.202604 0.341667 0.202604 0.340741 0.204167 0.337963 0.204167 0.337037 0.205729 0.334259 0.205729 0.333333 0.207292 0.330556 0.207292 0.329630 0.208854 0.326852 0.208854 0.325926 0.210938 0.322222 0.209375 0.319444 0.208854 0.319444 0.202604 0.308333 0.202083 0.308333 0.199479 0.303704 0.198958 0.303704 0.197917 0.301852
0 0.313021 0.322222 0.312500 0.323148 0.311979 0.323148 0.310937 0.325000 0.310937 0.325926 0.310417 0.326852 0.310417 0.333333 0.309896 0.334259 0.309896 0.340741 0.309375 0.341667 0.309375 0.347222 0.308854 0.348148 0.308854 0.354630 0.308333 0.355556 0.308333 0.362037 0.307812 0.362963 0.307812 0.368519 0.307292 0.369444 0.307292 0.375926 0.306771 0.376852 0.306771 0.383333 0.306250 0.384259 0.306250 0.389815 0.305729 0.390741 0.305729 0.397222 0.305208 0.398148 0.305208 0.399074 0.304688 0.400000 0.304688 0.400926 0.303646 0.402778 0.303646 0.403704 0.294271 0.420370 0.294271 0.421296 0.273958 0.457407 0.273958 0.458333 0.249479 0.501852 0.249479 0.502778 0.250000 0.503704 0.250000 0.504630 0.250521 0.505556 0.250521 0.506481 0.251042 0.507407 0.251563 0.507407 0.252604 0.509259 0.253125 0.508333 0.253646 0.508333 0.254688 0.506481 0.255208 0.506481 0.257292 0.502778 0.257812 0.502778 0.260937 0.497222 0.261458 0.497222 0.267188 0.487037 0.267708 0.487037 0.300521 0.428704 0.303125 0.428704 0.304167 0.426852 0.304688 0.426852 0.305208 0.425926 0.305729 0.425926 0.306250 0.425000 0.306771 0.425000 0.307292 0.424074 0.313021 0.424074 0.313542 0.425000 0.314583 0.425000 0.315104 0.425926 0.315625 0.425926 0.316667 0.427778 0.317188 0.427778 0.317708 0.428704 0.318229 0.428704 0.319271 0.430556 0.319792 0.430556 0.320833 0.432407 0.321354 0.432407 0.323437 0.436111 0.323958 0.436111 0.326042 0.439815 0.326562 0.439815 0.329167 0.444444 0.329688 0.444444 0.332813 0.450000 0.333333 0.450000 0.337500 0.457407 0.338021 0.457407 0.343229 0.466667 0.343750 0.466667 0.350521 0.478704 0.351042 0.478704 0.358854 0.492593 0.359375 0.492593 0.363021 0.499074 0.363542 0.499074 0.365104 0.501852 0.365625 0.501852 0.366146 0.502778 0.366667 0.502778 0.367188 0.503704 0.368750 0.503704 0.369271 0.502778 0.369792 0.502778 0.370312 0.501852 0.370833 0.501852 0.370833 0.500926 0.371354 0.500000 0.371354 0.499074 0.371875 0.498148 0.371875 0.497222 0.371354 0.496296 0.371354 0.494444 0.370833 0.494444 0.368229 0.489815 0.367708 0.489815 0.361458 0.478704 0.360938 0.478704 0.352604 0.463889 0.352083 0.463889 0.343750 0.449074 0.343229 0.449074 0.334375 0.433333 0.333854 0.433333 0.325521 0.418519 0.325000 0.418519 0.310937 0.393519 0.310937 0.392593 0.310417 0.391667 0.310417 0.386111 0.310937 0.385185 0.310937 0.377778 0.311458 0.376852 0.311458 0.369444 0.311979 0.368519 0.311979 0.360185 0.312500 0.359259 0.312500 0.351852 0.313021 0.350926 0.313021 0.343519 0.313542 0.342593 0.313542 0.335185 0.314063 0.334259 0.314063 0.325926 0.314583 0.325000 0.314583 0.322222
0 0.416146 0.308333 0.413542 0.312963 0.413021 0.312963 0.413542 0.313889 0.413542 0.314815 0.414062 0.315741 0.414062 0.316667 0.414583 0.317593 0.414583 0.318519 0.415104 0.319444 0.415104 0.320370 0.415625 0.321296 0.415625 0.322222 0.416667 0.324074 0.416667 0.325000 0.417187 0.325926 0.417187 0.326852 0.417708 0.327778 0.417708 0.328704 0.418229 0.329630 0.418229 0.330556 0.418750 0.331481 0.418750 0.332407 0.419271 0.333333 0.419271 0.334259 0.419792 0.335185 0.419792 0.336111 0.420312 0.337037 0.420312 0.337963 0.420833 0.338889 0.420833 0.339815 0.421354 0.340741 0.421354 0.341667 0.421875 0.342593 0.421875 0.343519 0.422917 0.345370 0.422917 0.346296 0.423438 0.347222 0.423438 0.348148 0.423958 0.349074 0.423958 0.350000 0.424479 0.350926 0.424479 0.351852 0.425000 0.352778 0.425000 0.353704 0.425521 0.354630 0.425521 0.355556 0.426042 0.356481 0.426042 0.357407 0.426563 0.358333 0.426563 0.359259 0.427083 0.360185 0.427083 0.361111 0.427604 0.362037 0.427604 0.362963 0.428125 0.363889 0.428125 0.364815 0.429167 0.366667 0.429167 0.367593 0.429688 0.368519 0.429688 0.369444 0.430208 0.370370 0.430208 0.371296 0.430729 0.372222 0.430729 0.373148 0.431250 0.374074 0.431250 0.375000 0.431771 0.375926 0.431771 0.376852 0.432292 0.377778 0.432292 0.378704 0.432812 0.379630 0.432812 0.380556 0.433333 0.381481 0.433333 0.382407 0.433854 0.383333 0.433854 0.384259 0.434375 0.385185 0.434375 0.387963 0.433854 0.388889 0.433854 0.389815 0.432292 0.392593 0.432292 0.393519 0.418229 0.418519 0.418229 0.419444 0.390104 0.469444 0.390104 0.470370 0.381771 0.485185 0.381771 0.486111 0.382292 0.486111 0.382812 0.487037 0.383854 0.487037 0.384896 0.485185 0.385417 0.485185 0.389062 0.478704 0.389583 0.478704 0.396354 0.466667 0.396875 0.466667 0.397917 0.464815 0.397917 0.463889 0.410417 0.441667 0.410938 0.441667 0.420833 0.424074 0.420833 0.423148 0.421875 0.421296 0.422396 0.421296 0.426042 0.414815 0.426563 0.414815 0.427083 0.413889 0.427604 0.413889 0.428125 0.412963 0.428646 0.412963 0.430729 0.409259 0.431250 0.409259 0.431771 0.408333 0.432292 0.408333 0.433333 0.406481 0.433854 0.406481 0.434375 0.405556 0.434896 0.405556 0.435417 0.404630 0.436979 0.404630 0.437500 0.403704 0.441146 0.403704 0.441667 0.404630 0.442188 0.404630 0.442708 0.405556 0.443750 0.405556 0.444271 0.406481 0.444792 0.406481 0.445833 0.408333 0.446354 0.408333 0.447396 0.410185 0.448437 0.410185 0.448958 0.411111 0.449479 0.411111 0.450521 0.412963 0.451042 0.412963 0.454167 0.418519 0.454688 0.418519 0.464062 0.435185 0.464583 0.435185 0.472396 0.449074 0.472917 0.449074 0.481771 0.464815 0.482292 0.464815 0.485938 0.471296 0.486458 0.471296 0.489063 0.475926 0.489583 0.475926 0.491667 0.479630 0.492188 0.479630 0.493229 0.481481 0.495312 0.481481 0.495833 0.480556 0.496354 0.480556 0.497396 0.478704 0.497396 0.475000 0.490104 0.462037 0.489583 0.462037 0.472396 0.431481 0.471875 0.431481 0.454167 0.400000 0.453646 0.400000 0.449479 0.392593 0.449479 0.391667 0.446875 0.387037 0.446875 0.386111 0.445833 0.384259 0.445833 0.383333 0.445312 0.382407 0.445312 0.381481 0.444271 0.379630 0.444271 0.378704 0.443750 0.377778 0.443750 0.376852 0.442708 0.375000 0.442708 0.374074 0.442188 0.373148 0.442188 0.372222 0.441667 0.371296 0.441667 0.370370 0.440625 0.368519 0.440625 0.367593 0.440104 0.366667 0.440104 0.365741 0.439063 0.363889 0.439063 0.362963 0.438542 0.362037 0.438542 0.361111 0.437500 0.359259 0.437500 0.358333 0.436979 0.357407 0.436979 0.356481 0.435937 0.354630 0.435937 0.353704 0.435417 0.352778 0.435417 0.351852 0.434896 0.350926 0.434896 0.350000 0.433854 0.348148 0.433854 0.347222 0.433333 0.346296 0.433333 0.345370 0.432292 0.343519 0.432292 0.342593 0.431771 0.341667 0.431771 0.340741 0.430729 0.338889 0.430729 0.337963 0.430208 0.337037 0.430208 0.336111 0.429167 0.334259 0.429167 0.333333 0.428646 0.332407 0.428646 0.331481 0.428125 0.330556 0.428125 0.329630 0.427083 0.327778 0.427083 0.326852 0.426563 0.325926 0.426563 0.325000 0.425521 0.323148 0.425521 0.322222 0.425000 0.321296 0.425000 0.320370 0.423958 0.318519 0.423958 0.317593 0.423438 0.316667 0.423438 0.315741 0.420833 0.311111 0.420312 0.311111 0.419271 0.309259 0.418750 0.309259 0.418229 0.308333
0 0.519792 0.305556 0.519271 0.306481 0.518750 0.306481 0.519271 0.306481 0.521354 0.310185 0.521875 0.310185 0.523958 0.313889 0.524479 0.313889 0.526563 0.317593 0.527083 0.317593 0.529167 0.321296 0.529687 0.321296 0.531771 0.325000 0.532292 0.325000 0.534375 0.328704 0.534896 0.328704 0.536979 0.332407 0.537500 0.332407 0.539583 0.336111 0.540104 0.336111 0.542188 0.339815 0.542708 0.339815 0.544792 0.343519 0.545312 0.343519 0.547917 0.348148 0.548438 0.348148 0.550521 0.351852 0.551042 0.351852 0.553125 0.355556 0.553646 0.355556 0.555729 0.359259 0.556250 0.359259 0.558333 0.362963 0.558854 0.362963 0.560937 0.366667 0.561458 0.366667 0.563542 0.370370 0.564063 0.370370 0.567187 0.375926 0.567187 0.376852 0.567708 0.377778 0.567708 0.380556 0.567187 0.381481 0.567187 0.382407 0.565625 0.385185 0.565625 0.386111 0.545312 0.422222 0.545312 0.423148 0.512500 0.481481 0.514583 0.477778 0.515104 0.477778 0.518229 0.472222 0.518750 0.472222 0.525000 0.461111 0.525521 0.461111 0.555208 0.408333 0.555729 0.408333 0.556771 0.406481 0.558333 0.406481 0.559375 0.404630 0.559896 0.404630 0.560937 0.402778 0.561458 0.402778 0.561979 0.401852 0.562500 0.401852 0.563021 0.400926 0.563542 0.400926 0.564063 0.400000 0.565625 0.400000 0.566146 0.399074 0.568229 0.399074 0.568750 0.400000 0.570312 0.400000 0.570833 0.400926 0.571354 0.400926 0.571875 0.401852 0.572396 0.401852 0.572917 0.402778 0.573438 0.402778 0.574479 0.404630 0.575000 0.404630 0.576042 0.406481 0.576562 0.406481 0.577083 0.407407 0.577604 0.407407 0.578646 0.409259 0.579167 0.409259 0.581250 0.412963 0.581771 0.412963 0.584375 0.417593 0.584896 0.417593 0.607292 0.457407 0.607812 0.457407 0.615104 0.470370 0.615625 0.470370 0.618750 0.475926 0.619271 0.475926 0.619792 0.476852 0.621875 0.476852 0.623958 0.473148 0.623958 0.469444 0.623437 0.468519 0.623437 0.467593 0.622917 0.466667 0.622917 0.465741 0.570312 0.372222 0.569792 0.372222 0.567708 0.368519 0.567187 0.368519 0.565625 0.365741 0.565104 0.365741 0.563021 0.362037 0.562500 0.362037 0.560937 0.359259 0.560417 0.359259 0.558333 0.355556 0.557813 0.355556 0.555729 0.351852 0.555208 0.351852 0.553646 0.349074 0.553125 0.349074 0.551042 0.345370 0.550521 0.345370 0.548958 0.342593 0.548438 0.342593 0.546354 0.338889 0.545833 0.338889 0.543750 0.335185 0.543229 0.335185 0.541667 0.332407 0.541146 0.332407 0.539062 0.328704 0.538542 0.328704 0.536979 0.325926 0.536458 0.325926 0.534375 0.322222 0.533854 0.322222 0.531771 0.318519 0.531250 0.318519 0.529687 0.315741 0.529167 0.315741 0.527083 0.312037 0.526563 0.312037 0.525000 0.309259 0.524479 0.309259 0.522917 0.306481 0.522396 0.306481 0.521875 0.305556
0 0.626563 0.306481 0.627083 0.307407 0.627604 0.307407 0.628125 0.308333 0.628646 0.308333 0.629167 0.309259 0.629687 0.309259 0.630208 0.310185 0.630729 0.310185 0.631250 0.311111 0.631771 0.311111 0.632292 0.312037 0.632812 0.312037 0.633333 0.312963 0.633854 0.312963 0.634375 0.313889 0.634896 0.313889 0.635938 0.315741 0.636458 0.315741 0.636979 0.316667 0.637500 0.316667 0.638021 0.317593 0.638542 0.317593 0.639062 0.318519 0.639583 0.318519 0.640104 0.319444 0.640625 0.319444 0.641146 0.320370 0.641667 0.320370 0.642188 0.321296 0.642708 0.321296 0.643229 0.322222 0.643750 0.322222 0.644271 0.323148 0.644792 0.323148 0.645312 0.324074 0.645833 0.324074 0.646354 0.325000 0.646875 0.325000 0.647396 0.325926 0.647917 0.325926 0.648438 0.326852 0.648958 0.326852 0.649479 0.327778 0.650000 0.327778 0.650521 0.328704 0.651042 0.328704 0.651563 0.329630 0.652083 0.329630 0.652604 0.330556 0.653125 0.330556 0.653646 0.331481 0.654167 0.331481 0.654687 0.332407 0.655208 0.332407 0.655729 0.333333 0.656250 0.333333 0.656771 0.334259 0.657292 0.334259 0.658333 0.336111 0.658854 0.336111 0.659375 0.337037 0.659896 0.337037 0.660417 0.337963 0.660937 0.337963 0.661458 0.338889 0.661979 0.338889 0.662500 0.339815 0.663021 0.339815 0.663542 0.340741 0.664062 0.340741 0.664583 0.341667 0.665104 0.341667 0.665625 0.342593 0.666146 0.342593 0.666667 0.343519 0.667188 0.343519 0.667708 0.344444 0.668229 0.344444 0.668750 0.345370 0.669271 0.345370 0.669792 0.346296 0.670312 0.346296 0.670833 0.347222 0.671354 0.347222 0.671875 0.348148 0.672396 0.348148 0.672917 0.349074 0.673438 0.349074 0.673958 0.350000 0.674479 0.350000 0.675000 0.350926 0.675521 0.350926 0.676042 0.351852 0.676562 0.351852 0.677083 0.352778 0.677604 0.352778 0.678125 0.353704 0.678646 0.353704 0.679167 0.354630 0.679688 0.354630 0.680208 0.355556 0.680729 0.355556 0.681771 0.357407 0.682292 0.357407 0.682813 0.358333 0.683333 0.358333 0.683854 0.359259 0.684375 0.359259 0.684896 0.360185 0.685417 0.360185 0.685937 0.361111 0.686458 0.361111 0.686979 0.362037 0.687500 0.362037 0.688021 0.362963 0.688542 0.362963 0.689063 0.363889 0.689583 0.363889 0.690104 0.364815 0.690625 0.364815 0.691146 0.365741 0.691667 0.365741 0.692187 0.366667 0.692708 0.366667 0.694271 0.369444 0.694271 0.370370 0.694792 0.371296 0.694792 0.375926 0.693750 0.377778 0.693750 0.378704 0.683854 0.396296 0.683854 0.397222 0.639062 0.476852 0.638542 0.476852 0.637500 0.478704 0.638021 0.479630 0.638542 0.479630 0.640625 0.483333 0.641146 0.483333 0.642188 0.485185 0.644271 0.485185 0.645312 0.483333 0.645833 0.483333 0.671875 0.437037 0.672396 0.437037 0.680208 0.423148 0.680729 0.423148 0.684375 0.416667 0.684896 0.416667 0.687500 0.412037 0.688021 0.412037 0.690104 0.408333 0.690625 0.408333 0.691667 0.406481 0.692187 0.406481 0.693229 0.408333 0.693750 0.408333 0.694271 0.409259 0.694792 0.409259 0.695833 0.411111 0.696354 0.411111 0.696875 0.412037 0.697396 0.412037 0.697917 0.412963 0.698438 0.412963 0.699479 0.414815 0.700000 0.414815 0.700521 0.415741 0.701042 0.415741 0.701562 0.416667 0.702083 0.416667 0.703125 0.418519 0.703646 0.418519 0.704167 0.419444 0.704688 0.419444 0.705208 0.420370 0.705729 0.420370 0.706771 0.422222 0.707292 0.422222 0.707812 0.423148 0.708333 0.423148 0.708854 0.424074 0.709375 0.424074 0.710417 0.425926 0.710938 0.425926 0.711458 0.426852 0.711979 0.426852 0.712500 0.427778 0.713021 0.427778 0.714063 0.429630 0.714583 0.429630 0.715104 0.430556 0.715625 0.430556 0.716146 0.431481 0.716667 0.431481 0.717708 0.433333 0.718229 0.433333 0.718750 0.434259 0.719271 0.434259 0.719792 0.435185 0.720313 0.435185 0.721354 0.437037 0.721875 0.437037 0.722396 0.437963 0.722917 0.437963 0.723437 0.438889 0.723958 0.438889 0.725000 0.440741 0.725521 0.440741 0.726042 0.441667 0.726562 0.441667 0.727083 0.442593 0.727604 0.442593 0.728646 0.444444 0.729167 0.444444 0.731771 0.449074 0.732292 0.449074 0.738021 0.459259 0.738021 0.460185 0.748437 0.478704 0.748958 0.478704 0.749479 0.479630 0.752604 0.479630 0.754167 0.476852 0.754167 0.475926 0.754687 0.475000 0.754687 0.473148 0.754167 0.472222 0.754167 0.471296 0.753646 0.470370 0.753646 0.469444 0.752604 0.467593 0.752604 0.466667 0.742708 0.449074 0.742708 0.448148 0.724479 0.415741 0.724479 0.414815 0.701562 0.374074 0.701042 0.374074 0.700000 0.372222 0.699479 0.372222 0.698958 0.371296 0.698438 0.371296 0.697917 0.370370 0.697396 0.370370 0.696875 0.369444 0.696354 0.369444 0.695833 0.368519 0.695312 0.368519 0.694792 0.367593 0.694271 0.367593 0.693750 0.366667 0.693229 0.366667 0.692708 0.365741 0.692187 0.365741 0.691667 0.364815 0.691146 0.364815 0.690625 0.363889 0.690104 0.363889 0.689583 0.362963 0.689063 0.362963 0.688542 0.362037 0.688021 0.362037 0.687500 0.361111 0.686979 0.361111 0.686458 0.360185 0.685937 0.360185 0.685417 0.359259 0.684896 0.359259 0.684375 0.358333 0.683854 0.358333 0.683333 0.357407 0.682813 0.357407 0.682292 0.356481 0.681771 0.356481 0.681250 0.355556 0.680729 0.355556 0.680208 0.354630 0.679688 0.354630 0.679167 0.353704 0.678646 0.353704 0.678125 0.352778 0.677604 0.352778 0.677083 0.351852 0.676562 0.351852 0.675521 0.350000 0.675000 0.350000 0.674479 0.349074 0.673958 0.349074 0.673438 0.348148 0.672917 0.348148 0.672396 0.347222 0.671875 0.347222 0.671354 0.346296 0.670833 0.346296 0.670312 0.345370 0.669792 0.345370 0.669271 0.344444 0.668750 0.344444 0.668229 0.343519 0.667708 0.343519 0.667188 0.342593 0.666667 0.342593 0.666146 0.341667 0.665625 0.341667 0.665104 0.340741 0.664583 0.340741 0.664062 0.339815 0.663542 0.339815 0.663021 0.338889 0.662500 0.338889 0.661979 0.337963 0.661458 0.337963 0.660937 0.337037 0.660417 0.337037 0.659896 0.336111 0.659375 0.336111 0.658854 0.335185 0.658333 0.335185 0.657813 0.334259 0.657292 0.334259 0.656771 0.333333 0.656250 0.333333 0.655729 0.332407 0.655208 0.332407 0.654687 0.331481 0.654167 0.331481 0.653646 0.330556 0.653125 0.330556 0.652604 0.329630 0.652083 0.329630 0.651563 0.328704 0.651042 0.328704 0.650521 0.327778 0.650000 0.327778 0.649479 0.326852 0.648958 0.326852 0.648438 0.325926 0.647917 0.325926 0.647396 0.325000 0.646875 0.325000 0.646354 0.324074 0.645833 0.324074 0.645312 0.323148 0.644792 0.323148 0.644271 0.322222 0.643750 0.322222 0.642708 0.320370 0.642188 0.320370 0.641667 0.319444 0.641146 0.319444 0.640625 0.318519 0.640104 0.318519 0.639583 0.317593 0.639062 0.317593 0.638542 0.316667 0.638021 0.316667 0.637500 0.315741 0.636979 0.315741 0.636458 0.314815 0.635938 0.314815 0.635417 0.313889 0.634896 0.313889 0.634375 0.312963 0.633854 0.312963 0.633333 0.312037 0.632812 0.312037 0.632292 0.311111 0.631771 0.311111 0.631250 0.310185 0.630729 0.310185 0.630208 0.309259 0.629687 0.309259 0.629167 0.308333 0.628646 0.308333 0.628125 0.307407 0.627083 0.307407