0 0.137240 0.553241 0.119271 0.156481 0.193750 0.475000 0.189583 0.482407 0.189583 0.483333 0.185417 0.490741 0.185417 0.491667 0.181250 0.499074 0.181250 0.500000 0.177083 0.507407 0.177083 0.508333 0.159896 0.538889 0.159896 0.539815 0.135417 0.583333 0.135417 0.584259 0.133333 0.587963 0.132812 0.587963 0.128646 0.595370 0.126042 0.595370 0.125521 0.594444 0.125000 0.594444 0.123438 0.591667 0.122917 0.591667 0.119271 0.585185 0.118750 0.585185 0.114583 0.577778 0.114062 0.577778 0.109375 0.569444 0.108854 0.569444 0.104688 0.562037 0.104167 0.562037 0.099479 0.553704 0.098958 0.553704 0.094271 0.545370 0.093750 0.545370 0.089583 0.537963 0.089063 0.537963 0.084375 0.529630 0.083854 0.529630 0.082292 0.526852 0.078125 0.534259 0.078125 0.535185 0.077604 0.536111 0.077604 0.539815 0.078125 0.540741 0.078125 0.541667 0.078646 0.542593 0.078646 0.543519 0.079167 0.544444 0.079687 0.544444 0.088021 0.559259 0.088542 0.559259 0.093750 0.568519 0.094271 0.568519 0.098958 0.576852 0.099479 0.576852 0.104167 0.585185 0.104688 0.585185 0.109375 0.593519 0.109896 0.593519 0.114583 0.601852 0.115104 0.601852 0.120313 0.611111 0.120833 0.611111 0.125521 0.619444 0.126042 0.619444 0.130729 0.627778 0.131250 0.627778 0.133333 0.631481 0.142708 0.631481 0.143750 0.629630 0.144271 0.629630 0.189062 0.550000 0.189062 0.549074 0.191146 0.545370 0.191146 0.544444 0.193229 0.540741 0.193229 0.539815 0.195312 0.536111 0.195312 0.535185 0.196875 0.532407 0.196875 0.530556 0.196354 0.529630 0.195833 0.529630 0.195312 0.528704 0.194792 0.528704 0.194271 0.527778 0.193229 0.527778 0.192708 0.526852 0.188542 0.526852 0.188021 0.527778 0.186979 0.527778 0.186458 0.528704 0.185938 0.528704 0.185417 0.529630 0.184896 0.529630 0.184375 0.530556 0.183854 0.530556 0.182812 0.532407 0.182292 0.532407 0.180729 0.535185 0.180208 0.535185 0.178125 0.538889 0.177604 0.538889 0.173958 0.545370 0.173437 0.545370 0.165625 0.559259 0.165104 0.559259 0.148958 0.587963 0.148958 0.588889 0.145313 0.595370 0.144792 0.595370 0.141667 0.600926 0.140104 0.600926 0.139583 0.600000 0.139063 0.600000 0.136979 0.596296 0.136979 0.590741 0.139063 0.587037 0.139063 0.586111 0.142708 0.579630 0.142708 0.578704 0.146354 0.572222 0.146354 0.571296 0.150521 0.563889 0.150521 0.562963 0.154167 0.556481 0.154167 0.555556 0.158333 0.548148 0.158333 0.547222 0.161979 0.540741 0.161979 0.539815 0.166146 0.532407 0.166146 0.531481 0.169792 0.525000 0.169792 0.524074 0.173958 0.516667 0.173958 0.515741 0.177604 0.509259 0.177604 0.508333 0.181771 0.500926 0.181771 0.500000 0.185417 0.493519 0.185417 0.492593 0.189583 0.485185 0.189583 0.484259 0.193229 0.477778 0.193229 0.475926
0 0.132812 0.503704 0.134375 0.183333 0.197917 0.412037 0.193750 0.419444 0.193750 0.420370 0.180729 0.443519 0.180729 0.444444 0.165625 0.471296 0.165625 0.472222 0.148958 0.501852 0.148958 0.502778 0.133333 0.530556 0.132812 0.530556 0.131771 0.532407 0.129688 0.532407 0.129167 0.531481 0.128646 0.531481 0.127604 0.529630 0.127083 0.529630 0.125000 0.525926 0.124479 0.525926 0.120313 0.518519 0.119792 0.518519 0.114583 0.509259 0.114062 0.509259 0.113542 0.508333 0.113021 0.509259 0.111979 0.509259 0.111458 0.508333 0.110937 0.508333 0.110417 0.507407 0.109896 0.507407 0.108854 0.505556 0.108333 0.505556 0.105208 0.500000 0.104688 0.500000 0.100000 0.491667 0.099479 0.491667 0.094792 0.483333 0.094271 0.483333 0.089583 0.475000 0.089063 0.475000 0.084375 0.466667 0.083854 0.466667 0.082812 0.468519 0.082292 0.468519 0.079167 0.474074 0.078646 0.474074 0.075000 0.480556 0.074479 0.480556 0.071354 0.486111 0.070833 0.486111 0.067708 0.491667 0.067187 0.491667 0.066146 0.493519 0.066146 0.494444 0.065625 0.495370 0.065625 0.497222 0.066146 0.498148 0.066146 0.500000 0.072917 0.512037 0.073438 0.512037 0.078125 0.520370 0.078646 0.520370 0.083333 0.528704 0.083854 0.528704 0.088542 0.537037 0.089063 0.537037 0.093229 0.544444 0.093750 0.544444 0.098437 0.552778 0.098958 0.552778 0.103646 0.561111 0.104167 0.561111 0.108333 0.568519 0.108854 0.568519 0.113542 0.576852 0.114062 0.576852 0.118229 0.584259 0.118750 0.584259 0.122396 0.590741 0.122917 0.590741 0.124479 0.593519 0.125000 0.593519 0.125521 0.594444 0.126042 0.594444 0.126562 0.595370 0.128125 0.595370 0.128646 0.594444 0.129167 0.594444 0.133333 0.587037 0.133854 0.587037 0.134896 0.585185 0.134896 0.584259 0.159375 0.540741 0.159375 0.539815 0.176563 0.509259 0.176563 0.508333 0.180729 0.500926 0.180729 0.500000 0.184896 0.492593 0.184896 0.491667 0.189062 0.484259 0.189062 0.483333 0.193229 0.475926 0.193229 0.474074 0.192188 0.474074 0.191667 0.473148 0.189583 0.473148 0.189062 0.472222 0.188021 0.472222 0.187500 0.473148 0.185938 0.473148 0.185417 0.474074 0.184375 0.474074 0.183854 0.475000 0.183333 0.475000 0.182292 0.476852 0.181771 0.476852 0.181250 0.477778 0.180729 0.477778 0.179167 0.480556 0.178646 0.480556 0.176042 0.485185 0.175521 0.485185 0.171354 0.492593 0.170833 0.492593 0.140104 0.547222 0.139583 0.547222 0.139063 0.548148 0.138021 0.548148 0.137500 0.547222 0.136979 0.547222 0.134375 0.542593 0.134375 0.541667 0.133854 0.540741 0.133854 0.538889 0.134375 0.537963 0.134375 0.537037 0.135417 0.535185 0.135417 0.534259 0.140625 0.525000 0.140625 0.524074 0.150521 0.506481 0.150521 0.505556 0.160417 0.487963 0.160417 0.487037 0.170833 0.468519 0.170833 0.467593 0.180729 0.450000 0.180729 0.449074 0.190625 0.431481 0.190625 0.430556 0.200000 0.413889 0.198958 0.412037
0 0.155990 0.464815 0.083854 0.133333 0.178125 0.398148 0.161979 0.426852 0.161458 0.426852 0.145313 0.455556 0.144792 0.455556 0.128125 0.485185 0.127604 0.485185 0.115625 0.506481 0.115104 0.506481 0.114062 0.508333 0.114583 0.508333 0.119792 0.517593 0.120313 0.517593 0.124479 0.525000 0.125000 0.525000 0.127083 0.528704 0.127604 0.528704 0.128646 0.530556 0.129167 0.530556 0.129688 0.531481 0.131771 0.531481 0.132812 0.529630 0.133333 0.529630 0.148438 0.502778 0.148438 0.501852 0.165104 0.472222 0.165104 0.471296 0.180208 0.444444 0.180208 0.443519 0.193229 0.420370 0.193229 0.419444 0.197917 0.411111 0.197396 0.411111 0.196875 0.410185 0.196354 0.410185 0.195833 0.409259 0.194792 0.409259 0.194271 0.408333 0.189583 0.408333 0.189062 0.409259 0.188542 0.409259 0.188021 0.410185 0.186979 0.410185 0.185938 0.412037 0.185417 0.412037 0.184375 0.413889 0.183854 0.413889 0.182292 0.416667 0.181771 0.416667 0.179167 0.421296 0.178646 0.421296 0.144271 0.482407 0.143750 0.482407 0.143229 0.483333 0.141146 0.483333 0.140625 0.482407 0.140104 0.482407 0.138542 0.479630 0.138542 0.478704 0.138021 0.477778 0.138021 0.476852 0.137500 0.475926 0.137500 0.475000 0.138021 0.474074 0.138021 0.473148 0.138542 0.472222 0.138542 0.471296 0.142187 0.464815 0.142187 0.463889 0.154167 0.442593 0.154167 0.441667 0.167187 0.418519 0.167187 0.417593
0 0.127083 0.427315 0.152083 0.162037 0.194271 0.346296 0.193750 0.347222 0.191667 0.347222 0.191146 0.348148 0.190625 0.348148 0.183854 0.360185 0.183333 0.360185 0.176563 0.372222 0.176042 0.372222 0.169792 0.383333 0.169271 0.383333 0.162500 0.395370 0.161979 0.395370 0.155208 0.407407 0.154688 0.407407 0.148438 0.418519 0.147917 0.418519 0.145833 0.422222 0.143229 0.422222 0.140625 0.417593 0.140625 0.416667 0.140104 0.415741 0.140104 0.412963 0.140625 0.412037 0.140625 0.411111 0.142708 0.407407 0.138542 0.414815 0.138021 0.414815 0.133333 0.423148 0.132812 0.423148 0.127604 0.432407 0.127083 0.432407 0.122396 0.440741 0.121875 0.440741 0.117188 0.449074 0.116667 0.449074 0.111979 0.457407 0.111458 0.457407 0.106771 0.465741 0.106250 0.465741 0.103125 0.471296 0.102604 0.471296 0.102083 0.472222 0.100000 0.472222 0.099479 0.471296 0.098958 0.471296 0.097917 0.469444 0.097396 0.469444 0.095312 0.465741 0.094792 0.465741 0.090625 0.458333 0.090104 0.458333 0.085417 0.450000 0.084896 0.450000 0.079687 0.440741 0.079167 0.440741 0.074479 0.432407 0.073958 0.432407 0.069271 0.424074 0.068750 0.424074 0.063542 0.414815 0.063021 0.414815 0.058333 0.406481 0.057813 0.406481 0.054688 0.400926 0.054167 0.401852 0.053646 0.401852 0.052083 0.404630 0.051562 0.404630 0.051042 0.405556 0.051042 0.411111 0.052083 0.412963 0.052083 0.413889 0.056250 0.421296 0.056771 0.421296 0.061979 0.430556 0.062500 0.430556 0.067187 0.438889 0.067708 0.438889 0.072917 0.448148 0.073438 0.448148 0.078125 0.456481 0.078646 0.456481 0.083333 0.464815 0.083854 0.464815 0.089063 0.474074 0.089583 0.474074 0.094271 0.482407 0.094792 0.482407 0.099479 0.490741 0.100000 0.490741 0.104688 0.499074 0.105208 0.499074 0.108333 0.504630 0.108854 0.504630 0.109896 0.506481 0.110417 0.506481 0.110937 0.507407 0.111458 0.507407 0.111979 0.508333 0.113021 0.508333 0.113542 0.507407 0.114062 0.507407 0.115104 0.505556 0.115625 0.505556 0.127604 0.484259 0.128125 0.484259 0.144792 0.454630 0.145313 0.454630 0.161458 0.425926 0.161979 0.425926 0.178125 0.397222 0.178646 0.397222 0.180208 0.394444 0.180208 0.393519 0.188542 0.378704 0.189062 0.378704 0.203125 0.353704 0.202083 0.351852 0.201563 0.351852 0.200521 0.350000 0.200000 0.350000 0.199479 0.349074 0.198958 0.349074 0.198437 0.348148 0.197396 0.348148 0.196875 0.347222 0.194792 0.347222
0 0.136198 0.356481 0.195312 0.229630 0.142187 0.241667 0.141667 0.242593 0.141146 0.242593 0.140104 0.244444 0.139583 0.244444 0.138542 0.246296 0.138021 0.246296 0.136458 0.249074 0.135937 0.249074 0.134896 0.250926 0.134375 0.250926 0.133333 0.252778 0.132812 0.252778 0.131771 0.254630 0.131250 0.254630 0.130208 0.256481 0.129688 0.256481 0.128125 0.259259 0.127604 0.259259 0.126562 0.261111 0.126042 0.261111 0.125000 0.262963 0.124479 0.262963 0.123438 0.264815 0.122917 0.264815 0.121875 0.266667 0.121354 0.266667 0.120313 0.268519 0.119792 0.268519 0.118229 0.271296 0.117708 0.271296 0.116667 0.273148 0.116146 0.273148 0.115104 0.275000 0.114583 0.275000 0.113542 0.276852 0.113021 0.276852 0.111979 0.278704 0.111458 0.278704 0.109896 0.281481 0.109375 0.281481 0.108333 0.283333 0.107813 0.283333 0.106771 0.285185 0.106250 0.285185 0.105208 0.287037 0.104688 0.287037 0.103646 0.288889 0.103125 0.288889 0.102083 0.290741 0.101562 0.290741 0.100000 0.293519 0.099479 0.293519 0.098437 0.295370 0.097917 0.295370 0.096875 0.297222 0.096354 0.297222 0.095312 0.299074 0.094792 0.299074 0.093750 0.300926 0.093229 0.300926 0.091667 0.303704 0.091146 0.303704 0.090104 0.305556 0.089583 0.305556 0.088542 0.307407 0.088021 0.307407 0.086979 0.309259 0.086458 0.309259 0.085417 0.311111 0.084896 0.311111 0.083854 0.312963 0.083333 0.312963 0.081771 0.315741 0.081250 0.315741 0.080208 0.317593 0.079687 0.317593 0.078646 0.319444 0.078125 0.319444 0.077083 0.321296 0.076563 0.321296 0.075521 0.323148 0.075000 0.323148 0.073438 0.325926 0.072917 0.325926 0.071875 0.327778 0.071354 0.327778 0.070312 0.329630 0.069792 0.329630 0.068750 0.331481 0.068229 0.331481 0.067187 0.333333 0.066667 0.333333 0.065625 0.335185 0.065104 0.335185 0.063542 0.337963 0.063021 0.337963 0.061979 0.339815 0.061458 0.339815 0.060417 0.341667 0.059896 0.341667 0.058854 0.343519 0.058333 0.343519 0.057292 0.345370 0.056771 0.345370 0.055208 0.348148 0.054688 0.348148 0.053646 0.350000 0.053125 0.350000 0.052083 0.351852 0.051562 0.351852 0.050521 0.353704 0.050000 0.353704 0.048958 0.355556 0.048438 0.355556 0.047396 0.357407 0.046875 0.357407 0.045312 0.360185 0.044792 0.360185 0.043750 0.362037 0.043229 0.362037 0.042188 0.363889 0.041667 0.363889 0.040625 0.365741 0.040104 0.365741 0.039062 0.367593 0.039062 0.368519 0.038542 0.369444 0.038542 0.372222 0.039062 0.373148 0.039062 0.374074 0.047396 0.388889 0.047917 0.388889 0.052604 0.397222 0.053125 0.397222 0.057813 0.405556 0.058333 0.405556 0.063021 0.413889 0.063542 0.413889 0.068750 0.423148 0.069271 0.423148 0.073958 0.431481 0.074479 0.431481 0.079167 0.439815 0.079687 0.439815 0.084896 0.449074 0.085417 0.449074 0.090104 0.457407 0.090625 0.457407 0.094792 0.464815 0.095312 0.464815 0.097396 0.468519 0.097917 0.468519 0.098958 0.470370 0.099479 0.470370 0.100000 0.471296 0.102083 0.471296 0.102604 0.470370 0.103125 0.470370 0.106250 0.464815 0.106771 0.464815 0.111458 0.456481 0.111979 0.456481 0.116667 0.448148 0.117188 0.448148 0.121875 0.439815 0.122396 0.439815 0.127083 0.431481 0.127604 0.431481 0.132812 0.422222 0.133333 0.422222 0.138021 0.413889 0.138542 0.413889 0.151042 0.391667 0.151042 0.390741 0.161458 0.372222 0.161458 0.371296 0.172396 0.351852 0.172396 0.350926 0.183333 0.331481 0.183333 0.330556 0.189583 0.319444 0.190104 0.319444 0.194271 0.312037 0.194792 0.312037 0.195833 0.310185 0.195833 0.308333 0.197917 0.304630 0.198437 0.304630 0.202083 0.298148 0.202604 0.298148 0.206771 0.290741 0.207292 0.290741 0.210938 0.284259 0.211458 0.284259 0.215625 0.276852 0.216146 0.276852 0.219792 0.270370 0.220312 0.270370 0.224479 0.262963 0.225000 0.262963 0.228646 0.256481 0.229167 0.256481 0.233333 0.249074 0.233854 0.249074 0.233854 0.246296 0.233333 0.245370 0.233333 0.244444 0.232292 0.242593 0.231771 0.242593 0.231250 0.241667 0.230208 0.241667 0.229687 0.242593 0.229167 0.242593 0.226042 0.248148 0.225521 0.248148 0.222396 0.253704 0.221875 0.253704 0.218750 0.259259 0.218229 0.259259 0.215104 0.264815 0.214583 0.264815 0.211458 0.270370 0.210938 0.270370 0.207292 0.276852 0.206771 0.276852 0.203646 0.282407 0.203125 0.282407 0.200000 0.287963 0.199479 0.287963 0.196354 0.293519 0.195833 0.293519 0.192708 0.299074 0.192188 0.299074 0.189062 0.304630 0.188542 0.304630 0.188021 0.305556 0.187500 0.304630 0.186458 0.304630 0.185938 0.303704 0.185417 0.303704 0.184896 0.302778 0.184375 0.302778 0.183333 0.300926 0.182812 0.300926 0.181771 0.299074 0.181250 0.299074 0.179167 0.295370 0.178646 0.295370 0.176563 0.291667 0.176042 0.291667 0.173437 0.287037 0.172917 0.287037 0.169271 0.280556 0.168750 0.280556 0.163542 0.271296 0.163021 0.271296 0.156771 0.260185 0.156250 0.260185 0.150000 0.249074 0.149479 0.249074 0.146354 0.243519 0.145833 0.243519 0.145313 0.242593 0.144792 0.242593 0.144271 0.241667
0 0.278906 0.302778 0.165104 0.218519 0.270313 0.193519 0.269792 0.194444 0.269271 0.194444 0.268750 0.195370 0.268229 0.195370 0.264583 0.201852 0.264062 0.201852 0.260417 0.208333 0.259896 0.208333 0.255729 0.215741 0.255208 0.215741 0.251563 0.222222 0.251042 0.222222 0.246875 0.229630 0.246354 0.229630 0.242708 0.236111 0.242188 0.236111 0.238021 0.243519 0.237500 0.243519 0.233854 0.250000 0.233333 0.250000 0.229167 0.257407 0.228646 0.257407 0.225000 0.263889 0.224479 0.263889 0.220312 0.271296 0.219792 0.271296 0.216146 0.277778 0.215625 0.277778 0.211458 0.285185 0.210938 0.285185 0.207292 0.291667 0.206771 0.291667 0.202604 0.299074 0.202083 0.299074 0.198437 0.305556 0.197917 0.305556 0.196354 0.308333 0.196354 0.313889 0.197396 0.315741 0.197396 0.316667 0.205208 0.330556 0.205729 0.330556 0.213542 0.344444 0.214062 0.344444 0.221354 0.357407 0.221875 0.357407 0.229687 0.371296 0.230208 0.371296 0.238021 0.385185 0.238542 0.385185 0.245833 0.398148 0.246354 0.398148 0.251563 0.407407 0.252083 0.407407 0.254167 0.411111 0.254688 0.411111 0.255208 0.412037 0.257812 0.412037 0.258333 0.411111 0.258854 0.411111 0.295833 0.345370 0.295833 0.344444 0.309375 0.320370 0.309375 0.319444 0.311458 0.315741 0.311458 0.314815 0.313021 0.312037 0.313021 0.311111 0.315104 0.307407 0.315104 0.306481 0.316667 0.303704 0.316667 0.302778 0.318750 0.299074 0.318750 0.298148 0.320833 0.294444 0.320833 0.293519 0.322396 0.290741 0.322396 0.289815 0.324479 0.286111 0.324479 0.285185 0.326042 0.282407 0.326042 0.281481 0.328125 0.277778 0.328125 0.276852 0.329688 0.274074 0.329688 0.273148 0.331771 0.269444 0.331771 0.268519 0.333333 0.265741 0.333333 0.264815 0.335417 0.261111 0.335417 0.260185 0.336979 0.257407 0.336979 0.256481 0.339062 0.252778 0.339062 0.251852 0.340625 0.249074 0.340625 0.248148 0.342708 0.244444 0.342708 0.243519 0.344792 0.239815 0.344792 0.238889 0.346354 0.236111 0.346354 0.235185 0.348438 0.231481 0.348438 0.230556 0.350000 0.227778 0.350000 0.226852 0.352083 0.223148 0.352083 0.222222 0.353646 0.219444 0.353646 0.218519 0.355729 0.214815 0.355729 0.213889 0.357292 0.211111 0.357292 0.210185 0.359375 0.206481 0.359375 0.205556 0.360938 0.202778 0.360938 0.200926 0.361458 0.200000 0.360938 0.199074 0.360938 0.198148 0.360417 0.197222 0.360417 0.196296 0.359896 0.195370 0.359375 0.195370 0.358854 0.194444 0.357292 0.194444 0.355729 0.197222 0.355208 0.197222 0.347917 0.210185 0.347917 0.211111 0.336979 0.230556 0.336458 0.230556 0.328646 0.244444 0.328125 0.244444 0.325000 0.250000 0.324479 0.250000 0.322396 0.253704 0.321875 0.253704 0.321354 0.254630 0.320833 0.254630 0.319792 0.256481 0.319271 0.256481 0.318750 0.257407 0.317188 0.257407 0.316667 0.258333 0.314583 0.258333 0.314063 0.257407 0.313021 0.257407 0.312500 0.256481 0.311979 0.256481 0.311458 0.255556 0.310937 0.255556 0.310417 0.254630 0.309896 0.254630 0.308333 0.251852 0.307812 0.251852 0.306250 0.249074 0.305729 0.249074 0.303125 0.244444 0.302604 0.244444 0.298958 0.237963 0.298438 0.237963 0.293229 0.228704 0.292708 0.228704 0.283333 0.212037 0.282813 0.212037 0.275000 0.198148 0.274479 0.198148 0.272917 0.195370 0.272396 0.195370 0.271875 0.194444 0.271354 0.194444 0.270833 0.193519
0 0.389844 0.312037 0.143229 0.220370 0.369271 0.201852 0.368750 0.202778 0.368229 0.202778 0.367708 0.203704 0.367708 0.204630 0.366146 0.207407 0.366146 0.208333 0.364583 0.211111 0.364583 0.212037 0.362500 0.215741 0.362500 0.216667 0.360938 0.219444 0.360938 0.220370 0.359375 0.223148 0.359375 0.224074 0.357292 0.227778 0.357292 0.228704 0.355729 0.231481 0.355729 0.232407 0.353646 0.236111 0.353646 0.237037 0.352083 0.239815 0.352083 0.240741 0.350521 0.243519 0.350521 0.244444 0.348438 0.248148 0.348438 0.249074 0.346875 0.251852 0.346875 0.252778 0.345313 0.255556 0.345313 0.256481 0.343229 0.260185 0.343229 0.261111 0.341667 0.263889 0.341667 0.264815 0.340104 0.267593 0.340104 0.268519 0.338021 0.272222 0.338021 0.273148 0.336458 0.275926 0.336458 0.276852 0.334896 0.279630 0.334896 0.280556 0.332813 0.284259 0.332813 0.285185 0.331250 0.287963 0.331250 0.288889 0.329688 0.291667 0.329688 0.292593 0.327604 0.296296 0.327604 0.297222 0.326042 0.300000 0.326042 0.300926 0.324479 0.303704 0.324479 0.304630 0.322396 0.308333 0.322396 0.309259 0.320833 0.312037 0.320833 0.312963 0.319271 0.315741 0.319271 0.316667 0.318229 0.318519 0.318229 0.322222 0.318750 0.323148 0.318750 0.324074 0.321354 0.328704 0.321354 0.329630 0.323958 0.334259 0.324479 0.334259 0.336458 0.355556 0.336979 0.355556 0.348958 0.376852 0.349479 0.376852 0.360938 0.397222 0.361458 0.397222 0.371354 0.414815 0.371875 0.414815 0.375000 0.420370 0.375521 0.420370 0.376042 0.421296 0.376563 0.421296 0.377083 0.422222 0.378125 0.422222 0.378646 0.421296 0.379167 0.421296 0.379688 0.420370 0.380208 0.420370 0.384375 0.412963 0.384896 0.412963 0.407813 0.372222 0.408333 0.372222 0.433333 0.327778 0.433333 0.326852 0.433854 0.325926 0.433854 0.325000 0.434375 0.324074 0.434375 0.323148 0.434896 0.322222 0.434896 0.321296 0.435417 0.320370 0.435417 0.318519 0.435937 0.317593 0.435937 0.316667 0.436458 0.315741 0.436458 0.313889 0.436979 0.312963 0.436979 0.312037 0.437500 0.311111 0.437500 0.310185 0.438021 0.309259 0.438021 0.307407 0.438542 0.306481 0.438542 0.305556 0.439063 0.304630 0.439063 0.303704 0.439583 0.302778 0.439583 0.300926 0.440104 0.300000 0.440104 0.299074 0.440625 0.298148 0.440625 0.296296 0.441146 0.295370 0.441146 0.294444 0.441667 0.293519 0.441667 0.292593 0.442188 0.291667 0.442188 0.289815 0.442708 0.288889 0.442708 0.287963 0.443229 0.287037 0.443229 0.285185 0.443750 0.284259 0.443750 0.283333 0.444271 0.282407 0.444271 0.281481 0.444792 0.280556 0.444792 0.278704 0.445312 0.277778 0.445312 0.276852 0.445833 0.275926 0.445833 0.275000 0.446354 0.274074 0.446354 0.272222 0.446875 0.271296 0.446875 0.270370 0.447396 0.269444 0.447396 0.267593 0.447917 0.266667 0.447917 0.265741 0.448437 0.264815 0.448437 0.263889 0.448958 0.262963 0.448958 0.261111 0.449479 0.260185 0.449479 0.259259 0.450000 0.258333 0.450000 0.257407 0.450521 0.256481 0.450521 0.254630 0.451042 0.253704 0.451042 0.252778 0.451562 0.251852 0.451562 0.250000 0.452083 0.249074 0.452083 0.248148 0.452604 0.247222 0.452604 0.246296 0.453125 0.245370 0.453125 0.243519 0.453646 0.242593 0.453646 0.241667 0.454167 0.240741 0.454167 0.238889 0.454688 0.237963 0.454688 0.237037 0.455208 0.236111 0.455208 0.235185 0.455729 0.234259 0.455729 0.232407 0.456250 0.231481 0.456250 0.230556 0.456771 0.229630 0.456771 0.228704 0.457292 0.227778 0.457292 0.225926 0.457813 0.225000 0.457813 0.224074 0.458333 0.223148 0.458333 0.221296 0.458854 0.220370 0.458854 0.219444 0.459375 0.218519 0.459375 0.217593 0.459896 0.216667 0.459896 0.214815 0.460417 0.213889 0.460417 0.212963 0.460938 0.212037 0.460938 0.211111 0.461458 0.210185 0.461458 0.206481 0.460938 0.205556 0.460938 0.204630 0.460417 0.203704 0.459896 0.203704 0.459375 0.202778 0.457292 0.202778 0.454688 0.207407 0.454167 0.207407 0.434896 0.241667 0.434375 0.241667 0.429167 0.250926 0.428646 0.250926 0.425521 0.256481 0.425000 0.256481 0.422917 0.260185 0.422396 0.260185 0.421354 0.262037 0.420833 0.262037 0.419792 0.263889 0.419271 0.263889 0.418750 0.264815 0.418229 0.264815 0.417708 0.265741 0.416146 0.265741 0.415625 0.266667 0.414583 0.266667 0.414062 0.265741 0.412500 0.265741 0.411979 0.264815 0.410938 0.264815 0.409896 0.262963 0.409375 0.262963 0.408333 0.261111 0.407813 0.261111 0.406250 0.258333 0.405729 0.258333 0.403646 0.254630 0.403125 0.254630 0.398958 0.247222 0.398438 0.247222 0.391667 0.235185 0.391146 0.235185 0.376042 0.208333 0.375521 0.208333 0.372917 0.203704 0.372396 0.203704 0.371354 0.201852
0 0.501302 0.319907 0.122396 0.225000 0.468229 0.207407 0.466667 0.210185 0.466667 0.212037 0.466146 0.212963 0.466146 0.213889 0.465625 0.214815 0.465625 0.216667 0.465104 0.217593 0.465104 0.218519 0.464583 0.219444 0.464583 0.221296 0.464062 0.222222 0.464062 0.223148 0.463542 0.224074 0.463542 0.225926 0.463021 0.226852 0.463021 0.227778 0.462500 0.228704 0.462500 0.230556 0.461979 0.231481 0.461979 0.232407 0.461458 0.233333 0.461458 0.235185 0.460938 0.236111 0.460938 0.237037 0.460417 0.237963 0.460417 0.239815 0.459896 0.240741 0.459896 0.241667 0.459375 0.242593 0.459375 0.244444 0.458854 0.245370 0.458854 0.246296 0.458333 0.247222 0.458333 0.249074 0.457813 0.250000 0.457813 0.250926 0.457292 0.251852 0.457292 0.253704 0.456771 0.254630 0.456771 0.255556 0.456250 0.256481 0.456250 0.258333 0.455729 0.259259 0.455729 0.260185 0.455208 0.261111 0.455208 0.262963 0.454688 0.263889 0.454688 0.265741 0.454167 0.266667 0.454167 0.267593 0.453646 0.268519 0.453646 0.270370 0.453125 0.271296 0.453125 0.272222 0.452604 0.273148 0.452604 0.275000 0.452083 0.275926 0.452083 0.276852 0.451562 0.277778 0.451562 0.279630 0.451042 0.280556 0.451042 0.281481 0.450521 0.282407 0.450521 0.284259 0.450000 0.285185 0.450000 0.286111 0.449479 0.287037 0.449479 0.288889 0.448958 0.289815 0.448958 0.290741 0.448437 0.291667 0.448437 0.293519 0.447917 0.294444 0.447917 0.295370 0.447396 0.296296 0.447396 0.298148 0.446875 0.299074 0.446875 0.300000 0.446354 0.300926 0.446354 0.302778 0.445833 0.303704 0.445833 0.304630 0.445312 0.305556 0.445312 0.307407 0.444792 0.308333 0.444792 0.309259 0.444271 0.310185 0.444271 0.312037 0.443750 0.312963 0.443750 0.313889 0.443229 0.314815 0.443229 0.316667 0.442708 0.317593 0.442708 0.318519 0.442188 0.319444 0.442188 0.321296 0.441667 0.322222 0.441667 0.323148 0.441146 0.324074 0.441146 0.325926 0.440625 0.326852 0.440625 0.327778 0.440104 0.328704 0.440104 0.330556 0.440625 0.331481 0.440625 0.332407 0.441146 0.333333 0.441146 0.334259 0.443750 0.338889 0.443750 0.339815 0.448958 0.349074 0.449479 0.349074 0.471875 0.388889 0.472396 0.388889 0.492188 0.424074 0.492708 0.424074 0.496354 0.430556 0.496875 0.430556 0.497917 0.432407 0.500521 0.432407 0.501042 0.431481 0.501563 0.431481 0.502604 0.429630 0.503125 0.429630 0.507292 0.422222 0.507812 0.422222 0.516667 0.406481 0.517188 0.406481 0.526563 0.389815 0.527083 0.389815 0.536458 0.373148 0.536979 0.373148 0.546354 0.356481 0.546875 0.356481 0.557813 0.337037 0.557813 0.336111 0.558854 0.334259 0.558854 0.322222 0.559375 0.321296 0.559375 0.304630 0.559896 0.303704 0.559896 0.287037 0.560417 0.286111 0.560417 0.269444 0.560937 0.268519 0.560937 0.252778 0.561458 0.251852 0.561458 0.235185 0.561979 0.234259 0.561979 0.217593 0.562500 0.216667 0.562500 0.212963 0.561979 0.212037 0.561979 0.211111 0.561458 0.210185 0.561458 0.209259 0.560937 0.209259 0.560417 0.208333 0.559896 0.208333 0.559375 0.207407 0.558854 0.208333 0.558333 0.208333 0.557813 0.209259 0.557292 0.209259 0.553125 0.216667 0.552604 0.216667 0.540625 0.237963 0.540104 0.237963 0.533854 0.249074 0.533333 0.249074 0.529167 0.256481 0.528646 0.256481 0.525521 0.262037 0.525000 0.262037 0.523438 0.264815 0.522917 0.264815 0.521354 0.267593 0.520833 0.267593 0.519792 0.269444 0.519271 0.269444 0.518750 0.270370 0.518229 0.270370 0.517708 0.271296 0.516667 0.271296 0.516146 0.272222 0.511979 0.272222 0.511458 0.271296 0.510938 0.271296 0.510417 0.270370 0.509896 0.270370 0.509375 0.269444 0.508854 0.269444 0.507812 0.267593 0.507292 0.267593 0.505729 0.264815 0.505208 0.264815 0.502604 0.260185 0.502083 0.260185 0.497396 0.251852 0.496875 0.251852 0.476562 0.215741 0.476042 0.215741 0.471875 0.208333 0.471354 0.208333 0.470833 0.207407
0 0.624740 0.323611 0.121354 0.232407 0.569792 0.207407 0.569271 0.208333 0.568229 0.208333 0.567187 0.210185 0.567187 0.213889 0.566667 0.214815 0.566667 0.237963 0.566146 0.238889 0.566146 0.261111 0.565625 0.262037 0.565625 0.284259 0.565104 0.285185 0.565104 0.308333 0.564583 0.309259 0.564583 0.331481 0.564063 0.332407 0.564063 0.335185 0.564583 0.336111 0.564583 0.337963 0.565625 0.339815 0.565625 0.340741 0.619271 0.436111 0.619792 0.436111 0.621354 0.438889 0.622396 0.438889 0.622917 0.439815 0.623437 0.438889 0.624479 0.438889 0.625000 0.437963 0.625521 0.437963 0.626563 0.436111 0.627083 0.436111 0.630208 0.430556 0.630729 0.430556 0.635938 0.421296 0.636458 0.421296 0.642188 0.411111 0.642708 0.411111 0.648438 0.400926 0.648958 0.400926 0.654687 0.390741 0.655208 0.390741 0.660417 0.381481 0.660937 0.381481 0.666667 0.371296 0.667188 0.371296 0.672917 0.361111 0.673438 0.361111 0.679688 0.350000 0.680208 0.350000 0.683854 0.343519 0.683854 0.342593 0.685417 0.339815 0.685417 0.335185 0.684896 0.334259 0.684896 0.331481 0.684375 0.330556 0.684375 0.328704 0.683854 0.327778 0.683854 0.325926 0.683333 0.325000 0.683333 0.323148 0.682813 0.322222 0.682813 0.319444 0.682292 0.318519 0.682292 0.316667 0.681771 0.315741 0.681771 0.313889 0.681250 0.312963 0.681250 0.311111 0.680729 0.310185 0.680729 0.307407 0.680208 0.306481 0.680208 0.304630 0.679688 0.303704 0.679688 0.301852 0.679167 0.300926 0.679167 0.298148 0.678646 0.297222 0.678646 0.295370 0.678125 0.294444 0.678125 0.292593 0.677604 0.291667 0.677604 0.289815 0.677083 0.288889 0.677083 0.286111 0.676562 0.285185 0.676562 0.283333 0.676042 0.282407 0.676042 0.280556 0.675521 0.279630 0.675521 0.276852 0.675000 0.275926 0.675000 0.274074 0.674479 0.273148 0.674479 0.271296 0.673958 0.270370 0.673958 0.268519 0.673438 0.267593 0.673438 0.264815 0.672917 0.263889 0.672917 0.262037 0.672396 0.261111 0.672396 0.259259 0.671875 0.258333 0.671875 0.256481 0.671354 0.255556 0.671354 0.252778 0.670833 0.251852 0.670833 0.250000 0.670312 0.249074 0.670312 0.247222 0.669792 0.246296 0.669792 0.243519 0.669271 0.242593 0.669271 0.240741 0.668750 0.239815 0.668750 0.237963 0.668229 0.237037 0.668229 0.235185 0.667708 0.234259 0.667708 0.231481 0.667188 0.230556 0.667188 0.228704 0.666667 0.227778 0.666667 0.225926 0.666146 0.225000 0.666146 0.223148 0.665625 0.222222 0.665625 0.219444 0.665104 0.218519 0.665104 0.216667 0.664583 0.215741 0.664583 0.213889 0.664062 0.212963 0.664062 0.212037 0.663542 0.211111 0.663542 0.210185 0.663021 0.209259 0.662500 0.209259 0.661979 0.208333 0.660937 0.208333 0.660417 0.209259 0.659896 0.209259 0.658333 0.212037 0.657813 0.212037 0.651042 0.224074 0.650521 0.224074 0.643229 0.237037 0.642708 0.237037 0.637500 0.246296 0.636979 0.246296 0.632812 0.253704 0.632292 0.253704 0.629167 0.259259 0.628646 0.259259 0.626563 0.262963 0.626042 0.262963 0.623958 0.266667 0.623437 0.266667 0.622396 0.268519 0.621875 0.268519 0.620833 0.270370 0.620313 0.270370 0.619271 0.272222 0.618229 0.272222 0.617708 0.273148 0.617188 0.273148 0.616667 0.274074 0.613021 0.274074 0.612500 0.273148 0.611458 0.273148 0.610938 0.272222 0.610417 0.272222 0.609896 0.271296 0.609375 0.271296 0.608333 0.269444 0.607812 0.269444 0.606250 0.266667 0.605729 0.266667 0.602604 0.261111 0.602083 0.261111 0.596354 0.250926 0.595833 0.250926 0.572396 0.209259 0.571875 0.209259 0.571354 0.208333 0.570833 0.208333 0.570312 0.207407
0 0.286198 0.566204 0.071354 0.100926 0.316667 0.515741 0.316146 0.516667 0.314583 0.516667 0.314063 0.517593 0.313542 0.517593 0.313021 0.518519 0.312500 0.518519 0.311979 0.519444 0.311458 0.519444 0.310937 0.520370 0.310417 0.520370 0.308854 0.523148 0.308333 0.523148 0.306771 0.525926 0.306250 0.525926 0.304167 0.529630 0.303646 0.529630 0.300000 0.536111 0.299479 0.536111 0.293750 0.546296 0.293229 0.546296 0.280208 0.569444 0.279687 0.569444 0.269792 0.587037 0.269271 0.587037 0.268229 0.588889 0.266146 0.588889 0.263021 0.583333 0.263021 0.579630 0.263542 0.578704 0.263542 0.577778 0.264583 0.575926 0.264583 0.575000 0.265625 0.573148 0.265625 0.572222 0.266146 0.571296 0.266146 0.570370 0.267188 0.568519 0.267188 0.567593 0.268229 0.565741 0.264583 0.572222 0.264062 0.572222 0.260937 0.577778 0.260417 0.577778 0.259896 0.578704 0.258333 0.578704 0.257292 0.580556 0.257292 0.581481 0.256250 0.583333 0.256250 0.584259 0.255208 0.586111 0.255208 0.587037 0.254167 0.588889 0.254167 0.589815 0.253646 0.590741 0.253646 0.591667 0.252604 0.593519 0.252604 0.594444 0.251563 0.596296 0.251563 0.597222 0.250521 0.599074 0.250521 0.600000 0.254167 0.606481 0.254688 0.606481 0.259375 0.614815 0.259896 0.614815 0.260937 0.616667 0.268750 0.616667 0.279167 0.598148 0.279687 0.598148 0.295833 0.569444 0.296354 0.569444 0.313021 0.539815 0.313542 0.539815 0.314583 0.537963 0.314583 0.537037 0.317708 0.531481 0.317708 0.530556 0.318229 0.529630 0.318229 0.528704 0.318750 0.527778 0.318750 0.526852 0.319271 0.525926 0.319271 0.525000 0.319792 0.524074 0.319792 0.523148 0.320312 0.522222 0.320312 0.521296 0.321354 0.519444 0.321354 0.518519 0.321875 0.517593 0.321354 0.517593 0.320833 0.516667 0.319271 0.516667 0.318750 0.515741
0 0.380208 0.570370 0.109375 0.096296 0.326042 0.522222 0.326042 0.523148 0.325521 0.524074 0.325521 0.527778 0.326042 0.528704 0.326042 0.529630 0.328125 0.533333 0.328125 0.534259 0.329167 0.536111 0.329688 0.536111 0.338542 0.551852 0.339062 0.551852 0.346354 0.564815 0.346875 0.564815 0.354687 0.578704 0.355208 0.578704 0.363021 0.592593 0.363542 0.592593 0.370833 0.605556 0.371354 0.605556 0.377604 0.616667 0.378125 0.616667 0.378646 0.617593 0.385937 0.617593 0.386458 0.618519 0.389583 0.612963 0.390104 0.612963 0.400000 0.595370 0.400521 0.595370 0.410938 0.576852 0.411458 0.576852 0.421875 0.558333 0.422396 0.558333 0.434896 0.536111 0.433854 0.536111 0.433333 0.537037 0.432812 0.537037 0.432292 0.537963 0.431771 0.537963 0.431250 0.538889 0.430729 0.538889 0.430208 0.539815 0.429688 0.539815 0.428646 0.541667 0.428125 0.541667 0.427083 0.543519 0.426563 0.543519 0.425000 0.546296 0.424479 0.546296 0.422396 0.550000 0.421875 0.550000 0.418750 0.555556 0.418229 0.555556 0.414583 0.562037 0.414062 0.562037 0.409375 0.570370 0.408854 0.570370 0.402604 0.581481 0.402083 0.581481 0.392708 0.598148 0.392188 0.598148 0.386979 0.607407 0.386458 0.607407 0.385417 0.609259 0.384896 0.609259 0.384375 0.610185 0.383333 0.610185 0.382812 0.609259 0.382292 0.609259 0.380208 0.605556 0.380208 0.604630 0.379688 0.603704 0.379688 0.600926 0.380208 0.600000 0.380208 0.598148 0.380729 0.597222 0.380729 0.596296 0.381250 0.595370 0.381250 0.593519 0.381771 0.592593 0.381771 0.591667 0.382292 0.590741 0.382292 0.588889 0.382812 0.587963 0.382812 0.587037 0.383333 0.586111 0.383333 0.584259 0.383854 0.583333 0.383854 0.582407 0.384375 0.581481 0.384375 0.579630 0.384896 0.578704 0.384896 0.577778 0.385417 0.576852 0.384375 0.578704 0.383854 0.578704 0.381771 0.582407 0.381250 0.582407 0.380729 0.583333 0.380208 0.583333 0.379688 0.584259 0.378646 0.584259 0.378125 0.583333 0.377604 0.583333 0.377083 0.582407 0.376563 0.582407 0.376563 0.583333 0.376042 0.584259 0.376042 0.586111 0.375521 0.587037 0.375521 0.587963 0.374479 0.589815 0.373958 0.589815 0.373437 0.590741 0.370833 0.590741 0.370312 0.589815 0.369792 0.589815 0.368750 0.587963 0.368229 0.587963 0.366146 0.584259 0.365625 0.584259 0.358854 0.572222 0.358333 0.572222 0.351562 0.560185 0.351042 0.560185 0.345313 0.550000 0.344792 0.550000 0.340104 0.541667 0.339583 0.541667 0.336458 0.536111 0.335938 0.536111 0.333333 0.531481 0.332813 0.531481 0.330729 0.527778 0.330208 0.527778 0.328125 0.524074 0.327604 0.524074 0.326562 0.522222
0 0.505990 0.578241 0.102604 0.093519 0.556771 0.531481 0.556250 0.532407 0.555729 0.532407 0.555208 0.533333 0.554688 0.533333 0.554167 0.534259 0.553646 0.534259 0.552604 0.536111 0.552083 0.536111 0.551042 0.537963 0.550521 0.537963 0.548958 0.540741 0.548438 0.540741 0.546354 0.544444 0.545833 0.544444 0.543750 0.548148 0.543229 0.548148 0.540104 0.553704 0.539583 0.553704 0.536458 0.559259 0.535937 0.559259 0.532292 0.565741 0.531771 0.565741 0.527083 0.574074 0.526563 0.574074 0.521354 0.583333 0.520833 0.583333 0.515104 0.593519 0.514583 0.593519 0.510417 0.600926 0.509896 0.600926 0.508854 0.602778 0.508333 0.602778 0.507812 0.603704 0.506771 0.603704 0.506250 0.602778 0.505729 0.602778 0.503646 0.599074 0.503646 0.598148 0.503125 0.598148 0.502083 0.600000 0.501563 0.600000 0.500000 0.602778 0.498958 0.602778 0.498437 0.603704 0.497396 0.603704 0.496875 0.602778 0.496354 0.602778 0.495833 0.601852 0.495833 0.603704 0.495312 0.604630 0.495312 0.607407 0.494792 0.608333 0.494792 0.609259 0.493750 0.611111 0.493229 0.611111 0.492708 0.612037 0.490104 0.612037 0.489583 0.611111 0.489063 0.611111 0.488021 0.609259 0.487500 0.609259 0.484375 0.603704 0.483854 0.603704 0.473958 0.586111 0.473438 0.586111 0.465104 0.571296 0.464583 0.571296 0.459375 0.562037 0.470313 0.581481 0.470833 0.581481 0.482292 0.601852 0.482812 0.601852 0.493229 0.620370 0.493750 0.620370 0.496354 0.625000 0.504167 0.625000 0.504687 0.624074 0.505208 0.624074 0.509896 0.615741 0.510417 0.615741 0.516667 0.604630 0.517188 0.604630 0.522917 0.594444 0.523438 0.594444 0.529687 0.583333 0.530208 0.583333 0.535937 0.573148 0.536458 0.573148 0.542708 0.562037 0.543229 0.562037 0.549479 0.550926 0.550000 0.550926 0.556250 0.539815 0.556250 0.538889 0.556771 0.537963 0.556771 0.537037 0.557292 0.536111 0.557292 0.531481
0 0.620313 0.578241 0.115625 0.121296 0.675000 0.517593 0.673958 0.519444 0.673438 0.519444 0.672396 0.521296 0.671875 0.521296 0.670312 0.524074 0.669792 0.524074 0.668229 0.526852 0.667708 0.526852 0.665625 0.530556 0.665104 0.530556 0.663021 0.534259 0.662500 0.534259 0.658333 0.541667 0.657813 0.541667 0.653646 0.549074 0.653125 0.549074 0.648438 0.557407 0.647917 0.557407 0.643750 0.564815 0.643229 0.564815 0.638542 0.573148 0.638021 0.573148 0.633854 0.580556 0.633333 0.580556 0.629167 0.587963 0.628646 0.587963 0.625521 0.593519 0.625000 0.593519 0.622917 0.597222 0.622396 0.597222 0.621875 0.598148 0.618750 0.598148 0.618750 0.600926 0.618229 0.601852 0.618229 0.602778 0.616667 0.605556 0.615625 0.605556 0.615104 0.606481 0.614583 0.606481 0.614062 0.605556 0.613021 0.605556 0.612500 0.604630 0.611979 0.604630 0.609896 0.600926 0.609375 0.600926 0.595313 0.575926 0.594792 0.575926 0.584896 0.558333 0.584375 0.558333 0.579167 0.549074 0.578646 0.549074 0.575521 0.543519 0.575000 0.543519 0.572396 0.538889 0.571875 0.538889 0.570312 0.536111 0.569792 0.536111 0.568750 0.534259 0.568229 0.534259 0.567708 0.533333 0.567187 0.533333 0.566146 0.531481 0.565104 0.531481 0.564583 0.530556 0.563542 0.530556 0.563021 0.529630 0.563021 0.530556 0.562500 0.531481 0.562500 0.542593 0.563021 0.543519 0.563021 0.544444 0.564583 0.547222 0.564583 0.548148 0.573438 0.563889 0.573958 0.563889 0.594271 0.600000 0.594792 0.600000 0.612500 0.631481 0.613021 0.631481 0.616146 0.637037 0.616667 0.637037 0.617188 0.637963 0.617708 0.637963 0.618229 0.638889 0.619271 0.638889 0.619792 0.637963 0.620313 0.637963 0.620833 0.637037 0.621354 0.637037 0.622396 0.635185 0.622917 0.635185 0.626042 0.629630 0.626563 0.629630 0.630208 0.623148 0.630729 0.623148 0.634896 0.615741 0.635417 0.615741 0.639583 0.608333 0.640104 0.608333 0.644271 0.600926 0.644792 0.600926 0.648958 0.593519 0.649479 0.593519 0.653646 0.586111 0.654167 0.586111 0.658333 0.578704 0.658854 0.578704 0.663021 0.571296 0.663542 0.571296 0.667708 0.563889 0.668229 0.563889 0.672396 0.556481 0.672917 0.556481 0.677604 0.548148 0.677604 0.547222 0.678125 0.546296 0.678125 0.541667 0.677604 0.540741 0.677604 0.537037 0.677083 0.536111 0.677083 0.532407 0.676562 0.531481 0.676562 0.527778 0.676042 0.526852 0.676042 0.523148 0.675521 0.522222 0.675521 0.519444 0.675000 0.518519
0 0.722656 0.575463 0.077604 0.126852 0.683854 0.512037 0.683854 0.514815 0.684375 0.515741 0.684375 0.519444 0.684896 0.520370 0.684896 0.523148 0.685417 0.524074 0.685417 0.526852 0.685937 0.527778 0.685937 0.530556 0.686458 0.531481 0.686458 0.535185 0.686979 0.536111 0.686979 0.538889 0.687500 0.539815 0.687500 0.542593 0.688021 0.543519 0.688021 0.546296 0.688542 0.547222 0.688542 0.548148 0.690104 0.550926 0.690104 0.551852 0.734375 0.630556 0.734896 0.630556 0.739062 0.637963 0.745833 0.637963 0.746354 0.638889 0.746875 0.638889 0.747917 0.637037 0.748437 0.637037 0.751563 0.631481 0.752083 0.631481 0.755208 0.625926 0.755729 0.625926 0.759375 0.619444 0.759896 0.619444 0.761458 0.616667 0.760417 0.618519 0.759896 0.618519 0.759375 0.619444 0.758854 0.619444 0.758333 0.620370 0.757812 0.620370 0.757292 0.619444 0.756250 0.619444 0.755208 0.617593 0.754687 0.617593 0.737500 0.587037 0.733854 0.587037 0.732812 0.585185 0.732292 0.585185 0.730208 0.581481 0.729688 0.581481 0.704688 0.537037 0.704167 0.537037 0.698958 0.527778 0.698438 0.527778 0.695312 0.522222 0.694792 0.522222 0.693229 0.519444 0.692708 0.519444 0.691146 0.516667 0.690625 0.516667 0.690104 0.515741 0.689583 0.515741 0.688542 0.513889 0.688021 0.513889 0.687500 0.512963 0.686458 0.512963 0.685937 0.512037
0 0.197396 0.539352 0.120833 0.126852 0.193750 0.475926 0.193750 0.476852 0.190104 0.483333 0.190104 0.484259 0.185938 0.491667 0.185938 0.492593 0.182292 0.499074 0.182292 0.500000 0.178125 0.507407 0.178125 0.508333 0.174479 0.514815 0.174479 0.515741 0.170313 0.523148 0.170313 0.524074 0.166667 0.530556 0.166667 0.531481 0.162500 0.538889 0.162500 0.539815 0.158854 0.546296 0.158854 0.547222 0.154688 0.554630 0.154688 0.555556 0.151042 0.562037 0.151042 0.562963 0.146875 0.570370 0.146875 0.571296 0.143229 0.577778 0.143229 0.578704 0.139583 0.585185 0.139583 0.586111 0.137500 0.589815 0.137500 0.590741 0.136979 0.591667 0.136979 0.596296 0.139063 0.600000 0.140104 0.600000 0.140625 0.600926 0.141146 0.600926 0.141667 0.600000 0.142187 0.600000 0.145313 0.594444 0.145833 0.594444 0.148438 0.589815 0.148438 0.588889 0.165625 0.558333 0.166146 0.558333 0.173958 0.544444 0.174479 0.544444 0.178125 0.537963 0.178646 0.537963 0.180729 0.534259 0.181250 0.534259 0.182812 0.531481 0.183333 0.531481 0.184375 0.529630 0.184896 0.529630 0.185417 0.528704 0.185938 0.528704 0.186458 0.527778 0.187500 0.527778 0.188021 0.526852 0.189583 0.526852 0.190104 0.525926 0.190625 0.525926 0.191146 0.526852 0.193229 0.526852 0.193750 0.527778 0.194792 0.527778 0.195312 0.528704 0.195833 0.528704 0.196354 0.529630 0.196875 0.529630 0.197396 0.530556 0.197917 0.530556 0.198958 0.532407 0.199479 0.532407 0.200521 0.534259 0.201042 0.534259 0.203125 0.537963 0.203646 0.537963 0.205208 0.540741 0.205729 0.540741 0.207813 0.544444 0.208333 0.544444 0.211458 0.550000 0.211979 0.550000 0.215104 0.555556 0.215625 0.555556 0.219271 0.562037 0.219792 0.562037 0.223958 0.569444 0.224479 0.569444 0.229687 0.578704 0.230208 0.578704 0.235937 0.588889 0.236458 0.588889 0.240625 0.596296 0.241146 0.596296 0.243229 0.600000 0.243750 0.600000 0.244792 0.601852 0.245833 0.601852 0.246354 0.602778 0.247917 0.602778 0.248438 0.601852 0.248958 0.601852 0.250000 0.600000 0.250000 0.599074 0.251042 0.597222 0.251042 0.596296 0.252083 0.594444 0.252083 0.593519 0.253125 0.591667 0.253125 0.590741 0.253646 0.589815 0.253646 0.588889 0.254688 0.587037 0.254688 0.586111 0.255729 0.584259 0.255729 0.583333 0.256771 0.581481 0.256771 0.580556 0.257812 0.578704 0.257292 0.578704 0.256771 0.577778 0.256250 0.577778 0.254688 0.575000 0.254167 0.575000 0.250521 0.568519 0.250000 0.568519 0.244271 0.558333 0.243750 0.558333 0.238021 0.548148 0.237500 0.548148 0.231771 0.537963 0.231250 0.537963 0.225000 0.526852 0.224479 0.526852 0.218750 0.516667 0.218229 0.516667 0.212500 0.506481 0.211979 0.506481 0.205729 0.495370 0.205208 0.495370 0.199479 0.485185 0.199479 0.484259 0.198437 0.482407 0.198437 0.480556 0.197396 0.478704 0.196875 0.478704 0.195833 0.476852 0.195312 0.476852 0.194792 0.475926
0 0.319792 0.530556 0.112500 0.118519 0.317708 0.471296 0.317188 0.472222 0.317188 0.473148 0.316146 0.475000 0.316146 0.475926 0.315625 0.476852 0.315625 0.477778 0.314583 0.479630 0.314583 0.480556 0.314063 0.481481 0.314063 0.482407 0.313021 0.484259 0.313021 0.485185 0.312500 0.486111 0.312500 0.487037 0.308333 0.494444 0.308333 0.495370 0.305208 0.500926 0.304688 0.500926 0.268750 0.564815 0.268750 0.565741 0.267708 0.567593 0.267708 0.568519 0.266667 0.570370 0.266667 0.571296 0.266146 0.572222 0.266146 0.573148 0.265104 0.575000 0.265104 0.575926 0.264062 0.577778 0.264062 0.578704 0.263542 0.579630 0.263542 0.583333 0.266146 0.587963 0.268229 0.587963 0.269271 0.586111 0.269792 0.586111 0.279687 0.568519 0.280208 0.568519 0.293229 0.545370 0.293750 0.545370 0.299479 0.535185 0.300000 0.535185 0.303646 0.528704 0.304167 0.528704 0.306250 0.525000 0.306771 0.525000 0.308333 0.522222 0.308854 0.522222 0.310417 0.519444 0.310937 0.519444 0.311458 0.518519 0.311979 0.518519 0.312500 0.517593 0.313021 0.517593 0.313542 0.516667 0.314063 0.516667 0.314583 0.515741 0.316146 0.515741 0.316667 0.514815 0.318750 0.514815 0.319271 0.515741 0.320833 0.515741 0.321354 0.516667 0.322396 0.516667 0.323437 0.518519 0.323958 0.518519 0.324479 0.519444 0.325000 0.519444 0.326042 0.521296 0.326562 0.521296 0.327604 0.523148 0.328125 0.523148 0.330208 0.526852 0.330729 0.526852 0.332813 0.530556 0.333333 0.530556 0.335938 0.535185 0.336458 0.535185 0.339583 0.540741 0.340104 0.540741 0.344792 0.549074 0.345313 0.549074 0.351042 0.559259 0.351562 0.559259 0.358333 0.571296 0.358854 0.571296 0.365625 0.583333 0.366146 0.583333 0.368229 0.587037 0.368750 0.587037 0.369792 0.588889 0.370312 0.588889 0.370833 0.589815 0.373437 0.589815 0.373958 0.588889 0.374479 0.588889 0.375000 0.587963 0.375000 0.587037 0.375521 0.586111 0.375521 0.584259 0.376042 0.583333 0.376042 0.581481 0.374479 0.578704 0.373958 0.578704 0.367708 0.567593 0.367188 0.567593 0.358854 0.552778 0.358333 0.552778 0.350000 0.537963 0.349479 0.537963 0.341667 0.524074 0.341146 0.524074 0.332813 0.509259 0.332292 0.509259 0.320833 0.488889 0.320833 0.487963 0.320312 0.487037 0.320312 0.482407 0.321354 0.480556 0.321354 0.479630 0.321875 0.478704 0.321875 0.477778 0.322396 0.476852 0.322396 0.475926 0.321875 0.475000 0.321354 0.475000 0.320833 0.474074 0.320312 0.474074 0.319271 0.472222 0.318229 0.472222
0 0.437760 0.540741 0.115104 0.140741 0.439063 0.470370 0.438542 0.471296 0.438542 0.473148 0.438021 0.474074 0.438021 0.475926 0.437500 0.476852 0.437500 0.478704 0.436979 0.479630 0.436979 0.481481 0.436458 0.482407 0.436458 0.485185 0.435937 0.486111 0.435937 0.487963 0.435417 0.488889 0.435417 0.489815 0.434896 0.490741 0.434896 0.491667 0.432812 0.495370 0.432812 0.496296 0.429688 0.501852 0.429167 0.501852 0.417187 0.523148 0.416667 0.523148 0.405208 0.543519 0.404687 0.543519 0.393229 0.563889 0.392708 0.563889 0.385937 0.575926 0.385937 0.576852 0.385417 0.577778 0.385417 0.578704 0.384896 0.579630 0.384896 0.581481 0.384375 0.582407 0.384375 0.583333 0.383854 0.584259 0.383854 0.586111 0.383333 0.587037 0.383333 0.587963 0.382812 0.588889 0.382812 0.590741 0.382292 0.591667 0.382292 0.592593 0.381771 0.593519 0.381771 0.595370 0.381250 0.596296 0.381250 0.597222 0.380729 0.598148 0.380729 0.600000 0.380208 0.600926 0.380208 0.603704 0.380729 0.604630 0.380729 0.605556 0.382292 0.608333 0.382812 0.608333 0.383333 0.609259 0.384375 0.609259 0.384896 0.608333 0.385417 0.608333 0.386458 0.606481 0.386979 0.606481 0.392188 0.597222 0.392708 0.597222 0.402083 0.580556 0.402604 0.580556 0.408854 0.569444 0.409375 0.569444 0.414062 0.561111 0.414583 0.561111 0.418229 0.554630 0.418750 0.554630 0.421875 0.549074 0.422396 0.549074 0.424479 0.545370 0.425000 0.545370 0.426563 0.542593 0.427083 0.542593 0.428125 0.540741 0.428646 0.540741 0.429688 0.538889 0.430208 0.538889 0.430729 0.537963 0.431250 0.537963 0.431771 0.537037 0.432292 0.537037 0.432812 0.536111 0.433333 0.536111 0.433854 0.535185 0.435937 0.535185 0.436458 0.534259 0.436979 0.534259 0.437500 0.535185 0.439583 0.535185 0.440104 0.536111 0.441146 0.536111 0.441667 0.537037 0.442188 0.537037 0.443229 0.538889 0.443750 0.538889 0.444271 0.539815 0.444792 0.539815 0.446354 0.542593 0.446875 0.542593 0.448437 0.545370 0.448958 0.545370 0.451042 0.549074 0.451562 0.549074 0.454167 0.553704 0.454688 0.553704 0.458854 0.561111 0.459375 0.561111 0.464583 0.570370 0.465104 0.570370 0.473438 0.585185 0.473958 0.585185 0.483854 0.602778 0.484375 0.602778 0.487500 0.608333 0.488021 0.608333 0.489063 0.610185 0.489583 0.610185 0.490104 0.611111 0.492708 0.611111 0.493229 0.610185 0.493750 0.610185 0.494271 0.609259 0.494271 0.608333 0.494792 0.607407 0.494792 0.604630 0.495312 0.603704 0.495312 0.601852 0.491667 0.595370 0.491146 0.595370 0.480208 0.575926 0.479687 0.575926 0.467187 0.553704 0.466667 0.553704 0.454167 0.531481 0.453646 0.531481 0.440104 0.507407 0.440104 0.506481 0.439063 0.504630 0.439063 0.500000 0.439583 0.499074 0.439583 0.497222 0.440104 0.496296 0.440104 0.494444 0.440625 0.493519 0.440625 0.491667 0.441146 0.490741 0.441146 0.487963 0.441667 0.487037 0.441667 0.485185 0.442188 0.484259 0.442188 0.482407 0.442708 0.481481 0.442708 0.479630 0.443229 0.478704 0.443229 0.476852 0.443750 0.475926 0.443750 0.473148 0.443229 0.472222 0.442188 0.472222 0.441667 0.471296 0.440625 0.471296 0.440104 0.470370
0 0.560937 0.536111 0.114583 0.138889 0.562500 0.466667 0.561979 0.467593 0.559375 0.467593 0.558854 0.468519 0.558333 0.468519 0.558333 0.479630 0.557813 0.480556 0.557813 0.499074 0.557292 0.500000 0.557292 0.507407 0.556771 0.508333 0.556771 0.509259 0.545833 0.528704 0.545312 0.528704 0.539062 0.539815 0.538542 0.539815 0.532813 0.550000 0.532292 0.550000 0.526042 0.561111 0.525521 0.561111 0.519271 0.572222 0.518750 0.572222 0.512500 0.583333 0.511979 0.583333 0.505729 0.594444 0.505208 0.594444 0.503646 0.597222 0.504167 0.598148 0.504167 0.599074 0.505729 0.601852 0.506250 0.601852 0.506771 0.602778 0.507812 0.602778 0.508333 0.601852 0.508854 0.601852 0.509896 0.600000 0.510417 0.600000 0.514583 0.592593 0.515104 0.592593 0.520833 0.582407 0.521354 0.582407 0.526563 0.573148 0.527083 0.573148 0.531771 0.564815 0.532292 0.564815 0.535937 0.558333 0.536458 0.558333 0.539583 0.552778 0.540104 0.552778 0.543229 0.547222 0.543750 0.547222 0.545833 0.543519 0.546354 0.543519 0.548438 0.539815 0.548958 0.539815 0.550521 0.537037 0.551042 0.537037 0.552083 0.535185 0.552604 0.535185 0.553646 0.533333 0.554167 0.533333 0.554688 0.532407 0.555208 0.532407 0.555729 0.531481 0.556250 0.531481 0.556771 0.530556 0.557292 0.530556 0.557813 0.529630 0.558854 0.529630 0.559375 0.528704 0.563021 0.528704 0.563542 0.529630 0.564583 0.529630 0.565104 0.530556 0.566146 0.530556 0.567187 0.532407 0.567708 0.532407 0.568229 0.533333 0.568750 0.533333 0.569792 0.535185 0.570312 0.535185 0.571875 0.537963 0.572396 0.537963 0.575000 0.542593 0.575521 0.542593 0.578646 0.548148 0.579167 0.548148 0.584375 0.557407 0.584896 0.557407 0.594792 0.575000 0.595313 0.575000 0.609375 0.600000 0.609896 0.600000 0.611979 0.603704 0.612500 0.603704 0.613021 0.604630 0.614062 0.604630 0.614583 0.605556 0.615104 0.605556 0.615625 0.604630 0.616667 0.604630 0.617708 0.602778 0.617708 0.601852 0.618229 0.600926 0.618229 0.597222 0.617188 0.595370 0.616667 0.595370 0.606771 0.577778 0.606250 0.577778 0.580208 0.531481 0.579688 0.531481 0.564583 0.504630 0.564583 0.503704 0.563021 0.500926 0.563021 0.500000 0.562500 0.499074 0.562500 0.485185 0.563021 0.484259 0.563021 0.467593
0 0.700000 0.531944 0.073958 0.108333 0.686979 0.477778 0.686458 0.478704 0.684375 0.478704 0.683854 0.479630 0.682813 0.479630 0.682292 0.480556 0.681771 0.480556 0.680729 0.482407 0.680208 0.482407 0.679688 0.483333 0.679688 0.487037 0.680208 0.487963 0.680208 0.490741 0.680729 0.491667 0.680729 0.494444 0.681250 0.495370 0.681250 0.499074 0.681771 0.500000 0.681771 0.501852 0.681250 0.502778 0.681250 0.503704 0.673438 0.517593 0.672917 0.517593 0.668229 0.525926 0.667708 0.525926 0.665625 0.529630 0.667708 0.525926 0.668229 0.525926 0.669792 0.523148 0.670312 0.523148 0.671875 0.520370 0.672396 0.520370 0.673438 0.518519 0.673958 0.518519 0.675521 0.515741 0.676042 0.515741 0.676562 0.514815 0.677083 0.514815 0.677604 0.513889 0.678125 0.513889 0.678646 0.512963 0.679167 0.512963 0.679688 0.512037 0.680729 0.512037 0.681250 0.511111 0.685937 0.511111 0.686458 0.512037 0.687500 0.512037 0.688021 0.512963 0.688542 0.512963 0.689583 0.514815 0.690104 0.514815 0.690625 0.515741 0.691146 0.515741 0.692708 0.518519 0.693229 0.518519 0.694792 0.521296 0.695312 0.521296 0.698438 0.526852 0.698958 0.526852 0.704167 0.536111 0.704688 0.536111 0.729688 0.580556 0.730208 0.580556 0.732292 0.584259 0.732812 0.584259 0.733854 0.586111 0.736979 0.586111 0.704688 0.528704 0.704688 0.527778 0.702083 0.523148 0.702083 0.522222 0.701042 0.520370 0.701042 0.517593 0.700521 0.516667 0.700521 0.513889 0.700000 0.512963 0.700000 0.511111 0.699479 0.510185 0.699479 0.507407 0.698958 0.506481 0.698958 0.503704 0.698438 0.502778 0.698438 0.500926 0.697917 0.500000 0.697917 0.497222 0.697396 0.496296 0.697396 0.493519 0.696875 0.492593 0.696875 0.489815 0.696354 0.488889 0.696354 0.487037 0.695833 0.486111 0.695833 0.484259 0.694792 0.482407 0.694271 0.482407 0.693750 0.481481 0.693229 0.481481 0.692708 0.480556 0.692187 0.480556 0.691667 0.479630 0.691146 0.479630 0.690625 0.478704 0.688542 0.478704 0.688021 0.477778
0 0.258073 0.524074 0.118229 0.107407 0.311458 0.470370 0.310937 0.471296 0.309896 0.471296 0.309375 0.472222 0.308854 0.472222 0.307812 0.474074 0.307292 0.474074 0.306771 0.475000 0.306250 0.475000 0.304688 0.477778 0.304167 0.477778 0.302604 0.480556 0.302083 0.480556 0.299479 0.485185 0.298958 0.485185 0.294792 0.492593 0.294271 0.492593 0.286979 0.505556 0.286458 0.505556 0.266146 0.541667 0.265625 0.541667 0.264062 0.544444 0.261458 0.544444 0.258854 0.539815 0.258854 0.538889 0.258333 0.537963 0.258333 0.536111 0.258854 0.535185 0.258854 0.534259 0.259375 0.533333 0.259375 0.532407 0.260417 0.530556 0.260417 0.529630 0.261458 0.527778 0.261458 0.526852 0.262500 0.525000 0.262500 0.524074 0.263542 0.522222 0.263542 0.521296 0.265104 0.518519 0.265104 0.517593 0.266146 0.515741 0.266146 0.514815 0.267188 0.512963 0.267188 0.512037 0.268229 0.510185 0.268229 0.509259 0.269271 0.507407 0.269271 0.506481 0.270313 0.504630 0.263021 0.517593 0.262500 0.517593 0.260417 0.521296 0.259375 0.521296 0.258854 0.522222 0.258333 0.522222 0.256771 0.525000 0.256771 0.525926 0.255729 0.527778 0.255729 0.528704 0.254688 0.530556 0.254688 0.531481 0.253125 0.534259 0.253125 0.535185 0.252083 0.537037 0.252083 0.537963 0.251042 0.539815 0.251042 0.540741 0.250000 0.542593 0.250000 0.543519 0.248438 0.546296 0.248438 0.547222 0.247396 0.549074 0.246875 0.549074 0.246354 0.550000 0.244792 0.550000 0.244271 0.549074 0.243229 0.549074 0.242188 0.547222 0.241667 0.547222 0.239583 0.543519 0.239063 0.543519 0.234896 0.536111 0.234375 0.536111 0.228646 0.525926 0.228125 0.525926 0.222396 0.515741 0.221875 0.515741 0.217188 0.507407 0.216667 0.507407 0.213021 0.500926 0.212500 0.500926 0.209375 0.495370 0.208854 0.495370 0.206250 0.490741 0.205729 0.490741 0.203125 0.486111 0.202604 0.486111 0.201042 0.483333 0.200521 0.483333 0.198958 0.480556 0.198958 0.482407 0.200000 0.484259 0.200000 0.485185 0.205208 0.494444 0.205729 0.494444 0.211979 0.505556 0.212500 0.505556 0.218229 0.515741 0.218750 0.515741 0.224479 0.525926 0.225000 0.525926 0.231250 0.537037 0.231771 0.537037 0.237500 0.547222 0.238021 0.547222 0.243750 0.557407 0.244271 0.557407 0.250000 0.567593 0.250521 0.567593 0.254167 0.574074 0.254688 0.574074 0.256250 0.576852 0.256771 0.576852 0.257292 0.577778 0.259896 0.577778 0.260417 0.576852 0.260937 0.576852 0.264062 0.571296 0.264583 0.571296 0.304688 0.500000 0.305208 0.500000 0.307812 0.495370 0.307812 0.494444 0.311979 0.487037 0.311979 0.486111 0.312500 0.485185 0.312500 0.484259 0.313542 0.482407 0.313542 0.481481 0.314063 0.480556 0.314063 0.479630 0.315104 0.477778 0.315104 0.476852 0.315625 0.475926 0.315625 0.475000 0.316667 0.473148 0.316667 0.472222 0.317188 0.471296 0.316667 0.470370
0 0.379688 0.526852 0.117708 0.112963 0.438021 0.470370 0.437500 0.471296 0.435937 0.471296 0.435417 0.472222 0.434375 0.472222 0.433854 0.473148 0.433333 0.473148 0.432812 0.474074 0.432292 0.474074 0.431250 0.475926 0.430729 0.475926 0.429688 0.477778 0.429167 0.477778 0.427604 0.480556 0.427083 0.480556 0.425000 0.484259 0.424479 0.484259 0.421354 0.489815 0.420833 0.489815 0.417187 0.496296 0.416667 0.496296 0.411458 0.505556 0.410938 0.505556 0.402604 0.520370 0.402083 0.520370 0.391667 0.538889 0.391146 0.538889 0.388021 0.544444 0.387500 0.544444 0.386979 0.545370 0.385937 0.545370 0.385417 0.544444 0.384896 0.544444 0.382292 0.539815 0.382292 0.535185 0.382812 0.534259 0.382812 0.532407 0.383333 0.531481 0.383333 0.530556 0.383854 0.529630 0.383854 0.528704 0.384375 0.527778 0.384375 0.525926 0.384896 0.525000 0.384896 0.524074 0.385417 0.523148 0.385417 0.521296 0.385937 0.520370 0.385937 0.519444 0.386458 0.518519 0.386458 0.517593 0.386979 0.516667 0.386979 0.514815 0.387500 0.513889 0.387500 0.512963 0.388021 0.512037 0.386979 0.513889 0.386458 0.513889 0.383854 0.518519 0.383333 0.518519 0.382812 0.519444 0.382292 0.519444 0.381771 0.520370 0.381250 0.520370 0.380729 0.519444 0.379688 0.519444 0.378646 0.517593 0.378646 0.518519 0.378125 0.519444 0.378125 0.521296 0.377604 0.522222 0.377604 0.523148 0.377083 0.524074 0.377083 0.525000 0.376563 0.525926 0.376563 0.527778 0.376042 0.528704 0.376042 0.529630 0.375521 0.530556 0.375521 0.531481 0.375000 0.532407 0.375000 0.534259 0.374479 0.535185 0.374479 0.536111 0.373958 0.537037 0.373958 0.537963 0.373437 0.538889 0.373437 0.540741 0.372917 0.541667 0.372917 0.542593 0.370833 0.546296 0.367708 0.546296 0.367188 0.545370 0.366667 0.545370 0.365104 0.542593 0.364583 0.542593 0.361458 0.537037 0.360938 0.537037 0.353125 0.523148 0.352604 0.523148 0.345313 0.510185 0.344792 0.510185 0.339583 0.500926 0.339062 0.500926 0.334896 0.493519 0.334375 0.493519 0.331250 0.487963 0.330729 0.487963 0.328125 0.483333 0.327604 0.483333 0.326042 0.480556 0.325521 0.480556 0.323958 0.477778 0.323437 0.477778 0.322917 0.476852 0.322396 0.477778 0.322396 0.478704 0.321875 0.479630 0.321875 0.480556 0.320833 0.482407 0.320833 0.487037 0.321354 0.487963 0.321354 0.488889 0.332292 0.508333 0.332813 0.508333 0.341146 0.523148 0.341667 0.523148 0.349479 0.537037 0.350000 0.537037 0.358333 0.551852 0.358854 0.551852 0.367188 0.566667 0.367708 0.566667 0.373958 0.577778 0.374479 0.577778 0.376563 0.581481 0.377083 0.581481 0.377604 0.582407 0.378125 0.582407 0.378646 0.583333 0.379688 0.583333 0.380208 0.582407 0.380729 0.582407 0.381250 0.581481 0.381771 0.581481 0.383854 0.577778 0.384375 0.577778 0.392708 0.562963 0.393229 0.562963 0.404687 0.542593 0.405208 0.542593 0.416667 0.522222 0.417187 0.522222 0.429167 0.500926 0.429688 0.500926 0.432292 0.496296 0.432292 0.495370 0.434375 0.491667 0.434375 0.490741 0.434896 0.489815 0.434896 0.488889 0.435417 0.487963 0.435417 0.486111 0.435937 0.485185 0.435937 0.482407 0.436458 0.481481 0.436458 0.479630 0.436979 0.478704 0.436979 0.476852 0.437500 0.475926 0.437500 0.474074 0.438021 0.473148 0.438021 0.471296 0.438542 0.470370
0 0.498698 0.536111 0.118229 0.133333 0.557292 0.469444 0.556771 0.470370 0.556250 0.470370 0.555729 0.471296 0.555208 0.471296 0.554688 0.472222 0.554167 0.472222 0.552604 0.475000 0.552083 0.475000 0.551042 0.476852 0.550521 0.476852 0.548438 0.480556 0.547917 0.480556 0.545833 0.484259 0.545312 0.484259 0.542708 0.488889 0.542188 0.488889 0.539062 0.494444 0.538542 0.494444 0.534375 0.501852 0.533854 0.501852 0.529167 0.510185 0.528646 0.510185 0.522917 0.520370 0.522396 0.520370 0.515625 0.532407 0.515104 0.532407 0.511458 0.538889 0.510938 0.538889 0.509896 0.540741 0.509375 0.540741 0.508854 0.541667 0.508333 0.541667 0.507812 0.540741 0.507292 0.540741 0.506771 0.539815 0.506250 0.539815 0.504687 0.537037 0.504687 0.536111 0.504167 0.535185 0.504167 0.532407 0.504687 0.531481 0.504687 0.526852 0.505208 0.525926 0.505208 0.520370 0.505729 0.519444 0.505729 0.518519 0.503646 0.522222 0.503125 0.522222 0.502604 0.523148 0.502083 0.523148 0.501563 0.524074 0.500000 0.524074 0.499479 0.523148 0.498437 0.523148 0.498437 0.527778 0.497917 0.528704 0.497917 0.533333 0.497396 0.534259 0.497396 0.537963 0.496875 0.538889 0.496875 0.542593 0.496354 0.543519 0.496354 0.544444 0.495312 0.546296 0.494792 0.546296 0.494271 0.547222 0.491667 0.547222 0.490625 0.545370 0.490104 0.545370 0.489063 0.543519 0.488542 0.543519 0.482292 0.532407 0.481771 0.532407 0.469792 0.511111 0.469271 0.511111 0.462500 0.499074 0.461979 0.499074 0.457292 0.490741 0.456771 0.490741 0.453646 0.485185 0.453125 0.485185 0.451042 0.481481 0.450521 0.481481 0.448958 0.478704 0.448437 0.478704 0.446875 0.475926 0.446354 0.475926 0.445312 0.474074 0.444792 0.474074 0.444271 0.473148 0.444271 0.475926 0.443750 0.476852 0.443750 0.478704 0.443229 0.479630 0.443229 0.481481 0.442708 0.482407 0.442708 0.484259 0.442188 0.485185 0.442188 0.487037 0.441667 0.487963 0.441667 0.490741 0.441146 0.491667 0.441146 0.493519 0.440625 0.494444 0.440625 0.496296 0.440104 0.497222 0.440104 0.499074 0.439583 0.500000 0.439583 0.504630 0.440625 0.506481 0.440625 0.507407 0.453646 0.530556 0.454167 0.530556 0.466667 0.552778 0.467187 0.552778 0.479687 0.575000 0.480208 0.575000 0.491146 0.594444 0.491667 0.594444 0.495312 0.600926 0.495833 0.600926 0.496354 0.601852 0.496875 0.601852 0.497396 0.602778 0.498437 0.602778 0.498958 0.601852 0.500000 0.601852 0.501563 0.599074 0.502083 0.599074 0.505208 0.593519 0.505729 0.593519 0.511979 0.582407 0.512500 0.582407 0.518750 0.571296 0.519271 0.571296 0.525521 0.560185 0.526042 0.560185 0.532292 0.549074 0.532813 0.549074 0.538542 0.538889 0.539062 0.538889 0.545312 0.527778 0.545833 0.527778 0.556250 0.509259 0.556250 0.508333 0.556771 0.507407 0.556771 0.500000 0.557292 0.499074 0.557292 0.480556 0.557813 0.479630 0.557813 0.469444
0 0.622135 0.532407 0.118229 0.129630 0.563542 0.467593 0.563542 0.484259 0.563021 0.485185 0.563021 0.499074 0.563542 0.500000 0.563542 0.500926 0.565104 0.503704 0.565104 0.504630 0.579688 0.530556 0.580208 0.530556 0.606250 0.576852 0.606771 0.576852 0.616667 0.594444 0.617188 0.594444 0.618750 0.597222 0.621875 0.597222 0.622396 0.596296 0.622917 0.596296 0.625000 0.592593 0.625521 0.592593 0.628646 0.587037 0.629167 0.587037 0.633333 0.579630 0.633854 0.579630 0.638021 0.572222 0.638542 0.572222 0.643229 0.563889 0.643750 0.563889 0.647917 0.556481 0.648438 0.556481 0.653125 0.548148 0.653646 0.548148 0.657813 0.540741 0.658333 0.540741 0.663021 0.532407 0.663542 0.532407 0.667708 0.525000 0.668229 0.525000 0.672917 0.516667 0.673438 0.516667 0.680729 0.503704 0.680729 0.502778 0.681250 0.501852 0.681250 0.500000 0.680729 0.499074 0.680729 0.495370 0.680208 0.494444 0.680208 0.491667 0.679688 0.490741 0.679688 0.487963 0.679167 0.487037 0.679167 0.483333 0.678125 0.485185 0.677604 0.485185 0.676562 0.487037 0.676042 0.487037 0.674479 0.489815 0.673958 0.489815 0.672396 0.492593 0.671875 0.492593 0.669792 0.496296 0.669271 0.496296 0.667188 0.500000 0.666667 0.500000 0.664062 0.504630 0.663542 0.504630 0.660417 0.510185 0.659896 0.510185 0.656771 0.515741 0.656250 0.515741 0.652604 0.522222 0.652083 0.522222 0.647917 0.529630 0.647396 0.529630 0.643229 0.537037 0.642708 0.537037 0.638021 0.545370 0.637500 0.545370 0.634375 0.550926 0.633854 0.550926 0.632292 0.553704 0.629687 0.553704 0.629167 0.552778 0.628646 0.552778 0.627083 0.550000 0.627083 0.549074 0.626563 0.548148 0.626563 0.542593 0.626042 0.541667 0.626042 0.534259 0.625521 0.533333 0.625521 0.525000 0.625000 0.524074 0.625000 0.516667 0.624479 0.515741 0.624479 0.513889 0.622917 0.516667 0.622396 0.516667 0.621354 0.518519 0.618229 0.518519 0.618750 0.519444 0.618750 0.529630 0.619271 0.530556 0.619271 0.538889 0.618750 0.539815 0.618750 0.540741 0.617708 0.542593 0.617188 0.542593 0.616667 0.543519 0.614062 0.543519 0.613542 0.542593 0.613021 0.542593 0.611458 0.539815 0.610938 0.539815 0.597917 0.516667 0.597396 0.516667 0.584896 0.494444 0.584375 0.494444 0.579167 0.485185 0.578646 0.485185 0.575521 0.479630 0.575000 0.479630 0.572917 0.475926 0.572396 0.475926 0.570833 0.473148 0.570312 0.473148 0.569271 0.471296 0.568750 0.471296 0.568229 0.470370 0.567708 0.470370 0.567187 0.469444 0.566667 0.469444 0.566146 0.468519 0.565625 0.468519 0.565104 0.467593
0 0.758854 0.547685 0.125000 0.143519 0.807813 0.475926 0.805208 0.480556 0.804688 0.480556 0.801562 0.486111 0.801042 0.486111 0.797396 0.492593 0.796875 0.492593 0.793229 0.499074 0.792708 0.499074 0.789062 0.505556 0.788542 0.505556 0.785417 0.511111 0.784896 0.511111 0.781250 0.517593 0.780729 0.517593 0.777083 0.524074 0.776563 0.524074 0.772917 0.530556 0.772396 0.530556 0.769271 0.536111 0.768750 0.536111 0.765625 0.541667 0.765104 0.541667 0.763542 0.544444 0.763021 0.544444 0.761979 0.546296 0.761458 0.546296 0.760938 0.547222 0.758854 0.547222 0.758333 0.546296 0.757812 0.546296 0.754167 0.539815 0.753646 0.539815 0.749479 0.532407 0.749479 0.531481 0.737500 0.510185 0.737500 0.511111 0.738021 0.512037 0.738021 0.513889 0.738542 0.514815 0.738542 0.516667 0.739062 0.517593 0.739062 0.519444 0.739583 0.520370 0.739583 0.522222 0.740104 0.523148 0.740104 0.524074 0.740625 0.525000 0.740625 0.526852 0.741146 0.527778 0.741146 0.529630 0.741667 0.530556 0.741667 0.532407 0.742188 0.533333 0.742188 0.535185 0.742708 0.536111 0.742708 0.537037 0.743229 0.537963 0.743229 0.539815 0.743750 0.540741 0.743750 0.542593 0.744271 0.543519 0.744271 0.545370 0.744792 0.546296 0.744792 0.548148 0.745313 0.549074 0.745313 0.550926 0.744792 0.551852 0.744792 0.552778 0.743229 0.555556 0.742708 0.555556 0.742188 0.556481 0.740104 0.556481 0.739583 0.555556 0.739062 0.555556 0.738542 0.554630 0.738021 0.554630 0.735417 0.550000 0.734896 0.550000 0.707292 0.500926 0.706771 0.500926 0.702083 0.492593 0.701562 0.492593 0.698958 0.487963 0.698438 0.487963 0.696875 0.485185 0.696354 0.485185 0.696354 0.486111 0.696875 0.487037 0.696875 0.488889 0.697396 0.489815 0.697396 0.492593 0.697917 0.493519 0.697917 0.496296 0.698438 0.497222 0.698438 0.500000 0.698958 0.500926 0.698958 0.502778 0.699479 0.503704 0.699479 0.506481 0.700000 0.507407 0.700000 0.510185 0.700521 0.511111 0.700521 0.512963 0.701042 0.513889 0.701042 0.516667 0.701562 0.517593 0.701562 0.520370 0.702604 0.522222 0.702604 0.523148 0.705208 0.527778 0.705208 0.528704 0.754687 0.616667 0.755208 0.616667 0.756250 0.618519 0.757292 0.618519 0.757812 0.619444 0.758333 0.619444 0.758854 0.618519 0.759375 0.618519 0.759896 0.617593 0.760417 0.617593 0.761458 0.615741 0.761979 0.615741 0.763542 0.612963 0.764062 0.612963 0.767188 0.607407 0.767708 0.607407 0.770833 0.601852 0.771354 0.601852 0.774479 0.596296 0.775000 0.596296 0.778125 0.590741 0.778646 0.590741 0.781771 0.585185 0.782292 0.585185 0.785937 0.578704 0.786458 0.578704 0.789583 0.573148 0.790104 0.573148 0.793229 0.567593 0.793750 0.567593 0.796875 0.562037 0.797396 0.562037 0.801042 0.555556 0.801562 0.555556 0.804688 0.550000 0.805208 0.550000 0.808333 0.544444 0.808854 0.544444 0.812500 0.537963 0.813021 0.537963 0.816667 0.531481 0.817187 0.531481 0.820312 0.525926 0.820312 0.525000 0.821354 0.523148 0.821354 0.520370 0.820833 0.519444 0.820833 0.518519 0.820312 0.517593 0.820312 0.516667 0.819792 0.515741 0.819792 0.514815 0.819271 0.513889 0.819271 0.512963 0.818750 0.512037 0.818750 0.511111 0.818229 0.510185 0.818229 0.509259 0.817708 0.508333 0.817708 0.507407 0.816667 0.505556 0.816667 0.504630 0.816146 0.503704 0.816146 0.502778 0.815625 0.501852 0.815625 0.500926 0.815104 0.500000 0.815104 0.499074 0.814583 0.498148 0.814583 0.497222 0.814063 0.496296 0.814063 0.495370 0.813542 0.494444 0.813542 0.493519 0.812500 0.491667 0.812500 0.490741 0.811979 0.489815 0.811979 0.488889 0.811458 0.487963 0.811458 0.487037 0.810937 0.486111 0.810937 0.485185 0.810417 0.484259 0.810417 0.483333 0.809896 0.482407 0.809896 0.481481 0.809375 0.480556 0.809375 0.479630 0.808333 0.477778 0.808333 0.476852
0 0.196094 0.481481 0.123438 0.135185 0.200521 0.413889 0.191146 0.430556 0.191146 0.431481 0.181250 0.449074 0.181250 0.450000 0.171354 0.467593 0.171354 0.468519 0.160938 0.487037 0.160938 0.487963 0.151042 0.505556 0.151042 0.506481 0.141146 0.524074 0.141146 0.525000 0.135937 0.534259 0.135937 0.535185 0.134896 0.537037 0.134896 0.537963 0.134375 0.538889 0.134375 0.540741 0.134896 0.541667 0.134896 0.542593 0.136979 0.546296 0.137500 0.546296 0.138021 0.547222 0.139063 0.547222 0.139583 0.546296 0.140104 0.546296 0.170833 0.491667 0.171354 0.491667 0.175521 0.484259 0.176042 0.484259 0.178646 0.479630 0.179167 0.479630 0.180729 0.476852 0.181250 0.476852 0.181771 0.475926 0.182292 0.475926 0.183333 0.474074 0.183854 0.474074 0.184375 0.473148 0.185417 0.473148 0.185938 0.472222 0.187500 0.472222 0.188021 0.471296 0.189062 0.471296 0.189583 0.472222 0.191667 0.472222 0.192188 0.473148 0.193229 0.473148 0.194271 0.475000 0.194792 0.475000 0.195312 0.475926 0.195833 0.475926 0.196875 0.477778 0.197396 0.477778 0.198437 0.479630 0.198958 0.479630 0.200521 0.482407 0.201042 0.482407 0.202604 0.485185 0.203125 0.485185 0.205729 0.489815 0.206250 0.489815 0.208854 0.494444 0.209375 0.494444 0.212500 0.500000 0.213021 0.500000 0.216667 0.506481 0.217188 0.506481 0.221875 0.514815 0.222396 0.514815 0.228125 0.525000 0.228646 0.525000 0.234375 0.535185 0.234896 0.535185 0.239063 0.542593 0.239583 0.542593 0.241667 0.546296 0.242188 0.546296 0.243229 0.548148 0.244271 0.548148 0.244792 0.549074 0.246354 0.549074 0.246875 0.548148 0.247396 0.548148 0.247917 0.547222 0.247917 0.546296 0.249479 0.543519 0.249479 0.542593 0.250521 0.540741 0.250521 0.539815 0.251563 0.537963 0.251563 0.537037 0.252604 0.535185 0.252604 0.534259 0.254167 0.531481 0.254167 0.530556 0.255208 0.528704 0.255208 0.527778 0.256250 0.525926 0.256250 0.525000 0.257812 0.522222 0.257292 0.521296 0.256771 0.521296 0.255729 0.519444 0.255208 0.519444 0.252083 0.513889 0.251563 0.513889 0.245312 0.502778 0.244792 0.502778 0.238542 0.491667 0.238021 0.491667 0.231771 0.480556 0.231250 0.480556 0.225000 0.469444 0.224479 0.469444 0.217708 0.457407 0.217188 0.457407 0.210938 0.446296 0.210417 0.446296 0.203125 0.433333 0.202604 0.433333 0.200521 0.429630 0.200521 0.428704 0.198437 0.425000 0.198437 0.419444 0.201042 0.414815
0 0.318490 0.483796 0.119271 0.123148 0.314583 0.422222 0.314583 0.423148 0.314063 0.424074 0.314063 0.425000 0.313021 0.426852 0.313021 0.427778 0.311458 0.430556 0.311458 0.431481 0.270833 0.503704 0.270833 0.504630 0.269792 0.506481 0.269792 0.507407 0.268750 0.509259 0.268750 0.510185 0.267708 0.512037 0.267708 0.512963 0.266667 0.514815 0.266667 0.515741 0.265625 0.517593 0.265625 0.518519 0.264062 0.521296 0.264062 0.522222 0.263021 0.524074 0.263021 0.525000 0.261979 0.526852 0.261979 0.527778 0.260937 0.529630 0.260937 0.530556 0.259896 0.532407 0.259896 0.533333 0.259375 0.534259 0.259375 0.535185 0.258854 0.536111 0.258854 0.537963 0.259375 0.538889 0.259375 0.539815 0.261458 0.543519 0.264062 0.543519 0.265625 0.540741 0.266146 0.540741 0.286458 0.504630 0.286979 0.504630 0.294271 0.491667 0.294792 0.491667 0.298958 0.484259 0.299479 0.484259 0.302083 0.479630 0.302604 0.479630 0.304167 0.476852 0.304688 0.476852 0.306250 0.474074 0.306771 0.474074 0.307292 0.473148 0.307812 0.473148 0.308854 0.471296 0.309375 0.471296 0.309896 0.470370 0.310937 0.470370 0.311458 0.469444 0.316667 0.469444 0.317188 0.470370 0.317708 0.470370 0.318229 0.471296 0.319271 0.471296 0.320312 0.473148 0.320833 0.473148 0.321354 0.474074 0.321875 0.474074 0.323437 0.476852 0.323958 0.476852 0.325521 0.479630 0.326042 0.479630 0.327604 0.482407 0.328125 0.482407 0.330729 0.487037 0.331250 0.487037 0.334375 0.492593 0.334896 0.492593 0.339062 0.500000 0.339583 0.500000 0.344792 0.509259 0.345313 0.509259 0.352604 0.522222 0.353125 0.522222 0.360938 0.536111 0.361458 0.536111 0.364583 0.541667 0.365104 0.541667 0.366667 0.544444 0.367188 0.544444 0.367708 0.545370 0.370833 0.545370 0.372396 0.542593 0.372396 0.541667 0.372917 0.540741 0.372917 0.538889 0.373437 0.537963 0.373437 0.537037 0.373958 0.536111 0.373958 0.535185 0.374479 0.534259 0.374479 0.532407 0.375000 0.531481 0.375000 0.530556 0.375521 0.529630 0.375521 0.528704 0.376042 0.527778 0.376042 0.525926 0.376563 0.525000 0.376563 0.524074 0.377083 0.523148 0.377083 0.522222 0.377604 0.521296 0.377604 0.519444 0.378125 0.518519 0.378125 0.517593 0.375000 0.512037 0.374479 0.512037 0.367188 0.499074 0.366146 0.499074 0.365625 0.498148 0.365104 0.498148 0.364583 0.497222 0.364063 0.497222 0.362500 0.494444 0.361979 0.494444 0.357812 0.487037 0.357292 0.487037 0.348958 0.472222 0.348438 0.472222 0.341146 0.459259 0.340625 0.459259 0.335417 0.450000 0.334896 0.450000 0.330729 0.442593 0.330208 0.442593 0.327604 0.437963 0.327083 0.437963 0.324479 0.433333 0.323958 0.433333 0.321875 0.429630 0.321354 0.429630 0.320312 0.427778 0.319792 0.427778 0.318750 0.425926 0.318229 0.425926 0.317188 0.424074 0.316667 0.424074 0.316146 0.423148 0.315625 0.423148 0.315104 0.422222
0 0.440625 0.487963 0.115625 0.116667 0.435417 0.429630 0.434896 0.430556 0.434896 0.431481 0.429688 0.440741 0.429167 0.440741 0.414583 0.466667 0.414062 0.466667 0.399479 0.492593 0.398958 0.492593 0.388542 0.511111 0.388542 0.512037 0.388021 0.512963 0.388021 0.513889 0.387500 0.514815 0.387500 0.516667 0.386979 0.517593 0.386979 0.518519 0.386458 0.519444 0.386458 0.520370 0.385937 0.521296 0.385937 0.523148 0.385417 0.524074 0.385417 0.525000 0.384896 0.525926 0.384896 0.527778 0.384375 0.528704 0.384375 0.529630 0.383854 0.530556 0.383854 0.531481 0.383333 0.532407 0.383333 0.534259 0.382812 0.535185 0.382812 0.539815 0.384896 0.543519 0.385417 0.543519 0.385937 0.544444 0.386979 0.544444 0.387500 0.543519 0.388021 0.543519 0.391146 0.537963 0.391667 0.537963 0.402083 0.519444 0.402604 0.519444 0.410938 0.504630 0.411458 0.504630 0.416667 0.495370 0.417187 0.495370 0.420833 0.488889 0.421354 0.488889 0.424479 0.483333 0.425000 0.483333 0.427083 0.479630 0.427604 0.479630 0.429167 0.476852 0.429688 0.476852 0.430729 0.475000 0.431250 0.475000 0.432292 0.473148 0.432812 0.473148 0.433333 0.472222 0.433854 0.472222 0.434375 0.471296 0.435417 0.471296 0.435937 0.470370 0.437500 0.470370 0.438021 0.469444 0.440104 0.469444 0.440625 0.470370 0.441667 0.470370 0.442188 0.471296 0.443229 0.471296 0.443750 0.472222 0.444271 0.472222 0.444792 0.473148 0.445312 0.473148 0.446354 0.475000 0.446875 0.475000 0.448437 0.477778 0.448958 0.477778 0.450521 0.480556 0.451042 0.480556 0.453125 0.484259 0.453646 0.484259 0.456771 0.489815 0.457292 0.489815 0.461979 0.498148 0.462500 0.498148 0.469271 0.510185 0.469792 0.510185 0.481771 0.531481 0.482292 0.531481 0.488542 0.542593 0.489063 0.542593 0.490104 0.544444 0.490625 0.544444 0.491667 0.546296 0.494271 0.546296 0.494792 0.545370 0.495312 0.545370 0.495833 0.544444 0.495833 0.543519 0.496354 0.542593 0.496354 0.538889 0.496875 0.537963 0.496875 0.534259 0.497396 0.533333 0.497396 0.528704 0.497917 0.527778 0.497917 0.523148 0.498437 0.522222 0.497396 0.520370 0.496875 0.520370 0.489583 0.507407 0.489063 0.507407 0.487500 0.504630 0.486979 0.504630 0.481771 0.495370 0.481250 0.495370 0.467708 0.471296 0.467187 0.471296 0.459896 0.458333 0.459375 0.458333 0.454688 0.450000 0.454167 0.450000 0.451042 0.444444 0.450521 0.444444 0.448437 0.440741 0.447917 0.440741 0.445833 0.437037 0.445312 0.437037 0.444271 0.435185 0.443750 0.435185 0.442708 0.433333 0.442188 0.433333 0.441667 0.432407 0.441146 0.432407 0.440625 0.431481 0.440104 0.431481 0.439583 0.430556 0.438542 0.430556 0.438021 0.429630
0 0.561719 0.477315 0.114062 0.130556 0.560417 0.412037 0.559896 0.412963 0.559375 0.412963 0.559375 0.416667 0.558854 0.417593 0.558854 0.428704 0.558333 0.429630 0.558333 0.430556 0.557292 0.432407 0.557292 0.433333 0.552604 0.441667 0.552083 0.441667 0.544271 0.455556 0.543750 0.455556 0.536458 0.468519 0.535937 0.468519 0.528646 0.481481 0.528125 0.481481 0.520833 0.494444 0.520312 0.494444 0.513021 0.507407 0.512500 0.507407 0.506771 0.517593 0.506250 0.517593 0.506250 0.519444 0.505729 0.520370 0.505729 0.525926 0.505208 0.526852 0.505208 0.531481 0.504687 0.532407 0.504687 0.535185 0.505208 0.536111 0.505208 0.537037 0.506250 0.538889 0.506771 0.538889 0.507292 0.539815 0.507812 0.539815 0.508333 0.540741 0.508854 0.540741 0.509375 0.539815 0.509896 0.539815 0.510938 0.537963 0.511458 0.537963 0.515104 0.531481 0.515625 0.531481 0.522396 0.519444 0.522917 0.519444 0.528646 0.509259 0.529167 0.509259 0.533854 0.500926 0.534375 0.500926 0.538542 0.493519 0.539062 0.493519 0.542188 0.487963 0.542708 0.487963 0.545312 0.483333 0.545833 0.483333 0.547917 0.479630 0.548438 0.479630 0.550521 0.475926 0.551042 0.475926 0.552083 0.474074 0.552604 0.474074 0.554167 0.471296 0.554688 0.471296 0.555208 0.470370 0.555729 0.470370 0.556250 0.469444 0.556771 0.469444 0.557292 0.468519 0.557813 0.468519 0.558333 0.467593 0.558854 0.467593 0.559375 0.466667 0.561979 0.466667 0.562500 0.465741 0.563021 0.466667 0.565104 0.466667 0.565625 0.467593 0.566146 0.467593 0.566667 0.468519 0.567187 0.468519 0.567708 0.469444 0.568229 0.469444 0.568750 0.470370 0.569271 0.470370 0.570312 0.472222 0.570833 0.472222 0.572396 0.475000 0.572917 0.475000 0.575000 0.478704 0.575521 0.478704 0.578646 0.484259 0.579167 0.484259 0.584375 0.493519 0.584896 0.493519 0.597396 0.515741 0.597917 0.515741 0.610938 0.538889 0.611458 0.538889 0.613021 0.541667 0.613542 0.541667 0.614062 0.542593 0.616667 0.542593 0.617188 0.541667 0.617708 0.541667 0.618229 0.540741 0.618229 0.539815 0.618750 0.538889 0.618750 0.530556 0.618229 0.529630 0.618229 0.519444 0.617708 0.518519 0.617708 0.517593 0.617188 0.516667 0.616667 0.516667 0.608333 0.501852 0.607812 0.501852 0.564583 0.425000 0.564583 0.424074 0.563542 0.422222 0.563542 0.412037
0 0.684896 0.485185 0.119792 0.140741 0.684896 0.414815 0.684375 0.415741 0.683333 0.415741 0.682813 0.416667 0.682292 0.416667 0.681771 0.417593 0.681250 0.417593 0.680729 0.418519 0.680208 0.418519 0.679167 0.420370 0.679688 0.421296 0.679688 0.423148 0.679167 0.424074 0.679167 0.425000 0.678125 0.426852 0.678125 0.427778 0.674479 0.434259 0.673958 0.434259 0.668229 0.444444 0.667708 0.444444 0.663021 0.452778 0.662500 0.452778 0.657292 0.462037 0.656771 0.462037 0.652083 0.470370 0.651563 0.470370 0.646354 0.479630 0.645833 0.479630 0.641146 0.487963 0.640625 0.487963 0.635417 0.497222 0.634896 0.497222 0.629687 0.506481 0.629167 0.506481 0.625521 0.512963 0.625000 0.512963 0.625000 0.515741 0.625521 0.516667 0.625521 0.524074 0.626042 0.525000 0.626042 0.533333 0.626563 0.534259 0.626563 0.541667 0.627083 0.542593 0.627083 0.548148 0.627604 0.549074 0.627604 0.550000 0.628646 0.551852 0.629167 0.551852 0.629687 0.552778 0.632292 0.552778 0.633854 0.550000 0.634375 0.550000 0.637500 0.544444 0.638021 0.544444 0.642708 0.536111 0.643229 0.536111 0.647396 0.528704 0.647917 0.528704 0.652083 0.521296 0.652604 0.521296 0.656250 0.514815 0.656771 0.514815 0.659896 0.509259 0.660417 0.509259 0.663542 0.503704 0.664062 0.503704 0.666667 0.499074 0.667188 0.499074 0.669271 0.495370 0.669792 0.495370 0.671875 0.491667 0.672396 0.491667 0.673958 0.488889 0.674479 0.488889 0.676042 0.486111 0.676562 0.486111 0.677604 0.484259 0.678125 0.484259 0.679167 0.482407 0.679688 0.482407 0.680208 0.481481 0.680729 0.481481 0.681771 0.479630 0.682292 0.479630 0.682813 0.478704 0.683854 0.478704 0.684375 0.477778 0.686458 0.477778 0.686979 0.476852 0.688021 0.476852 0.688542 0.477778 0.690625 0.477778 0.691146 0.478704 0.691667 0.478704 0.692187 0.479630 0.692708 0.479630 0.693229 0.480556 0.693750 0.480556 0.694271 0.481481 0.694792 0.481481 0.696354 0.484259 0.696875 0.484259 0.698438 0.487037 0.698958 0.487037 0.701562 0.491667 0.702083 0.491667 0.706771 0.500000 0.707292 0.500000 0.734896 0.549074 0.735417 0.549074 0.738021 0.553704 0.738542 0.553704 0.739062 0.554630 0.739583 0.554630 0.740104 0.555556 0.742188 0.555556 0.742708 0.554630 0.743229 0.554630 0.744271 0.552778 0.744271 0.551852 0.744792 0.550926 0.744792 0.549074 0.744271 0.548148 0.744271 0.546296 0.743750 0.545370 0.743750 0.543519 0.743229 0.542593 0.743229 0.540741 0.742708 0.539815 0.742708 0.537963 0.742188 0.537037 0.742188 0.536111 0.741667 0.535185 0.741667 0.533333 0.741146 0.532407 0.741146 0.530556 0.740625 0.529630 0.740625 0.527778 0.740104 0.526852 0.740104 0.525000 0.739583 0.524074 0.739583 0.523148 0.739062 0.522222 0.739062 0.520370 0.738542 0.519444 0.738542 0.517593 0.738021 0.516667 0.738021 0.514815 0.737500 0.513889 0.737500 0.512037 0.736979 0.511111 0.736979 0.509259 0.714063 0.468519 0.714063 0.467593 0.706250 0.453704 0.706250 0.452778 0.705208 0.450926 0.705208 0.449074 0.704688 0.448148 0.704688 0.446296 0.704167 0.445370 0.704167 0.443519 0.703646 0.442593 0.703646 0.440741 0.703125 0.439815 0.703125 0.437037 0.702604 0.436111 0.702604 0.434259 0.702083 0.433333 0.702083 0.431481 0.701562 0.430556 0.701562 0.428704 0.700521 0.426852 0.700000 0.426852 0.697917 0.423148 0.697396 0.423148 0.695833 0.420370 0.695312 0.420370 0.694271 0.418519 0.693750 0.418519 0.692708 0.416667 0.691667 0.416667 0.691146 0.415741 0.690625 0.415741 0.690104 0.414815
0 0.256510 0.468519 0.115104 0.105556 0.201042 0.415741 0.198958 0.419444 0.198958 0.425000 0.201042 0.428704 0.201042 0.429630 0.202604 0.432407 0.203125 0.432407 0.210417 0.445370 0.210938 0.445370 0.217188 0.456481 0.217708 0.456481 0.224479 0.468519 0.225000 0.468519 0.231250 0.479630 0.231771 0.479630 0.238021 0.490741 0.238542 0.490741 0.244792 0.501852 0.245312 0.501852 0.251563 0.512963 0.252083 0.512963 0.255208 0.518519 0.255729 0.518519 0.256771 0.520370 0.257292 0.520370 0.257812 0.521296 0.258854 0.521296 0.259375 0.520370 0.260417 0.520370 0.262500 0.516667 0.263021 0.516667 0.310937 0.431481 0.310937 0.430556 0.312500 0.427778 0.312500 0.426852 0.313542 0.425000 0.313542 0.424074 0.314063 0.423148 0.314063 0.422222 0.313542 0.421296 0.311458 0.421296 0.310937 0.420370 0.310417 0.420370 0.309896 0.421296 0.307812 0.421296 0.307292 0.422222 0.306771 0.422222 0.306250 0.423148 0.305729 0.423148 0.305208 0.424074 0.304688 0.424074 0.303646 0.425926 0.303125 0.425926 0.302083 0.427778 0.301563 0.427778 0.300000 0.430556 0.299479 0.430556 0.296875 0.435185 0.296354 0.435185 0.292187 0.442593 0.291667 0.442593 0.283333 0.457407 0.282813 0.457407 0.261458 0.495370 0.260937 0.495370 0.259896 0.497222 0.258333 0.497222 0.257812 0.496296 0.257292 0.496296 0.255208 0.492593 0.255208 0.491667 0.254688 0.490741 0.254688 0.487037 0.255729 0.485185 0.255729 0.484259 0.256771 0.482407 0.256771 0.481481 0.258333 0.478704 0.258333 0.477778 0.259896 0.475000 0.259896 0.474074 0.261458 0.471296 0.261458 0.470370 0.263021 0.467593 0.263021 0.466667 0.264062 0.464815 0.264062 0.463889 0.265625 0.461111 0.265625 0.460185 0.267188 0.457407 0.267188 0.456481 0.268750 0.453704 0.268750 0.452778 0.269792 0.450926 0.269792 0.450000 0.271354 0.447222 0.271354 0.446296 0.272917 0.443519 0.272917 0.442593 0.274479 0.439815 0.274479 0.438889 0.275521 0.437037 0.265104 0.455556 0.264583 0.455556 0.263021 0.458333 0.262500 0.458333 0.261979 0.459259 0.260937 0.459259 0.260417 0.460185 0.260417 0.461111 0.258854 0.463889 0.258854 0.464815 0.257292 0.467593 0.257292 0.468519 0.255729 0.471296 0.255729 0.472222 0.254167 0.475000 0.254167 0.475926 0.252604 0.478704 0.252604 0.479630 0.251042 0.482407 0.251042 0.483333 0.250521 0.484259 0.250000 0.484259 0.249479 0.485185 0.246875 0.485185 0.246354 0.484259 0.245833 0.484259 0.244792 0.482407 0.244271 0.482407 0.241667 0.477778 0.241146 0.477778 0.235417 0.467593 0.234896 0.467593 0.228646 0.456481 0.228125 0.456481 0.222917 0.447222 0.222396 0.447222 0.217708 0.438889 0.217188 0.438889 0.213542 0.432407 0.213021 0.432407 0.209896 0.426852 0.209375 0.426852 0.207292 0.423148 0.206771 0.423148 0.204687 0.419444 0.204167 0.419444 0.202604 0.416667 0.202083 0.416667 0.201563 0.415741
0 0.401302 0.474537 0.067187 0.089815 0.433854 0.429630 0.433333 0.430556 0.432292 0.430556 0.431771 0.431481 0.431250 0.431481 0.430729 0.432407 0.430208 0.432407 0.429688 0.433333 0.429167 0.433333 0.428125 0.435185 0.427604 0.435185 0.426563 0.437037 0.426042 0.437037 0.424479 0.439815 0.423958 0.439815 0.421875 0.443519 0.421354 0.443519 0.418229 0.449074 0.417708 0.449074 0.413542 0.456481 0.413021 0.456481 0.407292 0.466667 0.406771 0.466667 0.397917 0.482407 0.397396 0.482407 0.386458 0.501852 0.385937 0.501852 0.383854 0.505556 0.383333 0.505556 0.382812 0.506481 0.381771 0.506481 0.381250 0.505556 0.380729 0.505556 0.380208 0.504630 0.379688 0.504630 0.378646 0.502778 0.378646 0.501852 0.378125 0.500926 0.378125 0.500000 0.377604 0.499074 0.377604 0.498148 0.378125 0.497222 0.378125 0.495370 0.378646 0.494444 0.378646 0.493519 0.379167 0.492593 0.379167 0.491667 0.379688 0.490741 0.379688 0.489815 0.380208 0.488889 0.380208 0.487037 0.380729 0.486111 0.380729 0.485185 0.381250 0.484259 0.381250 0.483333 0.381771 0.482407 0.381771 0.481481 0.382292 0.480556 0.382292 0.479630 0.382812 0.478704 0.382812 0.476852 0.383333 0.475926 0.383333 0.475000 0.383854 0.474074 0.383854 0.473148 0.384375 0.472222 0.384375 0.471296 0.384896 0.470370 0.384896 0.469444 0.385417 0.468519 0.385417 0.467593 0.385937 0.466667 0.385937 0.465741 0.384375 0.468519 0.383854 0.468519 0.381250 0.473148 0.380729 0.473148 0.380208 0.474074 0.377604 0.474074 0.377083 0.473148 0.376042 0.473148 0.376042 0.474074 0.375521 0.475000 0.375521 0.475926 0.375000 0.476852 0.375000 0.477778 0.374479 0.478704 0.374479 0.479630 0.373958 0.480556 0.373958 0.481481 0.373437 0.482407 0.373437 0.484259 0.372917 0.485185 0.372917 0.486111 0.372396 0.487037 0.372396 0.487963 0.371875 0.488889 0.371875 0.489815 0.371354 0.490741 0.371354 0.491667 0.370833 0.492593 0.370833 0.493519 0.370312 0.494444 0.370312 0.495370 0.368750 0.498148 0.368229 0.498148 0.367708 0.499074 0.374479 0.511111 0.375000 0.511111 0.378125 0.516667 0.378646 0.516667 0.379688 0.518519 0.380729 0.518519 0.381250 0.519444 0.381771 0.519444 0.382292 0.518519 0.382812 0.518519 0.383333 0.517593 0.383854 0.517593 0.386458 0.512963 0.386979 0.512963 0.398958 0.491667 0.399479 0.491667 0.414062 0.465741 0.414583 0.465741 0.429167 0.439815 0.429688 0.439815 0.434375 0.431481 0.434375 0.430556 0.434896 0.429630
0 0.524740 0.468056 0.068229 0.110185 0.558854 0.412963 0.558333 0.413889 0.557813 0.413889 0.557292 0.414815 0.556771 0.414815 0.556250 0.415741 0.555729 0.415741 0.554688 0.417593 0.554167 0.417593 0.553125 0.419444 0.552604 0.419444 0.551042 0.422222 0.550521 0.422222 0.548438 0.425926 0.547917 0.425926 0.545833 0.429630 0.545312 0.429630 0.542188 0.435185 0.541667 0.435185 0.538021 0.441667 0.537500 0.441667 0.532813 0.450000 0.532292 0.450000 0.526563 0.460185 0.526042 0.460185 0.519271 0.472222 0.518750 0.472222 0.512500 0.483333 0.511979 0.483333 0.510417 0.486111 0.509896 0.486111 0.509375 0.487037 0.508333 0.487037 0.507812 0.486111 0.507292 0.486111 0.504687 0.481481 0.504687 0.475000 0.505208 0.474074 0.505208 0.470370 0.505729 0.469444 0.505729 0.464815 0.506250 0.463889 0.504167 0.467593 0.503646 0.467593 0.502604 0.469444 0.500000 0.469444 0.499479 0.468519 0.498958 0.468519 0.498958 0.471296 0.498437 0.472222 0.498437 0.475926 0.497917 0.476852 0.497917 0.480556 0.497396 0.481481 0.497396 0.486111 0.496875 0.487037 0.496875 0.490741 0.496354 0.491667 0.496354 0.495370 0.495833 0.496296 0.495833 0.500926 0.495312 0.501852 0.495312 0.503704 0.494792 0.504630 0.494792 0.505556 0.493750 0.507407 0.493229 0.507407 0.492708 0.508333 0.490625 0.508333 0.496875 0.519444 0.497396 0.519444 0.498958 0.522222 0.499479 0.522222 0.500000 0.523148 0.501563 0.523148 0.502083 0.522222 0.502604 0.522222 0.503125 0.521296 0.503646 0.521296 0.506250 0.516667 0.506771 0.516667 0.512500 0.506481 0.513021 0.506481 0.520312 0.493519 0.520833 0.493519 0.528125 0.480556 0.528646 0.480556 0.535937 0.467593 0.536458 0.467593 0.543750 0.454630 0.544271 0.454630 0.552083 0.440741 0.552604 0.440741 0.556771 0.433333 0.556771 0.432407 0.557813 0.430556 0.557813 0.429630 0.558333 0.428704 0.558333 0.417593 0.558854 0.416667
0 0.621615 0.464815 0.115104 0.105556 0.564063 0.412037 0.564063 0.422222 0.565104 0.424074 0.565104 0.425000 0.607812 0.500926 0.608333 0.500926 0.616667 0.515741 0.617188 0.515741 0.618229 0.517593 0.621354 0.517593 0.622396 0.515741 0.622917 0.515741 0.625000 0.512037 0.625521 0.512037 0.629167 0.505556 0.629687 0.505556 0.634896 0.496296 0.635417 0.496296 0.640625 0.487037 0.641146 0.487037 0.645833 0.478704 0.646354 0.478704 0.651563 0.469444 0.652083 0.469444 0.656771 0.461111 0.657292 0.461111 0.662500 0.451852 0.663021 0.451852 0.667708 0.443519 0.668229 0.443519 0.673958 0.433333 0.674479 0.433333 0.677604 0.427778 0.677604 0.426852 0.678646 0.425000 0.678646 0.424074 0.679167 0.423148 0.679167 0.421296 0.678646 0.420370 0.677604 0.422222 0.677083 0.422222 0.676042 0.424074 0.675521 0.424074 0.673958 0.426852 0.673438 0.426852 0.671354 0.430556 0.670833 0.430556 0.668750 0.434259 0.668229 0.434259 0.665625 0.438889 0.665104 0.438889 0.662500 0.443519 0.661979 0.443519 0.658333 0.450000 0.657813 0.450000 0.654167 0.456481 0.653646 0.456481 0.649479 0.463889 0.648958 0.463889 0.643750 0.473148 0.643229 0.473148 0.638542 0.481481 0.638021 0.481481 0.634375 0.487963 0.633854 0.487963 0.632812 0.489815 0.632292 0.489815 0.631771 0.490741 0.630208 0.490741 0.629687 0.489815 0.629167 0.489815 0.627083 0.486111 0.627083 0.484259 0.626563 0.483333 0.626563 0.476852 0.626042 0.476852 0.625521 0.477778 0.625000 0.477778 0.623958 0.479630 0.623437 0.479630 0.622917 0.480556 0.622396 0.480556 0.621875 0.481481 0.620833 0.481481 0.620313 0.480556 0.619792 0.480556 0.619792 0.481481 0.620313 0.482407 0.619792 0.483333 0.619792 0.485185 0.618229 0.487963 0.617708 0.487963 0.617188 0.488889 0.615104 0.488889 0.614583 0.487963 0.614062 0.487963 0.613542 0.487037 0.613021 0.487037 0.609896 0.481481 0.609375 0.481481 0.587500 0.442593 0.586979 0.442593 0.580729 0.431481 0.580208 0.431481 0.576562 0.425000 0.576042 0.425000 0.573438 0.420370 0.572917 0.420370 0.571875 0.418519 0.571354 0.418519 0.569792 0.415741 0.569271 0.415741 0.568750 0.414815 0.568229 0.414815 0.567708 0.413889 0.567187 0.413889 0.566667 0.412963 0.566146 0.412963 0.565625 0.412037
0 0.761719 0.487963 0.119271 0.116667 0.702083 0.429630 0.702083 0.430556 0.702604 0.431481 0.702604 0.433333 0.703125 0.434259 0.703125 0.436111 0.703646 0.437037 0.703646 0.439815 0.704167 0.440741 0.704167 0.442593 0.704688 0.443519 0.704688 0.445370 0.705208 0.446296 0.705208 0.448148 0.705729 0.449074 0.705729 0.450926 0.706771 0.452778 0.706771 0.453704 0.714583 0.467593 0.714583 0.468519 0.750000 0.531481 0.750000 0.532407 0.753646 0.538889 0.754167 0.538889 0.757812 0.545370 0.758333 0.545370 0.758854 0.546296 0.760938 0.546296 0.761458 0.545370 0.761979 0.545370 0.763021 0.543519 0.763542 0.543519 0.765104 0.540741 0.765625 0.540741 0.768750 0.535185 0.769271 0.535185 0.772396 0.529630 0.772917 0.529630 0.776563 0.523148 0.777083 0.523148 0.780729 0.516667 0.781250 0.516667 0.784896 0.510185 0.785417 0.510185 0.788542 0.504630 0.789062 0.504630 0.792708 0.498148 0.793229 0.498148 0.796875 0.491667 0.797396 0.491667 0.801042 0.485185 0.801562 0.485185 0.804688 0.479630 0.805208 0.479630 0.808854 0.473148 0.809375 0.473148 0.813021 0.466667 0.813542 0.466667 0.817708 0.459259 0.818229 0.459259 0.819792 0.456481 0.819792 0.455556 0.821354 0.452778 0.821354 0.449074 0.820833 0.448148 0.820833 0.447222 0.819792 0.445370 0.819792 0.444444 0.819271 0.443519 0.819271 0.442593 0.818750 0.441667 0.818229 0.441667 0.816667 0.444444 0.816146 0.444444 0.812500 0.450926 0.811979 0.450926 0.808333 0.457407 0.807813 0.457407 0.804167 0.463889 0.803646 0.463889 0.800000 0.470370 0.799479 0.470370 0.795833 0.476852 0.795312 0.476852 0.791667 0.483333 0.791146 0.483333 0.787500 0.489815 0.786979 0.489815 0.783333 0.496296 0.782813 0.496296 0.779687 0.501852 0.779167 0.501852 0.776042 0.507407 0.775521 0.507407 0.773438 0.511111 0.772917 0.511111 0.772396 0.512037 0.771875 0.512037 0.771354 0.512963 0.768750 0.512963 0.767708 0.511111 0.767188 0.511111 0.746354 0.474074 0.746354 0.473148 0.739583 0.461111 0.739583 0.462037 0.740104 0.462963 0.740104 0.464815 0.740625 0.465741 0.740625 0.466667 0.741146 0.467593 0.741146 0.469444 0.741667 0.470370 0.741667 0.471296 0.742188 0.472222 0.742188 0.474074 0.742708 0.475000 0.742708 0.476852 0.743229 0.477778 0.743229 0.478704 0.743750 0.479630 0.743750 0.481481 0.744271 0.482407 0.744271 0.483333 0.744792 0.484259 0.744792 0.487963 0.744271 0.488889 0.744271 0.489815 0.743229 0.491667 0.742708 0.491667 0.742188 0.492593 0.739062 0.492593 0.738542 0.491667 0.738021 0.491667 0.735417 0.487037 0.734896 0.487037 0.721875 0.463889 0.721875 0.462963 0.717187 0.454630 0.716667 0.454630 0.705208 0.434259 0.704688 0.434259
0 0.199219 0.420833 0.122396 0.126852 0.201563 0.357407 0.189062 0.379630 0.188542 0.379630 0.180729 0.393519 0.180729 0.394444 0.167708 0.417593 0.167708 0.418519 0.154688 0.441667 0.154688 0.442593 0.142708 0.463889 0.142708 0.464815 0.139063 0.471296 0.139063 0.472222 0.138542 0.473148 0.138542 0.474074 0.138021 0.475000 0.138021 0.475926 0.138542 0.476852 0.138542 0.477778 0.139063 0.478704 0.139063 0.479630 0.140104 0.481481 0.140625 0.481481 0.141146 0.482407 0.143229 0.482407 0.143750 0.481481 0.144271 0.481481 0.178646 0.420370 0.179167 0.420370 0.181771 0.415741 0.182292 0.415741 0.183854 0.412963 0.184375 0.412963 0.185417 0.411111 0.185938 0.411111 0.186979 0.409259 0.188021 0.409259 0.188542 0.408333 0.189062 0.408333 0.189583 0.407407 0.194271 0.407407 0.194792 0.408333 0.195833 0.408333 0.196354 0.409259 0.196875 0.409259 0.197396 0.410185 0.197917 0.410185 0.198437 0.411111 0.198958 0.411111 0.200000 0.412963 0.200521 0.412963 0.202083 0.415741 0.202604 0.415741 0.204167 0.418519 0.204687 0.418519 0.206771 0.422222 0.207292 0.422222 0.209375 0.425926 0.209896 0.425926 0.213021 0.431481 0.213542 0.431481 0.217188 0.437963 0.217708 0.437963 0.222396 0.446296 0.222917 0.446296 0.228125 0.455556 0.228646 0.455556 0.234896 0.466667 0.235417 0.466667 0.241146 0.476852 0.241667 0.476852 0.244271 0.481481 0.244792 0.481481 0.245833 0.483333 0.246354 0.483333 0.246875 0.484259 0.249479 0.484259 0.250000 0.483333 0.250521 0.483333 0.250521 0.482407 0.252083 0.479630 0.252083 0.478704 0.253646 0.475926 0.253646 0.475000 0.255208 0.472222 0.255208 0.471296 0.256771 0.468519 0.256771 0.467593 0.258333 0.464815 0.258333 0.463889 0.259896 0.461111 0.259896 0.460185 0.260417 0.459259 0.259896 0.459259 0.258854 0.457407 0.258333 0.457407 0.256771 0.454630 0.256250 0.454630 0.251042 0.445370 0.250521 0.445370 0.243750 0.433333 0.243229 0.433333 0.235937 0.420370 0.235417 0.420370 0.228646 0.408333 0.228125 0.408333 0.220833 0.395370 0.220312 0.395370 0.213021 0.382407 0.212500 0.382407 0.201563 0.362963 0.201563 0.362037 0.201042 0.361111 0.201042 0.358333
0 0.315625 0.432407 0.120833 0.131481 0.314063 0.366667 0.314063 0.367593 0.302083 0.388889 0.302083 0.389815 0.276042 0.436111 0.276042 0.437037 0.275000 0.438889 0.275000 0.439815 0.273438 0.442593 0.273438 0.443519 0.271875 0.446296 0.271875 0.447222 0.270313 0.450000 0.270313 0.450926 0.269271 0.452778 0.269271 0.453704 0.267708 0.456481 0.267708 0.457407 0.266146 0.460185 0.266146 0.461111 0.264583 0.463889 0.264583 0.464815 0.263542 0.466667 0.263542 0.467593 0.261979 0.470370 0.261979 0.471296 0.260417 0.474074 0.260417 0.475000 0.258854 0.477778 0.258854 0.478704 0.257292 0.481481 0.257292 0.482407 0.256250 0.484259 0.256250 0.485185 0.255208 0.487037 0.255208 0.490741 0.255729 0.491667 0.255729 0.492593 0.257292 0.495370 0.257812 0.495370 0.258333 0.496296 0.259896 0.496296 0.260937 0.494444 0.261458 0.494444 0.282813 0.456481 0.283333 0.456481 0.291667 0.441667 0.292187 0.441667 0.296354 0.434259 0.296875 0.434259 0.299479 0.429630 0.300000 0.429630 0.301563 0.426852 0.302083 0.426852 0.303125 0.425000 0.303646 0.425000 0.304688 0.423148 0.305208 0.423148 0.305729 0.422222 0.306250 0.422222 0.306771 0.421296 0.307292 0.421296 0.307812 0.420370 0.309896 0.420370 0.310417 0.419444 0.310937 0.419444 0.311458 0.420370 0.313542 0.420370 0.314063 0.421296 0.315104 0.421296 0.315625 0.422222 0.316146 0.422222 0.316667 0.423148 0.317188 0.423148 0.318229 0.425000 0.318750 0.425000 0.319792 0.426852 0.320312 0.426852 0.321354 0.428704 0.321875 0.428704 0.323958 0.432407 0.324479 0.432407 0.327083 0.437037 0.327604 0.437037 0.330208 0.441667 0.330729 0.441667 0.334896 0.449074 0.335417 0.449074 0.340625 0.458333 0.341146 0.458333 0.348438 0.471296 0.348958 0.471296 0.357292 0.486111 0.357812 0.486111 0.361979 0.493519 0.362500 0.493519 0.364063 0.496296 0.364583 0.496296 0.365104 0.497222 0.365625 0.497222 0.366146 0.498148 0.367708 0.498148 0.368229 0.497222 0.368750 0.497222 0.369792 0.495370 0.369792 0.494444 0.370312 0.493519 0.370312 0.492593 0.370833 0.491667 0.370833 0.490741 0.371354 0.489815 0.371354 0.488889 0.371875 0.487963 0.371875 0.487037 0.372396 0.486111 0.372396 0.485185 0.372917 0.484259 0.372917 0.482407 0.373437 0.481481 0.373437 0.480556 0.373958 0.479630 0.373958 0.478704 0.374479 0.477778 0.374479 0.476852 0.375000 0.475926 0.375000 0.475000 0.375521 0.474074 0.375521 0.473148 0.376042 0.472222 0.374479 0.469444 0.373958 0.469444 0.367188 0.457407 0.366667 0.457407 0.356250 0.438889 0.355729 0.438889 0.345833 0.421296 0.345313 0.421296 0.334896 0.402778 0.334375 0.402778 0.320312 0.377778 0.320312 0.376852 0.319792 0.375926 0.319792 0.375000 0.319271 0.374074 0.319271 0.372222 0.318750 0.371296 0.318229 0.371296 0.317188 0.369444 0.316667 0.369444 0.316146 0.368519 0.315625 0.368519 0.315104 0.367593 0.314583 0.367593
0 0.438281 0.432870 0.120313 0.149074 0.439583 0.358333 0.439583 0.359259 0.439063 0.360185 0.439063 0.362037 0.438542 0.362963 0.438542 0.363889 0.438021 0.364815 0.438021 0.366667 0.437500 0.367593 0.437500 0.368519 0.436979 0.369444 0.436979 0.371296 0.436458 0.372222 0.436458 0.374074 0.435937 0.375000 0.435937 0.375926 0.435417 0.376852 0.435417 0.378704 0.434375 0.380556 0.434375 0.381481 0.419271 0.408333 0.418750 0.408333 0.400000 0.441667 0.399479 0.441667 0.386458 0.464815 0.386458 0.466667 0.385937 0.467593 0.385937 0.468519 0.385417 0.469444 0.385417 0.470370 0.384896 0.471296 0.384896 0.472222 0.384375 0.473148 0.384375 0.474074 0.383854 0.475000 0.383854 0.475926 0.383333 0.476852 0.383333 0.478704 0.382812 0.479630 0.382812 0.480556 0.382292 0.481481 0.382292 0.482407 0.381771 0.483333 0.381771 0.484259 0.381250 0.485185 0.381250 0.486111 0.380729 0.487037 0.380729 0.488889 0.380208 0.489815 0.380208 0.490741 0.379688 0.491667 0.379688 0.492593 0.379167 0.493519 0.379167 0.494444 0.378646 0.495370 0.378646 0.497222 0.378125 0.498148 0.378125 0.499074 0.378646 0.500000 0.378646 0.500926 0.379167 0.501852 0.379167 0.502778 0.379688 0.503704 0.380208 0.503704 0.380729 0.504630 0.381250 0.504630 0.381771 0.505556 0.382812 0.505556 0.383333 0.504630 0.383854 0.504630 0.385937 0.500926 0.386458 0.500926 0.397396 0.481481 0.397917 0.481481 0.406771 0.465741 0.407292 0.465741 0.413021 0.455556 0.413542 0.455556 0.417708 0.448148 0.418229 0.448148 0.421354 0.442593 0.421875 0.442593 0.423958 0.438889 0.424479 0.438889 0.426042 0.436111 0.426563 0.436111 0.427604 0.434259 0.428125 0.434259 0.429167 0.432407 0.429688 0.432407 0.430208 0.431481 0.430729 0.431481 0.431250 0.430556 0.431771 0.430556 0.432292 0.429630 0.433333 0.429630 0.433854 0.428704 0.438021 0.428704 0.438542 0.429630 0.439583 0.429630 0.440104 0.430556 0.440625 0.430556 0.441146 0.431481 0.441667 0.431481 0.442188 0.432407 0.442708 0.432407 0.443750 0.434259 0.444271 0.434259 0.445312 0.436111 0.445833 0.436111 0.447917 0.439815 0.448437 0.439815 0.450521 0.443519 0.451042 0.443519 0.454167 0.449074 0.454688 0.449074 0.459375 0.457407 0.459896 0.457407 0.467187 0.470370 0.467708 0.470370 0.481250 0.494444 0.481771 0.494444 0.486979 0.503704 0.487500 0.503704 0.489063 0.506481 0.489583 0.506481 0.490104 0.507407 0.492708 0.507407 0.493229 0.506481 0.493750 0.506481 0.494271 0.505556 0.494271 0.504630 0.494792 0.503704 0.494792 0.501852 0.495312 0.500926 0.495312 0.496296 0.495833 0.495370 0.495833 0.491667 0.496354 0.490741 0.496354 0.487037 0.496875 0.486111 0.496875 0.481481 0.497396 0.480556 0.497396 0.476852 0.497917 0.475926 0.497917 0.472222 0.498437 0.471296 0.498437 0.467593 0.497396 0.465741 0.496875 0.465741 0.484375 0.443519 0.483854 0.443519 0.464062 0.408333 0.463542 0.408333 0.444271 0.374074 0.444271 0.373148 0.443750 0.372222 0.443750 0.371296 0.443229 0.370370 0.443229 0.368519 0.443750 0.367593 0.443750 0.365741 0.444271 0.364815 0.444271 0.362963 0.444792 0.362037 0.444792 0.361111 0.444271 0.361111 0.443750 0.360185 0.442708 0.360185 0.442188 0.359259 0.441667 0.359259 0.441146 0.358333
0 0.562500 0.430556 0.114583 0.114815 0.562500 0.373148 0.561979 0.374074 0.559896 0.374074 0.559375 0.375000 0.558854 0.375000 0.558333 0.375926 0.558333 0.376852 0.551042 0.389815 0.550521 0.389815 0.542188 0.404630 0.541667 0.404630 0.533333 0.419444 0.532813 0.419444 0.524479 0.434259 0.523958 0.434259 0.515625 0.449074 0.515104 0.449074 0.507812 0.462037 0.507292 0.462037 0.506771 0.462963 0.506771 0.463889 0.506250 0.464815 0.506250 0.469444 0.505729 0.470370 0.505729 0.474074 0.505208 0.475000 0.505208 0.481481 0.507292 0.485185 0.507812 0.485185 0.508333 0.486111 0.509375 0.486111 0.509896 0.485185 0.510417 0.485185 0.511979 0.482407 0.512500 0.482407 0.518750 0.471296 0.519271 0.471296 0.526042 0.459259 0.526563 0.459259 0.532292 0.449074 0.532813 0.449074 0.537500 0.440741 0.538021 0.440741 0.541667 0.434259 0.542188 0.434259 0.545312 0.428704 0.545833 0.428704 0.547917 0.425000 0.548438 0.425000 0.550521 0.421296 0.551042 0.421296 0.552604 0.418519 0.553125 0.418519 0.554167 0.416667 0.554688 0.416667 0.555729 0.414815 0.556250 0.414815 0.556771 0.413889 0.557292 0.413889 0.557813 0.412963 0.558333 0.412963 0.558854 0.412037 0.559896 0.412037 0.560417 0.411111 0.565625 0.411111 0.566146 0.412037 0.566667 0.412037 0.567187 0.412963 0.567708 0.412963 0.568229 0.413889 0.568750 0.413889 0.569271 0.414815 0.569792 0.414815 0.571354 0.417593 0.571875 0.417593 0.572917 0.419444 0.573438 0.419444 0.576042 0.424074 0.576562 0.424074 0.580208 0.430556 0.580729 0.430556 0.586979 0.441667 0.587500 0.441667 0.609375 0.480556 0.609896 0.480556 0.613021 0.486111 0.613542 0.486111 0.614062 0.487037 0.614583 0.487037 0.615104 0.487963 0.617188 0.487963 0.617708 0.487037 0.618229 0.487037 0.619271 0.485185 0.619271 0.483333 0.619792 0.482407 0.619271 0.481481 0.619271 0.479630 0.618750 0.479630 0.610938 0.465741 0.610417 0.465741 0.565625 0.386111 0.565625 0.385185 0.564063 0.382407 0.564063 0.381481 0.563542 0.380556 0.563542 0.374074 0.563021 0.373148
0 0.685417 0.431019 0.117708 0.121296 0.688021 0.370370 0.687500 0.371296 0.686458 0.371296 0.685937 0.372222 0.685417 0.372222 0.684896 0.373148 0.684375 0.373148 0.683854 0.374074 0.683333 0.374074 0.682813 0.375000 0.682292 0.375000 0.681771 0.375926 0.682292 0.376852 0.682292 0.378704 0.682813 0.379630 0.682813 0.383333 0.681771 0.385185 0.681771 0.386111 0.676042 0.396296 0.675521 0.396296 0.669792 0.406481 0.669271 0.406481 0.664062 0.415741 0.663542 0.415741 0.658333 0.425000 0.657813 0.425000 0.652604 0.434259 0.652083 0.434259 0.646875 0.443519 0.646354 0.443519 0.640625 0.453704 0.640104 0.453704 0.634896 0.462963 0.634375 0.462963 0.629687 0.471296 0.629167 0.471296 0.626563 0.475926 0.627083 0.476852 0.627083 0.483333 0.627604 0.484259 0.627604 0.486111 0.629167 0.488889 0.629687 0.488889 0.630208 0.489815 0.631771 0.489815 0.632292 0.488889 0.632812 0.488889 0.633854 0.487037 0.634375 0.487037 0.638021 0.480556 0.638542 0.480556 0.643229 0.472222 0.643750 0.472222 0.648958 0.462963 0.649479 0.462963 0.653646 0.455556 0.654167 0.455556 0.657813 0.449074 0.658333 0.449074 0.661979 0.442593 0.662500 0.442593 0.665104 0.437963 0.665625 0.437963 0.668229 0.433333 0.668750 0.433333 0.670833 0.429630 0.671354 0.429630 0.673438 0.425926 0.673958 0.425926 0.675521 0.423148 0.676042 0.423148 0.677083 0.421296 0.677604 0.421296 0.678646 0.419444 0.679167 0.419444 0.680208 0.417593 0.680729 0.417593 0.681250 0.416667 0.681771 0.416667 0.682292 0.415741 0.682813 0.415741 0.683333 0.414815 0.684375 0.414815 0.684896 0.413889 0.690104 0.413889 0.690625 0.414815 0.691146 0.414815 0.691667 0.415741 0.692708 0.415741 0.693750 0.417593 0.694271 0.417593 0.695312 0.419444 0.695833 0.419444 0.697396 0.422222 0.697917 0.422222 0.700000 0.425926 0.700521 0.425926 0.704688 0.433333 0.705208 0.433333 0.716667 0.453704 0.717187 0.453704 0.722396 0.462963 0.722396 0.463889 0.734896 0.486111 0.735417 0.486111 0.738021 0.490741 0.738542 0.490741 0.739062 0.491667 0.742188 0.491667 0.742708 0.490741 0.743229 0.490741 0.743750 0.489815 0.743750 0.488889 0.744271 0.487963 0.744271 0.484259 0.743750 0.483333 0.743750 0.482407 0.743229 0.481481 0.743229 0.479630 0.742708 0.478704 0.742708 0.477778 0.742188 0.476852 0.742188 0.475000 0.741667 0.474074 0.741667 0.472222 0.741146 0.471296 0.741146 0.470370 0.740625 0.469444 0.740625 0.467593 0.740104 0.466667 0.740104 0.465741 0.739583 0.464815 0.739583 0.462963 0.739062 0.462037 0.739062 0.460185 0.721875 0.429630 0.721875 0.428704 0.716146 0.418519 0.716146 0.417593 0.715104 0.415741 0.715104 0.414815 0.714583 0.413889 0.714583 0.412037 0.714063 0.411111 0.714063 0.409259 0.713542 0.408333 0.713542 0.406481 0.713021 0.405556 0.713021 0.403704 0.712500 0.402778 0.712500 0.401852 0.711979 0.400926 0.711979 0.399074 0.711458 0.398148 0.711458 0.396296 0.710938 0.395370 0.710938 0.394444 0.707292 0.387963 0.706771 0.387963 0.703125 0.381481 0.702604 0.381481 0.700521 0.377778 0.700000 0.377778 0.698438 0.375000 0.697917 0.375000 0.697396 0.374074 0.696875 0.374074 0.695833 0.372222 0.695312 0.372222 0.694792 0.371296 0.693750 0.371296 0.693229 0.370370
0 0.257552 0.406019 0.111979 0.104630 0.203646 0.353704 0.202083 0.356481 0.202083 0.357407 0.201563 0.358333 0.201563 0.361111 0.202083 0.362037 0.202083 0.362963 0.212500 0.381481 0.213021 0.381481 0.220312 0.394444 0.220833 0.394444 0.228125 0.407407 0.228646 0.407407 0.235417 0.419444 0.235937 0.419444 0.243229 0.432407 0.243750 0.432407 0.250521 0.444444 0.251042 0.444444 0.256250 0.453704 0.256771 0.453704 0.258333 0.456481 0.258854 0.456481 0.259896 0.458333 0.261979 0.458333 0.262500 0.457407 0.263021 0.457407 0.264583 0.454630 0.265104 0.454630 0.301563 0.389815 0.301563 0.388889 0.313542 0.367593 0.313542 0.366667 0.313021 0.365741 0.311458 0.365741 0.310937 0.364815 0.308854 0.364815 0.308333 0.365741 0.306771 0.365741 0.306250 0.366667 0.305729 0.366667 0.305208 0.367593 0.304688 0.367593 0.304167 0.368519 0.303646 0.368519 0.303125 0.369444 0.302604 0.369444 0.301042 0.372222 0.300521 0.372222 0.298958 0.375000 0.298438 0.375000 0.295833 0.379630 0.295312 0.379630 0.291146 0.387037 0.290625 0.387037 0.280729 0.404630 0.280208 0.404630 0.259375 0.441667 0.258854 0.441667 0.258333 0.442593 0.257292 0.442593 0.256771 0.441667 0.256250 0.441667 0.255208 0.439815 0.254688 0.439815 0.254167 0.438889 0.254167 0.437963 0.253646 0.437037 0.253646 0.436111 0.253125 0.435185 0.253125 0.433333 0.253646 0.432407 0.253646 0.431481 0.254688 0.429630 0.254688 0.428704 0.256771 0.425000 0.256771 0.424074 0.258854 0.420370 0.258854 0.419444 0.260937 0.415741 0.260937 0.414815 0.263021 0.411111 0.263021 0.410185 0.264583 0.407407 0.264583 0.406481 0.266667 0.402778 0.266667 0.401852 0.268750 0.398148 0.268750 0.397222 0.270833 0.393519 0.270833 0.392593 0.272917 0.388889 0.272917 0.387963 0.275000 0.384259 0.275000 0.383333 0.277083 0.379630 0.258854 0.412037 0.258333 0.412037 0.257812 0.412963 0.256771 0.412963 0.256771 0.413889 0.254167 0.418519 0.254167 0.419444 0.252083 0.423148 0.251563 0.423148 0.251042 0.424074 0.248958 0.424074 0.248438 0.423148 0.247917 0.423148 0.246875 0.421296 0.246354 0.421296 0.243750 0.416667 0.243229 0.416667 0.236979 0.405556 0.236458 0.405556 0.229687 0.393519 0.229167 0.393519 0.223438 0.383333 0.222917 0.383333 0.218229 0.375000 0.217708 0.375000 0.214583 0.369444 0.214062 0.369444 0.210938 0.363889 0.210417 0.363889 0.207813 0.359259 0.207292 0.359259 0.205729 0.356481 0.205208 0.356481
0 0.379427 0.415741 0.119271 0.114815 0.436979 0.358333 0.436458 0.359259 0.435417 0.359259 0.434896 0.360185 0.434375 0.360185 0.433854 0.361111 0.433333 0.361111 0.432292 0.362963 0.431771 0.362963 0.431250 0.363889 0.430729 0.363889 0.429167 0.366667 0.428646 0.366667 0.426563 0.370370 0.426042 0.370370 0.423958 0.374074 0.423438 0.374074 0.419792 0.380556 0.419271 0.380556 0.414062 0.389815 0.413542 0.389815 0.404167 0.406481 0.403646 0.406481 0.390104 0.430556 0.389583 0.430556 0.387500 0.434259 0.384896 0.434259 0.382292 0.429630 0.382292 0.428704 0.381771 0.427778 0.381771 0.425926 0.382292 0.425000 0.382292 0.423148 0.382812 0.422222 0.382812 0.421296 0.383333 0.420370 0.383333 0.419444 0.383854 0.418519 0.383854 0.417593 0.384375 0.416667 0.384375 0.415741 0.384896 0.414815 0.384896 0.413889 0.385417 0.412963 0.384896 0.413889 0.384375 0.413889 0.380208 0.421296 0.379688 0.421296 0.379167 0.422222 0.378646 0.422222 0.378125 0.423148 0.377083 0.423148 0.376563 0.422222 0.376042 0.422222 0.375521 0.421296 0.375000 0.421296 0.374479 0.422222 0.374479 0.423148 0.373958 0.424074 0.373958 0.425000 0.373437 0.425926 0.373437 0.426852 0.372917 0.427778 0.372917 0.428704 0.372396 0.429630 0.372396 0.430556 0.371875 0.431481 0.371875 0.432407 0.371354 0.433333 0.371354 0.434259 0.370833 0.435185 0.370833 0.436111 0.370312 0.437037 0.370312 0.437963 0.369792 0.438889 0.369792 0.439815 0.367708 0.443519 0.367188 0.443519 0.366667 0.444444 0.366146 0.444444 0.365625 0.443519 0.364583 0.443519 0.364063 0.442593 0.363542 0.442593 0.362500 0.440741 0.361979 0.440741 0.358854 0.435185 0.358333 0.435185 0.349479 0.419444 0.348958 0.419444 0.340625 0.404630 0.340104 0.404630 0.334375 0.394444 0.333854 0.394444 0.329688 0.387037 0.329167 0.387037 0.326042 0.381481 0.325521 0.381481 0.323437 0.377778 0.322917 0.377778 0.320833 0.374074 0.320312 0.374074 0.319792 0.373148 0.319792 0.374074 0.320312 0.375000 0.320312 0.375926 0.320833 0.376852 0.320833 0.377778 0.334375 0.401852 0.334896 0.401852 0.345313 0.420370 0.345833 0.420370 0.355729 0.437963 0.356250 0.437963 0.366667 0.456481 0.367188 0.456481 0.373958 0.468519 0.374479 0.468519 0.376563 0.472222 0.377083 0.472222 0.377604 0.473148 0.380208 0.473148 0.380729 0.472222 0.381250 0.472222 0.383854 0.467593 0.384375 0.467593 0.399479 0.440741 0.400000 0.440741 0.418750 0.407407 0.419271 0.407407 0.433854 0.381481 0.433854 0.380556 0.434896 0.378704 0.434896 0.376852 0.435417 0.375926 0.435417 0.375000 0.435937 0.374074 0.435937 0.372222 0.436458 0.371296 0.436458 0.369444 0.436979 0.368519 0.436979 0.367593 0.437500 0.366667 0.437500 0.364815 0.438021 0.363889 0.438021 0.362963 0.438542 0.362037 0.438542 0.360185 0.439063 0.359259 0.439063 0.358333
0 0.500781 0.415278 0.114062 0.106481 0.445312 0.362037 0.444792 0.362963 0.444792 0.364815 0.444271 0.365741 0.444271 0.367593 0.443750 0.368519 0.443750 0.370370 0.444271 0.371296 0.444271 0.372222 0.444792 0.373148 0.444792 0.374074 0.463542 0.407407 0.464062 0.407407 0.483854 0.442593 0.484375 0.442593 0.496875 0.464815 0.497396 0.464815 0.498958 0.467593 0.499479 0.467593 0.500000 0.468519 0.502604 0.468519 0.503646 0.466667 0.504167 0.466667 0.507292 0.461111 0.507812 0.461111 0.515104 0.448148 0.515625 0.448148 0.523958 0.433333 0.524479 0.433333 0.532813 0.418519 0.533333 0.418519 0.541667 0.403704 0.542188 0.403704 0.550521 0.388889 0.551042 0.388889 0.557813 0.376852 0.557813 0.375926 0.557292 0.375926 0.556250 0.377778 0.555729 0.377778 0.555208 0.378704 0.554688 0.378704 0.553646 0.380556 0.553125 0.380556 0.551562 0.383333 0.551042 0.383333 0.548958 0.387037 0.548438 0.387037 0.546354 0.390741 0.545833 0.390741 0.543229 0.395370 0.542708 0.395370 0.539062 0.401852 0.538542 0.401852 0.533854 0.410185 0.533333 0.410185 0.527604 0.420370 0.527083 0.420370 0.519271 0.434259 0.518750 0.434259 0.511979 0.446296 0.511458 0.446296 0.509375 0.450000 0.508854 0.450000 0.508333 0.450926 0.507812 0.450926 0.507292 0.451852 0.506771 0.451852 0.506250 0.450926 0.505729 0.450926 0.503125 0.446296 0.503125 0.444444 0.502604 0.443519 0.503125 0.442593 0.503125 0.437963 0.503646 0.437037 0.503646 0.433333 0.504167 0.432407 0.504167 0.428704 0.504687 0.427778 0.503125 0.430556 0.502604 0.430556 0.501563 0.432407 0.501042 0.432407 0.500521 0.433333 0.497917 0.433333 0.497396 0.432407 0.496875 0.432407 0.496875 0.433333 0.495833 0.435185 0.495312 0.435185 0.494792 0.436111 0.492188 0.436111 0.491667 0.435185 0.491146 0.435185 0.490104 0.433333 0.489583 0.433333 0.483854 0.423148 0.483333 0.423148 0.468229 0.396296 0.467708 0.396296 0.460417 0.383333 0.459896 0.383333 0.455729 0.375926 0.455208 0.375926 0.452604 0.371296 0.452083 0.371296 0.449479 0.366667 0.448958 0.366667 0.447917 0.364815 0.447396 0.364815 0.446354 0.362963 0.445833 0.362963
0 0.623177 0.427315 0.118229 0.106481 0.564063 0.374074 0.564063 0.380556 0.564583 0.381481 0.564583 0.382407 0.566146 0.385185 0.566146 0.386111 0.610417 0.464815 0.610938 0.464815 0.618750 0.478704 0.619271 0.478704 0.619792 0.479630 0.620313 0.479630 0.620833 0.480556 0.621875 0.480556 0.622396 0.479630 0.622917 0.479630 0.623437 0.478704 0.623958 0.478704 0.625000 0.476852 0.625521 0.476852 0.629167 0.470370 0.629687 0.470370 0.634375 0.462037 0.634896 0.462037 0.640104 0.452778 0.640625 0.452778 0.646354 0.442593 0.646875 0.442593 0.652083 0.433333 0.652604 0.433333 0.657813 0.424074 0.658333 0.424074 0.663542 0.414815 0.664062 0.414815 0.669271 0.405556 0.669792 0.405556 0.675521 0.395370 0.676042 0.395370 0.681250 0.386111 0.681250 0.385185 0.682292 0.383333 0.682292 0.379630 0.681771 0.378704 0.681771 0.376852 0.680729 0.376852 0.679167 0.379630 0.678646 0.379630 0.677083 0.382407 0.676562 0.382407 0.675000 0.385185 0.674479 0.385185 0.672396 0.388889 0.671875 0.388889 0.669271 0.393519 0.668750 0.393519 0.665625 0.399074 0.665104 0.399074 0.661979 0.404630 0.661458 0.404630 0.657292 0.412037 0.656771 0.412037 0.652083 0.420370 0.651563 0.420370 0.646875 0.428704 0.646354 0.428704 0.640625 0.438889 0.640104 0.438889 0.636458 0.445370 0.635938 0.445370 0.634375 0.448148 0.633333 0.448148 0.632812 0.449074 0.632292 0.449074 0.631771 0.448148 0.631250 0.448148 0.628646 0.443519 0.628646 0.439815 0.628125 0.438889 0.628125 0.435185 0.627083 0.437037 0.626563 0.437037 0.625521 0.438889 0.625000 0.438889 0.624479 0.439815 0.623437 0.439815 0.622917 0.440741 0.622396 0.439815 0.621354 0.439815 0.621354 0.440741 0.621875 0.441667 0.621875 0.448148 0.621354 0.449074 0.621354 0.450000 0.619792 0.452778 0.619271 0.452778 0.618750 0.453704 0.617188 0.453704 0.616667 0.452778 0.616146 0.452778 0.615625 0.451852 0.615104 0.451852 0.614062 0.450000 0.613542 0.450000 0.593229 0.413889 0.592708 0.413889 0.583333 0.397222 0.582812 0.397222 0.578646 0.389815 0.578125 0.389815 0.575000 0.384259 0.574479 0.384259 0.572917 0.381481 0.572396 0.381481 0.570833 0.378704 0.570312 0.378704 0.569271 0.376852 0.568750 0.376852 0.568229 0.375926 0.567708 0.375926 0.567187 0.375000 0.566146 0.375000 0.565625 0.374074
0 0.771875 0.394444 0.120833 0.235185 0.780208 0.276852 0.779167 0.278704 0.778646 0.278704 0.775000 0.285185 0.774479 0.285185 0.769792 0.293519 0.769271 0.293519 0.764583 0.301852 0.764062 0.301852 0.760417 0.308333 0.759896 0.308333 0.756250 0.314815 0.755729 0.314815 0.753125 0.319444 0.752604 0.319444 0.750000 0.324074 0.749479 0.324074 0.747396 0.327778 0.746875 0.327778 0.745313 0.330556 0.744792 0.330556 0.743229 0.333333 0.742708 0.333333 0.741667 0.335185 0.741146 0.335185 0.740625 0.336111 0.740104 0.336111 0.739583 0.337037 0.739062 0.337037 0.738542 0.337963 0.738021 0.337963 0.737500 0.338889 0.732812 0.338889 0.732292 0.337963 0.731250 0.337963 0.730729 0.337037 0.730208 0.337037 0.729167 0.335185 0.728646 0.335185 0.727083 0.332407 0.726562 0.332407 0.722917 0.325926 0.722396 0.325926 0.721354 0.324074 0.721875 0.325000 0.721875 0.326852 0.722396 0.327778 0.722396 0.328704 0.722917 0.329630 0.722917 0.330556 0.723437 0.331481 0.723437 0.333333 0.723958 0.334259 0.723958 0.335185 0.724479 0.336111 0.724479 0.337963 0.725000 0.338889 0.725000 0.339815 0.725521 0.340741 0.725521 0.341667 0.726042 0.342593 0.726042 0.344444 0.726562 0.345370 0.726562 0.346296 0.727083 0.347222 0.727083 0.349074 0.727604 0.350000 0.727604 0.350926 0.728125 0.351852 0.728125 0.352778 0.728646 0.353704 0.728646 0.355556 0.729167 0.356481 0.729167 0.357407 0.729688 0.358333 0.729688 0.360185 0.730208 0.361111 0.730208 0.362037 0.730729 0.362963 0.730729 0.363889 0.731250 0.364815 0.731250 0.366667 0.731771 0.367593 0.731771 0.368519 0.732292 0.369444 0.732292 0.371296 0.732812 0.372222 0.732812 0.373148 0.733333 0.374074 0.733333 0.375926 0.733854 0.376852 0.733854 0.377778 0.734375 0.378704 0.734375 0.379630 0.734896 0.380556 0.734896 0.382407 0.735417 0.383333 0.735417 0.384259 0.735938 0.385185 0.735938 0.387037 0.736458 0.387963 0.736458 0.388889 0.736979 0.389815 0.736979 0.390741 0.737500 0.391667 0.737500 0.393519 0.738021 0.394444 0.738021 0.395370 0.738542 0.396296 0.738542 0.398148 0.739062 0.399074 0.739062 0.400000 0.739583 0.400926 0.739583 0.401852 0.740104 0.402778 0.740104 0.404630 0.740625 0.405556 0.740625 0.406481 0.741146 0.407407 0.741146 0.409259 0.741667 0.410185 0.741667 0.411111 0.742188 0.412037 0.742188 0.412963 0.742708 0.413889 0.742708 0.415741 0.743229 0.416667 0.743229 0.417593 0.743750 0.418519 0.743750 0.420370 0.744271 0.421296 0.744271 0.422222 0.744792 0.423148 0.744792 0.424074 0.745313 0.425000 0.745313 0.426852 0.745833 0.427778 0.745833 0.428704 0.746354 0.429630 0.746354 0.431481 0.746875 0.432407 0.746875 0.433333 0.747396 0.434259 0.747396 0.435185 0.747917 0.436111 0.747917 0.437963 0.748437 0.438889 0.748437 0.439815 0.748958 0.440741 0.748958 0.446296 0.746875 0.450000 0.745833 0.450000 0.745313 0.450926 0.744792 0.450926 0.744271 0.450000 0.743229 0.450000 0.742708 0.449074 0.742188 0.449074 0.740104 0.445370 0.739583 0.445370 0.729688 0.427778 0.729688 0.426852 0.715625 0.401852 0.715104 0.401852 0.711458 0.395370 0.711979 0.396296 0.711979 0.398148 0.712500 0.399074 0.712500 0.400926 0.713021 0.401852 0.713021 0.402778 0.713542 0.403704 0.713542 0.405556 0.714063 0.406481 0.714063 0.408333 0.714583 0.409259 0.714583 0.411111 0.715104 0.412037 0.715104 0.413889 0.715625 0.414815 0.715625 0.415741 0.716667 0.417593 0.716667 0.418519 0.722396 0.428704 0.722396 0.429630 0.746875 0.473148 0.746875 0.474074 0.767188 0.510185 0.767708 0.510185 0.768750 0.512037 0.771354 0.512037 0.771875 0.511111 0.772396 0.511111 0.772917 0.510185 0.773438 0.510185 0.775521 0.506481 0.776042 0.506481 0.779167 0.500926 0.779687 0.500926 0.782813 0.495370 0.783333 0.495370 0.786979 0.488889 0.787500 0.488889 0.791146 0.482407 0.791667 0.482407 0.795312 0.475926 0.795833 0.475926 0.799479 0.469444 0.800000 0.469444 0.803646 0.462963 0.804167 0.462963 0.807813 0.456481 0.808333 0.456481 0.811979 0.450000 0.812500 0.450000 0.816146 0.443519 0.816667 0.443519 0.819792 0.437963 0.820312 0.437963 0.823958 0.431481 0.824479 0.431481 0.829688 0.422222 0.830208 0.422222 0.830729 0.421296 0.830729 0.420370 0.832292 0.417593 0.832292 0.412963 0.831771 0.412037 0.831771 0.411111 0.830729 0.409259 0.830729 0.408333 0.829688 0.406481 0.829688 0.405556 0.828646 0.403704 0.828646 0.402778 0.827604 0.400926 0.827604 0.400000 0.827083 0.399074 0.827083 0.398148 0.826042 0.396296 0.826042 0.395370 0.825000 0.393519 0.825000 0.392593 0.823958 0.390741 0.823958 0.389815 0.822917 0.387963 0.822917 0.387037 0.822396 0.386111 0.822396 0.385185 0.821354 0.383333 0.821354 0.382407 0.820312 0.380556 0.820312 0.379630 0.819271 0.377778 0.819271 0.376852 0.818229 0.375000 0.818229 0.374074 0.817708 0.373148 0.817708 0.372222 0.816667 0.370370 0.816667 0.369444 0.815625 0.367593 0.815625 0.366667 0.814583 0.364815 0.814583 0.363889 0.813542 0.362037 0.813542 0.361111 0.813021 0.360185 0.813021 0.359259 0.811979 0.357407 0.811979 0.356481 0.810937 0.354630 0.810937 0.353704 0.809896 0.351852 0.809896 0.350926 0.808854 0.349074 0.808854 0.348148 0.808333 0.347222 0.808333 0.346296 0.807292 0.344444 0.807292 0.343519 0.806250 0.341667 0.806250 0.340741 0.805208 0.338889 0.805208 0.337963 0.804167 0.336111 0.804167 0.335185 0.803646 0.334259 0.803646 0.333333 0.802604 0.331481 0.802604 0.330556 0.801562 0.328704 0.801562 0.327778 0.800521 0.325926 0.800521 0.325000 0.799479 0.323148 0.799479 0.322222 0.798958 0.321296 0.798958 0.320370 0.797917 0.318519 0.797917 0.317593 0.796875 0.315741 0.796875 0.314815 0.795833 0.312963 0.795833 0.312037 0.794792 0.310185 0.794792 0.309259 0.794271 0.308333 0.794271 0.307407 0.793229 0.305556 0.793229 0.304630 0.792188 0.302778 0.792188 0.301852 0.791146 0.300000 0.791146 0.299074 0.790104 0.297222 0.790104 0.296296 0.789583 0.295370 0.789583 0.294444 0.788542 0.292593 0.788542 0.291667 0.787500 0.289815 0.787500 0.288889 0.786458 0.287037 0.786458 0.286111 0.785417 0.284259 0.785417 0.283333 0.784896 0.282407 0.784896 0.281481 0.783854 0.279630 0.783854 0.278704 0.782813 0.276852
0 0.198437 0.367130 0.115625 0.112037 0.195833 0.311111 0.194792 0.312963 0.194271 0.312963 0.190104 0.320370 0.189583 0.320370 0.183854 0.330556 0.183854 0.331481 0.172917 0.350926 0.172917 0.351852 0.161979 0.371296 0.161979 0.372222 0.151562 0.390741 0.151562 0.391667 0.143229 0.406481 0.143229 0.407407 0.141146 0.411111 0.141146 0.412037 0.140625 0.412963 0.140625 0.415741 0.141146 0.416667 0.141146 0.417593 0.143229 0.421296 0.145833 0.421296 0.147917 0.417593 0.148438 0.417593 0.154688 0.406481 0.155208 0.406481 0.161979 0.394444 0.162500 0.394444 0.169271 0.382407 0.169792 0.382407 0.176042 0.371296 0.176563 0.371296 0.183333 0.359259 0.183854 0.359259 0.190625 0.347222 0.191146 0.347222 0.191667 0.346296 0.193750 0.346296 0.194271 0.345370 0.194792 0.346296 0.196875 0.346296 0.197396 0.347222 0.198437 0.347222 0.198958 0.348148 0.199479 0.348148 0.200000 0.349074 0.200521 0.349074 0.201563 0.350926 0.202083 0.350926 0.203125 0.352778 0.203646 0.352778 0.205208 0.355556 0.205729 0.355556 0.207292 0.358333 0.207813 0.358333 0.210417 0.362963 0.210938 0.362963 0.214062 0.368519 0.214583 0.368519 0.217708 0.374074 0.218229 0.374074 0.222917 0.382407 0.223438 0.382407 0.229167 0.392593 0.229687 0.392593 0.236458 0.404630 0.236979 0.404630 0.243229 0.415741 0.243750 0.415741 0.246354 0.420370 0.246875 0.420370 0.247917 0.422222 0.248438 0.422222 0.248958 0.423148 0.251042 0.423148 0.251563 0.422222 0.252083 0.422222 0.253646 0.419444 0.253646 0.418519 0.256250 0.413889 0.256250 0.412963 0.255208 0.412963 0.254688 0.412037 0.254167 0.412037 0.252083 0.408333 0.251563 0.408333 0.246354 0.399074 0.245833 0.399074 0.238542 0.386111 0.238021 0.386111 0.230208 0.372222 0.229687 0.372222 0.221875 0.358333 0.221354 0.358333 0.214062 0.345370 0.213542 0.345370 0.205729 0.331481 0.205208 0.331481 0.196875 0.316667 0.196875 0.315741 0.195833 0.313889
0 0.314063 0.329630 0.120833 0.227778 0.359896 0.215741 0.359375 0.216667 0.358854 0.216667 0.358333 0.217593 0.357812 0.217593 0.343229 0.243519 0.343229 0.244444 0.341146 0.248148 0.341146 0.249074 0.339583 0.251852 0.339583 0.252778 0.337500 0.256481 0.337500 0.257407 0.335938 0.260185 0.335938 0.261111 0.333854 0.264815 0.333854 0.265741 0.332292 0.268519 0.332292 0.269444 0.330208 0.273148 0.330208 0.274074 0.328646 0.276852 0.328646 0.277778 0.326562 0.281481 0.326562 0.282407 0.325000 0.285185 0.325000 0.286111 0.322917 0.289815 0.322917 0.290741 0.321354 0.293519 0.321354 0.294444 0.319271 0.298148 0.319271 0.299074 0.317188 0.302778 0.317188 0.303704 0.315625 0.306481 0.315625 0.307407 0.313542 0.311111 0.313542 0.312037 0.311979 0.314815 0.311979 0.315741 0.309896 0.319444 0.309896 0.320370 0.296354 0.344444 0.296354 0.345370 0.277604 0.378704 0.277604 0.379630 0.275521 0.383333 0.275521 0.384259 0.273438 0.387963 0.273438 0.388889 0.271354 0.392593 0.271354 0.393519 0.269271 0.397222 0.269271 0.398148 0.267188 0.401852 0.267188 0.402778 0.265104 0.406481 0.265104 0.407407 0.263542 0.410185 0.263542 0.411111 0.261458 0.414815 0.261458 0.415741 0.259375 0.419444 0.259375 0.420370 0.257292 0.424074 0.257292 0.425000 0.255208 0.428704 0.255208 0.429630 0.254167 0.431481 0.254167 0.432407 0.253646 0.433333 0.253646 0.435185 0.254167 0.436111 0.254167 0.437037 0.254688 0.437963 0.254688 0.438889 0.255208 0.438889 0.256250 0.440741 0.256771 0.440741 0.257292 0.441667 0.258333 0.441667 0.258854 0.440741 0.259375 0.440741 0.280208 0.403704 0.280729 0.403704 0.290625 0.386111 0.291146 0.386111 0.295312 0.378704 0.295833 0.378704 0.298438 0.374074 0.298958 0.374074 0.300521 0.371296 0.301042 0.371296 0.302604 0.368519 0.303125 0.368519 0.303646 0.367593 0.304167 0.367593 0.304688 0.366667 0.305208 0.366667 0.305729 0.365741 0.306250 0.365741 0.306771 0.364815 0.308333 0.364815 0.308854 0.363889 0.310937 0.363889 0.311458 0.364815 0.313021 0.364815 0.313542 0.365741 0.314063 0.365741 0.314583 0.366667 0.315104 0.366667 0.315625 0.367593 0.316146 0.367593 0.316667 0.368519 0.317188 0.368519 0.318229 0.370370 0.318750 0.370370 0.320312 0.373148 0.320833 0.373148 0.322917 0.376852 0.323437 0.376852 0.325521 0.380556 0.326042 0.380556 0.329167 0.386111 0.329688 0.386111 0.333854 0.393519 0.334375 0.393519 0.340104 0.403704 0.340625 0.403704 0.348958 0.418519 0.349479 0.418519 0.358333 0.434259 0.358854 0.434259 0.361979 0.439815 0.362500 0.439815 0.363542 0.441667 0.364063 0.441667 0.364583 0.442593 0.365625 0.442593 0.366146 0.443519 0.366667 0.443519 0.367188 0.442593 0.367708 0.442593 0.369271 0.439815 0.369271 0.438889 0.369792 0.437963 0.369792 0.437037 0.370312 0.436111 0.370312 0.435185 0.370833 0.434259 0.370833 0.433333 0.371354 0.432407 0.371354 0.431481 0.371875 0.430556 0.371875 0.429630 0.372396 0.428704 0.372396 0.427778 0.372917 0.426852 0.372917 0.425926 0.373437 0.425000 0.373437 0.424074 0.373958 0.423148 0.373958 0.422222 0.374479 0.421296 0.374479 0.420370 0.371875 0.415741 0.371354 0.415741 0.361458 0.398148 0.360938 0.398148 0.349479 0.377778 0.348958 0.377778 0.336979 0.356481 0.336458 0.356481 0.324479 0.335185 0.323958 0.335185 0.320833 0.329630 0.320833 0.328704 0.318229 0.324074 0.318229 0.323148 0.317708 0.322222 0.317708 0.318519 0.318750 0.316667 0.318750 0.315741 0.320312 0.312963 0.320312 0.312037 0.321875 0.309259 0.321875 0.308333 0.323958 0.304630 0.323958 0.303704 0.325521 0.300926 0.325521 0.300000 0.327083 0.297222 0.327083 0.296296 0.329167 0.292593 0.329167 0.291667 0.330729 0.288889 0.330729 0.287963 0.332292 0.285185 0.332292 0.284259 0.334375 0.280556 0.334375 0.279630 0.335938 0.276852 0.335938 0.275926 0.337500 0.273148 0.337500 0.272222 0.339583 0.268519 0.339583 0.267593 0.341146 0.264815 0.341146 0.263889 0.342708 0.261111 0.342708 0.260185 0.344792 0.256481 0.344792 0.255556 0.346354 0.252778 0.346354 0.251852 0.347917 0.249074 0.347917 0.248148 0.350000 0.244444 0.350000 0.243519 0.351562 0.240741 0.351562 0.239815 0.353125 0.237037 0.353125 0.236111 0.355208 0.232407 0.355208 0.231481 0.356771 0.228704 0.356771 0.227778 0.358854 0.224074 0.358854 0.223148 0.360417 0.220370 0.360417 0.219444 0.361458 0.217593 0.361458 0.216667 0.360938 0.216667 0.360417 0.215741
0 0.439583 0.324074 0.114583 0.222222 0.464062 0.212963 0.462500 0.215741 0.461979 0.215741 0.458854 0.221296 0.458854 0.223148 0.458333 0.224074 0.458333 0.225000 0.457813 0.225926 0.457813 0.227778 0.457292 0.228704 0.457292 0.229630 0.456771 0.230556 0.456771 0.231481 0.456250 0.232407 0.456250 0.234259 0.455729 0.235185 0.455729 0.236111 0.455208 0.237037 0.455208 0.237963 0.454688 0.238889 0.454688 0.240741 0.454167 0.241667 0.454167 0.242593 0.453646 0.243519 0.453646 0.245370 0.453125 0.246296 0.453125 0.247222 0.452604 0.248148 0.452604 0.249074 0.452083 0.250000 0.452083 0.251852 0.451562 0.252778 0.451562 0.253704 0.451042 0.254630 0.451042 0.256481 0.450521 0.257407 0.450521 0.258333 0.450000 0.259259 0.450000 0.260185 0.449479 0.261111 0.449479 0.262963 0.448958 0.263889 0.448958 0.264815 0.448437 0.265741 0.448437 0.266667 0.447917 0.267593 0.447917 0.269444 0.447396 0.270370 0.447396 0.271296 0.446875 0.272222 0.446875 0.274074 0.446354 0.275000 0.446354 0.275926 0.445833 0.276852 0.445833 0.277778 0.445312 0.278704 0.445312 0.280556 0.444792 0.281481 0.444792 0.282407 0.444271 0.283333 0.444271 0.284259 0.443750 0.285185 0.443750 0.287037 0.443229 0.287963 0.443229 0.288889 0.442708 0.289815 0.442708 0.291667 0.442188 0.292593 0.442188 0.293519 0.441667 0.294444 0.441667 0.295370 0.441146 0.296296 0.441146 0.298148 0.440625 0.299074 0.440625 0.300000 0.440104 0.300926 0.440104 0.302778 0.439583 0.303704 0.439583 0.304630 0.439063 0.305556 0.439063 0.306481 0.438542 0.307407 0.438542 0.309259 0.438021 0.310185 0.438021 0.311111 0.437500 0.312037 0.437500 0.312963 0.436979 0.313889 0.436979 0.315741 0.436458 0.316667 0.436458 0.317593 0.435937 0.318519 0.435937 0.320370 0.435417 0.321296 0.435417 0.322222 0.434896 0.323148 0.434896 0.324074 0.434375 0.325000 0.434375 0.325926 0.433854 0.326852 0.433854 0.327778 0.408333 0.373148 0.407813 0.373148 0.385937 0.412037 0.385937 0.412963 0.385417 0.413889 0.385417 0.414815 0.384896 0.415741 0.384896 0.416667 0.384375 0.417593 0.384375 0.418519 0.383854 0.419444 0.383854 0.420370 0.383333 0.421296 0.383333 0.422222 0.382812 0.423148 0.382812 0.425000 0.382292 0.425926 0.382292 0.427778 0.382812 0.428704 0.382812 0.429630 0.384896 0.433333 0.387500 0.433333 0.389583 0.429630 0.390104 0.429630 0.403646 0.405556 0.404167 0.405556 0.413542 0.388889 0.414062 0.388889 0.419271 0.379630 0.419792 0.379630 0.423438 0.373148 0.423958 0.373148 0.426042 0.369444 0.426563 0.369444 0.428646 0.365741 0.429167 0.365741 0.430729 0.362963 0.431250 0.362963 0.431771 0.362037 0.432292 0.362037 0.433333 0.360185 0.433854 0.360185 0.434375 0.359259 0.434896 0.359259 0.435417 0.358333 0.436458 0.358333 0.436979 0.357407 0.441146 0.357407 0.441667 0.358333 0.442188 0.358333 0.442708 0.359259 0.443750 0.359259 0.444271 0.360185 0.444792 0.360185 0.445833 0.362037 0.446354 0.362037 0.447396 0.363889 0.447917 0.363889 0.448958 0.365741 0.449479 0.365741 0.452083 0.370370 0.452604 0.370370 0.455208 0.375000 0.455729 0.375000 0.459896 0.382407 0.460417 0.382407 0.467708 0.395370 0.468229 0.395370 0.483333 0.422222 0.483854 0.422222 0.489583 0.432407 0.490104 0.432407 0.491146 0.434259 0.491667 0.434259 0.492188 0.435185 0.494792 0.435185 0.495312 0.434259 0.495833 0.434259 0.496354 0.433333 0.496354 0.432407 0.496875 0.431481 0.496354 0.431481 0.492708 0.425000 0.492188 0.425000 0.472396 0.389815 0.471875 0.389815 0.449479 0.350000 0.448958 0.350000 0.443229 0.339815 0.443229 0.338889 0.440625 0.334259 0.440625 0.333333 0.440104 0.332407 0.440104 0.331481 0.439583 0.330556 0.439583 0.328704 0.440104 0.327778 0.440104 0.326852 0.440625 0.325926 0.440625 0.324074 0.441146 0.323148 0.441146 0.322222 0.441667 0.321296 0.441667 0.319444 0.442188 0.318519 0.442188 0.317593 0.442708 0.316667 0.442708 0.314815 0.443229 0.313889 0.443229 0.312963 0.443750 0.312037 0.443750 0.310185 0.444271 0.309259 0.444271 0.308333 0.444792 0.307407 0.444792 0.305556 0.445312 0.304630 0.445312 0.303704 0.445833 0.302778 0.445833 0.300926 0.446354 0.300000 0.446354 0.299074 0.446875 0.298148 0.446875 0.296296 0.447396 0.295370 0.447396 0.294444 0.447917 0.293519 0.447917 0.291667 0.448437 0.290741 0.448437 0.289815 0.448958 0.288889 0.448958 0.287037 0.449479 0.286111 0.449479 0.285185 0.450000 0.284259 0.450000 0.282407 0.450521 0.281481 0.450521 0.280556 0.451042 0.279630 0.451042 0.277778 0.451562 0.276852 0.451562 0.275926 0.452083 0.275000 0.452083 0.273148 0.452604 0.272222 0.452604 0.271296 0.453125 0.270370 0.453125 0.268519 0.453646 0.267593 0.453646 0.266667 0.454167 0.265741 0.454167 0.263889 0.454688 0.262963 0.454688 0.261111 0.455208 0.260185 0.455208 0.259259 0.455729 0.258333 0.455729 0.256481 0.456250 0.255556 0.456250 0.254630 0.456771 0.253704 0.456771 0.251852 0.457292 0.250926 0.457292 0.250000 0.457813 0.249074 0.457813 0.247222 0.458333 0.246296 0.458333 0.245370 0.458854 0.244444 0.458854 0.242593 0.459375 0.241667 0.459375 0.240741 0.459896 0.239815 0.459896 0.237963 0.460417 0.237037 0.460417 0.236111 0.460938 0.235185 0.460938 0.233333 0.461458 0.232407 0.461458 0.231481 0.461979 0.230556 0.461979 0.228704 0.462500 0.227778 0.462500 0.226852 0.463021 0.225926 0.463021 0.224074 0.463542 0.223148 0.463542 0.222222 0.464062 0.221296 0.464062 0.219444 0.464583 0.218519 0.464583 0.217593 0.465104 0.216667 0.465104 0.214815 0.465625 0.213889 0.465625 0.212963
0 0.562240 0.337037 0.118229 0.231481 0.565104 0.221296 0.564063 0.223148 0.563542 0.223148 0.562500 0.225000 0.562500 0.234259 0.561979 0.235185 0.561979 0.251852 0.561458 0.252778 0.561458 0.268519 0.560937 0.269444 0.560937 0.286111 0.560417 0.287037 0.560417 0.303704 0.559896 0.304630 0.559896 0.321296 0.559375 0.322222 0.559375 0.334259 0.558333 0.336111 0.558333 0.337037 0.546875 0.357407 0.546354 0.357407 0.536979 0.374074 0.536458 0.374074 0.527083 0.390741 0.526563 0.390741 0.517188 0.407407 0.516667 0.407407 0.507812 0.423148 0.507292 0.423148 0.505208 0.426852 0.505208 0.427778 0.504687 0.428704 0.504687 0.432407 0.504167 0.433333 0.504167 0.437037 0.503646 0.437963 0.503646 0.442593 0.503125 0.443519 0.503646 0.444444 0.503646 0.446296 0.505729 0.450000 0.506250 0.450000 0.506771 0.450926 0.507292 0.450926 0.507812 0.450000 0.508333 0.450000 0.508854 0.449074 0.509375 0.449074 0.511458 0.445370 0.511979 0.445370 0.518750 0.433333 0.519271 0.433333 0.527083 0.419444 0.527604 0.419444 0.533333 0.409259 0.533854 0.409259 0.538542 0.400926 0.539062 0.400926 0.542708 0.394444 0.543229 0.394444 0.545833 0.389815 0.546354 0.389815 0.548438 0.386111 0.548958 0.386111 0.551042 0.382407 0.551562 0.382407 0.553125 0.379630 0.553646 0.379630 0.554688 0.377778 0.555208 0.377778 0.555729 0.376852 0.556250 0.376852 0.557292 0.375000 0.558333 0.375000 0.558854 0.374074 0.559375 0.374074 0.559896 0.373148 0.561979 0.373148 0.562500 0.372222 0.563021 0.372222 0.563542 0.373148 0.565625 0.373148 0.566146 0.374074 0.567187 0.374074 0.567708 0.375000 0.568229 0.375000 0.568750 0.375926 0.569271 0.375926 0.570312 0.377778 0.570833 0.377778 0.572396 0.380556 0.572917 0.380556 0.574479 0.383333 0.575000 0.383333 0.578125 0.388889 0.578646 0.388889 0.582812 0.396296 0.583333 0.396296 0.592708 0.412963 0.593229 0.412963 0.613542 0.449074 0.614062 0.449074 0.615104 0.450926 0.615625 0.450926 0.616146 0.451852 0.616667 0.451852 0.617188 0.452778 0.618750 0.452778 0.619271 0.451852 0.619792 0.451852 0.620833 0.450000 0.620833 0.449074 0.621354 0.448148 0.621354 0.441667 0.620833 0.440741 0.620833 0.438889 0.619792 0.437037 0.619271 0.437037 0.565104 0.340741 0.565104 0.339815 0.564063 0.337963 0.564063 0.336111 0.563542 0.335185 0.563542 0.332407 0.564063 0.331481 0.564063 0.309259 0.564583 0.308333 0.564583 0.285185 0.565104 0.284259 0.565104 0.262037 0.565625 0.261111 0.565625 0.238889 0.566146 0.237963 0.566146 0.221296
0 0.688542 0.333333 0.119792 0.233333 0.667708 0.216667 0.666146 0.219444 0.666146 0.222222 0.666667 0.223148 0.666667 0.225000 0.667188 0.225926 0.667188 0.227778 0.667708 0.228704 0.667708 0.230556 0.668229 0.231481 0.668229 0.234259 0.668750 0.235185 0.668750 0.237037 0.669271 0.237963 0.669271 0.239815 0.669792 0.240741 0.669792 0.242593 0.670312 0.243519 0.670312 0.246296 0.670833 0.247222 0.670833 0.249074 0.671354 0.250000 0.671354 0.251852 0.671875 0.252778 0.671875 0.255556 0.672396 0.256481 0.672396 0.258333 0.672917 0.259259 0.672917 0.261111 0.673438 0.262037 0.673438 0.263889 0.673958 0.264815 0.673958 0.267593 0.674479 0.268519 0.674479 0.270370 0.675000 0.271296 0.675000 0.273148 0.675521 0.274074 0.675521 0.275926 0.676042 0.276852 0.676042 0.279630 0.676562 0.280556 0.676562 0.282407 0.677083 0.283333 0.677083 0.285185 0.677604 0.286111 0.677604 0.288889 0.678125 0.289815 0.678125 0.291667 0.678646 0.292593 0.678646 0.294444 0.679167 0.295370 0.679167 0.297222 0.679688 0.298148 0.679688 0.300926 0.680208 0.301852 0.680208 0.303704 0.680729 0.304630 0.680729 0.306481 0.681250 0.307407 0.681250 0.310185 0.681771 0.311111 0.681771 0.312963 0.682292 0.313889 0.682292 0.315741 0.682813 0.316667 0.682813 0.318519 0.683333 0.319444 0.683333 0.322222 0.683854 0.323148 0.683854 0.325000 0.684375 0.325926 0.684375 0.327778 0.684896 0.328704 0.684896 0.330556 0.685417 0.331481 0.685417 0.334259 0.685937 0.335185 0.685937 0.339815 0.684375 0.342593 0.684375 0.343519 0.680208 0.350926 0.679688 0.350926 0.673438 0.362037 0.672917 0.362037 0.667188 0.372222 0.666667 0.372222 0.660937 0.382407 0.660417 0.382407 0.655208 0.391667 0.654687 0.391667 0.648958 0.401852 0.648438 0.401852 0.642708 0.412037 0.642188 0.412037 0.636458 0.422222 0.635938 0.422222 0.630729 0.431481 0.630208 0.431481 0.628646 0.434259 0.628646 0.438889 0.629167 0.439815 0.629167 0.443519 0.631250 0.447222 0.631771 0.447222 0.632292 0.448148 0.632812 0.448148 0.633333 0.447222 0.634375 0.447222 0.635938 0.444444 0.636458 0.444444 0.640104 0.437963 0.640625 0.437963 0.646354 0.427778 0.646875 0.427778 0.651563 0.419444 0.652083 0.419444 0.656771 0.411111 0.657292 0.411111 0.661458 0.403704 0.661979 0.403704 0.665104 0.398148 0.665625 0.398148 0.668750 0.392593 0.669271 0.392593 0.671875 0.387963 0.672396 0.387963 0.674479 0.384259 0.675000 0.384259 0.676562 0.381481 0.677083 0.381481 0.678646 0.378704 0.679167 0.378704 0.680729 0.375926 0.681250 0.375926 0.682292 0.374074 0.682813 0.374074 0.683333 0.373148 0.683854 0.373148 0.684375 0.372222 0.684896 0.372222 0.685417 0.371296 0.685937 0.371296 0.686458 0.370370 0.687500 0.370370 0.688021 0.369444 0.693229 0.369444 0.693750 0.370370 0.694792 0.370370 0.695312 0.371296 0.695833 0.371296 0.696875 0.373148 0.697396 0.373148 0.697917 0.374074 0.698438 0.374074 0.700000 0.376852 0.700521 0.376852 0.702604 0.380556 0.703125 0.380556 0.706771 0.387037 0.707292 0.387037 0.715104 0.400926 0.715625 0.400926 0.730208 0.426852 0.730208 0.427778 0.739583 0.444444 0.740104 0.444444 0.742188 0.448148 0.742708 0.448148 0.743229 0.449074 0.744271 0.449074 0.744792 0.450000 0.745313 0.450000 0.745833 0.449074 0.746875 0.449074 0.748437 0.446296 0.748437 0.440741 0.747917 0.439815 0.747917 0.438889 0.747396 0.437963 0.747396 0.436111 0.746875 0.435185 0.746875 0.434259 0.746354 0.433333 0.746354 0.432407 0.745833 0.431481 0.745833 0.429630 0.745313 0.428704 0.745313 0.427778 0.744792 0.426852 0.744792 0.425000 0.744271 0.424074 0.744271 0.423148 0.743750 0.422222 0.743750 0.421296 0.743229 0.420370 0.743229 0.418519 0.742708 0.417593 0.742708 0.416667 0.742188 0.415741 0.742188 0.413889 0.741667 0.412963 0.741667 0.412037 0.741146 0.411111 0.741146 0.410185 0.740625 0.409259 0.740625 0.407407 0.740104 0.406481 0.740104 0.405556 0.739583 0.404630 0.739583 0.402778 0.739062 0.401852 0.739062 0.400926 0.738542 0.400000 0.738542 0.399074 0.738021 0.398148 0.738021 0.396296 0.737500 0.395370 0.737500 0.394444 0.736979 0.393519 0.736979 0.391667 0.736458 0.390741 0.736458 0.389815 0.735938 0.388889 0.735938 0.387963 0.735417 0.387037 0.735417 0.385185 0.734896 0.384259 0.734896 0.383333 0.734375 0.382407 0.734375 0.380556 0.733854 0.379630 0.733854 0.378704 0.733333 0.377778 0.733333 0.376852 0.732812 0.375926 0.732812 0.374074 0.732292 0.373148 0.732292 0.372222 0.731771 0.371296 0.731771 0.369444 0.731250 0.368519 0.731250 0.367593 0.730729 0.366667 0.730729 0.364815 0.730208 0.363889 0.730208 0.362963 0.729688 0.362037 0.729688 0.361111 0.729167 0.360185 0.729167 0.358333 0.728646 0.357407 0.728646 0.356481 0.728125 0.355556 0.728125 0.353704 0.727604 0.352778 0.727604 0.351852 0.727083 0.350926 0.727083 0.350000 0.726562 0.349074 0.726562 0.347222 0.726042 0.346296 0.726042 0.345370 0.725521 0.344444 0.725521 0.342593 0.725000 0.341667 0.725000 0.340741 0.724479 0.339815 0.724479 0.338889 0.723958 0.337963 0.723958 0.336111 0.723437 0.335185 0.723437 0.334259 0.722917 0.333333 0.722917 0.331481 0.722396 0.330556 0.722396 0.329630 0.721875 0.328704 0.721875 0.327778 0.721354 0.326852 0.721354 0.325000 0.720833 0.324074 0.720833 0.323148 0.720313 0.322222 0.720313 0.320370 0.719792 0.319444 0.719792 0.318519 0.719271 0.317593 0.719271 0.316667 0.718750 0.315741 0.718750 0.313889 0.718229 0.312963 0.718229 0.312037 0.717708 0.311111 0.717708 0.309259 0.717187 0.308333 0.717187 0.307407 0.716667 0.306481 0.716667 0.305556 0.716146 0.304630 0.716146 0.302778 0.715625 0.301852 0.715625 0.300926 0.715104 0.300000 0.715104 0.299074 0.714583 0.298148 0.714583 0.297222 0.710417 0.289815 0.710417 0.288889 0.694792 0.261111 0.694792 0.260185 0.678125 0.230556 0.678125 0.229630 0.672396 0.219444 0.671875 0.219444 0.670312 0.216667