0 0.152083 0.559259 0.115625 0.103704 0.098958 0.507407 0.097396 0.510185 0.096875 0.510185 0.095833 0.512037 0.095312 0.512037 0.094271 0.513889 0.094271 0.520370 0.095312 0.522222 0.095312 0.523148 0.106250 0.542593 0.106771 0.542593 0.121354 0.568519 0.121875 0.568519 0.136979 0.595370 0.137500 0.595370 0.145833 0.610185 0.146354 0.610185 0.146875 0.611111 0.155208 0.611111 0.158854 0.604630 0.159375 0.604630 0.165104 0.594444 0.165625 0.594444 0.170833 0.585185 0.171354 0.585185 0.177083 0.575000 0.177604 0.575000 0.183333 0.564815 0.183854 0.564815 0.189583 0.554630 0.190104 0.554630 0.195833 0.544444 0.196354 0.544444 0.202083 0.534259 0.202604 0.534259 0.207813 0.525000 0.208333 0.525000 0.209896 0.522222 0.209896 0.521296 0.208333 0.518519 0.207813 0.518519 0.206771 0.516667 0.206250 0.516667 0.205208 0.514815 0.204687 0.514815 0.204167 0.513889 0.203646 0.513889 0.203125 0.512963 0.202604 0.512963 0.202083 0.512037 0.197917 0.512037 0.196354 0.514815 0.195833 0.514815 0.192708 0.520370 0.192188 0.520370 0.188542 0.526852 0.188021 0.526852 0.184896 0.532407 0.184375 0.532407 0.180729 0.538889 0.180208 0.538889 0.177083 0.544444 0.176563 0.544444 0.172917 0.550926 0.172396 0.550926 0.169271 0.556481 0.168750 0.556481 0.165104 0.562963 0.164583 0.562963 0.161458 0.568519 0.160938 0.568519 0.157812 0.574074 0.157292 0.574074 0.154167 0.579630 0.153646 0.579630 0.153125 0.580556 0.151042 0.580556 0.148438 0.575926 0.148438 0.571296 0.150521 0.567593 0.150521 0.566667 0.165104 0.540741 0.165104 0.538889 0.161979 0.544444 0.161458 0.544444 0.158854 0.549074 0.158333 0.549074 0.155208 0.554630 0.154688 0.554630 0.152083 0.559259 0.151562 0.559259 0.148958 0.563889 0.148438 0.563889 0.145833 0.568519 0.145313 0.568519 0.142708 0.573148 0.142187 0.573148 0.141146 0.575000 0.139063 0.575000 0.138542 0.574074 0.138021 0.574074 0.135937 0.570370 0.135417 0.570370 0.126042 0.553704 0.125521 0.553704 0.112500 0.530556 0.111979 0.530556
0 0.145052 0.512963 0.124479 0.124074 0.101562 0.450926 0.100521 0.452778 0.100000 0.452778 0.098958 0.454630 0.098437 0.454630 0.097396 0.456481 0.096875 0.456481 0.095833 0.458333 0.095312 0.458333 0.094271 0.460185 0.093750 0.460185 0.092708 0.462037 0.092188 0.462037 0.091146 0.463889 0.090625 0.463889 0.089583 0.465741 0.089063 0.465741 0.088021 0.467593 0.087500 0.467593 0.086458 0.469444 0.085938 0.469444 0.084896 0.471296 0.084375 0.471296 0.082812 0.474074 0.082812 0.478704 0.083333 0.479630 0.083333 0.480556 0.098437 0.507407 0.098958 0.507407 0.111458 0.529630 0.111979 0.529630 0.125000 0.552778 0.125521 0.552778 0.134896 0.569444 0.135417 0.569444 0.137500 0.573148 0.138021 0.573148 0.139063 0.575000 0.140625 0.575000 0.141146 0.574074 0.141667 0.574074 0.142708 0.572222 0.143229 0.572222 0.145833 0.567593 0.146354 0.567593 0.148958 0.562963 0.149479 0.562963 0.152083 0.558333 0.152604 0.558333 0.155208 0.553704 0.155729 0.553704 0.158854 0.548148 0.159375 0.548148 0.161979 0.543519 0.162500 0.543519 0.165104 0.538889 0.165625 0.538889 0.167708 0.535185 0.167708 0.534259 0.189583 0.495370 0.189583 0.494444 0.192708 0.488889 0.193229 0.488889 0.196875 0.482407 0.197396 0.482407 0.200000 0.477778 0.200521 0.477778 0.203125 0.473148 0.203646 0.473148 0.206250 0.468519 0.206771 0.468519 0.207292 0.467593 0.207292 0.466667 0.206771 0.466667 0.205208 0.463889 0.204687 0.463889 0.203646 0.462037 0.203125 0.462037 0.202604 0.461111 0.202083 0.461111 0.201563 0.460185 0.201042 0.460185 0.200521 0.459259 0.199479 0.459259 0.198958 0.458333 0.198437 0.458333 0.196875 0.461111 0.196354 0.461111 0.194271 0.464815 0.193750 0.464815 0.191667 0.468519 0.191146 0.468519 0.189062 0.472222 0.188542 0.472222 0.186458 0.475926 0.185938 0.475926 0.183854 0.479630 0.183333 0.479630 0.171354 0.500926 0.170833 0.500926 0.168750 0.504630 0.168229 0.504630 0.166146 0.508333 0.165625 0.508333 0.163542 0.512037 0.163021 0.512037 0.160938 0.515741 0.160417 0.515741 0.158333 0.519444 0.157812 0.519444 0.155729 0.523148 0.155208 0.523148 0.152604 0.527778 0.152083 0.527778 0.151042 0.529630 0.150000 0.529630 0.149479 0.528704 0.148958 0.528704 0.146354 0.524074 0.146354 0.523148 0.145833 0.522222 0.145833 0.520370 0.146354 0.519444 0.146354 0.518519 0.147396 0.516667 0.147396 0.515741 0.149479 0.512037 0.148438 0.513889 0.147917 0.513889 0.147396 0.514815 0.146354 0.514815 0.145833 0.513889 0.145313 0.513889 0.144792 0.512963 0.144271 0.512963 0.140625 0.506481 0.140104 0.506481 0.130208 0.488889 0.129688 0.488889 0.129167 0.489815 0.128646 0.489815 0.128125 0.490741 0.126562 0.490741 0.126042 0.489815 0.125521 0.489815 0.123958 0.487037 0.123438 0.487037 0.116146 0.474074 0.115625 0.474074 0.102604 0.450926
0 0.171094 0.455556 0.081771 0.116667 0.206250 0.397222 0.204687 0.400000 0.204167 0.400000 0.202604 0.402778 0.202083 0.402778 0.200521 0.405556 0.200000 0.405556 0.198958 0.407407 0.198437 0.407407 0.196875 0.410185 0.196354 0.410185 0.194792 0.412963 0.194271 0.412963 0.192708 0.415741 0.192188 0.415741 0.190625 0.418519 0.190104 0.418519 0.180208 0.436111 0.179688 0.436111 0.178125 0.438889 0.177604 0.438889 0.176042 0.441667 0.175521 0.441667 0.173958 0.444444 0.173437 0.444444 0.171875 0.447222 0.171354 0.447222 0.169792 0.450000 0.169271 0.450000 0.167708 0.452778 0.167187 0.452778 0.165625 0.455556 0.165104 0.455556 0.163542 0.458333 0.163021 0.458333 0.161458 0.461111 0.160938 0.461111 0.159375 0.463889 0.158854 0.463889 0.157292 0.466667 0.156771 0.466667 0.156250 0.467593 0.155208 0.467593 0.154688 0.466667 0.154167 0.466667 0.151562 0.462037 0.151562 0.460185 0.150521 0.462037 0.150000 0.462037 0.148438 0.464815 0.147917 0.464815 0.146354 0.467593 0.145833 0.467593 0.144792 0.469444 0.144271 0.469444 0.142708 0.472222 0.142187 0.472222 0.140625 0.475000 0.140104 0.475000 0.138542 0.477778 0.138021 0.477778 0.136979 0.479630 0.136458 0.479630 0.134896 0.482407 0.134375 0.482407 0.132812 0.485185 0.132292 0.485185 0.130729 0.487963 0.130208 0.487963 0.140104 0.505556 0.140625 0.505556 0.144271 0.512037 0.144792 0.512037 0.145313 0.512963 0.145833 0.512963 0.146354 0.513889 0.147396 0.513889 0.147917 0.512963 0.148438 0.512963 0.149479 0.511111 0.150000 0.511111 0.155729 0.500926 0.155729 0.500000 0.170313 0.474074 0.170313 0.473148 0.184375 0.448148 0.184375 0.447222 0.193229 0.431481 0.193750 0.431481 0.195312 0.428704 0.195833 0.428704 0.197917 0.425000 0.198437 0.425000 0.200000 0.422222 0.200521 0.422222 0.202083 0.419444 0.202604 0.419444 0.204167 0.416667 0.204687 0.416667 0.206771 0.412963 0.207292 0.412963 0.208854 0.410185 0.208854 0.409259 0.209375 0.408333 0.209375 0.407407 0.211458 0.403704 0.211979 0.403704 0.211458 0.403704 0.209896 0.400926 0.209375 0.400926 0.208854 0.400000 0.208333 0.400000 0.207292 0.398148 0.206771 0.398148
0 0.142448 0.415278 0.145313 0.149074 0.213021 0.340741 0.211979 0.342593 0.211458 0.342593 0.210417 0.344444 0.209896 0.344444 0.208854 0.346296 0.208333 0.346296 0.206771 0.349074 0.206250 0.349074 0.205208 0.350926 0.204687 0.350926 0.203646 0.352778 0.203125 0.352778 0.202083 0.354630 0.201563 0.354630 0.200000 0.357407 0.199479 0.357407 0.198437 0.359259 0.197917 0.359259 0.196875 0.361111 0.196354 0.361111 0.195312 0.362963 0.194792 0.362963 0.193750 0.364815 0.193229 0.364815 0.191667 0.367593 0.191146 0.367593 0.190104 0.369444 0.189583 0.369444 0.188542 0.371296 0.188021 0.371296 0.186979 0.373148 0.186458 0.373148 0.184896 0.375926 0.184375 0.375926 0.183333 0.377778 0.182812 0.377778 0.181771 0.379630 0.181250 0.379630 0.180208 0.381481 0.179688 0.381481 0.178125 0.384259 0.177604 0.384259 0.176563 0.386111 0.176042 0.386111 0.175000 0.387963 0.174479 0.387963 0.173437 0.389815 0.172917 0.389815 0.171354 0.392593 0.170833 0.392593 0.165625 0.401852 0.165104 0.401852 0.163542 0.404630 0.163021 0.404630 0.161979 0.406481 0.161458 0.406481 0.160417 0.408333 0.158854 0.408333 0.158333 0.407407 0.157812 0.407407 0.157292 0.406481 0.156250 0.406481 0.155208 0.408333 0.154688 0.408333 0.153646 0.410185 0.153125 0.410185 0.152083 0.412037 0.151562 0.412037 0.150521 0.413889 0.150000 0.413889 0.148438 0.416667 0.147917 0.416667 0.146875 0.418519 0.146354 0.418519 0.145313 0.420370 0.144792 0.420370 0.143750 0.422222 0.143229 0.422222 0.142187 0.424074 0.141667 0.424074 0.140104 0.426852 0.139583 0.426852 0.138542 0.428704 0.138021 0.428704 0.136979 0.430556 0.136458 0.430556 0.135417 0.432407 0.134896 0.432407 0.133854 0.434259 0.133333 0.434259 0.131771 0.437037 0.131250 0.437037 0.130208 0.438889 0.129688 0.438889 0.128646 0.440741 0.128125 0.440741 0.127083 0.442593 0.126562 0.442593 0.125521 0.444444 0.125000 0.444444 0.123438 0.447222 0.122917 0.447222 0.121875 0.449074 0.121354 0.449074 0.120313 0.450926 0.119792 0.450926 0.118750 0.452778 0.118229 0.452778 0.117188 0.454630 0.115625 0.454630 0.115104 0.453704 0.114583 0.453704 0.114062 0.452778 0.113542 0.452778 0.109896 0.446296 0.109375 0.446296 0.096354 0.423148 0.095833 0.423148 0.082292 0.399074 0.081771 0.399074 0.073438 0.384259 0.072917 0.385185 0.072396 0.385185 0.071875 0.386111 0.071354 0.386111 0.070312 0.387963 0.070312 0.388889 0.069792 0.389815 0.069792 0.391667 0.070312 0.392593 0.070312 0.393519 0.070833 0.394444 0.070833 0.395370 0.086458 0.423148 0.086979 0.423148 0.101042 0.448148 0.101562 0.448148 0.115625 0.473148 0.116146 0.473148 0.123438 0.486111 0.123958 0.486111 0.125521 0.488889 0.126042 0.488889 0.126562 0.489815 0.128125 0.489815 0.128646 0.488889 0.129167 0.488889 0.130208 0.487037 0.130729 0.487037 0.132292 0.484259 0.132812 0.484259 0.134375 0.481481 0.134896 0.481481 0.136458 0.478704 0.136979 0.478704 0.138021 0.476852 0.138542 0.476852 0.140104 0.474074 0.140625 0.474074 0.142187 0.471296 0.142708 0.471296 0.144271 0.468519 0.144792 0.468519 0.145833 0.466667 0.146354 0.466667 0.147917 0.463889 0.148438 0.463889 0.150000 0.461111 0.150521 0.461111 0.151562 0.459259 0.151562 0.457407 0.152083 0.456481 0.152083 0.455556 0.154688 0.450926 0.154688 0.450000 0.164062 0.433333 0.164062 0.432407 0.175521 0.412037 0.175521 0.411111 0.186458 0.391667 0.186458 0.390741 0.199479 0.367593 0.200000 0.367593 0.201042 0.365741 0.201563 0.365741 0.202604 0.363889 0.203125 0.363889 0.204687 0.361111 0.205208 0.361111 0.206250 0.359259 0.206771 0.359259 0.208333 0.356481 0.208854 0.356481 0.209896 0.354630 0.210417 0.354630 0.211458 0.352778 0.211979 0.352778 0.213542 0.350000 0.213542 0.348148 0.214062 0.347222 0.214062 0.346296 0.215104 0.344444 0.215104 0.343519 0.214583 0.343519
0 0.136719 0.344444 0.156771 0.218519 0.179167 0.235185 0.178646 0.236111 0.178125 0.236111 0.177604 0.237037 0.177083 0.237037 0.176563 0.237963 0.176042 0.237963 0.175521 0.238889 0.175000 0.238889 0.174479 0.239815 0.173958 0.239815 0.172917 0.241667 0.172396 0.241667 0.171875 0.242593 0.171354 0.242593 0.170833 0.243519 0.170313 0.243519 0.169792 0.244444 0.169271 0.244444 0.168750 0.245370 0.168229 0.245370 0.167708 0.246296 0.167187 0.246296 0.166667 0.247222 0.166146 0.247222 0.165104 0.249074 0.164583 0.249074 0.164062 0.250000 0.163542 0.250000 0.163021 0.250926 0.162500 0.250926 0.161979 0.251852 0.161458 0.251852 0.160938 0.252778 0.160417 0.252778 0.159896 0.253704 0.159375 0.253704 0.158333 0.255556 0.157812 0.255556 0.157292 0.256481 0.156771 0.256481 0.156250 0.257407 0.155729 0.257407 0.155208 0.258333 0.154688 0.258333 0.154167 0.259259 0.153646 0.259259 0.153125 0.260185 0.152604 0.260185 0.151562 0.262037 0.151042 0.262037 0.150521 0.262963 0.150000 0.262963 0.149479 0.263889 0.148958 0.263889 0.148438 0.264815 0.147917 0.264815 0.147396 0.265741 0.146875 0.265741 0.146354 0.266667 0.145833 0.266667 0.145313 0.267593 0.144792 0.267593 0.143750 0.269444 0.143229 0.269444 0.142708 0.270370 0.142187 0.270370 0.141667 0.271296 0.141146 0.271296 0.140625 0.272222 0.140104 0.272222 0.139583 0.273148 0.139063 0.273148 0.138542 0.274074 0.138021 0.274074 0.136979 0.275926 0.136458 0.275926 0.135937 0.276852 0.135417 0.276852 0.134896 0.277778 0.134375 0.277778 0.133854 0.278704 0.133333 0.278704 0.132812 0.279630 0.132292 0.279630 0.131771 0.280556 0.131250 0.280556 0.130208 0.282407 0.129688 0.282407 0.129167 0.283333 0.128646 0.283333 0.128125 0.284259 0.127604 0.284259 0.127083 0.285185 0.126562 0.285185 0.126042 0.286111 0.125521 0.286111 0.125000 0.287037 0.124479 0.287037 0.123958 0.287963 0.123438 0.287963 0.122396 0.289815 0.121875 0.289815 0.121354 0.290741 0.120833 0.290741 0.120313 0.291667 0.119792 0.291667 0.119271 0.292593 0.118750 0.292593 0.118229 0.293519 0.117708 0.293519 0.117188 0.294444 0.116667 0.294444 0.115625 0.296296 0.115104 0.296296 0.114583 0.297222 0.114062 0.297222 0.113542 0.298148 0.113021 0.298148 0.112500 0.299074 0.111979 0.299074 0.111458 0.300000 0.110937 0.300000 0.110417 0.300926 0.109896 0.300926 0.108854 0.302778 0.108333 0.302778 0.107813 0.303704 0.107292 0.303704 0.106771 0.304630 0.106250 0.304630 0.105729 0.305556 0.105208 0.305556 0.104688 0.306481 0.104167 0.306481 0.103646 0.307407 0.103125 0.307407 0.102604 0.308333 0.102083 0.308333 0.101042 0.310185 0.100521 0.310185 0.100000 0.311111 0.099479 0.311111 0.098958 0.312037 0.098437 0.312037 0.097917 0.312963 0.097396 0.312963 0.096875 0.313889 0.096354 0.313889 0.095833 0.314815 0.095312 0.314815 0.094271 0.316667 0.093750 0.316667 0.093229 0.317593 0.092708 0.317593 0.092188 0.318519 0.091667 0.318519 0.091146 0.319444 0.090625 0.319444 0.090104 0.320370 0.089583 0.320370 0.089063 0.321296 0.088542 0.321296 0.088021 0.322222 0.087500 0.322222 0.086458 0.324074 0.085938 0.324074 0.085417 0.325000 0.084896 0.325000 0.084375 0.325926 0.083854 0.325926 0.083333 0.326852 0.082812 0.326852 0.082292 0.327778 0.081771 0.327778 0.081250 0.328704 0.080729 0.328704 0.079687 0.330556 0.079167 0.330556 0.078646 0.331481 0.078125 0.331481 0.077604 0.332407 0.077083 0.332407 0.076563 0.333333 0.076042 0.333333 0.075521 0.334259 0.075000 0.334259 0.074479 0.335185 0.073958 0.335185 0.072917 0.337037 0.072396 0.337037 0.071875 0.337963 0.071354 0.337963 0.070833 0.338889 0.070312 0.338889 0.069792 0.339815 0.069271 0.339815 0.068750 0.340741 0.068229 0.340741 0.067708 0.341667 0.067187 0.341667 0.066667 0.342593 0.066146 0.342593 0.065104 0.344444 0.064583 0.344444 0.064062 0.345370 0.063542 0.345370 0.063021 0.346296 0.062500 0.346296 0.061979 0.347222 0.061458 0.347222 0.060937 0.348148 0.060417 0.348148 0.059896 0.349074 0.059375 0.349074 0.058333 0.350926 0.058333 0.356481 0.059896 0.359259 0.059896 0.360185 0.067708 0.374074 0.068229 0.374074 0.081771 0.398148 0.082292 0.398148 0.095833 0.422222 0.096354 0.422222 0.109375 0.445370 0.109896 0.445370 0.113542 0.451852 0.114062 0.451852 0.114583 0.452778 0.115104 0.452778 0.115625 0.453704 0.117188 0.453704 0.118229 0.451852 0.118750 0.451852 0.119792 0.450000 0.120313 0.450000 0.121354 0.448148 0.121875 0.448148 0.122917 0.446296 0.123438 0.446296 0.125000 0.443519 0.125521 0.443519 0.126562 0.441667 0.127083 0.441667 0.128125 0.439815 0.128646 0.439815 0.129688 0.437963 0.130208 0.437963 0.131250 0.436111 0.131771 0.436111 0.133333 0.433333 0.133854 0.433333 0.134896 0.431481 0.135417 0.431481 0.136458 0.429630 0.136979 0.429630 0.138021 0.427778 0.138542 0.427778 0.139583 0.425926 0.140104 0.425926 0.141667 0.423148 0.142187 0.423148 0.143229 0.421296 0.143750 0.421296 0.144792 0.419444 0.145313 0.419444 0.146354 0.417593 0.146875 0.417593 0.147917 0.415741 0.148438 0.415741 0.150000 0.412963 0.150521 0.412963 0.151562 0.411111 0.152083 0.411111 0.153125 0.409259 0.153646 0.409259 0.154688 0.407407 0.155208 0.407407 0.156250 0.405556 0.156771 0.405556 0.155729 0.403704 0.155729 0.402778 0.155208 0.401852 0.155208 0.399074 0.155729 0.398148 0.155729 0.397222 0.156771 0.395370 0.156771 0.394444 0.161458 0.386111 0.161458 0.385185 0.170313 0.369444 0.170313 0.368519 0.179688 0.351852 0.179688 0.350926 0.188542 0.335185 0.188542 0.334259 0.198437 0.316667 0.198437 0.315741 0.200521 0.312037 0.201042 0.312037 0.203646 0.307407 0.204167 0.307407 0.205208 0.305556 0.205729 0.305556 0.206250 0.304630 0.206771 0.304630 0.207292 0.303704 0.207292 0.300000 0.209896 0.295370 0.210417 0.295370 0.210938 0.294444 0.211458 0.294444 0.212500 0.292593 0.213021 0.292593 0.214062 0.290741 0.214583 0.290741 0.215104 0.289815 0.214583 0.289815 0.211979 0.285185 0.211458 0.285185 0.206250 0.275926 0.205729 0.275926 0.192188 0.251852 0.191667 0.251852 0.183333 0.237037 0.182812 0.237037 0.181771 0.235185
0 0.299219 0.297685 0.182812 0.210185 0.301563 0.192593 0.300521 0.194444 0.300000 0.194444 0.299479 0.195370 0.298958 0.195370 0.297917 0.197222 0.297396 0.197222 0.296354 0.199074 0.295833 0.199074 0.294792 0.200926 0.294271 0.200926 0.293750 0.201852 0.293229 0.201852 0.292187 0.203704 0.291667 0.203704 0.290625 0.205556 0.290104 0.205556 0.289062 0.207407 0.288542 0.207407 0.287500 0.209259 0.286979 0.209259 0.286458 0.210185 0.285938 0.210185 0.284896 0.212037 0.284375 0.212037 0.283333 0.213889 0.282813 0.213889 0.281771 0.215741 0.281250 0.215741 0.280729 0.216667 0.280208 0.216667 0.279167 0.218519 0.278646 0.218519 0.277604 0.220370 0.277083 0.220370 0.276042 0.222222 0.275521 0.222222 0.275000 0.223148 0.274479 0.223148 0.273438 0.225000 0.272917 0.225000 0.271875 0.226852 0.271354 0.226852 0.270313 0.228704 0.269792 0.228704 0.269271 0.229630 0.268750 0.229630 0.267708 0.231481 0.267188 0.231481 0.266146 0.233333 0.265625 0.233333 0.264583 0.235185 0.264062 0.235185 0.263542 0.236111 0.263021 0.236111 0.261979 0.237963 0.261458 0.237963 0.260417 0.239815 0.259896 0.239815 0.258854 0.241667 0.258333 0.241667 0.257812 0.242593 0.257292 0.242593 0.256250 0.244444 0.255729 0.244444 0.254688 0.246296 0.254167 0.246296 0.253125 0.248148 0.252604 0.248148 0.252083 0.249074 0.251563 0.249074 0.250521 0.250926 0.250000 0.250926 0.248958 0.252778 0.248438 0.252778 0.247396 0.254630 0.246875 0.254630 0.246354 0.255556 0.245833 0.255556 0.244792 0.257407 0.244271 0.257407 0.243229 0.259259 0.242708 0.259259 0.241667 0.261111 0.241146 0.261111 0.240104 0.262963 0.239583 0.262963 0.239063 0.263889 0.238542 0.263889 0.237500 0.265741 0.236979 0.265741 0.235937 0.267593 0.235417 0.267593 0.234375 0.269444 0.233854 0.269444 0.233333 0.270370 0.232813 0.270370 0.231771 0.272222 0.231250 0.272222 0.230208 0.274074 0.229687 0.274074 0.228646 0.275926 0.228125 0.275926 0.227604 0.276852 0.227083 0.276852 0.226042 0.278704 0.225521 0.278704 0.224479 0.280556 0.223958 0.280556 0.222917 0.282407 0.222396 0.282407 0.221875 0.283333 0.221354 0.283333 0.220312 0.285185 0.219792 0.285185 0.218750 0.287037 0.218229 0.287037 0.217188 0.288889 0.216667 0.288889 0.216146 0.289815 0.215625 0.289815 0.214583 0.291667 0.214062 0.291667 0.213021 0.293519 0.212500 0.293519 0.211458 0.295370 0.210938 0.295370 0.210417 0.296296 0.209896 0.296296 0.207813 0.300000 0.207813 0.303704 0.208333 0.304630 0.208333 0.305556 0.209896 0.308333 0.209896 0.309259 0.227604 0.340741 0.228125 0.340741 0.258854 0.395370 0.259375 0.395370 0.262500 0.400926 0.263021 0.400926 0.264062 0.402778 0.266146 0.402778 0.266667 0.401852 0.267188 0.401852 0.269271 0.398148 0.269792 0.398148 0.272917 0.392593 0.273438 0.392593 0.276562 0.387037 0.277083 0.387037 0.280208 0.381481 0.280729 0.381481 0.283333 0.376852 0.283854 0.376852 0.286979 0.371296 0.287500 0.371296 0.300521 0.348148 0.300521 0.347222 0.307812 0.334259 0.308333 0.334259 0.311979 0.327778 0.312500 0.327778 0.315625 0.322222 0.316146 0.322222 0.318750 0.317593 0.319271 0.317593 0.321875 0.312963 0.322396 0.312963 0.325521 0.307407 0.326042 0.307407 0.328646 0.302778 0.329167 0.302778 0.332292 0.297222 0.332813 0.297222 0.335417 0.292593 0.335938 0.292593 0.339062 0.287037 0.339583 0.287037 0.342187 0.282407 0.342708 0.282407 0.345833 0.276852 0.346354 0.276852 0.348958 0.272222 0.349479 0.272222 0.352604 0.266667 0.353125 0.266667 0.355729 0.262037 0.356250 0.262037 0.359375 0.256481 0.359896 0.256481 0.362500 0.251852 0.363021 0.251852 0.366146 0.246296 0.366667 0.246296 0.388021 0.208333 0.388021 0.207407 0.390104 0.203704 0.390104 0.202778 0.390625 0.201852 0.390625 0.200000 0.390104 0.199074 0.390104 0.198148 0.388542 0.195370 0.386458 0.195370 0.384375 0.199074 0.383854 0.199074 0.381771 0.202778 0.381250 0.202778 0.379167 0.206481 0.378646 0.206481 0.376563 0.210185 0.376042 0.210185 0.373958 0.213889 0.373437 0.213889 0.370833 0.218519 0.370312 0.218519 0.368229 0.222222 0.367708 0.222222 0.365625 0.225926 0.365104 0.225926 0.363021 0.229630 0.362500 0.229630 0.359896 0.234259 0.359375 0.234259 0.357292 0.237963 0.356771 0.237963 0.354687 0.241667 0.354167 0.241667 0.352083 0.245370 0.351562 0.245370 0.349479 0.249074 0.348958 0.249074 0.346354 0.253704 0.345833 0.253704 0.344792 0.255556 0.343229 0.255556 0.342708 0.254630 0.342187 0.254630 0.341146 0.252778 0.340625 0.252778 0.339062 0.250000 0.338542 0.250000 0.336458 0.246296 0.335938 0.246296 0.331771 0.238889 0.331250 0.238889 0.307812 0.197222 0.307292 0.197222 0.305208 0.193519 0.304688 0.193519 0.304167 0.192593
0 0.405990 0.310185 0.164062 0.214815 0.397917 0.202778 0.396354 0.205556 0.395833 0.205556 0.393229 0.210185 0.392708 0.210185 0.390104 0.214815 0.389583 0.214815 0.386979 0.219444 0.386458 0.219444 0.383333 0.225000 0.382812 0.225000 0.380208 0.229630 0.379688 0.229630 0.377083 0.234259 0.376563 0.234259 0.373958 0.238889 0.373437 0.238889 0.370833 0.243519 0.370312 0.243519 0.367708 0.248148 0.367188 0.248148 0.364583 0.252778 0.364063 0.252778 0.361458 0.257407 0.360938 0.257407 0.358333 0.262037 0.357812 0.262037 0.355208 0.266667 0.354687 0.266667 0.352083 0.271296 0.351562 0.271296 0.348958 0.275926 0.348438 0.275926 0.345833 0.280556 0.345313 0.280556 0.342708 0.285185 0.342187 0.285185 0.339583 0.289815 0.339062 0.289815 0.335938 0.295370 0.335417 0.295370 0.332813 0.300000 0.332292 0.300000 0.329688 0.304630 0.329167 0.304630 0.326562 0.309259 0.326042 0.309259 0.324479 0.312037 0.324479 0.312963 0.323958 0.313889 0.323958 0.316667 0.324479 0.317593 0.324479 0.318519 0.326042 0.321296 0.326042 0.322222 0.378125 0.414815 0.378646 0.414815 0.379688 0.416667 0.380208 0.416667 0.380729 0.417593 0.381771 0.417593 0.382292 0.416667 0.382812 0.416667 0.383333 0.415741 0.383854 0.415741 0.387500 0.409259 0.388021 0.409259 0.404687 0.379630 0.405208 0.379630 0.423958 0.346296 0.424479 0.346296 0.434896 0.327778 0.434896 0.326852 0.437500 0.322222 0.437500 0.321296 0.440104 0.316667 0.440104 0.315741 0.442708 0.311111 0.442708 0.310185 0.445312 0.305556 0.445312 0.304630 0.447917 0.300000 0.447917 0.299074 0.450521 0.294444 0.450521 0.293519 0.453125 0.288889 0.453125 0.287963 0.455729 0.283333 0.455729 0.282407 0.458333 0.277778 0.458333 0.276852 0.460938 0.272222 0.460938 0.271296 0.463542 0.266667 0.463542 0.265741 0.466146 0.261111 0.466146 0.260185 0.468750 0.255556 0.468750 0.254630 0.471354 0.250000 0.471354 0.249074 0.473958 0.244444 0.473958 0.243519 0.476562 0.238889 0.476562 0.237963 0.479167 0.233333 0.479167 0.232407 0.481771 0.227778 0.481771 0.226852 0.484375 0.222222 0.484375 0.221296 0.486979 0.216667 0.486979 0.215741 0.488021 0.213889 0.488021 0.209259 0.486458 0.206481 0.485938 0.206481 0.485417 0.205556 0.484896 0.206481 0.484375 0.206481 0.483854 0.207407 0.483333 0.207407 0.475000 0.222222 0.474479 0.222222 0.463021 0.242593 0.462500 0.242593 0.457292 0.251852 0.456771 0.251852 0.453646 0.257407 0.453125 0.257407 0.451042 0.261111 0.450521 0.261111 0.448958 0.263889 0.448437 0.263889 0.447917 0.264815 0.447396 0.264815 0.446354 0.266667 0.445312 0.266667 0.444792 0.267593 0.440625 0.267593 0.440104 0.266667 0.439063 0.266667 0.438021 0.264815 0.437500 0.264815 0.436979 0.263889 0.436458 0.263889 0.434896 0.261111 0.434375 0.261111 0.431250 0.255556 0.430729 0.255556 0.423438 0.242593 0.422917 0.242593 0.408333 0.216667 0.408333 0.215741 0.404687 0.209259 0.404167 0.209259 0.401042 0.203704 0.400521 0.203704 0.400000 0.202778
0 0.513802 0.322222 0.146354 0.222222 0.493750 0.211111 0.491667 0.214815 0.491667 0.215741 0.489583 0.219444 0.489583 0.220370 0.486979 0.225000 0.486979 0.225926 0.484896 0.229630 0.484896 0.230556 0.482812 0.234259 0.482812 0.235185 0.480208 0.239815 0.480208 0.240741 0.478125 0.244444 0.478125 0.245370 0.475521 0.250000 0.475521 0.250926 0.473438 0.254630 0.473438 0.255556 0.471354 0.259259 0.471354 0.260185 0.468750 0.264815 0.468750 0.265741 0.466667 0.269444 0.466667 0.270370 0.464062 0.275000 0.464062 0.275926 0.461979 0.279630 0.461979 0.280556 0.459896 0.284259 0.459896 0.285185 0.457292 0.289815 0.457292 0.290741 0.455208 0.294444 0.455208 0.295370 0.452604 0.300000 0.452604 0.300926 0.450521 0.304630 0.450521 0.305556 0.448437 0.309259 0.448437 0.310185 0.445833 0.314815 0.445833 0.315741 0.443750 0.319444 0.443750 0.320370 0.441146 0.325000 0.441146 0.325926 0.440625 0.326852 0.440625 0.330556 0.441146 0.331481 0.441146 0.332407 0.442708 0.335185 0.442708 0.336111 0.465104 0.375926 0.465104 0.376852 0.495312 0.430556 0.495833 0.430556 0.496875 0.432407 0.497396 0.432407 0.497917 0.433333 0.498958 0.433333 0.499479 0.432407 0.500000 0.432407 0.500521 0.431481 0.501042 0.431481 0.502604 0.428704 0.503125 0.428704 0.507812 0.420370 0.508333 0.420370 0.515625 0.407407 0.516146 0.407407 0.523438 0.394444 0.523958 0.394444 0.531250 0.381481 0.531771 0.381481 0.539062 0.368519 0.539583 0.368519 0.546354 0.356481 0.546875 0.356481 0.556250 0.339815 0.556250 0.338889 0.556771 0.337963 0.556771 0.337037 0.557292 0.336111 0.557292 0.335185 0.557813 0.334259 0.557813 0.333333 0.558333 0.332407 0.558333 0.331481 0.558854 0.330556 0.558854 0.329630 0.559375 0.328704 0.559375 0.326852 0.559896 0.325926 0.559896 0.325000 0.560417 0.324074 0.560417 0.323148 0.560937 0.322222 0.560937 0.321296 0.561458 0.320370 0.561458 0.319444 0.561979 0.318519 0.561979 0.316667 0.562500 0.315741 0.562500 0.314815 0.563021 0.313889 0.563021 0.312963 0.563542 0.312037 0.563542 0.311111 0.564063 0.310185 0.564063 0.309259 0.564583 0.308333 0.564583 0.307407 0.565104 0.306481 0.565104 0.304630 0.565625 0.303704 0.565625 0.302778 0.566146 0.301852 0.566146 0.300926 0.566667 0.300000 0.566667 0.299074 0.567187 0.298148 0.567187 0.297222 0.567708 0.296296 0.567708 0.295370 0.568229 0.294444 0.568229 0.292593 0.568750 0.291667 0.568750 0.290741 0.569271 0.289815 0.569271 0.288889 0.569792 0.287963 0.569792 0.287037 0.570312 0.286111 0.570312 0.285185 0.570833 0.284259 0.570833 0.282407 0.571354 0.281481 0.571354 0.280556 0.571875 0.279630 0.571875 0.278704 0.572396 0.277778 0.572396 0.276852 0.572917 0.275926 0.572917 0.275000 0.573438 0.274074 0.573438 0.273148 0.573958 0.272222 0.573958 0.270370 0.574479 0.269444 0.574479 0.268519 0.575000 0.267593 0.575000 0.266667 0.575521 0.265741 0.575521 0.264815 0.576042 0.263889 0.576042 0.262963 0.576562 0.262037 0.576562 0.260185 0.577083 0.259259 0.577083 0.258333 0.577604 0.257407 0.577604 0.256481 0.578125 0.255556 0.578125 0.254630 0.578646 0.253704 0.578646 0.252778 0.579167 0.251852 0.579167 0.250926 0.579688 0.250000 0.579688 0.248148 0.580208 0.247222 0.580208 0.246296 0.580729 0.245370 0.580729 0.244444 0.581250 0.243519 0.581250 0.242593 0.581771 0.241667 0.581771 0.240741 0.582292 0.239815 0.582292 0.237963 0.582812 0.237037 0.582812 0.236111 0.583333 0.235185 0.583333 0.234259 0.583854 0.233333 0.583854 0.232407 0.584375 0.231481 0.584375 0.230556 0.584896 0.229630 0.584896 0.228704 0.585417 0.227778 0.585417 0.225926 0.585938 0.225000 0.585938 0.224074 0.586458 0.223148 0.586458 0.222222 0.586979 0.221296 0.586979 0.218519 0.586458 0.217593 0.586458 0.216667 0.585417 0.214815 0.584896 0.214815 0.584375 0.213889 0.583333 0.213889 0.582292 0.215741 0.581771 0.215741 0.577083 0.224074 0.576562 0.224074 0.568229 0.238889 0.567708 0.238889 0.561458 0.250000 0.560937 0.250000 0.556771 0.257407 0.556250 0.257407 0.553125 0.262963 0.552604 0.262963 0.550000 0.267593 0.549479 0.267593 0.547917 0.270370 0.547396 0.270370 0.546354 0.272222 0.545833 0.272222 0.544792 0.274074 0.544271 0.274074 0.543750 0.275000 0.543229 0.275000 0.542708 0.275926 0.542188 0.275926 0.541667 0.276852 0.536979 0.276852 0.536458 0.275926 0.535937 0.275926 0.535417 0.275000 0.534896 0.275000 0.534375 0.274074 0.533854 0.274074 0.532813 0.272222 0.532292 0.272222 0.530208 0.268519 0.529687 0.268519 0.526042 0.262037 0.525521 0.262037 0.497396 0.212037 0.496875 0.212037 0.496354 0.211111
0 0.624219 0.329630 0.127604 0.229630 0.591667 0.214815 0.590625 0.216667 0.590625 0.217593 0.590104 0.218519 0.590104 0.219444 0.589583 0.220370 0.589583 0.222222 0.589063 0.223148 0.589063 0.224074 0.588542 0.225000 0.588542 0.225926 0.588021 0.226852 0.588021 0.227778 0.587500 0.228704 0.587500 0.230556 0.586979 0.231481 0.586979 0.232407 0.586458 0.233333 0.586458 0.234259 0.585938 0.235185 0.585938 0.236111 0.585417 0.237037 0.585417 0.238889 0.584896 0.239815 0.584896 0.240741 0.584375 0.241667 0.584375 0.242593 0.583854 0.243519 0.583854 0.244444 0.583333 0.245370 0.583333 0.247222 0.582812 0.248148 0.582812 0.249074 0.582292 0.250000 0.582292 0.250926 0.581771 0.251852 0.581771 0.252778 0.581250 0.253704 0.581250 0.255556 0.580729 0.256481 0.580729 0.257407 0.580208 0.258333 0.580208 0.259259 0.579688 0.260185 0.579688 0.261111 0.579167 0.262037 0.579167 0.263889 0.578646 0.264815 0.578646 0.265741 0.578125 0.266667 0.578125 0.267593 0.577604 0.268519 0.577604 0.269444 0.577083 0.270370 0.577083 0.272222 0.576562 0.273148 0.576562 0.274074 0.576042 0.275000 0.576042 0.275926 0.575521 0.276852 0.575521 0.277778 0.575000 0.278704 0.575000 0.280556 0.574479 0.281481 0.574479 0.282407 0.573958 0.283333 0.573958 0.284259 0.573438 0.285185 0.573438 0.286111 0.572917 0.287037 0.572917 0.288889 0.572396 0.289815 0.572396 0.290741 0.571875 0.291667 0.571875 0.292593 0.571354 0.293519 0.571354 0.294444 0.570833 0.295370 0.570833 0.296296 0.570312 0.297222 0.570312 0.299074 0.569792 0.300000 0.569792 0.300926 0.569271 0.301852 0.569271 0.302778 0.568750 0.303704 0.568750 0.304630 0.568229 0.305556 0.568229 0.307407 0.567708 0.308333 0.567708 0.309259 0.567187 0.310185 0.567187 0.311111 0.566667 0.312037 0.566667 0.312963 0.566146 0.313889 0.566146 0.315741 0.565625 0.316667 0.565625 0.317593 0.565104 0.318519 0.565104 0.319444 0.564583 0.320370 0.564583 0.321296 0.564063 0.322222 0.564063 0.324074 0.563542 0.325000 0.563542 0.325926 0.563021 0.326852 0.563021 0.327778 0.562500 0.328704 0.562500 0.329630 0.561979 0.330556 0.561979 0.332407 0.561458 0.333333 0.561458 0.334259 0.560937 0.335185 0.560937 0.337037 0.560417 0.337963 0.560937 0.338889 0.560937 0.340741 0.561458 0.341667 0.561458 0.342593 0.564063 0.347222 0.564063 0.348148 0.578646 0.374074 0.578646 0.375000 0.599479 0.412037 0.599479 0.412963 0.616146 0.442593 0.616667 0.442593 0.617708 0.444444 0.620833 0.444444 0.621354 0.443519 0.621875 0.443519 0.623437 0.440741 0.623958 0.440741 0.627083 0.435185 0.627604 0.435185 0.631771 0.427778 0.632292 0.427778 0.636979 0.419444 0.637500 0.419444 0.642188 0.411111 0.642708 0.411111 0.646875 0.403704 0.647396 0.403704 0.652083 0.395370 0.652604 0.395370 0.656771 0.387963 0.657292 0.387963 0.661979 0.379630 0.662500 0.379630 0.667188 0.371296 0.667708 0.371296 0.671875 0.363889 0.672396 0.363889 0.678125 0.353704 0.678646 0.353704 0.679688 0.351852 0.679688 0.350926 0.681250 0.348148 0.681250 0.347222 0.681771 0.346296 0.681771 0.338889 0.682292 0.337963 0.682292 0.328704 0.682813 0.327778 0.682813 0.318519 0.683333 0.317593 0.683333 0.308333 0.683854 0.307407 0.683854 0.299074 0.684375 0.298148 0.684375 0.288889 0.684896 0.287963 0.684896 0.278704 0.685417 0.277778 0.685417 0.268519 0.685937 0.267593 0.685937 0.258333 0.686458 0.257407 0.686458 0.249074 0.686979 0.248148 0.686979 0.238889 0.687500 0.237963 0.687500 0.228704 0.688021 0.227778 0.688021 0.222222 0.687500 0.221296 0.687500 0.220370 0.686458 0.218519 0.685937 0.218519 0.685417 0.217593 0.684375 0.217593 0.683854 0.218519 0.683333 0.218519 0.680729 0.223148 0.680208 0.223148 0.675000 0.232407 0.674479 0.232407 0.669271 0.241667 0.668750 0.241667 0.664062 0.250000 0.663542 0.250000 0.659896 0.256481 0.659375 0.256481 0.656250 0.262037 0.655729 0.262037 0.653125 0.266667 0.652604 0.266667 0.650000 0.271296 0.649479 0.271296 0.647917 0.274074 0.647396 0.274074 0.646354 0.275926 0.645833 0.275926 0.644792 0.277778 0.644271 0.277778 0.643229 0.279630 0.642708 0.279630 0.642188 0.280556 0.641146 0.280556 0.640625 0.281481 0.639583 0.281481 0.639062 0.282407 0.636979 0.282407 0.636458 0.281481 0.635417 0.281481 0.634896 0.280556 0.633854 0.280556 0.632812 0.278704 0.632292 0.278704 0.631250 0.276852 0.630729 0.276852 0.628646 0.273148 0.628125 0.273148 0.623958 0.265741 0.623437 0.265741 0.605208 0.233333 0.605208 0.232407 0.596875 0.217593 0.596354 0.217593 0.594792 0.214815
0 0.293750 0.546296 0.071875 0.114815 0.311458 0.488889 0.284896 0.536111 0.284375 0.536111 0.269271 0.562963 0.268750 0.562963 0.267188 0.565741 0.266667 0.565741 0.263542 0.571296 0.263542 0.572222 0.257812 0.582407 0.257812 0.583333 0.258854 0.585185 0.259375 0.585185 0.269271 0.602778 0.271875 0.602778 0.272396 0.603704 0.277083 0.603704 0.281250 0.596296 0.281771 0.596296 0.293750 0.575000 0.294271 0.575000 0.306250 0.553704 0.306771 0.553704 0.319271 0.531481 0.319792 0.531481 0.322396 0.526852 0.322396 0.525926 0.325000 0.521296 0.325000 0.520370 0.327604 0.515741 0.327604 0.514815 0.329688 0.511111 0.329167 0.511111 0.328125 0.509259 0.327083 0.509259 0.326562 0.508333 0.326042 0.508333 0.325521 0.507407 0.320833 0.507407 0.320312 0.508333 0.319271 0.508333 0.318750 0.509259 0.318229 0.509259 0.317188 0.511111 0.316667 0.511111 0.316146 0.512037 0.315625 0.512037 0.314063 0.514815 0.313542 0.514815 0.311458 0.518519 0.310937 0.518519 0.308333 0.523148 0.307812 0.523148 0.304167 0.529630 0.303646 0.529630 0.297396 0.540741 0.296875 0.540741 0.282292 0.566667 0.281771 0.566667 0.277083 0.575000 0.276562 0.575000 0.276042 0.575926 0.273958 0.575926 0.273438 0.575000 0.272917 0.575000 0.271875 0.573148 0.271875 0.572222 0.270833 0.570370 0.270833 0.567593 0.271354 0.566667 0.271354 0.565741 0.272396 0.563889 0.272396 0.562963 0.278646 0.551852 0.278646 0.550926 0.285417 0.538889 0.285417 0.537963 0.291667 0.526852 0.291667 0.525926 0.298438 0.513889 0.298438 0.512963 0.304688 0.501852 0.304688 0.500926
0 0.385417 0.563426 0.106250 0.095370 0.332292 0.515741 0.332292 0.520370 0.333333 0.522222 0.333333 0.523148 0.361979 0.574074 0.362500 0.574074 0.383333 0.611111 0.391667 0.611111 0.397396 0.600926 0.397917 0.600926 0.405729 0.587037 0.406250 0.587037 0.414062 0.573148 0.414583 0.573148 0.422396 0.559259 0.422917 0.559259 0.430729 0.545370 0.431250 0.545370 0.438542 0.532407 0.433854 0.532407 0.433333 0.533333 0.432292 0.533333 0.431771 0.534259 0.431250 0.534259 0.430729 0.535185 0.430208 0.535185 0.429688 0.536111 0.429167 0.536111 0.428125 0.537963 0.427604 0.537963 0.426563 0.539815 0.426042 0.539815 0.423958 0.543519 0.423438 0.543519 0.421875 0.546296 0.421354 0.546296 0.418750 0.550926 0.418229 0.550926 0.415104 0.556481 0.414583 0.556481 0.410417 0.563889 0.409896 0.563889 0.404687 0.573148 0.404167 0.573148 0.396875 0.586111 0.396354 0.586111 0.389583 0.598148 0.389062 0.598148 0.386979 0.601852 0.386458 0.601852 0.385937 0.602778 0.384375 0.602778 0.383854 0.601852 0.383333 0.601852 0.381250 0.598148 0.381250 0.597222 0.380729 0.596296 0.380729 0.594444 0.381250 0.593519 0.381250 0.592593 0.381771 0.591667 0.381771 0.590741 0.382812 0.588889 0.382812 0.587963 0.383854 0.586111 0.383854 0.585185 0.385417 0.582407 0.385417 0.581481 0.386458 0.579630 0.386458 0.578704 0.387500 0.576852 0.387500 0.575926 0.388542 0.574074 0.388542 0.573148 0.389583 0.571296 0.389583 0.570370 0.391146 0.567593 0.391146 0.566667 0.392188 0.564815 0.392188 0.563889 0.393229 0.562037 0.391667 0.564815 0.391146 0.564815 0.385937 0.574074 0.385417 0.574074 0.384375 0.575926 0.383854 0.575926 0.383333 0.576852 0.380729 0.576852 0.379688 0.578704 0.379688 0.579630 0.377604 0.583333 0.376563 0.583333 0.376042 0.584259 0.375521 0.583333 0.374479 0.583333 0.373958 0.582407 0.373437 0.582407 0.371875 0.579630 0.371354 0.579630 0.357292 0.554630 0.356771 0.554630 0.345313 0.534259 0.344792 0.534259 0.339583 0.525000 0.339062 0.525000 0.335938 0.519444 0.335417 0.519444 0.333333 0.515741
0 0.524479 0.578704 0.068750 0.092593 0.558333 0.532407 0.557813 0.533333 0.556771 0.533333 0.556250 0.534259 0.555208 0.534259 0.554688 0.535185 0.554167 0.535185 0.553646 0.536111 0.553125 0.536111 0.552083 0.537963 0.551562 0.537963 0.550521 0.539815 0.550000 0.539815 0.548958 0.541667 0.548438 0.541667 0.546875 0.544444 0.546354 0.544444 0.544792 0.547222 0.544271 0.547222 0.542188 0.550926 0.541667 0.550926 0.539062 0.555556 0.538542 0.555556 0.535937 0.560185 0.535417 0.560185 0.532292 0.565741 0.531771 0.565741 0.528646 0.571296 0.528125 0.571296 0.523958 0.578704 0.523438 0.578704 0.518750 0.587037 0.518229 0.587037 0.514062 0.594444 0.513542 0.594444 0.510417 0.600000 0.509896 0.600000 0.508333 0.602778 0.505729 0.602778 0.505208 0.601852 0.504687 0.601852 0.503646 0.600000 0.503646 0.599074 0.503125 0.598148 0.503125 0.597222 0.502604 0.596296 0.502604 0.594444 0.503125 0.593519 0.501042 0.597222 0.500521 0.597222 0.498437 0.600926 0.497917 0.600926 0.497396 0.601852 0.496875 0.601852 0.496354 0.602778 0.495312 0.602778 0.494792 0.601852 0.494792 0.602778 0.494271 0.603704 0.494271 0.604630 0.493750 0.605556 0.493750 0.606481 0.493229 0.607407 0.493229 0.608333 0.492188 0.610185 0.491667 0.610185 0.491146 0.611111 0.490104 0.611111 0.496875 0.623148 0.497396 0.623148 0.497917 0.624074 0.501042 0.624074 0.501563 0.625000 0.505729 0.625000 0.508854 0.619444 0.509375 0.619444 0.513542 0.612037 0.514062 0.612037 0.518750 0.603704 0.519271 0.603704 0.523958 0.595370 0.524479 0.595370 0.529167 0.587037 0.529687 0.587037 0.534375 0.578704 0.534896 0.578704 0.539583 0.570370 0.540104 0.570370 0.544792 0.562037 0.545312 0.562037 0.550000 0.553704 0.550521 0.553704 0.557292 0.541667 0.557292 0.540741 0.557813 0.539815 0.557813 0.537963 0.558333 0.537037 0.558333 0.535185 0.558854 0.534259 0.558854 0.532407
0 0.620052 0.584259 0.117188 0.120370 0.678125 0.524074 0.677604 0.525000 0.677083 0.525000 0.676562 0.525926 0.676042 0.525926 0.675000 0.527778 0.674479 0.527778 0.673438 0.529630 0.672917 0.529630 0.671354 0.532407 0.670833 0.532407 0.669792 0.534259 0.669271 0.534259 0.667188 0.537963 0.666667 0.537963 0.665104 0.540741 0.664583 0.540741 0.662500 0.544444 0.661979 0.544444 0.659896 0.548148 0.659375 0.548148 0.656771 0.552778 0.656250 0.552778 0.653646 0.557407 0.653125 0.557407 0.650000 0.562963 0.649479 0.562963 0.646354 0.568519 0.645833 0.568519 0.642708 0.574074 0.642188 0.574074 0.638542 0.580556 0.638021 0.580556 0.634896 0.586111 0.634375 0.586111 0.632292 0.589815 0.631771 0.589815 0.631250 0.590741 0.630729 0.590741 0.630208 0.591667 0.628646 0.591667 0.628125 0.590741 0.626563 0.593519 0.626042 0.593519 0.623437 0.598148 0.622917 0.598148 0.620833 0.601852 0.620313 0.601852 0.619792 0.602778 0.619271 0.602778 0.618750 0.603704 0.617708 0.603704 0.617188 0.604630 0.617188 0.607407 0.615104 0.611111 0.614062 0.611111 0.613542 0.612037 0.613021 0.612037 0.612500 0.611111 0.611458 0.611111 0.610417 0.609259 0.609896 0.609259 0.581771 0.559259 0.581250 0.559259 0.575521 0.549074 0.575000 0.549074 0.571354 0.542593 0.570833 0.542593 0.569271 0.539815 0.568750 0.539815 0.567187 0.537037 0.566667 0.537037 0.566146 0.536111 0.565625 0.536111 0.564583 0.534259 0.563542 0.534259 0.563021 0.535185 0.563021 0.537037 0.562500 0.537963 0.562500 0.539815 0.561979 0.540741 0.561979 0.542593 0.561458 0.543519 0.561458 0.544444 0.561979 0.545370 0.561979 0.547222 0.563542 0.550000 0.563542 0.550926 0.592708 0.602778 0.592708 0.603704 0.613542 0.640741 0.614062 0.640741 0.615625 0.643519 0.616146 0.643519 0.616667 0.644444 0.618750 0.644444 0.619271 0.643519 0.619792 0.643519 0.620313 0.642593 0.620833 0.642593 0.622917 0.638889 0.623437 0.638889 0.626042 0.634259 0.626563 0.634259 0.629687 0.628704 0.630208 0.628704 0.633333 0.623148 0.633854 0.623148 0.636979 0.617593 0.637500 0.617593 0.640625 0.612037 0.641146 0.612037 0.644271 0.606481 0.644792 0.606481 0.648438 0.600000 0.648958 0.600000 0.652083 0.594444 0.652604 0.594444 0.655729 0.588889 0.656250 0.588889 0.659375 0.583333 0.659896 0.583333 0.663021 0.577778 0.663542 0.577778 0.667188 0.571296 0.667708 0.571296 0.670833 0.565741 0.671354 0.565741 0.676562 0.556481 0.676562 0.555556 0.677083 0.554630 0.677083 0.549074 0.677604 0.548148 0.677604 0.537963 0.678125 0.537037 0.678125 0.525926 0.678646 0.525000 0.678646 0.524074
0 0.746875 0.587500 0.117708 0.128704 0.689063 0.523148 0.689063 0.524074 0.688542 0.525000 0.688542 0.539815 0.688021 0.540741 0.688021 0.556481 0.688542 0.557407 0.688542 0.558333 0.690625 0.562037 0.690625 0.562963 0.706250 0.590741 0.706250 0.591667 0.731250 0.636111 0.731250 0.637037 0.738542 0.650000 0.739062 0.650000 0.739583 0.650926 0.741667 0.650926 0.742188 0.651852 0.747917 0.651852 0.750000 0.648148 0.750521 0.648148 0.752604 0.644444 0.753125 0.644444 0.755729 0.639815 0.756250 0.639815 0.758854 0.635185 0.759375 0.635185 0.761979 0.630556 0.762500 0.630556 0.765104 0.625926 0.765625 0.625926 0.768229 0.621296 0.768750 0.621296 0.771354 0.616667 0.771875 0.616667 0.774479 0.612037 0.775000 0.612037 0.778125 0.606481 0.778646 0.606481 0.781250 0.601852 0.781771 0.601852 0.784375 0.597222 0.784896 0.597222 0.787500 0.592593 0.788021 0.592593 0.790625 0.587963 0.791146 0.587963 0.793750 0.583333 0.794271 0.583333 0.796875 0.578704 0.797396 0.578704 0.800000 0.574074 0.800521 0.574074 0.805208 0.565741 0.805208 0.564815 0.805729 0.563889 0.805729 0.562037 0.804688 0.563889 0.804167 0.563889 0.801562 0.568519 0.801042 0.568519 0.798438 0.573148 0.797917 0.573148 0.795312 0.577778 0.794792 0.577778 0.792708 0.581481 0.792188 0.581481 0.789583 0.586111 0.789062 0.586111 0.786458 0.590741 0.785937 0.590741 0.783333 0.595370 0.782813 0.595370 0.780208 0.600000 0.779687 0.600000 0.777083 0.604630 0.776563 0.604630 0.774479 0.608333 0.773958 0.608333 0.771354 0.612963 0.770833 0.612963 0.768229 0.617593 0.767708 0.617593 0.765104 0.622222 0.764583 0.622222 0.762500 0.625926 0.761979 0.625926 0.759896 0.629630 0.759375 0.629630 0.758333 0.631481 0.757812 0.631481 0.757292 0.632407 0.756771 0.632407 0.756250 0.633333 0.754167 0.633333 0.753646 0.632407 0.753125 0.632407 0.750000 0.626852 0.749479 0.626852 0.746354 0.621296 0.746354 0.620370 0.719271 0.572222 0.719271 0.571296 0.707292 0.550000 0.706771 0.550000 0.698958 0.536111 0.698438 0.536111 0.695312 0.530556 0.694792 0.530556 0.693229 0.527778 0.692708 0.527778 0.691146 0.525000 0.690625 0.525000 0.690104 0.524074 0.689583 0.524074
0 0.207292 0.527778 0.117708 0.120370 0.207813 0.467593 0.206771 0.469444 0.206250 0.469444 0.203646 0.474074 0.203125 0.474074 0.200521 0.478704 0.200000 0.478704 0.197396 0.483333 0.196875 0.483333 0.193229 0.489815 0.192708 0.489815 0.190104 0.494444 0.190104 0.495370 0.168229 0.534259 0.168229 0.535185 0.151042 0.565741 0.151042 0.566667 0.148958 0.570370 0.148958 0.571296 0.148438 0.572222 0.148438 0.575000 0.148958 0.575926 0.148958 0.576852 0.151042 0.580556 0.153125 0.580556 0.154167 0.578704 0.154688 0.578704 0.157812 0.573148 0.158333 0.573148 0.161458 0.567593 0.161979 0.567593 0.165104 0.562037 0.165625 0.562037 0.169271 0.555556 0.169792 0.555556 0.172917 0.550000 0.173437 0.550000 0.177083 0.543519 0.177604 0.543519 0.180729 0.537963 0.181250 0.537963 0.184896 0.531481 0.185417 0.531481 0.188542 0.525926 0.189062 0.525926 0.192708 0.519444 0.193229 0.519444 0.196354 0.513889 0.196875 0.513889 0.198437 0.511111 0.201042 0.511111 0.201563 0.512037 0.202604 0.512037 0.203125 0.512963 0.203646 0.512963 0.204167 0.513889 0.204687 0.513889 0.205729 0.515741 0.206250 0.515741 0.207292 0.517593 0.207813 0.517593 0.209375 0.520370 0.209896 0.520370 0.211979 0.524074 0.212500 0.524074 0.215625 0.529630 0.216146 0.529630 0.221354 0.538889 0.221875 0.538889 0.229687 0.552778 0.230208 0.552778 0.244271 0.577778 0.244792 0.577778 0.248958 0.585185 0.249479 0.585185 0.250521 0.587037 0.251042 0.587037 0.251563 0.587963 0.254167 0.587963 0.254688 0.587037 0.255208 0.587037 0.255208 0.586111 0.263021 0.572222 0.263021 0.571296 0.266146 0.565741 0.264583 0.565741 0.264062 0.564815 0.263542 0.564815 0.261458 0.561111 0.260937 0.561111 0.248438 0.538889 0.247917 0.538889 0.228646 0.504630 0.228125 0.504630 0.209375 0.471296 0.209375 0.470370
0 0.325781 0.524537 0.108854 0.117593 0.323958 0.465741 0.319792 0.473148 0.319792 0.474074 0.311979 0.487963 0.311979 0.488889 0.305208 0.500926 0.305208 0.501852 0.298958 0.512963 0.298958 0.513889 0.292187 0.525926 0.292187 0.526852 0.285938 0.537963 0.285938 0.538889 0.279167 0.550926 0.279167 0.551852 0.272917 0.562963 0.272917 0.563889 0.271875 0.565741 0.271875 0.566667 0.271354 0.567593 0.271354 0.570370 0.272396 0.572222 0.272396 0.573148 0.272917 0.574074 0.273438 0.574074 0.273958 0.575000 0.276042 0.575000 0.276562 0.574074 0.277083 0.574074 0.281771 0.565741 0.282292 0.565741 0.296875 0.539815 0.297396 0.539815 0.303646 0.528704 0.304167 0.528704 0.307812 0.522222 0.308333 0.522222 0.310937 0.517593 0.311458 0.517593 0.313542 0.513889 0.314063 0.513889 0.315625 0.511111 0.316146 0.511111 0.316667 0.510185 0.317188 0.510185 0.318229 0.508333 0.318750 0.508333 0.319271 0.507407 0.320312 0.507407 0.320833 0.506481 0.325521 0.506481 0.326042 0.507407 0.326562 0.507407 0.327083 0.508333 0.328125 0.508333 0.329167 0.510185 0.329688 0.510185 0.330729 0.512037 0.331250 0.512037 0.332813 0.514815 0.333333 0.514815 0.335417 0.518519 0.335938 0.518519 0.339062 0.524074 0.339583 0.524074 0.344792 0.533333 0.345313 0.533333 0.356771 0.553704 0.357292 0.553704 0.371354 0.578704 0.371875 0.578704 0.373437 0.581481 0.373958 0.581481 0.374479 0.582407 0.375521 0.582407 0.376042 0.583333 0.376563 0.582407 0.377604 0.582407 0.379167 0.579630 0.379167 0.578704 0.380208 0.576852 0.380208 0.575926 0.379688 0.575000 0.379167 0.575000 0.370312 0.559259 0.369792 0.559259 0.326042 0.481481 0.326042 0.480556 0.325521 0.479630 0.325521 0.478704 0.325000 0.477778 0.325000 0.475926 0.325521 0.475000 0.325521 0.474074 0.327604 0.470370 0.327604 0.469444 0.326562 0.467593 0.326042 0.467593 0.325000 0.465741
0 0.437760 0.539815 0.113021 0.140741 0.443229 0.469444 0.442708 0.470370 0.442708 0.471296 0.441667 0.473148 0.441667 0.474074 0.440625 0.475926 0.440625 0.476852 0.439583 0.478704 0.439583 0.479630 0.438542 0.481481 0.438542 0.482407 0.438021 0.483333 0.438021 0.484259 0.436979 0.486111 0.436979 0.487037 0.435417 0.489815 0.435417 0.490741 0.428646 0.502778 0.428125 0.502778 0.419271 0.518519 0.418750 0.518519 0.409896 0.534259 0.409375 0.534259 0.401042 0.549074 0.400521 0.549074 0.393750 0.561111 0.393750 0.562037 0.392708 0.563889 0.392708 0.564815 0.391667 0.566667 0.391667 0.567593 0.390104 0.570370 0.390104 0.571296 0.389062 0.573148 0.389062 0.574074 0.388021 0.575926 0.388021 0.576852 0.386979 0.578704 0.386979 0.579630 0.385937 0.581481 0.385937 0.582407 0.384375 0.585185 0.384375 0.586111 0.383333 0.587963 0.383333 0.588889 0.382292 0.590741 0.382292 0.591667 0.381771 0.592593 0.381771 0.593519 0.381250 0.594444 0.381250 0.596296 0.381771 0.597222 0.381771 0.598148 0.383333 0.600926 0.383854 0.600926 0.384375 0.601852 0.385937 0.601852 0.386458 0.600926 0.386979 0.600926 0.389062 0.597222 0.389583 0.597222 0.396354 0.585185 0.396875 0.585185 0.404167 0.572222 0.404687 0.572222 0.409896 0.562963 0.410417 0.562963 0.414583 0.555556 0.415104 0.555556 0.418229 0.550000 0.418750 0.550000 0.421354 0.545370 0.421875 0.545370 0.423438 0.542593 0.423958 0.542593 0.426042 0.538889 0.426563 0.538889 0.427604 0.537037 0.428125 0.537037 0.429167 0.535185 0.429688 0.535185 0.430208 0.534259 0.430729 0.534259 0.431250 0.533333 0.431771 0.533333 0.432292 0.532407 0.433333 0.532407 0.433854 0.531481 0.438542 0.531481 0.439063 0.532407 0.440104 0.532407 0.440625 0.533333 0.441146 0.533333 0.441667 0.534259 0.442188 0.534259 0.443229 0.536111 0.443750 0.536111 0.445312 0.538889 0.445833 0.538889 0.447396 0.541667 0.447917 0.541667 0.451042 0.547222 0.451562 0.547222 0.456771 0.556481 0.457292 0.556481 0.479167 0.595370 0.479687 0.595370 0.486458 0.607407 0.486979 0.607407 0.488021 0.609259 0.488542 0.609259 0.489063 0.610185 0.491146 0.610185 0.491667 0.609259 0.492188 0.609259 0.492708 0.608333 0.492708 0.607407 0.493229 0.606481 0.493229 0.605556 0.493750 0.604630 0.493750 0.603704 0.494271 0.602778 0.494271 0.601852 0.493750 0.600926 0.493229 0.600926 0.486979 0.589815 0.486458 0.589815 0.478646 0.575926 0.478646 0.575000 0.439063 0.504630 0.439063 0.503704 0.438021 0.501852 0.438021 0.497222 0.438542 0.496296 0.438542 0.495370 0.439063 0.494444 0.439063 0.493519 0.440104 0.491667 0.440104 0.490741 0.441146 0.488889 0.441146 0.487963 0.442188 0.486111 0.442188 0.485185 0.442708 0.484259 0.442708 0.483333 0.443750 0.481481 0.443750 0.480556 0.444792 0.478704 0.444792 0.477778 0.445833 0.475926 0.445833 0.475000 0.446875 0.473148 0.446875 0.472222 0.446354 0.472222 0.445312 0.470370 0.444792 0.470370 0.444271 0.469444
0 0.560156 0.540741 0.114062 0.140741 0.561979 0.470370 0.561979 0.472222 0.561458 0.473148 0.561458 0.474074 0.560937 0.475000 0.560937 0.476852 0.560417 0.477778 0.560417 0.479630 0.559896 0.480556 0.559896 0.482407 0.559375 0.483333 0.559375 0.484259 0.558854 0.485185 0.558854 0.487037 0.558333 0.487963 0.558333 0.489815 0.557813 0.490741 0.557813 0.492593 0.557292 0.493519 0.557292 0.494444 0.556771 0.495370 0.556771 0.497222 0.556250 0.498148 0.556250 0.500000 0.555729 0.500926 0.555729 0.502778 0.555208 0.503704 0.555208 0.504630 0.554688 0.505556 0.554688 0.507407 0.554167 0.508333 0.554167 0.510185 0.553125 0.512037 0.553125 0.512963 0.548958 0.520370 0.548438 0.520370 0.543229 0.529630 0.542708 0.529630 0.537500 0.538889 0.536979 0.538889 0.532292 0.547222 0.531771 0.547222 0.527083 0.555556 0.526563 0.555556 0.521354 0.564815 0.520833 0.564815 0.516146 0.573148 0.515625 0.573148 0.510938 0.581481 0.510417 0.581481 0.505208 0.590741 0.504687 0.590741 0.503646 0.592593 0.503646 0.593519 0.503125 0.594444 0.503125 0.596296 0.503646 0.597222 0.503646 0.598148 0.504167 0.599074 0.504167 0.600000 0.504687 0.600926 0.505208 0.600926 0.505729 0.601852 0.508333 0.601852 0.509896 0.599074 0.510417 0.599074 0.513542 0.593519 0.514062 0.593519 0.518229 0.586111 0.518750 0.586111 0.523438 0.577778 0.523958 0.577778 0.528125 0.570370 0.528646 0.570370 0.531771 0.564815 0.532292 0.564815 0.535417 0.559259 0.535937 0.559259 0.538542 0.554630 0.539062 0.554630 0.541667 0.550000 0.542188 0.550000 0.544271 0.546296 0.544792 0.546296 0.546354 0.543519 0.546875 0.543519 0.548438 0.540741 0.548958 0.540741 0.550000 0.538889 0.550521 0.538889 0.551562 0.537037 0.552083 0.537037 0.553125 0.535185 0.553646 0.535185 0.554167 0.534259 0.554688 0.534259 0.555208 0.533333 0.556250 0.533333 0.556771 0.532407 0.557813 0.532407 0.558333 0.531481 0.561458 0.531481 0.561979 0.532407 0.563021 0.532407 0.563542 0.533333 0.564583 0.533333 0.565625 0.535185 0.566146 0.535185 0.566667 0.536111 0.567187 0.536111 0.568750 0.538889 0.569271 0.538889 0.570833 0.541667 0.571354 0.541667 0.575000 0.548148 0.575521 0.548148 0.581250 0.558333 0.581771 0.558333 0.609896 0.608333 0.610417 0.608333 0.611458 0.610185 0.612500 0.610185 0.613021 0.611111 0.613542 0.611111 0.614062 0.610185 0.615104 0.610185 0.616667 0.607407 0.616667 0.604630 0.617188 0.603704 0.616146 0.603704 0.615625 0.602778 0.615104 0.602778 0.613021 0.599074 0.612500 0.599074 0.601042 0.578704 0.601042 0.577778 0.565104 0.513889 0.565104 0.512963 0.560937 0.505556 0.560937 0.504630 0.559896 0.502778 0.559896 0.498148 0.560417 0.497222 0.560417 0.495370 0.560937 0.494444 0.560937 0.492593 0.561458 0.491667 0.561458 0.489815 0.561979 0.488889 0.561979 0.487037 0.562500 0.486111 0.562500 0.484259 0.563021 0.483333 0.563021 0.482407 0.563542 0.481481 0.563542 0.479630 0.564063 0.478704 0.564063 0.476852 0.564583 0.475926 0.564583 0.474074 0.565104 0.473148 0.565104 0.471296 0.564583 0.470370
0 0.678385 0.538889 0.099479 0.103704 0.682292 0.487037 0.681771 0.487963 0.680729 0.487963 0.680208 0.488889 0.679688 0.488889 0.679688 0.491667 0.679167 0.492593 0.679167 0.503704 0.678646 0.504630 0.678646 0.511111 0.677083 0.513889 0.677083 0.514815 0.675000 0.518519 0.674479 0.518519 0.670312 0.525926 0.669792 0.525926 0.666146 0.532407 0.665625 0.532407 0.662500 0.537963 0.661979 0.537963 0.658333 0.544444 0.657813 0.544444 0.654167 0.550926 0.653646 0.550926 0.650521 0.556481 0.650000 0.556481 0.646354 0.562963 0.645833 0.562963 0.642708 0.568519 0.642188 0.568519 0.638542 0.575000 0.638021 0.575000 0.634375 0.581481 0.633854 0.581481 0.630729 0.587037 0.630208 0.587037 0.628646 0.589815 0.628646 0.590741 0.630208 0.590741 0.630729 0.589815 0.631250 0.589815 0.631771 0.588889 0.632292 0.588889 0.634375 0.585185 0.634896 0.585185 0.638021 0.579630 0.638542 0.579630 0.642188 0.573148 0.642708 0.573148 0.645833 0.567593 0.646354 0.567593 0.649479 0.562037 0.650000 0.562037 0.653125 0.556481 0.653646 0.556481 0.656250 0.551852 0.656771 0.551852 0.659375 0.547222 0.659896 0.547222 0.661979 0.543519 0.662500 0.543519 0.664583 0.539815 0.665104 0.539815 0.666667 0.537037 0.667188 0.537037 0.669271 0.533333 0.669792 0.533333 0.670833 0.531481 0.671354 0.531481 0.672917 0.528704 0.673438 0.528704 0.674479 0.526852 0.675000 0.526852 0.676042 0.525000 0.676562 0.525000 0.677083 0.524074 0.677604 0.524074 0.678125 0.523148 0.678646 0.523148 0.679167 0.522222 0.679688 0.522222 0.680208 0.521296 0.681250 0.521296 0.681771 0.520370 0.686979 0.520370 0.687500 0.521296 0.688021 0.521296 0.688542 0.522222 0.689063 0.522222 0.689583 0.523148 0.690104 0.523148 0.690625 0.524074 0.691146 0.524074 0.692708 0.526852 0.693229 0.526852 0.694792 0.529630 0.695312 0.529630 0.698438 0.535185 0.698958 0.535185 0.706771 0.549074 0.707292 0.549074 0.710417 0.554630 0.700000 0.536111 0.700000 0.535185 0.698438 0.532407 0.698438 0.531481 0.697917 0.530556 0.697917 0.529630 0.697396 0.528704 0.697396 0.522222 0.697917 0.521296 0.697917 0.500000 0.696354 0.497222 0.695833 0.497222 0.693750 0.493519 0.693229 0.493519 0.692187 0.491667 0.691667 0.491667 0.690625 0.489815 0.690104 0.489815 0.689583 0.488889 0.689063 0.488889 0.688542 0.487963 0.687500 0.487963 0.686979 0.487037
0 0.266927 0.491204 0.114062 0.147222 0.320833 0.417593 0.299479 0.455556 0.298958 0.455556 0.269271 0.508333 0.268750 0.508333 0.253125 0.536111 0.250000 0.536111 0.249479 0.535185 0.248958 0.535185 0.247396 0.532407 0.246875 0.532407 0.239583 0.519444 0.239063 0.519444 0.225000 0.494444 0.224479 0.494444 0.217708 0.482407 0.217188 0.482407 0.213021 0.475000 0.212500 0.475000 0.209896 0.470370 0.209896 0.471296 0.228125 0.503704 0.228646 0.503704 0.247917 0.537963 0.248438 0.537963 0.260937 0.560185 0.261458 0.560185 0.263542 0.563889 0.264062 0.563889 0.264583 0.564815 0.267188 0.564815 0.268750 0.562037 0.269271 0.562037 0.284375 0.535185 0.284896 0.535185 0.319271 0.474074 0.319271 0.473148 0.323958 0.464815 0.323437 0.463889 0.322396 0.463889 0.321875 0.462963 0.321354 0.462963 0.320833 0.462037 0.316146 0.462037 0.315625 0.462963 0.314583 0.462963 0.314063 0.463889 0.313542 0.463889 0.313021 0.464815 0.312500 0.464815 0.311458 0.466667 0.310937 0.466667 0.309896 0.468519 0.309375 0.468519 0.307292 0.472222 0.306771 0.472222 0.304167 0.476852 0.303646 0.476852 0.300000 0.483333 0.299479 0.483333 0.292708 0.495370 0.292187 0.495370 0.273438 0.528704 0.272917 0.528704 0.270833 0.532407 0.268750 0.532407 0.268229 0.531481 0.267708 0.531481 0.266146 0.528704 0.266146 0.527778 0.265625 0.526852 0.265625 0.525926 0.265104 0.525000 0.265625 0.524074 0.265625 0.522222 0.266667 0.520370 0.266667 0.519444 0.322917 0.419444 0.322396 0.418519 0.321875 0.418519 0.321354 0.417593
0 0.384115 0.521759 0.117188 0.108333 0.440104 0.467593 0.439583 0.468519 0.437500 0.468519 0.436979 0.469444 0.435937 0.469444 0.435417 0.470370 0.434896 0.470370 0.434375 0.471296 0.433854 0.471296 0.432812 0.473148 0.432292 0.473148 0.431250 0.475000 0.430729 0.475000 0.429167 0.477778 0.428646 0.477778 0.426563 0.481481 0.426042 0.481481 0.423958 0.485185 0.423438 0.485185 0.419792 0.491667 0.419271 0.491667 0.415104 0.499074 0.414583 0.499074 0.408854 0.509259 0.408333 0.509259 0.400521 0.523148 0.400000 0.523148 0.392708 0.536111 0.392188 0.536111 0.390625 0.538889 0.388021 0.538889 0.385417 0.534259 0.385417 0.532407 0.384896 0.531481 0.384896 0.530556 0.385417 0.529630 0.385417 0.528704 0.386458 0.526852 0.386458 0.525926 0.388021 0.523148 0.388021 0.522222 0.389583 0.519444 0.389583 0.518519 0.390625 0.516667 0.390625 0.515741 0.392188 0.512963 0.392188 0.512037 0.393750 0.509259 0.393750 0.508333 0.395313 0.505556 0.395313 0.504630 0.396354 0.502778 0.396354 0.501852 0.397917 0.499074 0.397917 0.498148 0.399479 0.495370 0.397917 0.498148 0.397396 0.498148 0.390625 0.510185 0.390104 0.510185 0.388542 0.512963 0.388021 0.512963 0.387500 0.513889 0.386979 0.513889 0.386458 0.514815 0.385937 0.514815 0.385417 0.513889 0.384375 0.513889 0.384375 0.514815 0.382812 0.517593 0.382812 0.518519 0.381250 0.521296 0.381250 0.522222 0.379688 0.525000 0.379688 0.525926 0.378646 0.527778 0.378646 0.528704 0.377083 0.531481 0.377083 0.532407 0.375521 0.535185 0.375521 0.536111 0.373958 0.538889 0.373437 0.538889 0.372917 0.539815 0.370833 0.539815 0.370312 0.538889 0.369792 0.538889 0.368229 0.536111 0.367708 0.536111 0.354167 0.512037 0.353646 0.512037 0.340625 0.488889 0.340104 0.488889 0.334896 0.479630 0.334375 0.479630 0.331250 0.474074 0.330729 0.474074 0.328646 0.470370 0.328125 0.470370 0.326042 0.474074 0.326042 0.475000 0.325521 0.475926 0.325521 0.477778 0.326042 0.478704 0.326042 0.479630 0.326562 0.480556 0.326562 0.481481 0.369792 0.558333 0.370312 0.558333 0.379167 0.574074 0.379688 0.574074 0.380729 0.575926 0.383333 0.575926 0.383854 0.575000 0.384375 0.575000 0.385417 0.573148 0.385937 0.573148 0.391146 0.563889 0.391667 0.563889 0.400521 0.548148 0.401042 0.548148 0.409375 0.533333 0.409896 0.533333 0.418750 0.517593 0.419271 0.517593 0.428125 0.501852 0.428646 0.501852 0.434896 0.490741 0.434896 0.489815 0.436458 0.487037 0.436458 0.486111 0.437500 0.484259 0.437500 0.483333 0.438021 0.482407 0.438021 0.481481 0.439063 0.479630 0.439063 0.478704 0.440104 0.476852 0.440104 0.475926 0.441146 0.474074 0.441146 0.473148 0.442188 0.471296 0.442188 0.470370 0.442708 0.469444 0.442708 0.468519 0.440625 0.468519
0 0.500000 0.536111 0.122917 0.131481 0.560417 0.470370 0.559896 0.471296 0.558854 0.471296 0.558333 0.472222 0.557813 0.472222 0.557292 0.473148 0.556771 0.473148 0.556250 0.474074 0.555729 0.474074 0.555208 0.475000 0.554688 0.475000 0.553646 0.476852 0.553125 0.476852 0.551562 0.479630 0.551042 0.479630 0.549479 0.482407 0.548958 0.482407 0.547396 0.485185 0.546875 0.485185 0.544792 0.488889 0.544271 0.488889 0.541667 0.493519 0.541146 0.493519 0.538021 0.499074 0.537500 0.499074 0.533854 0.505556 0.533333 0.505556 0.529687 0.512037 0.529167 0.512037 0.524479 0.520370 0.523958 0.520370 0.518750 0.529630 0.518229 0.529630 0.514062 0.537037 0.513542 0.537037 0.511458 0.540741 0.510938 0.540741 0.510417 0.541667 0.508854 0.541667 0.508333 0.540741 0.507812 0.540741 0.505729 0.537037 0.505729 0.535185 0.505208 0.534259 0.505208 0.533333 0.505729 0.532407 0.505729 0.531481 0.506250 0.530556 0.506250 0.528704 0.506771 0.527778 0.506771 0.526852 0.507292 0.525926 0.507292 0.525000 0.507812 0.524074 0.507812 0.523148 0.508333 0.522222 0.508333 0.521296 0.508854 0.520370 0.508854 0.519444 0.509375 0.518519 0.509375 0.517593 0.509896 0.516667 0.509896 0.515741 0.508854 0.517593 0.508333 0.517593 0.506250 0.521296 0.505729 0.521296 0.504687 0.523148 0.504167 0.523148 0.503646 0.524074 0.502083 0.524074 0.501563 0.525000 0.501563 0.525926 0.501042 0.526852 0.501042 0.527778 0.500521 0.528704 0.500521 0.529630 0.500000 0.530556 0.500000 0.531481 0.499479 0.532407 0.499479 0.533333 0.498958 0.534259 0.498958 0.535185 0.498437 0.536111 0.498437 0.537037 0.497917 0.537963 0.497917 0.539815 0.497396 0.540741 0.497396 0.541667 0.496875 0.542593 0.496875 0.543519 0.495833 0.545370 0.495312 0.545370 0.494792 0.546296 0.492188 0.546296 0.491667 0.545370 0.491146 0.545370 0.490104 0.543519 0.489583 0.543519 0.467708 0.504630 0.467187 0.504630 0.457813 0.487963 0.457292 0.487963 0.453646 0.481481 0.453125 0.481481 0.450521 0.476852 0.450000 0.476852 0.448437 0.474074 0.447917 0.474074 0.447396 0.473148 0.446354 0.475000 0.446354 0.475926 0.445312 0.477778 0.445312 0.478704 0.444271 0.480556 0.444271 0.481481 0.443229 0.483333 0.443229 0.484259 0.442708 0.485185 0.442708 0.486111 0.441667 0.487963 0.441667 0.488889 0.440625 0.490741 0.440625 0.491667 0.439583 0.493519 0.439583 0.494444 0.439063 0.495370 0.439063 0.496296 0.438542 0.497222 0.438542 0.501852 0.439583 0.503704 0.439583 0.504630 0.479167 0.575000 0.479167 0.575926 0.486458 0.588889 0.486979 0.588889 0.493229 0.600000 0.493750 0.600000 0.494271 0.600926 0.494792 0.600926 0.495312 0.601852 0.496354 0.601852 0.496875 0.600926 0.497396 0.600926 0.497917 0.600000 0.498437 0.600000 0.500521 0.596296 0.501042 0.596296 0.504687 0.589815 0.505208 0.589815 0.510417 0.580556 0.510938 0.580556 0.515625 0.572222 0.516146 0.572222 0.520833 0.563889 0.521354 0.563889 0.526563 0.554630 0.527083 0.554630 0.531771 0.546296 0.532292 0.546296 0.536979 0.537963 0.537500 0.537963 0.542708 0.528704 0.543229 0.528704 0.548438 0.519444 0.548958 0.519444 0.552604 0.512963 0.552604 0.512037 0.553646 0.510185 0.553646 0.508333 0.554167 0.507407 0.554167 0.505556 0.554688 0.504630 0.554688 0.503704 0.555208 0.502778 0.555208 0.500926 0.555729 0.500000 0.555729 0.498148 0.556250 0.497222 0.556250 0.495370 0.556771 0.494444 0.556771 0.493519 0.557292 0.492593 0.557292 0.490741 0.557813 0.489815 0.557813 0.487963 0.558333 0.487037 0.558333 0.485185 0.558854 0.484259 0.558854 0.483333 0.559375 0.482407 0.559375 0.480556 0.559896 0.479630 0.559896 0.477778 0.560417 0.476852 0.560417 0.475000 0.560937 0.474074 0.560937 0.473148 0.561458 0.472222 0.561458 0.470370
0 0.619792 0.537037 0.118750 0.131481 0.565625 0.471296 0.565625 0.473148 0.565104 0.474074 0.565104 0.475926 0.564583 0.476852 0.564583 0.478704 0.564063 0.479630 0.564063 0.481481 0.563542 0.482407 0.563542 0.483333 0.563021 0.484259 0.563021 0.486111 0.562500 0.487037 0.562500 0.488889 0.561979 0.489815 0.561979 0.491667 0.561458 0.492593 0.561458 0.494444 0.560937 0.495370 0.560937 0.497222 0.560417 0.498148 0.560417 0.502778 0.561458 0.504630 0.561458 0.505556 0.565625 0.512963 0.565625 0.513889 0.601562 0.577778 0.601562 0.578704 0.612500 0.598148 0.613021 0.598148 0.615104 0.601852 0.615625 0.601852 0.616146 0.602778 0.618750 0.602778 0.619271 0.601852 0.619792 0.601852 0.620313 0.600926 0.620833 0.600926 0.622917 0.597222 0.623437 0.597222 0.626042 0.592593 0.626563 0.592593 0.630208 0.586111 0.630729 0.586111 0.633854 0.580556 0.634375 0.580556 0.638021 0.574074 0.638542 0.574074 0.642188 0.567593 0.642708 0.567593 0.645833 0.562037 0.646354 0.562037 0.650000 0.555556 0.650521 0.555556 0.653646 0.550000 0.654167 0.550000 0.657813 0.543519 0.658333 0.543519 0.661979 0.537037 0.662500 0.537037 0.665625 0.531481 0.666146 0.531481 0.669792 0.525000 0.670312 0.525000 0.674479 0.517593 0.675000 0.517593 0.676562 0.514815 0.676562 0.513889 0.678125 0.511111 0.678125 0.504630 0.678646 0.503704 0.678646 0.492593 0.679167 0.491667 0.679167 0.488889 0.678125 0.490741 0.677604 0.490741 0.677083 0.491667 0.676562 0.491667 0.676042 0.492593 0.675521 0.492593 0.674479 0.494444 0.673958 0.494444 0.672396 0.497222 0.671875 0.497222 0.670833 0.499074 0.670312 0.499074 0.668750 0.501852 0.668229 0.501852 0.666146 0.505556 0.665625 0.505556 0.663542 0.509259 0.663021 0.509259 0.660937 0.512963 0.660417 0.512963 0.658333 0.516667 0.657813 0.516667 0.655208 0.521296 0.654687 0.521296 0.651563 0.526852 0.651042 0.526852 0.647917 0.532407 0.647396 0.532407 0.644271 0.537963 0.643750 0.537963 0.640104 0.544444 0.639583 0.544444 0.635938 0.550926 0.635417 0.550926 0.632292 0.556481 0.631771 0.556481 0.630208 0.559259 0.629687 0.559259 0.629167 0.560185 0.627083 0.560185 0.626042 0.558333 0.625521 0.558333 0.624479 0.556481 0.624479 0.555556 0.623958 0.554630 0.623958 0.549074 0.624479 0.548148 0.624479 0.543519 0.625000 0.542593 0.625000 0.538889 0.625521 0.537963 0.625521 0.534259 0.626042 0.533333 0.626042 0.529630 0.626563 0.528704 0.626563 0.525000 0.627083 0.524074 0.627083 0.519444 0.627604 0.518519 0.627604 0.517593 0.626042 0.520370 0.625521 0.520370 0.623958 0.523148 0.623437 0.523148 0.622917 0.524074 0.622396 0.524074 0.621354 0.525926 0.621354 0.529630 0.620833 0.530556 0.620833 0.533333 0.620313 0.534259 0.620313 0.537963 0.619792 0.538889 0.619792 0.542593 0.619271 0.543519 0.619271 0.545370 0.617188 0.549074 0.614062 0.549074 0.613542 0.548148 0.613021 0.548148 0.610938 0.544444 0.610417 0.544444 0.599479 0.525000 0.599479 0.524074 0.587500 0.502778 0.586979 0.502778 0.578646 0.487963 0.578125 0.487963 0.574479 0.481481 0.573958 0.481481 0.571875 0.477778 0.571354 0.477778 0.569792 0.475000 0.569271 0.475000 0.568750 0.474074 0.568229 0.474074 0.567187 0.472222 0.566146 0.472222
0 0.758854 0.559722 0.121875 0.145370 0.813542 0.487037 0.810417 0.492593 0.809896 0.492593 0.807292 0.497222 0.806771 0.497222 0.804167 0.501852 0.803646 0.501852 0.801042 0.506481 0.800521 0.506481 0.797917 0.511111 0.797396 0.511111 0.794792 0.515741 0.794271 0.515741 0.791146 0.521296 0.790625 0.521296 0.788021 0.525926 0.787500 0.525926 0.784896 0.530556 0.784375 0.530556 0.781771 0.535185 0.781250 0.535185 0.778646 0.539815 0.778125 0.539815 0.775521 0.544444 0.775000 0.544444 0.771875 0.550000 0.771354 0.550000 0.769271 0.553704 0.768750 0.553704 0.766667 0.557407 0.766146 0.557407 0.765104 0.559259 0.764583 0.559259 0.764062 0.560185 0.763021 0.560185 0.762500 0.561111 0.761979 0.560185 0.760938 0.560185 0.759896 0.558333 0.759375 0.558333 0.746875 0.536111 0.746875 0.535185 0.742188 0.526852 0.742188 0.539815 0.742708 0.540741 0.742708 0.554630 0.743229 0.555556 0.743229 0.563889 0.741146 0.567593 0.740625 0.567593 0.740104 0.568519 0.738021 0.568519 0.737500 0.567593 0.736979 0.567593 0.735938 0.565741 0.735417 0.565741 0.718229 0.535185 0.718229 0.534259 0.709375 0.518519 0.708854 0.518519 0.700000 0.502778 0.699479 0.502778 0.698438 0.500926 0.698438 0.521296 0.697917 0.522222 0.697917 0.528704 0.698438 0.529630 0.698438 0.530556 0.698958 0.531481 0.698958 0.532407 0.700521 0.535185 0.700521 0.536111 0.710938 0.554630 0.710938 0.555556 0.728646 0.587037 0.728646 0.587963 0.746875 0.620370 0.746875 0.621296 0.749479 0.625926 0.750000 0.625926 0.753125 0.631481 0.753646 0.631481 0.754167 0.632407 0.756250 0.632407 0.756771 0.631481 0.757292 0.631481 0.757812 0.630556 0.758333 0.630556 0.759375 0.628704 0.759896 0.628704 0.761979 0.625000 0.762500 0.625000 0.764583 0.621296 0.765104 0.621296 0.767708 0.616667 0.768229 0.616667 0.770833 0.612037 0.771354 0.612037 0.773958 0.607407 0.774479 0.607407 0.776563 0.603704 0.777083 0.603704 0.779687 0.599074 0.780208 0.599074 0.782813 0.594444 0.783333 0.594444 0.785937 0.589815 0.786458 0.589815 0.789062 0.585185 0.789583 0.585185 0.792188 0.580556 0.792708 0.580556 0.794792 0.576852 0.795312 0.576852 0.797917 0.572222 0.798438 0.572222 0.801042 0.567593 0.801562 0.567593 0.804167 0.562963 0.804688 0.562963 0.807292 0.558333 0.807813 0.558333 0.810417 0.553704 0.810937 0.553704 0.813542 0.549074 0.814063 0.549074 0.819271 0.539815 0.819271 0.538889 0.819792 0.537963 0.819792 0.536111 0.819271 0.535185 0.819271 0.532407 0.818750 0.531481 0.818750 0.527778 0.818229 0.526852 0.818229 0.524074 0.817708 0.523148 0.817708 0.519444 0.817187 0.518519 0.817187 0.515741 0.816667 0.514815 0.816667 0.512037 0.816146 0.511111 0.816146 0.507407 0.815625 0.506481 0.815625 0.503704 0.815104 0.502778 0.815104 0.500000 0.814583 0.499074 0.814583 0.495370 0.814063 0.494444 0.814063 0.491667 0.813542 0.490741
0 0.207031 0.473148 0.121354 0.124074 0.208854 0.411111 0.207292 0.413889 0.206771 0.413889 0.204687 0.417593 0.204167 0.417593 0.202604 0.420370 0.202083 0.420370 0.200521 0.423148 0.200000 0.423148 0.198437 0.425926 0.197917 0.425926 0.195833 0.429630 0.195312 0.429630 0.193750 0.432407 0.193229 0.432407 0.184896 0.447222 0.184896 0.448148 0.170833 0.473148 0.170833 0.474074 0.156250 0.500000 0.156250 0.500926 0.147917 0.515741 0.147917 0.516667 0.146875 0.518519 0.146875 0.519444 0.146354 0.520370 0.146354 0.522222 0.146875 0.523148 0.146875 0.524074 0.148958 0.527778 0.149479 0.527778 0.150000 0.528704 0.151042 0.528704 0.152083 0.526852 0.152604 0.526852 0.155208 0.522222 0.155729 0.522222 0.157812 0.518519 0.158333 0.518519 0.160417 0.514815 0.160938 0.514815 0.163021 0.511111 0.163542 0.511111 0.165625 0.507407 0.166146 0.507407 0.168229 0.503704 0.168750 0.503704 0.170833 0.500000 0.171354 0.500000 0.183333 0.478704 0.183854 0.478704 0.185938 0.475000 0.186458 0.475000 0.188542 0.471296 0.189062 0.471296 0.191146 0.467593 0.191667 0.467593 0.193750 0.463889 0.194271 0.463889 0.196354 0.460185 0.196875 0.460185 0.198437 0.457407 0.198958 0.457407 0.199479 0.458333 0.200521 0.458333 0.201042 0.459259 0.201563 0.459259 0.202083 0.460185 0.202604 0.460185 0.203125 0.461111 0.203646 0.461111 0.204687 0.462963 0.205208 0.462963 0.206771 0.465741 0.207292 0.465741 0.209375 0.469444 0.209896 0.469444 0.212500 0.474074 0.213021 0.474074 0.217188 0.481481 0.217708 0.481481 0.224479 0.493519 0.225000 0.493519 0.239063 0.518519 0.239583 0.518519 0.246875 0.531481 0.247396 0.531481 0.248958 0.534259 0.249479 0.534259 0.250000 0.535185 0.253125 0.535185 0.267708 0.509259 0.267188 0.510185 0.265625 0.510185 0.265104 0.509259 0.264583 0.509259 0.263021 0.506481 0.262500 0.506481 0.250000 0.484259 0.249479 0.484259 0.226562 0.443519 0.226042 0.443519 0.210938 0.416667 0.210938 0.415741 0.209375 0.412963 0.209375 0.411111
0 0.325000 0.479630 0.118750 0.118519 0.322917 0.420370 0.267188 0.519444 0.267188 0.520370 0.266146 0.522222 0.266146 0.524074 0.265625 0.525000 0.266146 0.525926 0.266146 0.526852 0.266667 0.527778 0.266667 0.528704 0.267708 0.530556 0.268229 0.530556 0.268750 0.531481 0.270833 0.531481 0.272917 0.527778 0.273438 0.527778 0.292187 0.494444 0.292708 0.494444 0.299479 0.482407 0.300000 0.482407 0.303646 0.475926 0.304167 0.475926 0.306771 0.471296 0.307292 0.471296 0.309375 0.467593 0.309896 0.467593 0.310937 0.465741 0.311458 0.465741 0.312500 0.463889 0.313021 0.463889 0.313542 0.462963 0.314063 0.462963 0.314583 0.462037 0.315625 0.462037 0.316146 0.461111 0.320833 0.461111 0.321354 0.462037 0.321875 0.462037 0.322396 0.462963 0.323437 0.462963 0.324479 0.464815 0.325000 0.464815 0.326042 0.466667 0.326562 0.466667 0.328125 0.469444 0.328646 0.469444 0.330729 0.473148 0.331250 0.473148 0.334375 0.478704 0.334896 0.478704 0.340104 0.487963 0.340625 0.487963 0.353646 0.511111 0.354167 0.511111 0.367708 0.535185 0.368229 0.535185 0.369792 0.537963 0.370312 0.537963 0.370833 0.538889 0.372917 0.538889 0.373437 0.537963 0.373958 0.537963 0.375000 0.536111 0.375000 0.535185 0.376563 0.532407 0.376563 0.531481 0.378125 0.528704 0.378125 0.527778 0.379167 0.525926 0.379167 0.525000 0.380729 0.522222 0.380729 0.521296 0.382292 0.518519 0.382292 0.517593 0.383854 0.514815 0.383854 0.513889 0.384375 0.512963 0.383854 0.512963 0.380729 0.507407 0.380208 0.507407 0.371354 0.491667 0.370312 0.491667 0.369792 0.492593 0.368229 0.492593 0.367708 0.491667 0.367188 0.491667 0.366667 0.490741 0.366146 0.490741 0.364583 0.487963 0.364063 0.487963 0.344792 0.453704 0.344271 0.453704 0.334896 0.437037 0.334375 0.437037 0.330208 0.429630 0.329688 0.429630 0.326562 0.424074 0.326042 0.424074 0.323958 0.420370
0 0.443490 0.487037 0.116146 0.116667 0.438542 0.428704 0.432292 0.439815 0.431771 0.439815 0.420833 0.459259 0.420312 0.459259 0.409375 0.478704 0.408854 0.478704 0.400000 0.494444 0.400000 0.495370 0.398438 0.498148 0.398438 0.499074 0.396875 0.501852 0.396875 0.502778 0.395833 0.504630 0.395833 0.505556 0.394271 0.508333 0.394271 0.509259 0.392708 0.512037 0.392708 0.512963 0.391146 0.515741 0.391146 0.516667 0.390104 0.518519 0.390104 0.519444 0.388542 0.522222 0.388542 0.523148 0.386979 0.525926 0.386979 0.526852 0.385937 0.528704 0.385937 0.529630 0.385417 0.530556 0.385417 0.531481 0.385937 0.532407 0.385937 0.534259 0.388021 0.537963 0.390625 0.537963 0.392188 0.535185 0.392708 0.535185 0.400000 0.522222 0.400521 0.522222 0.408333 0.508333 0.408854 0.508333 0.414583 0.498148 0.415104 0.498148 0.419271 0.490741 0.419792 0.490741 0.423438 0.484259 0.423958 0.484259 0.426042 0.480556 0.426563 0.480556 0.428646 0.476852 0.429167 0.476852 0.430729 0.474074 0.431250 0.474074 0.432292 0.472222 0.432812 0.472222 0.433854 0.470370 0.434375 0.470370 0.434896 0.469444 0.435417 0.469444 0.435937 0.468519 0.436979 0.468519 0.437500 0.467593 0.439583 0.467593 0.440104 0.466667 0.440625 0.467593 0.442708 0.467593 0.443229 0.468519 0.444271 0.468519 0.444792 0.469444 0.445312 0.469444 0.446354 0.471296 0.446875 0.471296 0.447917 0.473148 0.448437 0.473148 0.450000 0.475926 0.450521 0.475926 0.453125 0.480556 0.453646 0.480556 0.457292 0.487037 0.457813 0.487037 0.467187 0.503704 0.467708 0.503704 0.489583 0.542593 0.490104 0.542593 0.491146 0.544444 0.491667 0.544444 0.492188 0.545370 0.494792 0.545370 0.495312 0.544444 0.495833 0.544444 0.496354 0.543519 0.496354 0.542593 0.496875 0.541667 0.496875 0.540741 0.497396 0.539815 0.497396 0.537963 0.497917 0.537037 0.497917 0.536111 0.498437 0.535185 0.498437 0.534259 0.498958 0.533333 0.498958 0.532407 0.499479 0.531481 0.499479 0.530556 0.500000 0.529630 0.500000 0.528704 0.500521 0.527778 0.500521 0.526852 0.501042 0.525926 0.501042 0.525000 0.501563 0.524074 0.501563 0.523148 0.501042 0.523148 0.500521 0.522222 0.500000 0.522222 0.491667 0.507407 0.488021 0.507407 0.486979 0.505556 0.486458 0.505556 0.484375 0.501852 0.483854 0.501852 0.455729 0.451852 0.455208 0.451852 0.450000 0.442593 0.449479 0.442593 0.446354 0.437037 0.445833 0.437037 0.444271 0.434259 0.443750 0.434259 0.442188 0.431481 0.441667 0.431481 0.441146 0.430556 0.440625 0.430556 0.439583 0.428704
0 0.563542 0.481481 0.115625 0.133333 0.563542 0.414815 0.563542 0.415741 0.563021 0.416667 0.563021 0.418519 0.562500 0.419444 0.562500 0.420370 0.561979 0.421296 0.561979 0.423148 0.561458 0.424074 0.561458 0.425000 0.560937 0.425926 0.560937 0.427778 0.560417 0.428704 0.560417 0.430556 0.559896 0.431481 0.559896 0.432407 0.559375 0.433333 0.559375 0.434259 0.551562 0.448148 0.551042 0.448148 0.545312 0.458333 0.544792 0.458333 0.539062 0.468519 0.538542 0.468519 0.532813 0.478704 0.532292 0.478704 0.526563 0.488889 0.526042 0.488889 0.520833 0.498148 0.520312 0.498148 0.514583 0.508333 0.514062 0.508333 0.510417 0.514815 0.510417 0.516667 0.509896 0.517593 0.509896 0.518519 0.509375 0.519444 0.509375 0.520370 0.508854 0.521296 0.508854 0.522222 0.508333 0.523148 0.508333 0.524074 0.507812 0.525000 0.507812 0.525926 0.507292 0.526852 0.507292 0.527778 0.506771 0.528704 0.506771 0.530556 0.506250 0.531481 0.506250 0.532407 0.505729 0.533333 0.505729 0.534259 0.506250 0.535185 0.506250 0.537037 0.507812 0.539815 0.508333 0.539815 0.508854 0.540741 0.510417 0.540741 0.510938 0.539815 0.511458 0.539815 0.513542 0.536111 0.514062 0.536111 0.518229 0.528704 0.518750 0.528704 0.523958 0.519444 0.524479 0.519444 0.529167 0.511111 0.529687 0.511111 0.533333 0.504630 0.533854 0.504630 0.537500 0.498148 0.538021 0.498148 0.541146 0.492593 0.541667 0.492593 0.544271 0.487963 0.544792 0.487963 0.546875 0.484259 0.547396 0.484259 0.548958 0.481481 0.549479 0.481481 0.551042 0.478704 0.551562 0.478704 0.553125 0.475926 0.553646 0.475926 0.554688 0.474074 0.555208 0.474074 0.555729 0.473148 0.556250 0.473148 0.556771 0.472222 0.557292 0.472222 0.557813 0.471296 0.558333 0.471296 0.558854 0.470370 0.559896 0.470370 0.560417 0.469444 0.564583 0.469444 0.565104 0.470370 0.565625 0.470370 0.566146 0.471296 0.567187 0.471296 0.568229 0.473148 0.568750 0.473148 0.569271 0.474074 0.569792 0.474074 0.571354 0.476852 0.571875 0.476852 0.573958 0.480556 0.574479 0.480556 0.578125 0.487037 0.578646 0.487037 0.586979 0.501852 0.587500 0.501852 0.600000 0.524074 0.600000 0.525000 0.610417 0.543519 0.610938 0.543519 0.613021 0.547222 0.613542 0.547222 0.614062 0.548148 0.617188 0.548148 0.618750 0.545370 0.618750 0.543519 0.619271 0.542593 0.619271 0.538889 0.619792 0.537963 0.619792 0.534259 0.620313 0.533333 0.620313 0.530556 0.620833 0.529630 0.620833 0.525926 0.621354 0.525000 0.619792 0.525000 0.618750 0.523148 0.618229 0.523148 0.595833 0.483333 0.595833 0.482407 0.571354 0.438889 0.571354 0.437963 0.566146 0.428704 0.566146 0.427778 0.565104 0.425926 0.565104 0.424074 0.564583 0.423148 0.565104 0.422222 0.565104 0.420370 0.565625 0.419444 0.565625 0.417593 0.566146 0.416667 0.566146 0.415741 0.564583 0.415741 0.564063 0.414815
0 0.683594 0.495370 0.118229 0.144444 0.683854 0.423148 0.683333 0.424074 0.682292 0.424074 0.681771 0.425000 0.681250 0.425000 0.681250 0.427778 0.680729 0.428704 0.680729 0.433333 0.672917 0.447222 0.672396 0.447222 0.668750 0.453704 0.668229 0.453704 0.664062 0.461111 0.663542 0.461111 0.659896 0.467593 0.659375 0.467593 0.655729 0.474074 0.655208 0.474074 0.651042 0.481481 0.650521 0.481481 0.646875 0.487963 0.646354 0.487963 0.642188 0.495370 0.641667 0.495370 0.638021 0.501852 0.637500 0.501852 0.633854 0.508333 0.633333 0.508333 0.629687 0.514815 0.629167 0.514815 0.628125 0.516667 0.628125 0.518519 0.627604 0.519444 0.627604 0.524074 0.627083 0.525000 0.627083 0.528704 0.626563 0.529630 0.626563 0.533333 0.626042 0.534259 0.626042 0.537963 0.625521 0.538889 0.625521 0.542593 0.625000 0.543519 0.625000 0.548148 0.624479 0.549074 0.624479 0.554630 0.625000 0.555556 0.625000 0.556481 0.625521 0.557407 0.626042 0.557407 0.627083 0.559259 0.629167 0.559259 0.629687 0.558333 0.630208 0.558333 0.631771 0.555556 0.632292 0.555556 0.635417 0.550000 0.635938 0.550000 0.639583 0.543519 0.640104 0.543519 0.643750 0.537037 0.644271 0.537037 0.647396 0.531481 0.647917 0.531481 0.651042 0.525926 0.651563 0.525926 0.654687 0.520370 0.655208 0.520370 0.657813 0.515741 0.658333 0.515741 0.660417 0.512037 0.660937 0.512037 0.663021 0.508333 0.663542 0.508333 0.665625 0.504630 0.666146 0.504630 0.668229 0.500926 0.668750 0.500926 0.670312 0.498148 0.670833 0.498148 0.671875 0.496296 0.672396 0.496296 0.673958 0.493519 0.674479 0.493519 0.675521 0.491667 0.676042 0.491667 0.676562 0.490741 0.677083 0.490741 0.677604 0.489815 0.678125 0.489815 0.679167 0.487963 0.680208 0.487963 0.680729 0.487037 0.681771 0.487037 0.682292 0.486111 0.686979 0.486111 0.687500 0.487037 0.688542 0.487037 0.689063 0.487963 0.689583 0.487963 0.690104 0.488889 0.690625 0.488889 0.691667 0.490741 0.692187 0.490741 0.693229 0.492593 0.693750 0.492593 0.695833 0.496296 0.696354 0.496296 0.699479 0.501852 0.700000 0.501852 0.708854 0.517593 0.709375 0.517593 0.718750 0.534259 0.718750 0.535185 0.735417 0.564815 0.735938 0.564815 0.736979 0.566667 0.737500 0.566667 0.738021 0.567593 0.740104 0.567593 0.740625 0.566667 0.741146 0.566667 0.742708 0.563889 0.742708 0.555556 0.742188 0.554630 0.742188 0.540741 0.741667 0.539815 0.741667 0.525926 0.732812 0.510185 0.732812 0.509259 0.718750 0.484259 0.718750 0.483333 0.709375 0.466667 0.709375 0.465741 0.707292 0.462037 0.707292 0.461111 0.706771 0.460185 0.706771 0.448148 0.703125 0.441667 0.702604 0.441667 0.698438 0.434259 0.697917 0.434259 0.695833 0.430556 0.695312 0.430556 0.693750 0.427778 0.693229 0.427778 0.692187 0.425926 0.691667 0.425926 0.691146 0.425000 0.690625 0.425000 0.690104 0.424074 0.689063 0.424074 0.688542 0.423148
0 0.265625 0.438426 0.112500 0.141667 0.308333 0.389815 0.302083 0.400926 0.301563 0.400926 0.295312 0.412037 0.294792 0.412037 0.288542 0.423148 0.288021 0.423148 0.281771 0.434259 0.281250 0.434259 0.275000 0.445370 0.274479 0.445370 0.268229 0.456481 0.267708 0.456481 0.261458 0.467593 0.260937 0.467593 0.257812 0.473148 0.257292 0.473148 0.256771 0.474074 0.255729 0.474074 0.255208 0.473148 0.254167 0.473148 0.253125 0.471296 0.252604 0.471296 0.248438 0.463889 0.247917 0.463889 0.230729 0.433333 0.230208 0.433333 0.222917 0.420370 0.222396 0.420370 0.217708 0.412037 0.217188 0.412037 0.214583 0.407407 0.214062 0.407407 0.212500 0.404630 0.211458 0.404630 0.209896 0.407407 0.209896 0.408333 0.209375 0.409259 0.209375 0.410185 0.209896 0.411111 0.209896 0.412963 0.211458 0.415741 0.211458 0.416667 0.226042 0.442593 0.226562 0.442593 0.249479 0.483333 0.250000 0.483333 0.262500 0.505556 0.263021 0.505556 0.264583 0.508333 0.265104 0.508333 0.265625 0.509259 0.267188 0.509259 0.267708 0.508333 0.268229 0.508333 0.268750 0.507407 0.269271 0.507407 0.298958 0.454630 0.299479 0.454630 0.320833 0.416667 0.320312 0.416667 0.319792 0.415741 0.319271 0.415741 0.318750 0.414815 0.318229 0.414815 0.317708 0.413889 0.316146 0.413889 0.315625 0.412963 0.313542 0.412963 0.313021 0.413889 0.311458 0.413889 0.310937 0.414815 0.310417 0.414815 0.309896 0.415741 0.309375 0.415741 0.308854 0.416667 0.308333 0.416667 0.307292 0.418519 0.306771 0.418519 0.305208 0.421296 0.304688 0.421296 0.302604 0.425000 0.302083 0.425000 0.295833 0.436111 0.295312 0.436111 0.283333 0.457407 0.282813 0.457407 0.270313 0.479630 0.269792 0.479630 0.266667 0.485185 0.264062 0.485185 0.263542 0.484259 0.263021 0.484259 0.261979 0.482407 0.261979 0.481481 0.261458 0.480556 0.261458 0.479630 0.260937 0.478704 0.260937 0.475926 0.261979 0.474074 0.261979 0.473148 0.271875 0.455556 0.271875 0.454630
0 0.404687 0.470370 0.066667 0.087037 0.433333 0.426852 0.432812 0.427778 0.431771 0.427778 0.431250 0.428704 0.430208 0.428704 0.429167 0.430556 0.428646 0.430556 0.428125 0.431481 0.427604 0.431481 0.426563 0.433333 0.426042 0.433333 0.424479 0.436111 0.423958 0.436111 0.422396 0.438889 0.421875 0.438889 0.419271 0.443519 0.418750 0.443519 0.415625 0.449074 0.415104 0.449074 0.410938 0.456481 0.410417 0.456481 0.404687 0.466667 0.404167 0.466667 0.395313 0.482407 0.394792 0.482407 0.386458 0.497222 0.385937 0.497222 0.384375 0.500000 0.381771 0.500000 0.379167 0.495370 0.379167 0.494444 0.378646 0.493519 0.378646 0.490741 0.379688 0.488889 0.379688 0.487963 0.381250 0.485185 0.381250 0.484259 0.383333 0.480556 0.383333 0.479630 0.384896 0.476852 0.384896 0.475926 0.386979 0.472222 0.386979 0.471296 0.389062 0.467593 0.389062 0.466667 0.390625 0.463889 0.390625 0.462963 0.392708 0.459259 0.392708 0.458333 0.394792 0.454630 0.394792 0.453704 0.396875 0.450000 0.396875 0.449074 0.398438 0.446296 0.398438 0.445370 0.400521 0.441667 0.390104 0.460185 0.389583 0.460185 0.385937 0.466667 0.385417 0.466667 0.384375 0.468519 0.383854 0.468519 0.383333 0.469444 0.382292 0.469444 0.381771 0.468519 0.381250 0.468519 0.380208 0.470370 0.380208 0.471296 0.378125 0.475000 0.378125 0.475926 0.376042 0.479630 0.376042 0.480556 0.374479 0.483333 0.374479 0.484259 0.372396 0.487963 0.372396 0.488889 0.371354 0.490741 0.380208 0.506481 0.380729 0.506481 0.383854 0.512037 0.384375 0.512037 0.384896 0.512963 0.385417 0.512963 0.385937 0.513889 0.386458 0.513889 0.386979 0.512963 0.387500 0.512963 0.388021 0.512037 0.388542 0.512037 0.390104 0.509259 0.390625 0.509259 0.397396 0.497222 0.397917 0.497222 0.408854 0.477778 0.409375 0.477778 0.420312 0.458333 0.420833 0.458333 0.431771 0.438889 0.432292 0.438889 0.438021 0.428704 0.438021 0.427778 0.436979 0.427778 0.436458 0.426852
0 0.527344 0.468981 0.071354 0.108333 0.562500 0.414815 0.561979 0.415741 0.560417 0.415741 0.559896 0.416667 0.558854 0.416667 0.558333 0.417593 0.557813 0.417593 0.556771 0.419444 0.556250 0.419444 0.555729 0.420370 0.555208 0.420370 0.554167 0.422222 0.553646 0.422222 0.552083 0.425000 0.551562 0.425000 0.550000 0.427778 0.549479 0.427778 0.547396 0.431481 0.546875 0.431481 0.544792 0.435185 0.544271 0.435185 0.541146 0.440741 0.540625 0.440741 0.537500 0.446296 0.536979 0.446296 0.532813 0.453704 0.532292 0.453704 0.527604 0.462037 0.527083 0.462037 0.521354 0.472222 0.520833 0.472222 0.515625 0.481481 0.515104 0.481481 0.512500 0.486111 0.511979 0.486111 0.511458 0.487037 0.510938 0.487037 0.510417 0.487963 0.509896 0.487037 0.508854 0.487037 0.506771 0.483333 0.506771 0.482407 0.506250 0.481481 0.506250 0.477778 0.506771 0.476852 0.506771 0.475926 0.507292 0.475000 0.507292 0.474074 0.507812 0.473148 0.507812 0.472222 0.508333 0.471296 0.508333 0.470370 0.508854 0.469444 0.508854 0.468519 0.509375 0.467593 0.509375 0.466667 0.509896 0.465741 0.509896 0.464815 0.510417 0.463889 0.510417 0.462963 0.510938 0.462037 0.510938 0.461111 0.511458 0.460185 0.509896 0.462963 0.509375 0.462963 0.506771 0.467593 0.506250 0.467593 0.505208 0.469444 0.504687 0.469444 0.504167 0.470370 0.502604 0.470370 0.502604 0.471296 0.502083 0.472222 0.502083 0.473148 0.501563 0.474074 0.501563 0.475000 0.501042 0.475926 0.501042 0.476852 0.500521 0.477778 0.500521 0.478704 0.500000 0.479630 0.500000 0.480556 0.498958 0.482407 0.498958 0.483333 0.498437 0.484259 0.498437 0.485185 0.497917 0.486111 0.497917 0.487037 0.497396 0.487963 0.497396 0.488889 0.496875 0.489815 0.496875 0.490741 0.496354 0.491667 0.496354 0.492593 0.495833 0.493519 0.495833 0.494444 0.495312 0.495370 0.495312 0.496296 0.494792 0.497222 0.494792 0.498148 0.494271 0.499074 0.494271 0.500000 0.493750 0.500926 0.493750 0.501852 0.493229 0.502778 0.493229 0.503704 0.491667 0.506481 0.500000 0.521296 0.500521 0.521296 0.501042 0.522222 0.501563 0.522222 0.502083 0.523148 0.503646 0.523148 0.504167 0.522222 0.504687 0.522222 0.505729 0.520370 0.506250 0.520370 0.508333 0.516667 0.508854 0.516667 0.514062 0.507407 0.514583 0.507407 0.520312 0.497222 0.520833 0.497222 0.526042 0.487963 0.526563 0.487963 0.532292 0.477778 0.532813 0.477778 0.538542 0.467593 0.539062 0.467593 0.544792 0.457407 0.545312 0.457407 0.551042 0.447222 0.551562 0.447222 0.558854 0.434259 0.558854 0.433333 0.559375 0.432407 0.559375 0.431481 0.559896 0.430556 0.559896 0.428704 0.560417 0.427778 0.560417 0.425926 0.560937 0.425000 0.560937 0.424074 0.561458 0.423148 0.561458 0.421296 0.561979 0.420370 0.561979 0.419444 0.562500 0.418519 0.562500 0.416667 0.563021 0.415741 0.563021 0.414815
0 0.622917 0.470370 0.115625 0.107407 0.566667 0.416667 0.566146 0.417593 0.566146 0.419444 0.565625 0.420370 0.565625 0.422222 0.565104 0.423148 0.565625 0.424074 0.565625 0.425926 0.566667 0.427778 0.566667 0.428704 0.571875 0.437963 0.571875 0.438889 0.596354 0.482407 0.596354 0.483333 0.618229 0.522222 0.618750 0.522222 0.619792 0.524074 0.621875 0.524074 0.622396 0.523148 0.622917 0.523148 0.623437 0.522222 0.623958 0.522222 0.625521 0.519444 0.626042 0.519444 0.629167 0.513889 0.629687 0.513889 0.633333 0.507407 0.633854 0.507407 0.637500 0.500926 0.638021 0.500926 0.641667 0.494444 0.642188 0.494444 0.646354 0.487037 0.646875 0.487037 0.650521 0.480556 0.651042 0.480556 0.655208 0.473148 0.655729 0.473148 0.659375 0.466667 0.659896 0.466667 0.663542 0.460185 0.664062 0.460185 0.668229 0.452778 0.668750 0.452778 0.672396 0.446296 0.672917 0.446296 0.680208 0.433333 0.680208 0.428704 0.680729 0.427778 0.680729 0.425926 0.680208 0.425926 0.679688 0.426852 0.679167 0.426852 0.678646 0.427778 0.678125 0.427778 0.677083 0.429630 0.676562 0.429630 0.675521 0.431481 0.675000 0.431481 0.673438 0.434259 0.672917 0.434259 0.671354 0.437037 0.670833 0.437037 0.669271 0.439815 0.668750 0.439815 0.666667 0.443519 0.666146 0.443519 0.664062 0.447222 0.663542 0.447222 0.660937 0.451852 0.660417 0.451852 0.657813 0.456481 0.657292 0.456481 0.654167 0.462037 0.653646 0.462037 0.650521 0.467593 0.650000 0.467593 0.646354 0.474074 0.645833 0.474074 0.641667 0.481481 0.641146 0.481481 0.637500 0.487963 0.636979 0.487963 0.633854 0.493519 0.633333 0.493519 0.631771 0.496296 0.631250 0.496296 0.630729 0.497222 0.629167 0.497222 0.628646 0.496296 0.628125 0.496296 0.626042 0.492593 0.626042 0.490741 0.625521 0.489815 0.625521 0.487963 0.626042 0.487037 0.626042 0.483333 0.626563 0.482407 0.626563 0.479630 0.625000 0.482407 0.624479 0.482407 0.622917 0.485185 0.622396 0.485185 0.621875 0.486111 0.621354 0.486111 0.620833 0.487037 0.620833 0.487963 0.620313 0.488889 0.620313 0.490741 0.618229 0.494444 0.615104 0.494444 0.614062 0.492593 0.613542 0.492593 0.583333 0.438889 0.582812 0.438889 0.577083 0.428704 0.576562 0.428704 0.573958 0.424074 0.573438 0.424074 0.571875 0.421296 0.571354 0.421296 0.570312 0.419444 0.569792 0.419444 0.568750 0.417593 0.568229 0.417593 0.567708 0.416667
0 0.766146 0.504630 0.117708 0.111111 0.707292 0.449074 0.707292 0.460185 0.707812 0.461111 0.707812 0.462037 0.709896 0.465741 0.709896 0.466667 0.719271 0.483333 0.719271 0.484259 0.733333 0.509259 0.733333 0.510185 0.747396 0.535185 0.747396 0.536111 0.759375 0.557407 0.759896 0.557407 0.760938 0.559259 0.761979 0.559259 0.762500 0.560185 0.763021 0.559259 0.764062 0.559259 0.764583 0.558333 0.765104 0.558333 0.766146 0.556481 0.766667 0.556481 0.768750 0.552778 0.769271 0.552778 0.771354 0.549074 0.771875 0.549074 0.775000 0.543519 0.775521 0.543519 0.778125 0.538889 0.778646 0.538889 0.781250 0.534259 0.781771 0.534259 0.784375 0.529630 0.784896 0.529630 0.787500 0.525000 0.788021 0.525000 0.790625 0.520370 0.791146 0.520370 0.794271 0.514815 0.794792 0.514815 0.797396 0.510185 0.797917 0.510185 0.800521 0.505556 0.801042 0.505556 0.803646 0.500926 0.804167 0.500926 0.806771 0.496296 0.807292 0.496296 0.809896 0.491667 0.810417 0.491667 0.813542 0.486111 0.814063 0.486111 0.816667 0.481481 0.817187 0.481481 0.820312 0.475926 0.820833 0.475926 0.824479 0.469444 0.824479 0.468519 0.825000 0.467593 0.825000 0.464815 0.824479 0.463889 0.824479 0.461111 0.823958 0.460185 0.823958 0.457407 0.823438 0.456481 0.823438 0.453704 0.822917 0.453704 0.821875 0.455556 0.821354 0.455556 0.818750 0.460185 0.818229 0.460185 0.815625 0.464815 0.815104 0.464815 0.811979 0.470370 0.811458 0.470370 0.808854 0.475000 0.808333 0.475000 0.805729 0.479630 0.805208 0.479630 0.802083 0.485185 0.801562 0.485185 0.798958 0.489815 0.798438 0.489815 0.795833 0.494444 0.795312 0.494444 0.792188 0.500000 0.791667 0.500000 0.789062 0.504630 0.788542 0.504630 0.785937 0.509259 0.785417 0.509259 0.782813 0.513889 0.782292 0.513889 0.779687 0.518519 0.779167 0.518519 0.777083 0.522222 0.776563 0.522222 0.775000 0.525000 0.774479 0.525000 0.773958 0.525926 0.773438 0.525926 0.772917 0.526852 0.771354 0.526852 0.770833 0.525926 0.770312 0.525926 0.769271 0.524074 0.768750 0.524074 0.758333 0.505556 0.758333 0.504630 0.745313 0.481481 0.745313 0.480556 0.743750 0.477778 0.743750 0.486111 0.744271 0.487037 0.744271 0.500000 0.743750 0.500926 0.743750 0.501852 0.743229 0.502778 0.742708 0.502778 0.742188 0.503704 0.741667 0.503704 0.741146 0.504630 0.739583 0.504630 0.739062 0.503704 0.738542 0.503704 0.738021 0.502778 0.737500 0.502778 0.735938 0.500000 0.735417 0.500000 0.728646 0.487963 0.728646 0.487037
0 0.237500 0.412037 0.170833 0.122222 0.213542 0.350926 0.211979 0.353704 0.211458 0.353704 0.210417 0.355556 0.209896 0.355556 0.208854 0.357407 0.208333 0.357407 0.206771 0.360185 0.206250 0.360185 0.205208 0.362037 0.204687 0.362037 0.203125 0.364815 0.202604 0.364815 0.201563 0.366667 0.201042 0.366667 0.200000 0.368519 0.199479 0.368519 0.186979 0.390741 0.186979 0.391667 0.176042 0.411111 0.176042 0.412037 0.164583 0.432407 0.164583 0.433333 0.155208 0.450000 0.155208 0.450926 0.152604 0.455556 0.152604 0.456481 0.152083 0.457407 0.152083 0.462037 0.154167 0.465741 0.154688 0.465741 0.155208 0.466667 0.156250 0.466667 0.156771 0.465741 0.157292 0.465741 0.158854 0.462963 0.159375 0.462963 0.160938 0.460185 0.161458 0.460185 0.163021 0.457407 0.163542 0.457407 0.165104 0.454630 0.165625 0.454630 0.167187 0.451852 0.167708 0.451852 0.169271 0.449074 0.169792 0.449074 0.171354 0.446296 0.171875 0.446296 0.173437 0.443519 0.173958 0.443519 0.175521 0.440741 0.176042 0.440741 0.177604 0.437963 0.178125 0.437963 0.179688 0.435185 0.180208 0.435185 0.190104 0.417593 0.190625 0.417593 0.192188 0.414815 0.192708 0.414815 0.194271 0.412037 0.194792 0.412037 0.196354 0.409259 0.196875 0.409259 0.198437 0.406481 0.198958 0.406481 0.200000 0.404630 0.200521 0.404630 0.202083 0.401852 0.202604 0.401852 0.204167 0.399074 0.204687 0.399074 0.206250 0.396296 0.206771 0.397222 0.207292 0.397222 0.208333 0.399074 0.208854 0.399074 0.209375 0.400000 0.209896 0.400000 0.211458 0.402778 0.211979 0.402778 0.214062 0.406481 0.214583 0.406481 0.217188 0.411111 0.217708 0.411111 0.222396 0.419444 0.222917 0.419444 0.230208 0.432407 0.230729 0.432407 0.247917 0.462963 0.248438 0.462963 0.252604 0.470370 0.253125 0.470370 0.254167 0.472222 0.255208 0.472222 0.255729 0.473148 0.256771 0.473148 0.257292 0.472222 0.257812 0.472222 0.260937 0.466667 0.261458 0.466667 0.267708 0.455556 0.268229 0.455556 0.272917 0.447222 0.271875 0.449074 0.269792 0.449074 0.269271 0.448148 0.268750 0.448148 0.267708 0.446296 0.267188 0.446296 0.255208 0.425000 0.254688 0.425000 0.225000 0.372222 0.224479 0.372222 0.216667 0.358333 0.216667 0.357407 0.214062 0.352778 0.214062 0.351852
0 0.321094 0.429167 0.119271 0.125000 0.322917 0.366667 0.316667 0.377778 0.316146 0.377778 0.309375 0.389815 0.308854 0.389815 0.272396 0.454630 0.272396 0.455556 0.262500 0.473148 0.262500 0.474074 0.261458 0.475926 0.261458 0.478704 0.261979 0.479630 0.261979 0.480556 0.262500 0.481481 0.262500 0.482407 0.263021 0.483333 0.263542 0.483333 0.264062 0.484259 0.266667 0.484259 0.269792 0.478704 0.270313 0.478704 0.282813 0.456481 0.283333 0.456481 0.295312 0.435185 0.295833 0.435185 0.302083 0.424074 0.302604 0.424074 0.304688 0.420370 0.305208 0.420370 0.306771 0.417593 0.307292 0.417593 0.308333 0.415741 0.308854 0.415741 0.309375 0.414815 0.309896 0.414815 0.310417 0.413889 0.310937 0.413889 0.311458 0.412963 0.313021 0.412963 0.313542 0.412037 0.315625 0.412037 0.316146 0.412963 0.317708 0.412963 0.318229 0.413889 0.318750 0.413889 0.319271 0.414815 0.319792 0.414815 0.320312 0.415741 0.320833 0.415741 0.321875 0.417593 0.322396 0.417593 0.323437 0.419444 0.323958 0.419444 0.326042 0.423148 0.326562 0.423148 0.329688 0.428704 0.330208 0.428704 0.334375 0.436111 0.334896 0.436111 0.344271 0.452778 0.344792 0.452778 0.364063 0.487037 0.364583 0.487037 0.366146 0.489815 0.366667 0.489815 0.367188 0.490741 0.367708 0.490741 0.368229 0.491667 0.369792 0.491667 0.370312 0.490741 0.370833 0.490741 0.371875 0.488889 0.371875 0.487963 0.373958 0.484259 0.373958 0.483333 0.375521 0.480556 0.375521 0.479630 0.377604 0.475926 0.377604 0.475000 0.379688 0.471296 0.379688 0.470370 0.380729 0.468519 0.380729 0.467593 0.380208 0.467593 0.358333 0.428704 0.357812 0.428704 0.329167 0.377778 0.329167 0.376852 0.326042 0.371296 0.326042 0.370370 0.324479 0.367593 0.323958 0.367593 0.323437 0.366667
0 0.440625 0.432870 0.122917 0.147222 0.445312 0.359259 0.444271 0.361111 0.444271 0.362037 0.442708 0.364815 0.442708 0.365741 0.441146 0.368519 0.441146 0.369444 0.439063 0.373148 0.439063 0.374074 0.437500 0.376852 0.437500 0.377778 0.417708 0.412963 0.417187 0.412963 0.403646 0.437037 0.403125 0.437037 0.401042 0.440741 0.401042 0.441667 0.398958 0.445370 0.398958 0.446296 0.397396 0.449074 0.397396 0.450000 0.395313 0.453704 0.395313 0.454630 0.393229 0.458333 0.393229 0.459259 0.391146 0.462963 0.391146 0.463889 0.389583 0.466667 0.389583 0.467593 0.387500 0.471296 0.387500 0.472222 0.385417 0.475926 0.385417 0.476852 0.383854 0.479630 0.383854 0.480556 0.381771 0.484259 0.381771 0.485185 0.380208 0.487963 0.380208 0.488889 0.379167 0.490741 0.379167 0.493519 0.379688 0.494444 0.379688 0.495370 0.381771 0.499074 0.384375 0.499074 0.385937 0.496296 0.386458 0.496296 0.394792 0.481481 0.395313 0.481481 0.404167 0.465741 0.404687 0.465741 0.410417 0.455556 0.410938 0.455556 0.415104 0.448148 0.415625 0.448148 0.418750 0.442593 0.419271 0.442593 0.421875 0.437963 0.422396 0.437963 0.423958 0.435185 0.424479 0.435185 0.426042 0.432407 0.426563 0.432407 0.427604 0.430556 0.428125 0.430556 0.428646 0.429630 0.429167 0.429630 0.430208 0.427778 0.431250 0.427778 0.431771 0.426852 0.432812 0.426852 0.433333 0.425926 0.436458 0.425926 0.436979 0.426852 0.438021 0.426852 0.438542 0.427778 0.439583 0.427778 0.440625 0.429630 0.441146 0.429630 0.441667 0.430556 0.442188 0.430556 0.443750 0.433333 0.444271 0.433333 0.445833 0.436111 0.446354 0.436111 0.449479 0.441667 0.450000 0.441667 0.455208 0.450926 0.455729 0.450926 0.483854 0.500926 0.484375 0.500926 0.486458 0.504630 0.486979 0.504630 0.488021 0.506481 0.491146 0.506481 0.492708 0.503704 0.492708 0.502778 0.493229 0.501852 0.493229 0.500926 0.493750 0.500000 0.493750 0.499074 0.494271 0.498148 0.494271 0.497222 0.494792 0.496296 0.494792 0.495370 0.495312 0.494444 0.495312 0.493519 0.495833 0.492593 0.495833 0.491667 0.496354 0.490741 0.496354 0.489815 0.496875 0.488889 0.496875 0.487963 0.497396 0.487037 0.497396 0.486111 0.497917 0.485185 0.497917 0.484259 0.498437 0.483333 0.498437 0.482407 0.499479 0.480556 0.499479 0.479630 0.500000 0.478704 0.500000 0.477778 0.500521 0.476852 0.500521 0.475926 0.501042 0.475000 0.501042 0.474074 0.501563 0.473148 0.501563 0.472222 0.502083 0.471296 0.502083 0.469444 0.501563 0.469444 0.499479 0.465741 0.498958 0.465741 0.481250 0.434259 0.481250 0.433333 0.449479 0.376852 0.449479 0.375926 0.447396 0.372222 0.447396 0.371296 0.446875 0.370370 0.446875 0.365741 0.448437 0.362963 0.448437 0.362037 0.447917 0.361111 0.447396 0.361111 0.446354 0.359259
0 0.563542 0.435185 0.113542 0.116667 0.560937 0.376852 0.560417 0.377778 0.560417 0.378704 0.550521 0.396296 0.550000 0.396296 0.543750 0.407407 0.543229 0.407407 0.536979 0.418519 0.536458 0.418519 0.529687 0.430556 0.529167 0.430556 0.522917 0.441667 0.522396 0.441667 0.516146 0.452778 0.515625 0.452778 0.511979 0.459259 0.511979 0.460185 0.511458 0.461111 0.511458 0.462037 0.510938 0.462963 0.510938 0.463889 0.510417 0.464815 0.510417 0.465741 0.509896 0.466667 0.509896 0.467593 0.509375 0.468519 0.509375 0.469444 0.508854 0.470370 0.508854 0.471296 0.508333 0.472222 0.508333 0.473148 0.507812 0.474074 0.507812 0.475000 0.507292 0.475926 0.507292 0.476852 0.506771 0.477778 0.506771 0.481481 0.507292 0.482407 0.507292 0.483333 0.508854 0.486111 0.509896 0.486111 0.510417 0.487037 0.510938 0.486111 0.511458 0.486111 0.511979 0.485185 0.512500 0.485185 0.515104 0.480556 0.515625 0.480556 0.520833 0.471296 0.521354 0.471296 0.527083 0.461111 0.527604 0.461111 0.532292 0.452778 0.532813 0.452778 0.536979 0.445370 0.537500 0.445370 0.540625 0.439815 0.541146 0.439815 0.544271 0.434259 0.544792 0.434259 0.546875 0.430556 0.547396 0.430556 0.549479 0.426852 0.550000 0.426852 0.551562 0.424074 0.552083 0.424074 0.553646 0.421296 0.554167 0.421296 0.555208 0.419444 0.555729 0.419444 0.556250 0.418519 0.556771 0.418519 0.557813 0.416667 0.558333 0.416667 0.558854 0.415741 0.559896 0.415741 0.560417 0.414815 0.561979 0.414815 0.562500 0.413889 0.564063 0.413889 0.564583 0.414815 0.566146 0.414815 0.566667 0.415741 0.567708 0.415741 0.568229 0.416667 0.568750 0.416667 0.569792 0.418519 0.570312 0.418519 0.571354 0.420370 0.571875 0.420370 0.573438 0.423148 0.573958 0.423148 0.576562 0.427778 0.577083 0.427778 0.582812 0.437963 0.583333 0.437963 0.613542 0.491667 0.614062 0.491667 0.615104 0.493519 0.618229 0.493519 0.619792 0.490741 0.619792 0.488889 0.620313 0.487963 0.620313 0.487037 0.619271 0.487037 0.618750 0.486111 0.618229 0.486111 0.616667 0.483333 0.616146 0.483333 0.603646 0.461111 0.603646 0.460185 0.581250 0.420370 0.581250 0.419444 0.565625 0.391667 0.565625 0.390741 0.563021 0.386111 0.563021 0.385185 0.562500 0.384259 0.562500 0.379630 0.563021 0.378704 0.563021 0.377778 0.562500 0.376852
0 0.684896 0.440741 0.117708 0.125926 0.686458 0.377778 0.685937 0.378704 0.683854 0.378704 0.683333 0.379630 0.682813 0.379630 0.682292 0.380556 0.681771 0.380556 0.681771 0.388889 0.681250 0.389815 0.681250 0.391667 0.680729 0.392593 0.680729 0.393519 0.674479 0.404630 0.673958 0.404630 0.669792 0.412037 0.669271 0.412037 0.665104 0.419444 0.664583 0.419444 0.660417 0.426852 0.659896 0.426852 0.655729 0.434259 0.655208 0.434259 0.651042 0.441667 0.650521 0.441667 0.646354 0.449074 0.645833 0.449074 0.641667 0.456481 0.641146 0.456481 0.637500 0.462963 0.636979 0.462963 0.632812 0.470370 0.632292 0.470370 0.628125 0.477778 0.627604 0.477778 0.627083 0.478704 0.627083 0.482407 0.626563 0.483333 0.626563 0.487037 0.626042 0.487963 0.626042 0.489815 0.626563 0.490741 0.626563 0.492593 0.628125 0.495370 0.628646 0.495370 0.629167 0.496296 0.630729 0.496296 0.631250 0.495370 0.631771 0.495370 0.633333 0.492593 0.633854 0.492593 0.636979 0.487037 0.637500 0.487037 0.641146 0.480556 0.641667 0.480556 0.645833 0.473148 0.646354 0.473148 0.650000 0.466667 0.650521 0.466667 0.653646 0.461111 0.654167 0.461111 0.657292 0.455556 0.657813 0.455556 0.660417 0.450926 0.660937 0.450926 0.663542 0.446296 0.664062 0.446296 0.666146 0.442593 0.666667 0.442593 0.668750 0.438889 0.669271 0.438889 0.670833 0.436111 0.671354 0.436111 0.672917 0.433333 0.673438 0.433333 0.675000 0.430556 0.675521 0.430556 0.676562 0.428704 0.677083 0.428704 0.678125 0.426852 0.678646 0.426852 0.679167 0.425926 0.679688 0.425926 0.680208 0.425000 0.680729 0.425000 0.681250 0.424074 0.681771 0.424074 0.682292 0.423148 0.683333 0.423148 0.683854 0.422222 0.688542 0.422222 0.689063 0.423148 0.690104 0.423148 0.690625 0.424074 0.691146 0.424074 0.691667 0.425000 0.692187 0.425000 0.693229 0.426852 0.693750 0.426852 0.695312 0.429630 0.695833 0.429630 0.697917 0.433333 0.698438 0.433333 0.702604 0.440741 0.703125 0.440741 0.729167 0.487037 0.729167 0.487963 0.735417 0.499074 0.735938 0.499074 0.737500 0.501852 0.738021 0.501852 0.738542 0.502778 0.739062 0.502778 0.739583 0.503704 0.741146 0.503704 0.741667 0.502778 0.742188 0.502778 0.742708 0.501852 0.743229 0.501852 0.743229 0.500926 0.743750 0.500000 0.743750 0.487037 0.743229 0.486111 0.743229 0.476852 0.732292 0.457407 0.732292 0.456481 0.720833 0.436111 0.720833 0.435185 0.717187 0.428704 0.717187 0.427778 0.716146 0.425926 0.716146 0.425000 0.715625 0.424074 0.715625 0.416667 0.710417 0.407407 0.709896 0.407407 0.702083 0.393519 0.701562 0.393519 0.698438 0.387963 0.697917 0.387963 0.695833 0.384259 0.695312 0.384259 0.694271 0.382407 0.693750 0.382407 0.693229 0.381481 0.692708 0.381481 0.692187 0.380556 0.691667 0.380556 0.691146 0.379630 0.690625 0.379630 0.690104 0.378704 0.688021 0.378704 0.687500 0.377778
0 0.268229 0.396296 0.108333 0.103704 0.215625 0.344444 0.214583 0.346296 0.214583 0.347222 0.214062 0.348148 0.214062 0.350926 0.214583 0.351852 0.214583 0.352778 0.217188 0.357407 0.217188 0.358333 0.224479 0.371296 0.225000 0.371296 0.254688 0.424074 0.255208 0.424074 0.267188 0.445370 0.267708 0.445370 0.268750 0.447222 0.269271 0.447222 0.269792 0.448148 0.271875 0.448148 0.272917 0.446296 0.273438 0.446296 0.278125 0.437963 0.278646 0.437963 0.284896 0.426852 0.285417 0.426852 0.291667 0.415741 0.292187 0.415741 0.298438 0.404630 0.298958 0.404630 0.305208 0.393519 0.305729 0.393519 0.311979 0.382407 0.312500 0.382407 0.318750 0.371296 0.319271 0.371296 0.322396 0.365741 0.322396 0.364815 0.321875 0.364815 0.320833 0.362963 0.320312 0.362963 0.319271 0.361111 0.318750 0.361111 0.318229 0.360185 0.317708 0.360185 0.317188 0.359259 0.315625 0.359259 0.315104 0.358333 0.312500 0.358333 0.311979 0.359259 0.311458 0.359259 0.309375 0.362963 0.308854 0.362963 0.304688 0.370370 0.304167 0.370370 0.300521 0.376852 0.300000 0.376852 0.295833 0.384259 0.295312 0.384259 0.291146 0.391667 0.290625 0.391667 0.286458 0.399074 0.285938 0.399074 0.281771 0.406481 0.281250 0.406481 0.277083 0.413889 0.276562 0.413889 0.272917 0.420370 0.272396 0.420370 0.268229 0.427778 0.267708 0.427778 0.265625 0.431481 0.265104 0.431481 0.264583 0.432407 0.264062 0.432407 0.263542 0.431481 0.263021 0.431481 0.262500 0.430556 0.261979 0.430556 0.260417 0.427778 0.260417 0.426852 0.259896 0.425926 0.259896 0.422222 0.260417 0.421296 0.260417 0.420370 0.264583 0.412963 0.264583 0.412037 0.281250 0.382407 0.278125 0.387963 0.277604 0.387963 0.274479 0.393519 0.273958 0.393519 0.270833 0.399074 0.270313 0.399074 0.267188 0.404630 0.266667 0.404630 0.263542 0.410185 0.263021 0.410185 0.260937 0.413889 0.258333 0.413889 0.257812 0.412963 0.257292 0.412963 0.256771 0.412037 0.256250 0.412037 0.252083 0.404630 0.251563 0.404630 0.232813 0.371296 0.232292 0.371296 0.225521 0.359259 0.225000 0.359259 0.220833 0.351852 0.220312 0.351852 0.217188 0.346296 0.216667 0.346296
0 0.385937 0.412963 0.118750 0.111111 0.438542 0.357407 0.438021 0.358333 0.437500 0.358333 0.436979 0.359259 0.436458 0.359259 0.435937 0.360185 0.435417 0.360185 0.434896 0.361111 0.434375 0.361111 0.433333 0.362963 0.432812 0.362963 0.431250 0.365741 0.430729 0.365741 0.428646 0.369444 0.428125 0.369444 0.426042 0.373148 0.425521 0.373148 0.421875 0.379630 0.421354 0.379630 0.416146 0.388889 0.415625 0.388889 0.407813 0.402778 0.407292 0.402778 0.394792 0.425000 0.394271 0.425000 0.391667 0.429630 0.391146 0.429630 0.390625 0.430556 0.389583 0.430556 0.389062 0.429630 0.388542 0.429630 0.386458 0.425926 0.386458 0.425000 0.385937 0.424074 0.385937 0.420370 0.386979 0.418519 0.386979 0.417593 0.389583 0.412963 0.389583 0.412037 0.392188 0.407407 0.392188 0.406481 0.395313 0.400926 0.395313 0.400000 0.397917 0.395370 0.397917 0.394444 0.401042 0.388889 0.401042 0.387963 0.404167 0.382407 0.404167 0.381481 0.404687 0.380556 0.388021 0.410185 0.387500 0.410185 0.383854 0.416667 0.383333 0.416667 0.382812 0.417593 0.382292 0.417593 0.381771 0.418519 0.380729 0.418519 0.380208 0.417593 0.377083 0.423148 0.377083 0.424074 0.373958 0.429630 0.373958 0.430556 0.369792 0.437963 0.366667 0.437963 0.365625 0.436111 0.365104 0.436111 0.362500 0.431481 0.361979 0.431481 0.338542 0.389815 0.338021 0.389815 0.331250 0.377778 0.330729 0.377778 0.327083 0.371296 0.326562 0.371296 0.329688 0.376852 0.329688 0.377778 0.357812 0.427778 0.358333 0.427778 0.380208 0.466667 0.380729 0.466667 0.381250 0.467593 0.381771 0.467593 0.382292 0.468519 0.383333 0.468519 0.383854 0.467593 0.384375 0.467593 0.385417 0.465741 0.385937 0.465741 0.389583 0.459259 0.390104 0.459259 0.403125 0.436111 0.403646 0.436111 0.417187 0.412037 0.417708 0.412037 0.436979 0.377778 0.436979 0.376852 0.438542 0.374074 0.438542 0.373148 0.440625 0.369444 0.440625 0.368519 0.442188 0.365741 0.442188 0.364815 0.443750 0.362037 0.443750 0.361111 0.445312 0.358333 0.444271 0.358333 0.443750 0.357407
0 0.503906 0.415741 0.113021 0.107407 0.448958 0.362037 0.448958 0.362963 0.447396 0.365741 0.447396 0.370370 0.447917 0.371296 0.447917 0.372222 0.450000 0.375926 0.450000 0.376852 0.481771 0.433333 0.481771 0.434259 0.498958 0.464815 0.499479 0.464815 0.501563 0.468519 0.502083 0.468519 0.502604 0.469444 0.504167 0.469444 0.504687 0.468519 0.505208 0.468519 0.506250 0.466667 0.506771 0.466667 0.509375 0.462037 0.509896 0.462037 0.515625 0.451852 0.516146 0.451852 0.522396 0.440741 0.522917 0.440741 0.529167 0.429630 0.529687 0.429630 0.536458 0.417593 0.536979 0.417593 0.543229 0.406481 0.543750 0.406481 0.550000 0.395370 0.550521 0.395370 0.559896 0.378704 0.559896 0.377778 0.560417 0.376852 0.557813 0.376852 0.557292 0.377778 0.556250 0.377778 0.555729 0.378704 0.555208 0.378704 0.554688 0.379630 0.554167 0.379630 0.553646 0.380556 0.553125 0.380556 0.552083 0.382407 0.551562 0.382407 0.550521 0.384259 0.550000 0.384259 0.548438 0.387037 0.547917 0.387037 0.546354 0.389815 0.545833 0.389815 0.543750 0.393519 0.543229 0.393519 0.540625 0.398148 0.540104 0.398148 0.536979 0.403704 0.536458 0.403704 0.532813 0.410185 0.532292 0.410185 0.527604 0.418519 0.527083 0.418519 0.521354 0.428704 0.520833 0.428704 0.514583 0.439815 0.514062 0.439815 0.509375 0.448148 0.508854 0.448148 0.507292 0.450926 0.506771 0.450926 0.506250 0.451852 0.504687 0.451852 0.504167 0.450926 0.503646 0.450926 0.501563 0.447222 0.501563 0.445370 0.501042 0.444444 0.501042 0.442593 0.501563 0.441667 0.501563 0.440741 0.502083 0.439815 0.502083 0.438889 0.502604 0.437963 0.502604 0.437037 0.503646 0.435185 0.503646 0.434259 0.504167 0.433333 0.504167 0.432407 0.504687 0.431481 0.504687 0.430556 0.505208 0.429630 0.505208 0.428704 0.505729 0.427778 0.505729 0.426852 0.506250 0.425926 0.506250 0.425000 0.506771 0.424074 0.506771 0.423148 0.507812 0.421296 0.503125 0.429630 0.502604 0.429630 0.501042 0.432407 0.500521 0.432407 0.500000 0.433333 0.499479 0.433333 0.498958 0.434259 0.497917 0.434259 0.497396 0.435185 0.496875 0.435185 0.496354 0.436111 0.495833 0.436111 0.495312 0.437037 0.494792 0.437037 0.494271 0.436111 0.493229 0.436111 0.492708 0.435185 0.492188 0.435185 0.489063 0.429630 0.488542 0.429630 0.478125 0.411111 0.478125 0.410185 0.470833 0.397222 0.470313 0.397222 0.458854 0.376852 0.458333 0.376852 0.454167 0.369444 0.453646 0.369444 0.451562 0.365741 0.451042 0.365741
0 0.622135 0.431944 0.118229 0.108333 0.563542 0.377778 0.563542 0.378704 0.563021 0.379630 0.563021 0.384259 0.563542 0.385185 0.563542 0.386111 0.566146 0.390741 0.566146 0.391667 0.581771 0.419444 0.581771 0.420370 0.604167 0.460185 0.604167 0.461111 0.616146 0.482407 0.616667 0.482407 0.618229 0.485185 0.618750 0.485185 0.619271 0.486111 0.620833 0.486111 0.621354 0.485185 0.621875 0.485185 0.622396 0.484259 0.622917 0.484259 0.624479 0.481481 0.625000 0.481481 0.627604 0.476852 0.628125 0.476852 0.632292 0.469444 0.632812 0.469444 0.636979 0.462037 0.637500 0.462037 0.641146 0.455556 0.641667 0.455556 0.645833 0.448148 0.646354 0.448148 0.650521 0.440741 0.651042 0.440741 0.655208 0.433333 0.655729 0.433333 0.659896 0.425926 0.660417 0.425926 0.664583 0.418519 0.665104 0.418519 0.669271 0.411111 0.669792 0.411111 0.673958 0.403704 0.674479 0.403704 0.680208 0.393519 0.680208 0.392593 0.680729 0.391667 0.680729 0.389815 0.681250 0.388889 0.681250 0.381481 0.680729 0.381481 0.680208 0.382407 0.679688 0.382407 0.679167 0.383333 0.678646 0.383333 0.677604 0.385185 0.677083 0.385185 0.676042 0.387037 0.675521 0.387037 0.673958 0.389815 0.673438 0.389815 0.671875 0.392593 0.671354 0.392593 0.669271 0.396296 0.668750 0.396296 0.667188 0.399074 0.666667 0.399074 0.664062 0.403704 0.663542 0.403704 0.660937 0.408333 0.660417 0.408333 0.657292 0.413889 0.656771 0.413889 0.653646 0.419444 0.653125 0.419444 0.649479 0.425926 0.648958 0.425926 0.644792 0.433333 0.644271 0.433333 0.640104 0.440741 0.639583 0.440741 0.635417 0.448148 0.634896 0.448148 0.632812 0.451852 0.632292 0.451852 0.631250 0.453704 0.630729 0.453704 0.630208 0.454630 0.628646 0.454630 0.628125 0.453704 0.627604 0.453704 0.625521 0.450000 0.625521 0.448148 0.625000 0.447222 0.625000 0.445370 0.625521 0.444444 0.625521 0.441667 0.626042 0.440741 0.626042 0.437963 0.623958 0.441667 0.623437 0.441667 0.621875 0.444444 0.621354 0.444444 0.620833 0.445370 0.620313 0.445370 0.619792 0.446296 0.619792 0.449074 0.619271 0.450000 0.619271 0.452778 0.618750 0.453704 0.618750 0.455556 0.617708 0.457407 0.617188 0.457407 0.616667 0.458333 0.615625 0.458333 0.615104 0.459259 0.614583 0.458333 0.613542 0.458333 0.613021 0.457407 0.612500 0.457407 0.610938 0.454630 0.610417 0.454630 0.596875 0.430556 0.596875 0.429630 0.584896 0.408333 0.584375 0.408333 0.576042 0.393519 0.575521 0.393519 0.572396 0.387963 0.571875 0.387963 0.569792 0.384259 0.569271 0.384259 0.567708 0.381481 0.567187 0.381481 0.566146 0.379630 0.565625 0.379630 0.565104 0.378704 0.564583 0.378704 0.564063 0.377778
0 0.775781 0.408333 0.119271 0.235185 0.808854 0.290741 0.808333 0.291667 0.807813 0.291667 0.806250 0.294444 0.805729 0.294444 0.803125 0.299074 0.802604 0.299074 0.798958 0.305556 0.798438 0.305556 0.795312 0.311111 0.794792 0.311111 0.791146 0.317593 0.790625 0.317593 0.788021 0.322222 0.787500 0.322222 0.784896 0.326852 0.784375 0.326852 0.781771 0.331481 0.781250 0.331481 0.779167 0.335185 0.778646 0.335185 0.776563 0.338889 0.776042 0.338889 0.774479 0.341667 0.773958 0.341667 0.772396 0.344444 0.771875 0.344444 0.770833 0.346296 0.770312 0.346296 0.769271 0.348148 0.768750 0.348148 0.768229 0.349074 0.767708 0.349074 0.767188 0.350000 0.766667 0.350000 0.766146 0.350926 0.765625 0.350926 0.765104 0.351852 0.763542 0.351852 0.763021 0.352778 0.761458 0.352778 0.760938 0.351852 0.759375 0.351852 0.758854 0.350926 0.758333 0.350926 0.757812 0.350000 0.757292 0.350000 0.756250 0.348148 0.755729 0.348148 0.754167 0.345370 0.753646 0.345370 0.749479 0.337963 0.748958 0.337963 0.740625 0.323148 0.740625 0.325000 0.741146 0.325926 0.741146 0.336111 0.741667 0.337037 0.741667 0.348148 0.742188 0.349074 0.742188 0.359259 0.742708 0.360185 0.742708 0.371296 0.743229 0.372222 0.743229 0.383333 0.743750 0.384259 0.743750 0.394444 0.744271 0.395370 0.744271 0.406481 0.744792 0.407407 0.744792 0.418519 0.745313 0.419444 0.745313 0.429630 0.745833 0.430556 0.745833 0.441667 0.746354 0.442593 0.746354 0.453704 0.746875 0.454630 0.746875 0.455556 0.746354 0.456481 0.746354 0.457407 0.744271 0.461111 0.743750 0.461111 0.743229 0.462037 0.742188 0.462037 0.741667 0.461111 0.740625 0.461111 0.740104 0.460185 0.739583 0.460185 0.718750 0.423148 0.718750 0.422222 0.716146 0.417593 0.716146 0.424074 0.716667 0.425000 0.716667 0.425926 0.717708 0.427778 0.717708 0.428704 0.721354 0.435185 0.721354 0.436111 0.732812 0.456481 0.732812 0.457407 0.745833 0.480556 0.745833 0.481481 0.758854 0.504630 0.758854 0.505556 0.768750 0.523148 0.769271 0.523148 0.770312 0.525000 0.770833 0.525000 0.771354 0.525926 0.772917 0.525926 0.773438 0.525000 0.773958 0.525000 0.774479 0.524074 0.775000 0.524074 0.776563 0.521296 0.777083 0.521296 0.779167 0.517593 0.779687 0.517593 0.782292 0.512963 0.782813 0.512963 0.785417 0.508333 0.785937 0.508333 0.788542 0.503704 0.789062 0.503704 0.791667 0.499074 0.792188 0.499074 0.795312 0.493519 0.795833 0.493519 0.798438 0.488889 0.798958 0.488889 0.801562 0.484259 0.802083 0.484259 0.805208 0.478704 0.805729 0.478704 0.808333 0.474074 0.808854 0.474074 0.811458 0.469444 0.811979 0.469444 0.815104 0.463889 0.815625 0.463889 0.818229 0.459259 0.818750 0.459259 0.821354 0.454630 0.821875 0.454630 0.824479 0.450000 0.825000 0.450000 0.828125 0.444444 0.828646 0.444444 0.832292 0.437963 0.832812 0.437963 0.834375 0.435185 0.834375 0.434259 0.835417 0.432407 0.835417 0.427778 0.834896 0.426852 0.834896 0.425000 0.834375 0.424074 0.834375 0.422222 0.833854 0.421296 0.833854 0.419444 0.833333 0.418519 0.833333 0.415741 0.832812 0.414815 0.832812 0.412963 0.832292 0.412037 0.832292 0.410185 0.831771 0.409259 0.831771 0.406481 0.831250 0.405556 0.831250 0.403704 0.830729 0.402778 0.830729 0.400926 0.830208 0.400000 0.830208 0.398148 0.829688 0.397222 0.829688 0.394444 0.829167 0.393519 0.829167 0.391667 0.828646 0.390741 0.828646 0.388889 0.828125 0.387963 0.828125 0.385185 0.827604 0.384259 0.827604 0.382407 0.827083 0.381481 0.827083 0.379630 0.826562 0.378704 0.826562 0.376852 0.826042 0.375926 0.826042 0.373148 0.825521 0.372222 0.825521 0.370370 0.825000 0.369444 0.825000 0.367593 0.824479 0.366667 0.824479 0.363889 0.823958 0.362963 0.823958 0.361111 0.823438 0.360185 0.823438 0.358333 0.822917 0.357407 0.822917 0.355556 0.822396 0.354630 0.822396 0.351852 0.821875 0.350926 0.821875 0.349074 0.821354 0.348148 0.821354 0.346296 0.820833 0.345370 0.820833 0.342593 0.820312 0.341667 0.820312 0.339815 0.819792 0.338889 0.819792 0.337037 0.819271 0.336111 0.819271 0.333333 0.818750 0.332407 0.818750 0.330556 0.818229 0.329630 0.818229 0.327778 0.817708 0.326852 0.817708 0.325000 0.817187 0.324074 0.817187 0.321296 0.816667 0.320370 0.816667 0.318519 0.816146 0.317593 0.816146 0.315741 0.815625 0.314815 0.815625 0.312037 0.815104 0.311111 0.815104 0.309259 0.814583 0.308333 0.814583 0.306481 0.814063 0.305556 0.814063 0.303704 0.813542 0.302778 0.813542 0.300000 0.813021 0.299074 0.813021 0.297222 0.812500 0.296296 0.812500 0.294444 0.811979 0.293519 0.811979 0.292593 0.811458 0.291667 0.810937 0.291667 0.810417 0.290741
0 0.221354 0.358796 0.131250 0.108333 0.207292 0.304630 0.206771 0.305556 0.206250 0.305556 0.205729 0.306481 0.205208 0.306481 0.204167 0.308333 0.203646 0.308333 0.201042 0.312963 0.200521 0.312963 0.198958 0.315741 0.198958 0.316667 0.189062 0.334259 0.189062 0.335185 0.180208 0.350926 0.180208 0.351852 0.170833 0.368519 0.170833 0.369444 0.161979 0.385185 0.161979 0.386111 0.157292 0.394444 0.157292 0.395370 0.156250 0.397222 0.156250 0.398148 0.155729 0.399074 0.155729 0.401852 0.156250 0.402778 0.156250 0.403704 0.157812 0.406481 0.158333 0.406481 0.158854 0.407407 0.160417 0.407407 0.161458 0.405556 0.161979 0.405556 0.163021 0.403704 0.163542 0.403704 0.165104 0.400926 0.165625 0.400926 0.170833 0.391667 0.171354 0.391667 0.172917 0.388889 0.173437 0.388889 0.174479 0.387037 0.175000 0.387037 0.176042 0.385185 0.176563 0.385185 0.177604 0.383333 0.178125 0.383333 0.179688 0.380556 0.180208 0.380556 0.181250 0.378704 0.181771 0.378704 0.182812 0.376852 0.183333 0.376852 0.184375 0.375000 0.184896 0.375000 0.186458 0.372222 0.186979 0.372222 0.188021 0.370370 0.188542 0.370370 0.189583 0.368519 0.190104 0.368519 0.191146 0.366667 0.191667 0.366667 0.193229 0.363889 0.193750 0.363889 0.194792 0.362037 0.195312 0.362037 0.196354 0.360185 0.196875 0.360185 0.197917 0.358333 0.198437 0.358333 0.199479 0.356481 0.200000 0.356481 0.201563 0.353704 0.202083 0.353704 0.203125 0.351852 0.203646 0.351852 0.204687 0.350000 0.205208 0.350000 0.206250 0.348148 0.206771 0.348148 0.208333 0.345370 0.208854 0.345370 0.209896 0.343519 0.210417 0.343519 0.211458 0.341667 0.211979 0.341667 0.213021 0.339815 0.214583 0.342593 0.215104 0.342593 0.216667 0.345370 0.217188 0.345370 0.220312 0.350926 0.220833 0.350926 0.225000 0.358333 0.225521 0.358333 0.232292 0.370370 0.232813 0.370370 0.251563 0.403704 0.252083 0.403704 0.256250 0.411111 0.256771 0.411111 0.257292 0.412037 0.257812 0.412037 0.258333 0.412963 0.260937 0.412963 0.263021 0.409259 0.263542 0.409259 0.266667 0.403704 0.267188 0.403704 0.270313 0.398148 0.270833 0.398148 0.273958 0.392593 0.274479 0.392593 0.277604 0.387037 0.278125 0.387037 0.281250 0.381481 0.281771 0.381481 0.286979 0.372222 0.283854 0.377778 0.283333 0.377778 0.280729 0.382407 0.280208 0.382407 0.277083 0.387963 0.276562 0.387963 0.273438 0.393519 0.272917 0.393519 0.269792 0.399074 0.269271 0.399074 0.267188 0.402778 0.266667 0.402778 0.266146 0.403704 0.264062 0.403704 0.263021 0.401852 0.262500 0.401852 0.259375 0.396296 0.258854 0.396296 0.228125 0.341667 0.227604 0.341667 0.209375 0.309259 0.209375 0.308333 0.207813 0.305556 0.207813 0.304630
0 0.324219 0.326852 0.127604 0.220370 0.386979 0.216667 0.386458 0.217593 0.385937 0.217593 0.383333 0.222222 0.382812 0.222222 0.380208 0.226852 0.379688 0.226852 0.376563 0.232407 0.376042 0.232407 0.373437 0.237037 0.372917 0.237037 0.369792 0.242593 0.369271 0.242593 0.366667 0.247222 0.366146 0.247222 0.363021 0.252778 0.362500 0.252778 0.359896 0.257407 0.359375 0.257407 0.356250 0.262963 0.355729 0.262963 0.353125 0.267593 0.352604 0.267593 0.349479 0.273148 0.348958 0.273148 0.346354 0.277778 0.345833 0.277778 0.342708 0.283333 0.342187 0.283333 0.339583 0.287963 0.339062 0.287963 0.335938 0.293519 0.335417 0.293519 0.332813 0.298148 0.332292 0.298148 0.329167 0.303704 0.328646 0.303704 0.326042 0.308333 0.325521 0.308333 0.322396 0.313889 0.321875 0.313889 0.319271 0.318519 0.318750 0.318519 0.316146 0.323148 0.315625 0.323148 0.312500 0.328704 0.311979 0.328704 0.308333 0.335185 0.307812 0.335185 0.301042 0.347222 0.301042 0.348148 0.265104 0.412037 0.265104 0.412963 0.260937 0.420370 0.260937 0.421296 0.260417 0.422222 0.260417 0.425926 0.260937 0.426852 0.260937 0.427778 0.261979 0.429630 0.262500 0.429630 0.263021 0.430556 0.263542 0.430556 0.264062 0.431481 0.264583 0.431481 0.265104 0.430556 0.265625 0.430556 0.267708 0.426852 0.268229 0.426852 0.272396 0.419444 0.272917 0.419444 0.276562 0.412963 0.277083 0.412963 0.281250 0.405556 0.281771 0.405556 0.285938 0.398148 0.286458 0.398148 0.290625 0.390741 0.291146 0.390741 0.295312 0.383333 0.295833 0.383333 0.300000 0.375926 0.300521 0.375926 0.304167 0.369444 0.304688 0.369444 0.308854 0.362037 0.309375 0.362037 0.311458 0.358333 0.311979 0.358333 0.312500 0.357407 0.315104 0.357407 0.315625 0.358333 0.317188 0.358333 0.317708 0.359259 0.318229 0.359259 0.318750 0.360185 0.319271 0.360185 0.320312 0.362037 0.320833 0.362037 0.321875 0.363889 0.322396 0.363889 0.323958 0.366667 0.324479 0.366667 0.326562 0.370370 0.327083 0.370370 0.330729 0.376852 0.331250 0.376852 0.338021 0.388889 0.338542 0.388889 0.361979 0.430556 0.362500 0.430556 0.365104 0.435185 0.365625 0.435185 0.366667 0.437037 0.369792 0.437037 0.373437 0.430556 0.373437 0.429630 0.376563 0.424074 0.376563 0.423148 0.379688 0.417593 0.378646 0.415741 0.378125 0.415741 0.325521 0.322222 0.325521 0.321296 0.323958 0.318519 0.323958 0.317593 0.323437 0.316667 0.323437 0.313889 0.323958 0.312963 0.323958 0.312037 0.326042 0.308333 0.326562 0.308333 0.329167 0.303704 0.329688 0.303704 0.332292 0.299074 0.332813 0.299074 0.335417 0.294444 0.335938 0.294444 0.339062 0.288889 0.339583 0.288889 0.342187 0.284259 0.342708 0.284259 0.345313 0.279630 0.345833 0.279630 0.348438 0.275000 0.348958 0.275000 0.351562 0.270370 0.352083 0.270370 0.354687 0.265741 0.355208 0.265741 0.357812 0.261111 0.358333 0.261111 0.360938 0.256481 0.361458 0.256481 0.364063 0.251852 0.364583 0.251852 0.367188 0.247222 0.367708 0.247222 0.370312 0.242593 0.370833 0.242593 0.373437 0.237963 0.373958 0.237963 0.376563 0.233333 0.377083 0.233333 0.379688 0.228704 0.380208 0.228704 0.382812 0.224074 0.383333 0.224074 0.386458 0.218519 0.386979 0.218519 0.388021 0.216667
0 0.441927 0.327778 0.110937 0.216667 0.489063 0.219444 0.477604 0.239815 0.477083 0.239815 0.471875 0.249074 0.471875 0.250000 0.469271 0.254630 0.469271 0.255556 0.466667 0.260185 0.466667 0.261111 0.464062 0.265741 0.464062 0.266667 0.461458 0.271296 0.461458 0.272222 0.458854 0.276852 0.458854 0.277778 0.456250 0.282407 0.456250 0.283333 0.453646 0.287963 0.453646 0.288889 0.451042 0.293519 0.451042 0.294444 0.448437 0.299074 0.448437 0.300000 0.445833 0.304630 0.445833 0.305556 0.443229 0.310185 0.443229 0.311111 0.440625 0.315741 0.440625 0.316667 0.438021 0.321296 0.438021 0.322222 0.435417 0.326852 0.435417 0.327778 0.424479 0.347222 0.423958 0.347222 0.404687 0.381481 0.404687 0.382407 0.401562 0.387963 0.401562 0.388889 0.398438 0.394444 0.398438 0.395370 0.395833 0.400000 0.395833 0.400926 0.392708 0.406481 0.392708 0.407407 0.390104 0.412037 0.390104 0.412963 0.387500 0.417593 0.387500 0.418519 0.386458 0.420370 0.386458 0.424074 0.386979 0.425000 0.386979 0.425926 0.388542 0.428704 0.389062 0.428704 0.389583 0.429630 0.390625 0.429630 0.391146 0.428704 0.391667 0.428704 0.394271 0.424074 0.394792 0.424074 0.407292 0.401852 0.407813 0.401852 0.415625 0.387963 0.416146 0.387963 0.421354 0.378704 0.421875 0.378704 0.425521 0.372222 0.426042 0.372222 0.428125 0.368519 0.428646 0.368519 0.430729 0.364815 0.431250 0.364815 0.432812 0.362037 0.433333 0.362037 0.434375 0.360185 0.434896 0.360185 0.435417 0.359259 0.435937 0.359259 0.436458 0.358333 0.436979 0.358333 0.437500 0.357407 0.438021 0.357407 0.438542 0.356481 0.443750 0.356481 0.444271 0.357407 0.445312 0.357407 0.445833 0.358333 0.446354 0.358333 0.447396 0.360185 0.447917 0.360185 0.448437 0.361111 0.448958 0.361111 0.451042 0.364815 0.451562 0.364815 0.453646 0.368519 0.454167 0.368519 0.458333 0.375926 0.458854 0.375926 0.470313 0.396296 0.470833 0.396296 0.478646 0.410185 0.478646 0.411111 0.488542 0.428704 0.489063 0.428704 0.492188 0.434259 0.492708 0.434259 0.493229 0.435185 0.494271 0.435185 0.494792 0.436111 0.495312 0.436111 0.495833 0.435185 0.496354 0.435185 0.496875 0.434259 0.497396 0.434259 0.497396 0.433333 0.496875 0.433333 0.495833 0.431481 0.495312 0.431481 0.464583 0.376852 0.464583 0.375926 0.442188 0.336111 0.442188 0.335185 0.440625 0.332407 0.440625 0.331481 0.440104 0.330556 0.440104 0.326852 0.440625 0.325926 0.440625 0.325000 0.443229 0.320370 0.443229 0.319444 0.445312 0.315741 0.445312 0.314815 0.447917 0.310185 0.447917 0.309259 0.450000 0.305556 0.450000 0.304630 0.452083 0.300926 0.452083 0.300000 0.454688 0.295370 0.454688 0.294444 0.456771 0.290741 0.456771 0.289815 0.459375 0.285185 0.459375 0.284259 0.461458 0.280556 0.461458 0.279630 0.463542 0.275926 0.463542 0.275000 0.466146 0.270370 0.466146 0.269444 0.468229 0.265741 0.468229 0.264815 0.470833 0.260185 0.470833 0.259259 0.472917 0.255556 0.472917 0.254630 0.475000 0.250926 0.475000 0.250000 0.477604 0.245370 0.477604 0.244444 0.479687 0.240741 0.479687 0.239815 0.482292 0.235185 0.482292 0.234259 0.484375 0.230556 0.484375 0.229630 0.486458 0.225926 0.486458 0.225000 0.489063 0.220370
0 0.560677 0.344444 0.118229 0.227778 0.586979 0.230556 0.582812 0.237963 0.582812 0.239815 0.582292 0.240741 0.582292 0.241667 0.581771 0.242593 0.581771 0.243519 0.581250 0.244444 0.581250 0.245370 0.580729 0.246296 0.580729 0.247222 0.580208 0.248148 0.580208 0.250000 0.579688 0.250926 0.579688 0.251852 0.579167 0.252778 0.579167 0.253704 0.578646 0.254630 0.578646 0.255556 0.578125 0.256481 0.578125 0.257407 0.577604 0.258333 0.577604 0.259259 0.577083 0.260185 0.577083 0.262037 0.576562 0.262963 0.576562 0.263889 0.576042 0.264815 0.576042 0.265741 0.575521 0.266667 0.575521 0.267593 0.575000 0.268519 0.575000 0.269444 0.574479 0.270370 0.574479 0.272222 0.573958 0.273148 0.573958 0.274074 0.573438 0.275000 0.573438 0.275926 0.572917 0.276852 0.572917 0.277778 0.572396 0.278704 0.572396 0.279630 0.571875 0.280556 0.571875 0.281481 0.571354 0.282407 0.571354 0.284259 0.570833 0.285185 0.570833 0.286111 0.570312 0.287037 0.570312 0.287963 0.569792 0.288889 0.569792 0.289815 0.569271 0.290741 0.569271 0.291667 0.568750 0.292593 0.568750 0.294444 0.568229 0.295370 0.568229 0.296296 0.567708 0.297222 0.567708 0.298148 0.567187 0.299074 0.567187 0.300000 0.566667 0.300926 0.566667 0.301852 0.566146 0.302778 0.566146 0.303704 0.565625 0.304630 0.565625 0.306481 0.565104 0.307407 0.565104 0.308333 0.564583 0.309259 0.564583 0.310185 0.564063 0.311111 0.564063 0.312037 0.563542 0.312963 0.563542 0.313889 0.563021 0.314815 0.563021 0.315741 0.562500 0.316667 0.562500 0.318519 0.561979 0.319444 0.561979 0.320370 0.561458 0.321296 0.561458 0.322222 0.560937 0.323148 0.560937 0.324074 0.560417 0.325000 0.560417 0.325926 0.559896 0.326852 0.559896 0.328704 0.559375 0.329630 0.559375 0.330556 0.558854 0.331481 0.558854 0.332407 0.558333 0.333333 0.558333 0.334259 0.557813 0.335185 0.557813 0.336111 0.557292 0.337037 0.557292 0.337963 0.556771 0.338889 0.556771 0.339815 0.546875 0.357407 0.546354 0.357407 0.539583 0.369444 0.539062 0.369444 0.531771 0.382407 0.531250 0.382407 0.523958 0.395370 0.523438 0.395370 0.516146 0.408333 0.515625 0.408333 0.507292 0.423148 0.507292 0.424074 0.506771 0.425000 0.506771 0.425926 0.506250 0.426852 0.506250 0.427778 0.505729 0.428704 0.505729 0.429630 0.505208 0.430556 0.505208 0.431481 0.504687 0.432407 0.504687 0.433333 0.504167 0.434259 0.504167 0.435185 0.503125 0.437037 0.503125 0.437963 0.502604 0.438889 0.502604 0.439815 0.502083 0.440741 0.502083 0.441667 0.501563 0.442593 0.501563 0.444444 0.502083 0.445370 0.502083 0.447222 0.503646 0.450000 0.504167 0.450000 0.504687 0.450926 0.506250 0.450926 0.506771 0.450000 0.507292 0.450000 0.508854 0.447222 0.509375 0.447222 0.514062 0.438889 0.514583 0.438889 0.520833 0.427778 0.521354 0.427778 0.527083 0.417593 0.527604 0.417593 0.532292 0.409259 0.532813 0.409259 0.536458 0.402778 0.536979 0.402778 0.540104 0.397222 0.540625 0.397222 0.543229 0.392593 0.543750 0.392593 0.545833 0.388889 0.546354 0.388889 0.547917 0.386111 0.548438 0.386111 0.550000 0.383333 0.550521 0.383333 0.551562 0.381481 0.552083 0.381481 0.553125 0.379630 0.553646 0.379630 0.554167 0.378704 0.554688 0.378704 0.555208 0.377778 0.555729 0.377778 0.556250 0.376852 0.557292 0.376852 0.557813 0.375926 0.562500 0.375926 0.563021 0.376852 0.564063 0.376852 0.564583 0.377778 0.565104 0.377778 0.565625 0.378704 0.566146 0.378704 0.567187 0.380556 0.567708 0.380556 0.569271 0.383333 0.569792 0.383333 0.571875 0.387037 0.572396 0.387037 0.575521 0.392593 0.576042 0.392593 0.584375 0.407407 0.584896 0.407407 0.597396 0.429630 0.597396 0.430556 0.610417 0.453704 0.610938 0.453704 0.612500 0.456481 0.613021 0.456481 0.613542 0.457407 0.614583 0.457407 0.615104 0.458333 0.615625 0.457407 0.616667 0.457407 0.617188 0.456481 0.617708 0.456481 0.618229 0.455556 0.618229 0.453704 0.618750 0.452778 0.618750 0.450000 0.619271 0.449074 0.619271 0.446296 0.619792 0.445370 0.617708 0.445370 0.616667 0.443519 0.616146 0.443519 0.598958 0.412963 0.598958 0.412037 0.578125 0.375000 0.578125 0.374074 0.563542 0.348148 0.563542 0.347222 0.560937 0.342593 0.560937 0.341667 0.560417 0.340741 0.560417 0.338889 0.559896 0.337963 0.560417 0.337037 0.560417 0.335185 0.560937 0.334259 0.560937 0.333333 0.561458 0.332407 0.561458 0.330556 0.561979 0.329630 0.561979 0.328704 0.562500 0.327778 0.562500 0.326852 0.563021 0.325926 0.563021 0.325000 0.563542 0.324074 0.563542 0.322222 0.564063 0.321296 0.564063 0.320370 0.564583 0.319444 0.564583 0.318519 0.565104 0.317593 0.565104 0.316667 0.565625 0.315741 0.565625 0.313889 0.566146 0.312963 0.566146 0.312037 0.566667 0.311111 0.566667 0.310185 0.567187 0.309259 0.567187 0.308333 0.567708 0.307407 0.567708 0.305556 0.568229 0.304630 0.568229 0.303704 0.568750 0.302778 0.568750 0.301852 0.569271 0.300926 0.569271 0.300000 0.569792 0.299074 0.569792 0.297222 0.570312 0.296296 0.570312 0.295370 0.570833 0.294444 0.570833 0.293519 0.571354 0.292593 0.571354 0.291667 0.571875 0.290741 0.571875 0.289815 0.572396 0.288889 0.572396 0.287037 0.572917 0.286111 0.572917 0.285185 0.573438 0.284259 0.573438 0.283333 0.573958 0.282407 0.573958 0.281481 0.574479 0.280556 0.574479 0.278704 0.575000 0.277778 0.575000 0.276852 0.575521 0.275926 0.575521 0.275000 0.576042 0.274074 0.576042 0.273148 0.576562 0.272222 0.576562 0.270370 0.577083 0.269444 0.577083 0.268519 0.577604 0.267593 0.577604 0.266667 0.578125 0.265741 0.578125 0.264815 0.578646 0.263889 0.578646 0.262037 0.579167 0.261111 0.579167 0.260185 0.579688 0.259259 0.579688 0.258333 0.580208 0.257407 0.580208 0.256481 0.580729 0.255556 0.580729 0.253704 0.581250 0.252778 0.581250 0.251852 0.581771 0.250926 0.581771 0.250000 0.582292 0.249074 0.582292 0.248148 0.582812 0.247222 0.582812 0.245370 0.583333 0.244444 0.583333 0.243519 0.583854 0.242593 0.583854 0.241667 0.584375 0.240741 0.584375 0.239815 0.584896 0.238889 0.584896 0.237037 0.585417 0.236111 0.585417 0.235185 0.585938 0.234259 0.585938 0.233333 0.586458 0.232407 0.586458 0.231481
0 0.685937 0.343519 0.120833 0.235185 0.692187 0.225926 0.691667 0.226852 0.691146 0.226852 0.689063 0.230556 0.688542 0.230556 0.688021 0.231481 0.688021 0.237963 0.687500 0.238889 0.687500 0.248148 0.686979 0.249074 0.686979 0.257407 0.686458 0.258333 0.686458 0.267593 0.685937 0.268519 0.685937 0.277778 0.685417 0.278704 0.685417 0.287963 0.684896 0.288889 0.684896 0.298148 0.684375 0.299074 0.684375 0.307407 0.683854 0.308333 0.683854 0.317593 0.683333 0.318519 0.683333 0.327778 0.682813 0.328704 0.682813 0.337963 0.682292 0.338889 0.682292 0.346296 0.681771 0.347222 0.681771 0.348148 0.680208 0.350926 0.680208 0.351852 0.678646 0.354630 0.678125 0.354630 0.672396 0.364815 0.671875 0.364815 0.667708 0.372222 0.667188 0.372222 0.662500 0.380556 0.661979 0.380556 0.657292 0.388889 0.656771 0.388889 0.652604 0.396296 0.652083 0.396296 0.647396 0.404630 0.646875 0.404630 0.642708 0.412037 0.642188 0.412037 0.637500 0.420370 0.636979 0.420370 0.632292 0.428704 0.631771 0.428704 0.627604 0.436111 0.627083 0.436111 0.626563 0.437037 0.626563 0.440741 0.626042 0.441667 0.626042 0.444444 0.625521 0.445370 0.625521 0.447222 0.626042 0.448148 0.626042 0.450000 0.627604 0.452778 0.628125 0.452778 0.628646 0.453704 0.630208 0.453704 0.630729 0.452778 0.631250 0.452778 0.632292 0.450926 0.632812 0.450926 0.634896 0.447222 0.635417 0.447222 0.639583 0.439815 0.640104 0.439815 0.644271 0.432407 0.644792 0.432407 0.648958 0.425000 0.649479 0.425000 0.653125 0.418519 0.653646 0.418519 0.656771 0.412963 0.657292 0.412963 0.660417 0.407407 0.660937 0.407407 0.663542 0.402778 0.664062 0.402778 0.666667 0.398148 0.667188 0.398148 0.668750 0.395370 0.669271 0.395370 0.671354 0.391667 0.671875 0.391667 0.673438 0.388889 0.673958 0.388889 0.675521 0.386111 0.676042 0.386111 0.677083 0.384259 0.677604 0.384259 0.678646 0.382407 0.679167 0.382407 0.679688 0.381481 0.680208 0.381481 0.680729 0.380556 0.681250 0.380556 0.681771 0.379630 0.682292 0.379630 0.682813 0.378704 0.683333 0.378704 0.683854 0.377778 0.685937 0.377778 0.686458 0.376852 0.687500 0.376852 0.688021 0.377778 0.690104 0.377778 0.690625 0.378704 0.691146 0.378704 0.691667 0.379630 0.692187 0.379630 0.692708 0.380556 0.693229 0.380556 0.693750 0.381481 0.694271 0.381481 0.695312 0.383333 0.695833 0.383333 0.697917 0.387037 0.698438 0.387037 0.701562 0.392593 0.702083 0.392593 0.709896 0.406481 0.710417 0.406481 0.719271 0.422222 0.719271 0.423148 0.739583 0.459259 0.740104 0.459259 0.740625 0.460185 0.741667 0.460185 0.742188 0.461111 0.743229 0.461111 0.743750 0.460185 0.744271 0.460185 0.745833 0.457407 0.745833 0.456481 0.746354 0.455556 0.746354 0.454630 0.745833 0.453704 0.745833 0.442593 0.745313 0.441667 0.745313 0.430556 0.744792 0.429630 0.744792 0.419444 0.744271 0.418519 0.744271 0.407407 0.743750 0.406481 0.743750 0.395370 0.743229 0.394444 0.743229 0.384259 0.742708 0.383333 0.742708 0.372222 0.742188 0.371296 0.742188 0.360185 0.741667 0.359259 0.741667 0.349074 0.741146 0.348148 0.741146 0.337037 0.740625 0.336111 0.740625 0.325926 0.740104 0.325000 0.740104 0.313889 0.739583 0.312963 0.739583 0.311111 0.739062 0.310185 0.739062 0.309259 0.735938 0.303704 0.735938 0.302778 0.726562 0.286111 0.726562 0.285185 0.716146 0.266667 0.716146 0.265741 0.705729 0.247222 0.705729 0.246296 0.695312 0.227778 0.694792 0.227778 0.693750 0.225926