0 0.128646 0.598611 0.122917 0.110185 0.183854 0.543519 0.183333 0.544444 0.182812 0.544444 0.182292 0.545370 0.181771 0.545370 0.181250 0.546296 0.180729 0.546296 0.180208 0.547222 0.179688 0.547222 0.178646 0.549074 0.178125 0.549074 0.176563 0.551852 0.176042 0.551852 0.173437 0.556481 0.172917 0.556481 0.169271 0.562963 0.168750 0.562963 0.158333 0.581481 0.157812 0.581481 0.152083 0.591667 0.152083 0.592593 0.136458 0.620370 0.135937 0.620370 0.135417 0.621296 0.132812 0.621296 0.130208 0.616667 0.130208 0.612037 0.131250 0.610185 0.131250 0.609259 0.131771 0.608333 0.131771 0.607407 0.132812 0.605556 0.132812 0.604630 0.133333 0.603704 0.133333 0.602778 0.134375 0.600926 0.134375 0.600000 0.134896 0.599074 0.134896 0.598148 0.135937 0.596296 0.135937 0.595370 0.136458 0.594444 0.136458 0.593519 0.137500 0.591667 0.137500 0.590741 0.138021 0.589815 0.138021 0.588889 0.139063 0.587037 0.139063 0.585185 0.121875 0.615741 0.121354 0.615741 0.120833 0.616667 0.118229 0.616667 0.117708 0.615741 0.117188 0.615741 0.116146 0.613889 0.115625 0.613889 0.113542 0.610185 0.113021 0.610185 0.110937 0.606481 0.110417 0.606481 0.107292 0.600926 0.106771 0.600926 0.104167 0.596296 0.103646 0.596296 0.101042 0.591667 0.100521 0.591667 0.097396 0.586111 0.096875 0.586111 0.094271 0.581481 0.093750 0.581481 0.090625 0.575926 0.090104 0.575926 0.087500 0.571296 0.086979 0.571296 0.084375 0.566667 0.083854 0.566667 0.080729 0.561111 0.080208 0.561111 0.077604 0.556481 0.077083 0.556481 0.073958 0.550926 0.073438 0.550926 0.072396 0.549074 0.070833 0.549074 0.070312 0.550000 0.070312 0.550926 0.068750 0.553704 0.068750 0.554630 0.067187 0.557407 0.067187 0.563889 0.074479 0.576852 0.075000 0.576852 0.077604 0.581481 0.078125 0.581481 0.081250 0.587037 0.081771 0.587037 0.084896 0.592593 0.085417 0.592593 0.088021 0.597222 0.088542 0.597222 0.091667 0.602778 0.092188 0.602778 0.094792 0.607407 0.095312 0.607407 0.098437 0.612963 0.098958 0.612963 0.102083 0.618519 0.102604 0.618519 0.105208 0.623148 0.105729 0.623148 0.108854 0.628704 0.109375 0.628704 0.111979 0.633333 0.112500 0.633333 0.115625 0.638889 0.116146 0.638889 0.118750 0.643519 0.119271 0.643519 0.122396 0.649074 0.122917 0.649074 0.125000 0.652778 0.125521 0.652778 0.126042 0.653704 0.134896 0.653704 0.135937 0.651852 0.136458 0.651852 0.155729 0.617593 0.155729 0.616667 0.184375 0.565741 0.184375 0.564815 0.185417 0.562963 0.185417 0.562037 0.185938 0.561111 0.185938 0.560185 0.186458 0.559259 0.186458 0.558333 0.186979 0.557407 0.186979 0.556481 0.187500 0.555556 0.187500 0.554630 0.188021 0.553704 0.188021 0.552778 0.188542 0.551852 0.188542 0.550926 0.189062 0.550000 0.189062 0.549074 0.189583 0.548148 0.189583 0.547222 0.190104 0.546296 0.190104 0.544444 0.189583 0.543519
0 0.119531 0.550000 0.129688 0.133333 0.070833 0.483333 0.069792 0.485185 0.069792 0.486111 0.067187 0.490741 0.067187 0.491667 0.064062 0.497222 0.064062 0.498148 0.061458 0.502778 0.061458 0.503704 0.058333 0.509259 0.058333 0.510185 0.055729 0.514815 0.055729 0.515741 0.055208 0.516667 0.055208 0.517593 0.054688 0.518519 0.054688 0.519444 0.055208 0.520370 0.055208 0.521296 0.055729 0.522222 0.055729 0.523148 0.059375 0.529630 0.059896 0.529630 0.063021 0.535185 0.063542 0.535185 0.066667 0.540741 0.067187 0.540741 0.069792 0.545370 0.070312 0.545370 0.072917 0.550000 0.073438 0.550000 0.076563 0.555556 0.077083 0.555556 0.079687 0.560185 0.080208 0.560185 0.083333 0.565741 0.083854 0.565741 0.086458 0.570370 0.086979 0.570370 0.089583 0.575000 0.090104 0.575000 0.093229 0.580556 0.093750 0.580556 0.096354 0.585185 0.096875 0.585185 0.100000 0.590741 0.100521 0.590741 0.103125 0.595370 0.103646 0.595370 0.106250 0.600000 0.106771 0.600000 0.109896 0.605556 0.110417 0.605556 0.112500 0.609259 0.113021 0.609259 0.115104 0.612963 0.115625 0.612963 0.116667 0.614815 0.117188 0.614815 0.117708 0.615741 0.118229 0.615741 0.118750 0.616667 0.120833 0.616667 0.121875 0.614815 0.122396 0.614815 0.142187 0.579630 0.142187 0.578704 0.160938 0.545370 0.160938 0.544444 0.172396 0.524074 0.172396 0.523148 0.173958 0.520370 0.173958 0.519444 0.174479 0.518519 0.174479 0.517593 0.175521 0.515741 0.175521 0.514815 0.176042 0.513889 0.176042 0.512963 0.176563 0.512037 0.176563 0.511111 0.177604 0.509259 0.177604 0.508333 0.178125 0.507407 0.178125 0.506481 0.179167 0.504630 0.179167 0.503704 0.179688 0.502778 0.179688 0.501852 0.180208 0.500926 0.180208 0.500000 0.181250 0.498148 0.181250 0.497222 0.181771 0.496296 0.181771 0.495370 0.182292 0.494444 0.182292 0.493519 0.183333 0.491667 0.183333 0.490741 0.183854 0.489815 0.183854 0.488889 0.184375 0.487963 0.182292 0.487963 0.181771 0.488889 0.181250 0.488889 0.180729 0.489815 0.179688 0.489815 0.179167 0.490741 0.178646 0.490741 0.177604 0.492593 0.177083 0.492593 0.176042 0.494444 0.175521 0.494444 0.173437 0.498148 0.172917 0.498148 0.169792 0.503704 0.169271 0.503704 0.162500 0.515741 0.161979 0.515741 0.145313 0.545370 0.145313 0.546296 0.134375 0.565741 0.133854 0.565741 0.132812 0.567593 0.131250 0.567593 0.130729 0.566667 0.130208 0.566667 0.129688 0.565741 0.129167 0.565741 0.128125 0.563889 0.128125 0.562963 0.127604 0.562037 0.127604 0.561111 0.127083 0.560185 0.127083 0.558333 0.127604 0.557407 0.127604 0.556481 0.128646 0.554630 0.128646 0.553704 0.129688 0.551852 0.129688 0.550926 0.130729 0.549074 0.130729 0.548148 0.131250 0.547222 0.131250 0.546296 0.132292 0.544444 0.132292 0.543519 0.133333 0.541667 0.133333 0.540741 0.134375 0.538889 0.134375 0.537963 0.135417 0.536111 0.135417 0.535185 0.136458 0.533333 0.136458 0.532407 0.137500 0.530556 0.137500 0.529630 0.138542 0.527778 0.138542 0.526852 0.139063 0.525926 0.139063 0.525000 0.140104 0.523148 0.140104 0.522222 0.141146 0.520370 0.141146 0.519444 0.142187 0.517593 0.142187 0.516667 0.143229 0.514815 0.143229 0.513889 0.144271 0.512037 0.144271 0.511111 0.145313 0.509259 0.145313 0.508333 0.146354 0.506481 0.146354 0.505556 0.146875 0.504630 0.145313 0.507407 0.145313 0.508333 0.130208 0.535185 0.130208 0.536111 0.122917 0.549074 0.122396 0.549074 0.120833 0.551852 0.117708 0.551852 0.117188 0.550926 0.116667 0.550926 0.115625 0.549074 0.115104 0.549074 0.113021 0.545370 0.112500 0.545370 0.109896 0.540741 0.109375 0.540741 0.106250 0.535185 0.105729 0.535185 0.102604 0.529630 0.102083 0.529630 0.101562 0.528704 0.101042 0.528704 0.100000 0.526852 0.099479 0.526852 0.097917 0.524074 0.097396 0.524074 0.095312 0.520370 0.094792 0.520370 0.092188 0.515741 0.091667 0.515741 0.088542 0.510185 0.088021 0.510185 0.084896 0.504630 0.084375 0.504630 0.081771 0.500000 0.081250 0.500000 0.078125 0.494444 0.077604 0.494444 0.074479 0.488889 0.073958 0.488889
0 0.143229 0.486574 0.082292 0.128704 0.183333 0.422222 0.182812 0.423148 0.182292 0.423148 0.181771 0.424074 0.181250 0.424074 0.180729 0.425000 0.180208 0.425000 0.179688 0.425926 0.179167 0.425926 0.178125 0.427778 0.177604 0.427778 0.175521 0.431481 0.175000 0.431481 0.172396 0.436111 0.171875 0.436111 0.165625 0.447222 0.165104 0.447222 0.148958 0.475926 0.148958 0.476852 0.135417 0.500926 0.134896 0.500926 0.134375 0.501852 0.133333 0.501852 0.132812 0.500926 0.132292 0.500926 0.131771 0.500000 0.131250 0.500000 0.129688 0.497222 0.129688 0.496296 0.129167 0.495370 0.129167 0.491667 0.129688 0.490741 0.129688 0.489815 0.131250 0.487037 0.131250 0.486111 0.132292 0.484259 0.132292 0.483333 0.133333 0.481481 0.133333 0.480556 0.134896 0.477778 0.134896 0.476852 0.135937 0.475000 0.135937 0.474074 0.136979 0.472222 0.136979 0.471296 0.138542 0.468519 0.138542 0.467593 0.139583 0.465741 0.139583 0.464815 0.141146 0.462037 0.133854 0.475000 0.133854 0.475926 0.121354 0.498148 0.121354 0.499074 0.105208 0.527778 0.104688 0.527778 0.104167 0.528704 0.103125 0.528704 0.103125 0.529630 0.105729 0.534259 0.106250 0.534259 0.109375 0.539815 0.109896 0.539815 0.112500 0.544444 0.113021 0.544444 0.115104 0.548148 0.115625 0.548148 0.116667 0.550000 0.117188 0.550000 0.117708 0.550926 0.120833 0.550926 0.122396 0.548148 0.122917 0.548148 0.129688 0.536111 0.129688 0.535185 0.144792 0.508333 0.144792 0.507407 0.159375 0.481481 0.159375 0.480556 0.169792 0.462037 0.169792 0.461111 0.171875 0.457407 0.171875 0.456481 0.172917 0.454630 0.172917 0.453704 0.173958 0.451852 0.173958 0.450926 0.175000 0.449074 0.175000 0.448148 0.175521 0.447222 0.175521 0.446296 0.176563 0.444444 0.176563 0.443519 0.177604 0.441667 0.177604 0.440741 0.178646 0.438889 0.178646 0.437963 0.179167 0.437037 0.179167 0.436111 0.180208 0.434259 0.180208 0.433333 0.181250 0.431481 0.181250 0.430556 0.182292 0.428704 0.182292 0.427778 0.182812 0.426852 0.182812 0.425926 0.183854 0.424074 0.183854 0.423148 0.184375 0.422222
0 0.111198 0.440741 0.147396 0.175926 0.184896 0.359259 0.184375 0.360185 0.183333 0.360185 0.182812 0.361111 0.182292 0.361111 0.181771 0.362037 0.181250 0.362037 0.180729 0.362963 0.180208 0.362963 0.179167 0.364815 0.178646 0.364815 0.177083 0.367593 0.176563 0.367593 0.174479 0.371296 0.173958 0.371296 0.168750 0.380556 0.168229 0.380556 0.150000 0.412963 0.150000 0.413889 0.136458 0.437963 0.135937 0.437963 0.135417 0.438889 0.133854 0.438889 0.133333 0.437963 0.132812 0.437963 0.130208 0.433333 0.130208 0.428704 0.130729 0.427778 0.130729 0.426852 0.132812 0.423148 0.132812 0.422222 0.134375 0.419444 0.134375 0.418519 0.135937 0.415741 0.135937 0.414815 0.137500 0.412037 0.137500 0.411111 0.139583 0.407407 0.139583 0.406481 0.141146 0.403704 0.141146 0.402778 0.142708 0.400000 0.136979 0.410185 0.136979 0.411111 0.127083 0.428704 0.127083 0.429630 0.116667 0.448148 0.116667 0.449074 0.106771 0.466667 0.106771 0.467593 0.093750 0.490741 0.093229 0.490741 0.092708 0.491667 0.089583 0.491667 0.088542 0.489815 0.088021 0.489815 0.086458 0.487037 0.085938 0.487037 0.083854 0.483333 0.083333 0.483333 0.080729 0.478704 0.080208 0.478704 0.077083 0.473148 0.076563 0.473148 0.073438 0.467593 0.072917 0.467593 0.070312 0.462963 0.069792 0.462963 0.066667 0.457407 0.066146 0.457407 0.063021 0.451852 0.062500 0.451852 0.059375 0.446296 0.058854 0.446296 0.056250 0.441667 0.055729 0.441667 0.052604 0.436111 0.052083 0.436111 0.048958 0.430556 0.048438 0.430556 0.045312 0.425000 0.044792 0.425000 0.042188 0.420370 0.041146 0.420370 0.038021 0.425926 0.038021 0.427778 0.037500 0.428704 0.037500 0.429630 0.038021 0.430556 0.038021 0.431481 0.038542 0.432407 0.038542 0.433333 0.041667 0.438889 0.042188 0.438889 0.045833 0.445370 0.046354 0.445370 0.049479 0.450926 0.050000 0.450926 0.053125 0.456481 0.053646 0.456481 0.056250 0.461111 0.056771 0.461111 0.059896 0.466667 0.060417 0.466667 0.063542 0.472222 0.064062 0.472222 0.067187 0.477778 0.067708 0.477778 0.070312 0.482407 0.070833 0.482407 0.073958 0.487963 0.074479 0.487963 0.077604 0.493519 0.078125 0.493519 0.081250 0.499074 0.081771 0.499074 0.084375 0.503704 0.084896 0.503704 0.088021 0.509259 0.088542 0.509259 0.091667 0.514815 0.092188 0.514815 0.094792 0.519444 0.095312 0.519444 0.097396 0.523148 0.097917 0.523148 0.099479 0.525926 0.100000 0.525926 0.101042 0.527778 0.102083 0.527778 0.102604 0.528704 0.103125 0.527778 0.104167 0.527778 0.104688 0.526852 0.105208 0.526852 0.120833 0.499074 0.120833 0.498148 0.133333 0.475926 0.133333 0.475000 0.145313 0.453704 0.145313 0.452778 0.154688 0.436111 0.154688 0.435185 0.156771 0.431481 0.156771 0.430556 0.157812 0.428704 0.157812 0.427778 0.159375 0.425000 0.159375 0.424074 0.160417 0.422222 0.160417 0.421296 0.161458 0.419444 0.161458 0.418519 0.163021 0.415741 0.163021 0.414815 0.164062 0.412963 0.164062 0.412037 0.165104 0.410185 0.165104 0.409259 0.166146 0.407407 0.166146 0.406481 0.167708 0.403704 0.167708 0.402778 0.168750 0.400926 0.168750 0.400000 0.169792 0.398148 0.169792 0.397222 0.171354 0.394444 0.171354 0.393519 0.172396 0.391667 0.172396 0.390741 0.173437 0.388889 0.173437 0.387963 0.175000 0.385185 0.175000 0.384259 0.176042 0.382407 0.176042 0.381481 0.177083 0.379630 0.177083 0.378704 0.178125 0.376852 0.178125 0.375926 0.179688 0.373148 0.179688 0.372222 0.180729 0.370370 0.180729 0.369444 0.181771 0.367593 0.181771 0.366667 0.183333 0.363889 0.183333 0.362963 0.184375 0.361111 0.184375 0.360185
0 0.114323 0.370833 0.177604 0.239815 0.199479 0.250926 0.198958 0.251852 0.198437 0.251852 0.190625 0.265741 0.190625 0.266667 0.168229 0.306481 0.167708 0.306481 0.165104 0.311111 0.164583 0.311111 0.163021 0.313889 0.162500 0.313889 0.161979 0.314815 0.161458 0.314815 0.160938 0.315741 0.160417 0.315741 0.159896 0.316667 0.158333 0.316667 0.157812 0.317593 0.156250 0.317593 0.155729 0.316667 0.154167 0.316667 0.153646 0.315741 0.153125 0.315741 0.152604 0.314815 0.152083 0.314815 0.151562 0.313889 0.151042 0.313889 0.150000 0.312037 0.149479 0.312037 0.148438 0.310185 0.147917 0.310185 0.146354 0.307407 0.145833 0.307407 0.144271 0.304630 0.143750 0.304630 0.141667 0.300926 0.141146 0.300926 0.138542 0.296296 0.138021 0.296296 0.135417 0.291667 0.134896 0.291667 0.131771 0.286111 0.131250 0.286111 0.127604 0.279630 0.127083 0.279630 0.123438 0.273148 0.122917 0.273148 0.118750 0.265741 0.118229 0.265741 0.115104 0.260185 0.114583 0.260185 0.112500 0.256481 0.111979 0.256481 0.110937 0.254630 0.110417 0.254630 0.109896 0.253704 0.107813 0.253704 0.107292 0.254630 0.106771 0.254630 0.102083 0.262963 0.101562 0.262963 0.095312 0.274074 0.094792 0.274074 0.089063 0.284259 0.088542 0.284259 0.082292 0.295370 0.081771 0.295370 0.076042 0.305556 0.075521 0.305556 0.069271 0.316667 0.068750 0.316667 0.062500 0.327778 0.061979 0.327778 0.056250 0.337963 0.055729 0.337963 0.049479 0.349074 0.048958 0.349074 0.042708 0.360185 0.042188 0.360185 0.036458 0.370370 0.035937 0.370370 0.029687 0.381481 0.029167 0.381481 0.025521 0.387963 0.025521 0.392593 0.026042 0.393519 0.026042 0.394444 0.030729 0.402778 0.031250 0.402778 0.034375 0.408333 0.034896 0.408333 0.038021 0.413889 0.038542 0.413889 0.041667 0.419444 0.042188 0.419444 0.044792 0.424074 0.045312 0.424074 0.048438 0.429630 0.048958 0.429630 0.052083 0.435185 0.052604 0.435185 0.055729 0.440741 0.056250 0.440741 0.058854 0.445370 0.059375 0.445370 0.062500 0.450926 0.063021 0.450926 0.066146 0.456481 0.066667 0.456481 0.069792 0.462037 0.070312 0.462037 0.072917 0.466667 0.073438 0.466667 0.076563 0.472222 0.077083 0.472222 0.080208 0.477778 0.080729 0.477778 0.083333 0.482407 0.083854 0.482407 0.085938 0.486111 0.086458 0.486111 0.088021 0.488889 0.088542 0.488889 0.089583 0.490741 0.092708 0.490741 0.093229 0.489815 0.093750 0.489815 0.106250 0.467593 0.106250 0.466667 0.116146 0.449074 0.116146 0.448148 0.126562 0.429630 0.126562 0.428704 0.136458 0.411111 0.136458 0.410185 0.143750 0.397222 0.143750 0.396296 0.145833 0.392593 0.145833 0.391667 0.147396 0.388889 0.147396 0.387963 0.148958 0.385185 0.148958 0.384259 0.151042 0.380556 0.151042 0.379630 0.152604 0.376852 0.152604 0.375926 0.154167 0.373148 0.154167 0.372222 0.155729 0.369444 0.155729 0.368519 0.157812 0.364815 0.157812 0.363889 0.159375 0.361111 0.159375 0.360185 0.160938 0.357407 0.160938 0.356481 0.162500 0.353704 0.162500 0.352778 0.164583 0.349074 0.164583 0.348148 0.166146 0.345370 0.166146 0.344444 0.167708 0.341667 0.167708 0.340741 0.169271 0.337963 0.169271 0.337037 0.171354 0.333333 0.171354 0.332407 0.172917 0.329630 0.172917 0.328704 0.174479 0.325926 0.174479 0.325000 0.176042 0.322222 0.176042 0.321296 0.178125 0.317593 0.178125 0.316667 0.179688 0.313889 0.179688 0.312963 0.181250 0.310185 0.181250 0.309259 0.182812 0.306481 0.182812 0.305556 0.184896 0.301852 0.184896 0.300926 0.186458 0.298148 0.186458 0.297222 0.188021 0.294444 0.188021 0.293519 0.189583 0.290741 0.189583 0.289815 0.191667 0.286111 0.191667 0.285185 0.193229 0.282407 0.193229 0.281481 0.194792 0.278704 0.194792 0.277778 0.196354 0.275000 0.196354 0.274074 0.198437 0.270370 0.198437 0.269444 0.200000 0.266667 0.200000 0.265741 0.201563 0.262963 0.201563 0.262037 0.203125 0.259259 0.203125 0.254630 0.201563 0.251852 0.201042 0.251852 0.200521 0.250926
0 0.260937 0.310648 0.143750 0.225000 0.329688 0.198148 0.329167 0.199074 0.328646 0.199074 0.328125 0.200000 0.327604 0.200000 0.317708 0.217593 0.317708 0.218519 0.304688 0.241667 0.304167 0.241667 0.297917 0.252778 0.297396 0.252778 0.294792 0.257407 0.294271 0.257407 0.292708 0.260185 0.292187 0.260185 0.291146 0.262037 0.290625 0.262037 0.290104 0.262963 0.289583 0.262963 0.289062 0.263889 0.287500 0.263889 0.286979 0.264815 0.285938 0.264815 0.285417 0.263889 0.283854 0.263889 0.283333 0.262963 0.282292 0.262963 0.281771 0.262037 0.281250 0.262037 0.280208 0.260185 0.279687 0.260185 0.278646 0.258333 0.278125 0.258333 0.276562 0.255556 0.276042 0.255556 0.274479 0.252778 0.273958 0.252778 0.271354 0.248148 0.270833 0.248148 0.267708 0.242593 0.267188 0.242593 0.263542 0.236111 0.263021 0.236111 0.258333 0.227778 0.257812 0.227778 0.252083 0.217593 0.251563 0.217593 0.245833 0.207407 0.245312 0.207407 0.242708 0.202778 0.242188 0.202778 0.241667 0.201852 0.241146 0.201852 0.240625 0.200926 0.238542 0.200926 0.236458 0.204630 0.236458 0.205556 0.234896 0.208333 0.234896 0.209259 0.233333 0.212037 0.233333 0.212963 0.232292 0.214815 0.232292 0.215741 0.230729 0.218519 0.230729 0.219444 0.229167 0.222222 0.229167 0.223148 0.228125 0.225000 0.228125 0.225926 0.226562 0.228704 0.226562 0.229630 0.225000 0.232407 0.225000 0.233333 0.223958 0.235185 0.223958 0.236111 0.222396 0.238889 0.222396 0.239815 0.220833 0.242593 0.220833 0.243519 0.219271 0.246296 0.219271 0.247222 0.218229 0.249074 0.218229 0.250000 0.216667 0.252778 0.216667 0.253704 0.215104 0.256481 0.215104 0.257407 0.214062 0.259259 0.214062 0.260185 0.212500 0.262963 0.212500 0.263889 0.210938 0.266667 0.210938 0.267593 0.209896 0.269444 0.209896 0.270370 0.208333 0.273148 0.208333 0.274074 0.206771 0.276852 0.206771 0.277778 0.205729 0.279630 0.205729 0.280556 0.204167 0.283333 0.204167 0.284259 0.202604 0.287037 0.202604 0.287963 0.201563 0.289815 0.201563 0.290741 0.200000 0.293519 0.200000 0.294444 0.198437 0.297222 0.198437 0.298148 0.196875 0.300926 0.196875 0.301852 0.195833 0.303704 0.195833 0.304630 0.194271 0.307407 0.194271 0.308333 0.192708 0.311111 0.192708 0.312037 0.191667 0.313889 0.191667 0.314815 0.190104 0.317593 0.190104 0.318519 0.189062 0.320370 0.189062 0.325926 0.191146 0.329630 0.191146 0.330556 0.191667 0.330556 0.197917 0.341667 0.198437 0.341667 0.203125 0.350000 0.203646 0.350000 0.208333 0.358333 0.208854 0.358333 0.213021 0.365741 0.213542 0.365741 0.218229 0.374074 0.218750 0.374074 0.222917 0.381481 0.223438 0.381481 0.228125 0.389815 0.228646 0.389815 0.232813 0.397222 0.233333 0.397222 0.238021 0.405556 0.238542 0.405556 0.242708 0.412963 0.243229 0.412963 0.246354 0.418519 0.246875 0.418519 0.248438 0.421296 0.248958 0.421296 0.250000 0.423148 0.252604 0.423148 0.253125 0.422222 0.253646 0.422222 0.282292 0.371296 0.282292 0.370370 0.303125 0.333333 0.303125 0.332407 0.306771 0.325926 0.306771 0.325000 0.307292 0.324074 0.307292 0.323148 0.307812 0.322222 0.307812 0.320370 0.308333 0.319444 0.308333 0.318519 0.308854 0.317593 0.308854 0.315741 0.309375 0.314815 0.309375 0.312963 0.309896 0.312037 0.309896 0.311111 0.310417 0.310185 0.310417 0.308333 0.310937 0.307407 0.310937 0.306481 0.311458 0.305556 0.311458 0.303704 0.311979 0.302778 0.311979 0.300926 0.312500 0.300000 0.312500 0.299074 0.313021 0.298148 0.313021 0.296296 0.313542 0.295370 0.313542 0.293519 0.314063 0.292593 0.314063 0.291667 0.314583 0.290741 0.314583 0.288889 0.315104 0.287963 0.315104 0.287037 0.315625 0.286111 0.315625 0.284259 0.316146 0.283333 0.316146 0.281481 0.316667 0.280556 0.316667 0.279630 0.317188 0.278704 0.317188 0.276852 0.317708 0.275926 0.317708 0.274074 0.318229 0.273148 0.318229 0.272222 0.318750 0.271296 0.318750 0.269444 0.319271 0.268519 0.319271 0.267593 0.319792 0.266667 0.319792 0.264815 0.320312 0.263889 0.320312 0.262037 0.320833 0.261111 0.320833 0.260185 0.321354 0.259259 0.321354 0.257407 0.321875 0.256481 0.321875 0.254630 0.322396 0.253704 0.322396 0.252778 0.322917 0.251852 0.322917 0.250000 0.323437 0.249074 0.323437 0.248148 0.323958 0.247222 0.323958 0.245370 0.324479 0.244444 0.324479 0.242593 0.325000 0.241667 0.325000 0.240741 0.325521 0.239815 0.325521 0.237963 0.326042 0.237037 0.326042 0.235185 0.326562 0.234259 0.326562 0.233333 0.327083 0.232407 0.327083 0.230556 0.327604 0.229630 0.327604 0.228704 0.328125 0.227778 0.328125 0.225926 0.328646 0.225000 0.328646 0.223148 0.329167 0.222222 0.329167 0.221296 0.329688 0.220370 0.329688 0.218519 0.330208 0.217593 0.330208 0.215741 0.330729 0.214815 0.330729 0.213889 0.331250 0.212963 0.331250 0.211111 0.331771 0.210185 0.331771 0.209259 0.332292 0.208333 0.332292 0.206481 0.332813 0.205556 0.332813 0.202778 0.330729 0.199074 0.330208 0.199074
0 0.374740 0.315741 0.119271 0.224074 0.430729 0.203704 0.429688 0.205556 0.429167 0.205556 0.404687 0.249074 0.404167 0.249074 0.399479 0.257407 0.398958 0.257407 0.396354 0.262037 0.395833 0.262037 0.394271 0.264815 0.393750 0.264815 0.392708 0.266667 0.392188 0.266667 0.391667 0.267593 0.391146 0.267593 0.390625 0.268519 0.389062 0.268519 0.388542 0.269444 0.386458 0.269444 0.385937 0.268519 0.384896 0.268519 0.384375 0.267593 0.383854 0.267593 0.383333 0.266667 0.382812 0.266667 0.382292 0.265741 0.381771 0.265741 0.380729 0.263889 0.380208 0.263889 0.378646 0.261111 0.378125 0.261111 0.376563 0.258333 0.376042 0.258333 0.373437 0.253704 0.372917 0.253704 0.369271 0.247222 0.368750 0.247222 0.363542 0.237963 0.363021 0.237963 0.355208 0.224074 0.354687 0.224074 0.347396 0.211111 0.346875 0.211111 0.344792 0.207407 0.344271 0.207407 0.343750 0.206481 0.343229 0.206481 0.342708 0.205556 0.341146 0.205556 0.339583 0.208333 0.339583 0.209259 0.339062 0.210185 0.339062 0.212037 0.338542 0.212963 0.338542 0.213889 0.338021 0.214815 0.338021 0.216667 0.337500 0.217593 0.337500 0.219444 0.336979 0.220370 0.336979 0.221296 0.336458 0.222222 0.336458 0.224074 0.335938 0.225000 0.335938 0.226852 0.335417 0.227778 0.335417 0.229630 0.334896 0.230556 0.334896 0.231481 0.334375 0.232407 0.334375 0.234259 0.333854 0.235185 0.333854 0.237037 0.333333 0.237963 0.333333 0.239815 0.332813 0.240741 0.332813 0.241667 0.332292 0.242593 0.332292 0.244444 0.331771 0.245370 0.331771 0.247222 0.331250 0.248148 0.331250 0.249074 0.330729 0.250000 0.330729 0.251852 0.330208 0.252778 0.330208 0.254630 0.329688 0.255556 0.329688 0.257407 0.329167 0.258333 0.329167 0.259259 0.328646 0.260185 0.328646 0.262037 0.328125 0.262963 0.328125 0.264815 0.327604 0.265741 0.327604 0.267593 0.327083 0.268519 0.327083 0.269444 0.326562 0.270370 0.326562 0.272222 0.326042 0.273148 0.326042 0.275000 0.325521 0.275926 0.325521 0.276852 0.325000 0.277778 0.325000 0.279630 0.324479 0.280556 0.324479 0.282407 0.323958 0.283333 0.323958 0.285185 0.323437 0.286111 0.323437 0.287037 0.322917 0.287963 0.322917 0.289815 0.322396 0.290741 0.322396 0.292593 0.321875 0.293519 0.321875 0.295370 0.321354 0.296296 0.321354 0.297222 0.320833 0.298148 0.320833 0.300000 0.320312 0.300926 0.320312 0.302778 0.319792 0.303704 0.319792 0.304630 0.319271 0.305556 0.319271 0.307407 0.318750 0.308333 0.318750 0.310185 0.318229 0.311111 0.318229 0.312963 0.317708 0.313889 0.317708 0.314815 0.317188 0.315741 0.317188 0.317593 0.316667 0.318519 0.316667 0.320370 0.316146 0.321296 0.316146 0.323148 0.315625 0.324074 0.315625 0.325000 0.315104 0.325926 0.315104 0.328704 0.315625 0.329630 0.315625 0.330556 0.316667 0.332407 0.316667 0.333333 0.321354 0.341667 0.321875 0.341667 0.328646 0.353704 0.329167 0.353704 0.335417 0.364815 0.335938 0.364815 0.342187 0.375926 0.342708 0.375926 0.348958 0.387037 0.349479 0.387037 0.355729 0.398148 0.356250 0.398148 0.362500 0.409259 0.363021 0.409259 0.368750 0.419444 0.369271 0.419444 0.371875 0.424074 0.372396 0.424074 0.373958 0.426852 0.375000 0.426852 0.375521 0.427778 0.376042 0.427778 0.376563 0.426852 0.377604 0.426852 0.379167 0.424074 0.379688 0.424074 0.431771 0.331481 0.431771 0.330556 0.432812 0.328704 0.432812 0.327778 0.433333 0.326852 0.433333 0.296296 0.433854 0.295370 0.433854 0.252778 0.434375 0.251852 0.434375 0.206481 0.433333 0.204630 0.432812 0.204630 0.432292 0.203704
0 0.500260 0.318981 0.118229 0.226852 0.533333 0.205556 0.532813 0.206481 0.532292 0.206481 0.530729 0.209259 0.530208 0.209259 0.510938 0.243519 0.510417 0.243519 0.504167 0.254630 0.503646 0.254630 0.500000 0.261111 0.499479 0.261111 0.497396 0.264815 0.496875 0.264815 0.495312 0.267593 0.494792 0.267593 0.494271 0.268519 0.493750 0.268519 0.492708 0.270370 0.491667 0.270370 0.491146 0.271296 0.489583 0.271296 0.489063 0.272222 0.488021 0.272222 0.487500 0.271296 0.485938 0.271296 0.485417 0.270370 0.484896 0.270370 0.484375 0.269444 0.483854 0.269444 0.483333 0.268519 0.482812 0.268519 0.481250 0.265741 0.480729 0.265741 0.479167 0.262963 0.478646 0.262963 0.476042 0.258333 0.475521 0.258333 0.471875 0.251852 0.471354 0.251852 0.465104 0.240741 0.464583 0.240741 0.451562 0.217593 0.451042 0.217593 0.446875 0.210185 0.446354 0.210185 0.445312 0.208333 0.442188 0.208333 0.441146 0.210185 0.441146 0.334259 0.441667 0.335185 0.441667 0.336111 0.443229 0.338889 0.443229 0.339815 0.446875 0.346296 0.447396 0.346296 0.458333 0.365741 0.458854 0.365741 0.468750 0.383333 0.469271 0.383333 0.479167 0.400926 0.479687 0.400926 0.490104 0.419444 0.490625 0.419444 0.495833 0.428704 0.496354 0.428704 0.497917 0.431481 0.498437 0.431481 0.498958 0.432407 0.501563 0.432407 0.502083 0.431481 0.502604 0.431481 0.505208 0.426852 0.505729 0.426852 0.518750 0.403704 0.519271 0.403704 0.537500 0.371296 0.538021 0.371296 0.558854 0.334259 0.558854 0.333333 0.559375 0.332407 0.559375 0.327778 0.558854 0.326852 0.558854 0.325000 0.558333 0.324074 0.558333 0.322222 0.557813 0.321296 0.557813 0.319444 0.557292 0.318519 0.557292 0.316667 0.556771 0.315741 0.556771 0.313889 0.556250 0.312963 0.556250 0.311111 0.555729 0.310185 0.555729 0.309259 0.555208 0.308333 0.555208 0.306481 0.554688 0.305556 0.554688 0.303704 0.554167 0.302778 0.554167 0.300926 0.553646 0.300000 0.553646 0.298148 0.553125 0.297222 0.553125 0.295370 0.552604 0.294444 0.552604 0.292593 0.552083 0.291667 0.552083 0.289815 0.551562 0.288889 0.551562 0.287037 0.551042 0.286111 0.551042 0.284259 0.550521 0.283333 0.550521 0.281481 0.550000 0.280556 0.550000 0.279630 0.549479 0.278704 0.549479 0.276852 0.548958 0.275926 0.548958 0.274074 0.548438 0.273148 0.548438 0.271296 0.547917 0.270370 0.547917 0.268519 0.547396 0.267593 0.547396 0.265741 0.546875 0.264815 0.546875 0.262963 0.546354 0.262037 0.546354 0.260185 0.545833 0.259259 0.545833 0.257407 0.545312 0.256481 0.545312 0.254630 0.544792 0.253704 0.544792 0.251852 0.544271 0.250926 0.544271 0.249074 0.543750 0.248148 0.543750 0.247222 0.543229 0.246296 0.543229 0.244444 0.542708 0.243519 0.542708 0.241667 0.542188 0.240741 0.542188 0.238889 0.541667 0.237963 0.541667 0.236111 0.541146 0.235185 0.541146 0.233333 0.540625 0.232407 0.540625 0.230556 0.540104 0.229630 0.540104 0.227778 0.539583 0.226852 0.539583 0.225000 0.539062 0.224074 0.539062 0.222222 0.538542 0.221296 0.538542 0.219444 0.538021 0.218519 0.538021 0.217593 0.537500 0.216667 0.537500 0.214815 0.536979 0.213889 0.536979 0.212037 0.536458 0.211111 0.536458 0.209259 0.534896 0.206481 0.534375 0.206481 0.533854 0.205556
0 0.614323 0.318519 0.144271 0.229630 0.634375 0.203704 0.630729 0.210185 0.630208 0.210185 0.616667 0.234259 0.616146 0.234259 0.609375 0.246296 0.608854 0.246296 0.604688 0.253704 0.604167 0.253704 0.601042 0.259259 0.600521 0.259259 0.598437 0.262963 0.597917 0.262963 0.596354 0.265741 0.595833 0.265741 0.595313 0.266667 0.594792 0.266667 0.593750 0.268519 0.592708 0.268519 0.592187 0.269444 0.590625 0.269444 0.590104 0.270370 0.589063 0.270370 0.588542 0.269444 0.586979 0.269444 0.586458 0.268519 0.585938 0.268519 0.585417 0.267593 0.584896 0.267593 0.584375 0.266667 0.583854 0.266667 0.582292 0.263889 0.581771 0.263889 0.580208 0.261111 0.579688 0.261111 0.576562 0.255556 0.576042 0.255556 0.570312 0.245370 0.569792 0.245370 0.550000 0.210185 0.549479 0.210185 0.547396 0.206481 0.546875 0.206481 0.546354 0.205556 0.544271 0.205556 0.543750 0.206481 0.543229 0.206481 0.542708 0.207407 0.542708 0.209259 0.542188 0.210185 0.542188 0.211111 0.542708 0.212037 0.542708 0.213889 0.543229 0.214815 0.543229 0.215741 0.543750 0.216667 0.543750 0.218519 0.544271 0.219444 0.544271 0.221296 0.544792 0.222222 0.544792 0.224074 0.545312 0.225000 0.545312 0.226852 0.545833 0.227778 0.545833 0.228704 0.546354 0.229630 0.546354 0.231481 0.546875 0.232407 0.546875 0.234259 0.547396 0.235185 0.547396 0.237037 0.547917 0.237963 0.547917 0.239815 0.548438 0.240741 0.548438 0.242593 0.548958 0.243519 0.548958 0.244444 0.549479 0.245370 0.549479 0.247222 0.550000 0.248148 0.550000 0.250000 0.550521 0.250926 0.550521 0.252778 0.551042 0.253704 0.551042 0.255556 0.551562 0.256481 0.551562 0.257407 0.552083 0.258333 0.552083 0.260185 0.552604 0.261111 0.552604 0.262963 0.553125 0.263889 0.553125 0.265741 0.553646 0.266667 0.553646 0.268519 0.554167 0.269444 0.554167 0.270370 0.554688 0.271296 0.554688 0.273148 0.555208 0.274074 0.555208 0.275926 0.555729 0.276852 0.555729 0.278704 0.556250 0.279630 0.556250 0.281481 0.556771 0.282407 0.556771 0.283333 0.557292 0.284259 0.557292 0.286111 0.557813 0.287037 0.557813 0.288889 0.558333 0.289815 0.558333 0.291667 0.558854 0.292593 0.558854 0.294444 0.559375 0.295370 0.559375 0.297222 0.559896 0.298148 0.559896 0.299074 0.560417 0.300000 0.560417 0.301852 0.560937 0.302778 0.560937 0.304630 0.561458 0.305556 0.561458 0.307407 0.561979 0.308333 0.561979 0.310185 0.562500 0.311111 0.562500 0.312037 0.563021 0.312963 0.563021 0.314815 0.563542 0.315741 0.563542 0.317593 0.564063 0.318519 0.564063 0.320370 0.564583 0.321296 0.564583 0.323148 0.565104 0.324074 0.565104 0.325000 0.565625 0.325926 0.565625 0.327778 0.566146 0.328704 0.566146 0.330556 0.566667 0.331481 0.566667 0.333333 0.567187 0.334259 0.567187 0.335185 0.567708 0.336111 0.567708 0.337037 0.594792 0.385185 0.595313 0.385185 0.618229 0.425926 0.618750 0.425926 0.622396 0.432407 0.622917 0.432407 0.623437 0.433333 0.626042 0.433333 0.626563 0.432407 0.627083 0.432407 0.628125 0.430556 0.628646 0.430556 0.632292 0.424074 0.632812 0.424074 0.641667 0.408333 0.642188 0.408333 0.651563 0.391667 0.652083 0.391667 0.661458 0.375000 0.661979 0.375000 0.671875 0.357407 0.672396 0.357407 0.685937 0.333333 0.685937 0.331481 0.686458 0.330556 0.686458 0.329630 0.685937 0.328704 0.685937 0.326852 0.684375 0.324074 0.684375 0.323148 0.683333 0.321296 0.683333 0.320370 0.682292 0.318519 0.682292 0.317593 0.680729 0.314815 0.680729 0.313889 0.679688 0.312037 0.679688 0.311111 0.678646 0.309259 0.678646 0.308333 0.677083 0.305556 0.677083 0.304630 0.676042 0.302778 0.676042 0.301852 0.675000 0.300000 0.675000 0.299074 0.673438 0.296296 0.673438 0.295370 0.672396 0.293519 0.672396 0.292593 0.671354 0.290741 0.671354 0.289815 0.669792 0.287037 0.669792 0.286111 0.668750 0.284259 0.668750 0.283333 0.667708 0.281481 0.667708 0.280556 0.666146 0.277778 0.666146 0.276852 0.665104 0.275000 0.665104 0.274074 0.664062 0.272222 0.664062 0.271296 0.662500 0.268519 0.662500 0.267593 0.661458 0.265741 0.661458 0.264815 0.659896 0.262037 0.659896 0.261111 0.658854 0.259259 0.658854 0.258333 0.657813 0.256481 0.657813 0.255556 0.656250 0.252778 0.656250 0.251852 0.655208 0.250000 0.655208 0.249074 0.654167 0.247222 0.654167 0.246296 0.652604 0.243519 0.652604 0.242593 0.651563 0.240741 0.651563 0.239815 0.650521 0.237963 0.650521 0.237037 0.648958 0.234259 0.648958 0.233333 0.647917 0.231481 0.647917 0.230556 0.646875 0.228704 0.646875 0.227778 0.645312 0.225000 0.645312 0.224074 0.644271 0.222222 0.644271 0.221296 0.643229 0.219444 0.643229 0.218519 0.641667 0.215741 0.641667 0.214815 0.640625 0.212963 0.640625 0.212037 0.639583 0.210185 0.639583 0.209259 0.638021 0.206481 0.638021 0.205556 0.636979 0.203704
0 0.281250 0.577778 0.068750 0.105556 0.314583 0.525000 0.314063 0.525926 0.311979 0.525926 0.311458 0.526852 0.310937 0.526852 0.310417 0.527778 0.309896 0.527778 0.309375 0.528704 0.308854 0.528704 0.308333 0.529630 0.307812 0.529630 0.306250 0.532407 0.305729 0.532407 0.304167 0.535185 0.303646 0.535185 0.301042 0.539815 0.300521 0.539815 0.296875 0.546296 0.296354 0.546296 0.289062 0.559259 0.288542 0.559259 0.265625 0.600000 0.265104 0.600000 0.264062 0.601852 0.261458 0.601852 0.258854 0.597222 0.258854 0.596296 0.258333 0.595370 0.258333 0.593519 0.258854 0.592593 0.258854 0.591667 0.259375 0.590741 0.259375 0.588889 0.259896 0.587963 0.259896 0.587037 0.257812 0.590741 0.257292 0.590741 0.256771 0.591667 0.256250 0.591667 0.255729 0.592593 0.254167 0.592593 0.253646 0.591667 0.253125 0.591667 0.253125 0.593519 0.252604 0.594444 0.252604 0.595370 0.252083 0.596296 0.252083 0.598148 0.251563 0.599074 0.251563 0.600926 0.251042 0.601852 0.251042 0.603704 0.250521 0.604630 0.250521 0.605556 0.250000 0.606481 0.250000 0.608333 0.249479 0.609259 0.249479 0.611111 0.248958 0.612037 0.248958 0.612963 0.248438 0.613889 0.248438 0.614815 0.246875 0.617593 0.250000 0.623148 0.250521 0.623148 0.253125 0.627778 0.253646 0.627778 0.255208 0.630556 0.263021 0.630556 0.269792 0.618519 0.270313 0.618519 0.313542 0.541667 0.313542 0.540741 0.314063 0.539815 0.314063 0.537963 0.314583 0.537037 0.314583 0.533333 0.315104 0.532407 0.315104 0.529630 0.315625 0.528704 0.315625 0.525000
0 0.375781 0.577315 0.108854 0.095370 0.321875 0.529630 0.321875 0.532407 0.321354 0.533333 0.321354 0.537037 0.321875 0.537963 0.321875 0.538889 0.328125 0.550000 0.328646 0.550000 0.333333 0.558333 0.333854 0.558333 0.338021 0.565741 0.338542 0.565741 0.343229 0.574074 0.343750 0.574074 0.347917 0.581481 0.348438 0.581481 0.353125 0.589815 0.353646 0.589815 0.357812 0.597222 0.358333 0.597222 0.363021 0.605556 0.363542 0.605556 0.367708 0.612963 0.368229 0.612963 0.372396 0.620370 0.372917 0.620370 0.375521 0.625000 0.383854 0.625000 0.397917 0.600000 0.398438 0.600000 0.421354 0.559259 0.421875 0.559259 0.430208 0.544444 0.428646 0.547222 0.428125 0.547222 0.426563 0.550000 0.426042 0.550000 0.423958 0.553704 0.423438 0.553704 0.419792 0.560185 0.419271 0.560185 0.414583 0.568519 0.414062 0.568519 0.405729 0.583333 0.405208 0.583333 0.390104 0.610185 0.389583 0.610185 0.386458 0.615741 0.385937 0.615741 0.385417 0.616667 0.383854 0.616667 0.383333 0.615741 0.382812 0.615741 0.380729 0.612037 0.380729 0.611111 0.380208 0.610185 0.380208 0.607407 0.380729 0.606481 0.380729 0.600000 0.381250 0.599074 0.381250 0.591667 0.381771 0.590741 0.381771 0.587037 0.380208 0.589815 0.379688 0.589815 0.379167 0.590741 0.377083 0.590741 0.376563 0.589815 0.376042 0.589815 0.375000 0.587963 0.374479 0.587963 0.374479 0.589815 0.373958 0.590741 0.373958 0.594444 0.372396 0.597222 0.371875 0.597222 0.371354 0.598148 0.369271 0.598148 0.368750 0.597222 0.368229 0.597222 0.367708 0.596296 0.367188 0.596296 0.366146 0.594444 0.365625 0.594444 0.363542 0.590741 0.363021 0.590741 0.358854 0.583333 0.358333 0.583333 0.353646 0.575000 0.353125 0.575000 0.348958 0.567593 0.348438 0.567593 0.344792 0.561111 0.344271 0.561111 0.341146 0.555556 0.340625 0.555556 0.337500 0.550000 0.336979 0.550000 0.334375 0.545370 0.333854 0.545370 0.331771 0.541667 0.331250 0.541667 0.329167 0.537963 0.328646 0.537963 0.327083 0.535185 0.326562 0.535185 0.325521 0.533333 0.325000 0.533333 0.323958 0.531481 0.323437 0.531481 0.322396 0.529630
0 0.499740 0.577778 0.110937 0.094444 0.554688 0.530556 0.553646 0.532407 0.553125 0.532407 0.551562 0.535185 0.551042 0.535185 0.549479 0.537963 0.548958 0.537963 0.546875 0.541667 0.546354 0.541667 0.543750 0.546296 0.543229 0.546296 0.539583 0.552778 0.539062 0.552778 0.534375 0.561111 0.533854 0.561111 0.527083 0.573148 0.526563 0.573148 0.517708 0.588889 0.517188 0.588889 0.510938 0.600000 0.510417 0.600000 0.508854 0.602778 0.506250 0.602778 0.504687 0.600000 0.504167 0.600000 0.503125 0.601852 0.502604 0.601852 0.502083 0.602778 0.501563 0.602778 0.501042 0.603704 0.499479 0.603704 0.498958 0.602778 0.498437 0.602778 0.496875 0.600000 0.496875 0.608333 0.494792 0.612037 0.494271 0.612037 0.493750 0.612963 0.492188 0.612963 0.491667 0.612037 0.491146 0.612037 0.490625 0.611111 0.490104 0.611111 0.488542 0.608333 0.488021 0.608333 0.484375 0.601852 0.483854 0.601852 0.478125 0.591667 0.477604 0.591667 0.471875 0.581481 0.471354 0.581481 0.466667 0.573148 0.466146 0.573148 0.461979 0.565741 0.461458 0.565741 0.458333 0.560185 0.457813 0.560185 0.455208 0.555556 0.454688 0.555556 0.452604 0.551852 0.452083 0.551852 0.450521 0.549074 0.450000 0.549074 0.448437 0.546296 0.447917 0.546296 0.446875 0.544444 0.446354 0.544444 0.445312 0.542593 0.444792 0.542593 0.444271 0.541667 0.444792 0.542593 0.444792 0.543519 0.445312 0.544444 0.445833 0.544444 0.453125 0.557407 0.453646 0.557407 0.459896 0.568519 0.460417 0.568519 0.466667 0.579630 0.467187 0.579630 0.473438 0.590741 0.473958 0.590741 0.480208 0.601852 0.480729 0.601852 0.486458 0.612037 0.486979 0.612037 0.492708 0.622222 0.493229 0.622222 0.494792 0.625000 0.502604 0.625000 0.503646 0.623148 0.504167 0.623148 0.512500 0.608333 0.513021 0.608333 0.523438 0.589815 0.523958 0.589815 0.534896 0.570370 0.535417 0.570370 0.545833 0.551852 0.546354 0.551852 0.554167 0.537963 0.554167 0.537037 0.555208 0.535185 0.555208 0.530556
0 0.618750 0.572222 0.115625 0.118519 0.670833 0.512963 0.666667 0.520370 0.666146 0.520370 0.659375 0.532407 0.658854 0.532407 0.651563 0.545370 0.651042 0.545370 0.644271 0.557407 0.643750 0.557407 0.636458 0.570370 0.635938 0.570370 0.629167 0.582407 0.628646 0.582407 0.625000 0.588889 0.624479 0.588889 0.623437 0.590741 0.622917 0.590741 0.622396 0.591667 0.620313 0.591667 0.619792 0.590741 0.619271 0.590741 0.617708 0.587963 0.617188 0.587963 0.617708 0.588889 0.617708 0.590741 0.618229 0.591667 0.618229 0.594444 0.617708 0.595370 0.617708 0.596296 0.616146 0.599074 0.612500 0.599074 0.611458 0.597222 0.610938 0.597222 0.609375 0.594444 0.608854 0.594444 0.601562 0.581481 0.601042 0.581481 0.591667 0.564815 0.591146 0.564815 0.585417 0.554630 0.584896 0.554630 0.580729 0.547222 0.580208 0.547222 0.577083 0.541667 0.576562 0.541667 0.574479 0.537963 0.573958 0.537963 0.571875 0.534259 0.571354 0.534259 0.570312 0.532407 0.569792 0.532407 0.568750 0.530556 0.568229 0.530556 0.567708 0.529630 0.567187 0.529630 0.566667 0.528704 0.566146 0.528704 0.565625 0.527778 0.565104 0.527778 0.564583 0.526852 0.560937 0.526852 0.560937 0.528704 0.561458 0.529630 0.561458 0.532407 0.561979 0.533333 0.561979 0.536111 0.562500 0.537037 0.562500 0.539815 0.563542 0.541667 0.563542 0.542593 0.573438 0.560185 0.573958 0.560185 0.583854 0.577778 0.584375 0.577778 0.593750 0.594444 0.594271 0.594444 0.604167 0.612037 0.604688 0.612037 0.612500 0.625926 0.613021 0.625926 0.615104 0.629630 0.615625 0.629630 0.616667 0.631481 0.619271 0.631481 0.620313 0.629630 0.620833 0.629630 0.622917 0.625926 0.623437 0.625926 0.628125 0.617593 0.628646 0.617593 0.635417 0.605556 0.635938 0.605556 0.642708 0.593519 0.643229 0.593519 0.649479 0.582407 0.650000 0.582407 0.656771 0.570370 0.657292 0.570370 0.663542 0.559259 0.664062 0.559259 0.671354 0.546296 0.671875 0.546296 0.674479 0.541667 0.674479 0.540741 0.676042 0.537963 0.676042 0.537037 0.676562 0.536111 0.676562 0.534259 0.676042 0.533333 0.676042 0.531481 0.675521 0.530556 0.675521 0.529630 0.675000 0.528704 0.675000 0.527778 0.674479 0.526852 0.674479 0.525926 0.673958 0.525000 0.673958 0.524074 0.673438 0.523148 0.673438 0.522222 0.672917 0.521296 0.672917 0.520370 0.672396 0.519444 0.672396 0.518519 0.671875 0.517593 0.671875 0.516667 0.671354 0.515741 0.671354 0.514815 0.670833 0.513889
0 0.715625 0.563426 0.079167 0.121296 0.677604 0.502778 0.677083 0.503704 0.676562 0.503704 0.676042 0.504630 0.676042 0.505556 0.676562 0.506481 0.676562 0.507407 0.677083 0.508333 0.677083 0.509259 0.677604 0.510185 0.677604 0.511111 0.678646 0.512963 0.678646 0.513889 0.679167 0.514815 0.679167 0.515741 0.679688 0.516667 0.679688 0.517593 0.680208 0.518519 0.680208 0.519444 0.680729 0.520370 0.680729 0.521296 0.681250 0.522222 0.681250 0.523148 0.681771 0.524074 0.681771 0.525000 0.682292 0.525926 0.682292 0.526852 0.683333 0.528704 0.683333 0.529630 0.683854 0.530556 0.683854 0.531481 0.684375 0.532407 0.684375 0.533333 0.684896 0.534259 0.684896 0.535185 0.685417 0.536111 0.685417 0.537037 0.686458 0.538889 0.686458 0.539815 0.708333 0.578704 0.708854 0.578704 0.729167 0.614815 0.729688 0.614815 0.734896 0.624074 0.742708 0.624074 0.743750 0.622222 0.744271 0.622222 0.748437 0.614815 0.748958 0.614815 0.754687 0.604630 0.755208 0.604630 0.754687 0.604630 0.753646 0.602778 0.753125 0.602778 0.734375 0.569444 0.733854 0.569444 0.733854 0.570370 0.731771 0.574074 0.728646 0.574074 0.728125 0.573148 0.727604 0.573148 0.725521 0.569444 0.725000 0.569444 0.707812 0.538889 0.707292 0.538889 0.699479 0.525000 0.698958 0.525000 0.694792 0.517593 0.694271 0.517593 0.691667 0.512963 0.691146 0.512963 0.689583 0.510185 0.689063 0.510185 0.687500 0.507407 0.686979 0.507407 0.685937 0.505556 0.685417 0.505556 0.684896 0.504630 0.684375 0.504630 0.683854 0.503704 0.682813 0.503704 0.682292 0.502778
0 0.191406 0.554630 0.122396 0.133333 0.184896 0.487963 0.184375 0.488889 0.184375 0.489815 0.183854 0.490741 0.183854 0.491667 0.182812 0.493519 0.182812 0.494444 0.182292 0.495370 0.182292 0.496296 0.181771 0.497222 0.181771 0.498148 0.180729 0.500000 0.180729 0.500926 0.180208 0.501852 0.180208 0.502778 0.179688 0.503704 0.179688 0.504630 0.178646 0.506481 0.178646 0.507407 0.178125 0.508333 0.178125 0.509259 0.177083 0.511111 0.177083 0.512037 0.176563 0.512963 0.176563 0.513889 0.176042 0.514815 0.176042 0.515741 0.175000 0.517593 0.175000 0.518519 0.174479 0.519444 0.174479 0.520370 0.172917 0.523148 0.172917 0.524074 0.161458 0.544444 0.161458 0.545370 0.142708 0.578704 0.142708 0.579630 0.139583 0.585185 0.139583 0.586111 0.138542 0.587963 0.138542 0.588889 0.138021 0.589815 0.138021 0.590741 0.136979 0.592593 0.136979 0.593519 0.136458 0.594444 0.136458 0.595370 0.135417 0.597222 0.135417 0.598148 0.134896 0.599074 0.134896 0.600000 0.133854 0.601852 0.133854 0.602778 0.133333 0.603704 0.133333 0.604630 0.132292 0.606481 0.132292 0.607407 0.131771 0.608333 0.131771 0.609259 0.130729 0.611111 0.130729 0.612037 0.130208 0.612963 0.130208 0.615741 0.130729 0.616667 0.130729 0.617593 0.132292 0.620370 0.132812 0.620370 0.133333 0.621296 0.135417 0.621296 0.136458 0.619444 0.136979 0.619444 0.151562 0.593519 0.151562 0.592593 0.158333 0.580556 0.158854 0.580556 0.169271 0.562037 0.169792 0.562037 0.173437 0.555556 0.173958 0.555556 0.176563 0.550926 0.177083 0.550926 0.178646 0.548148 0.179167 0.548148 0.180208 0.546296 0.180729 0.546296 0.181250 0.545370 0.181771 0.545370 0.182292 0.544444 0.182812 0.544444 0.183333 0.543519 0.184896 0.543519 0.185417 0.542593 0.188542 0.542593 0.189062 0.543519 0.190104 0.543519 0.190625 0.544444 0.191667 0.544444 0.192188 0.545370 0.192708 0.545370 0.193229 0.546296 0.193750 0.546296 0.194271 0.547222 0.194792 0.547222 0.195833 0.549074 0.196354 0.549074 0.197396 0.550926 0.197917 0.550926 0.198958 0.552778 0.199479 0.552778 0.201042 0.555556 0.201563 0.555556 0.203125 0.558333 0.203646 0.558333 0.205729 0.562037 0.206250 0.562037 0.208333 0.565741 0.208854 0.565741 0.210938 0.569444 0.211458 0.569444 0.214062 0.574074 0.214583 0.574074 0.217188 0.578704 0.217708 0.578704 0.220312 0.583333 0.220833 0.583333 0.223958 0.588889 0.224479 0.588889 0.228125 0.595370 0.228646 0.595370 0.231771 0.600926 0.232292 0.600926 0.235417 0.606481 0.235937 0.606481 0.238542 0.611111 0.239063 0.611111 0.240625 0.613889 0.241146 0.613889 0.242188 0.615741 0.242708 0.615741 0.243229 0.616667 0.244271 0.616667 0.244792 0.617593 0.245312 0.617593 0.245833 0.616667 0.246875 0.616667 0.247917 0.614815 0.247917 0.613889 0.248438 0.612963 0.248438 0.612037 0.248958 0.611111 0.248958 0.609259 0.249479 0.608333 0.249479 0.606481 0.250000 0.605556 0.250000 0.604630 0.250521 0.603704 0.250521 0.601852 0.251042 0.600926 0.251042 0.599074 0.251563 0.598148 0.251563 0.596296 0.252083 0.595370 0.252083 0.594444 0.252604 0.593519 0.252604 0.590741 0.252083 0.590741 0.250521 0.587963 0.250000 0.587963 0.247396 0.583333 0.246875 0.583333 0.243229 0.576852 0.242708 0.576852 0.239583 0.571296 0.239063 0.571296 0.235417 0.564815 0.234896 0.564815 0.231250 0.558333 0.230729 0.558333 0.227083 0.551852 0.226562 0.551852 0.222917 0.545370 0.222396 0.545370 0.218750 0.538889 0.218229 0.538889 0.215104 0.533333 0.214583 0.533333 0.210938 0.526852 0.210417 0.526852 0.206771 0.520370 0.206250 0.520370 0.202604 0.513889 0.202083 0.513889 0.197917 0.506481 0.197396 0.506481 0.193750 0.500000 0.193750 0.499074 0.192708 0.497222 0.192708 0.492593 0.192188 0.492593 0.191667 0.491667 0.191146 0.491667 0.190625 0.490741 0.190104 0.490741 0.189583 0.489815 0.189062 0.489815 0.188542 0.488889 0.187500 0.488889 0.186979 0.487963
0 0.316406 0.540278 0.115104 0.121296 0.313542 0.479630 0.313021 0.480556 0.313021 0.483333 0.312500 0.484259 0.312500 0.486111 0.311979 0.487037 0.311979 0.489815 0.311458 0.490741 0.311458 0.492593 0.310937 0.493519 0.310937 0.495370 0.309375 0.498148 0.309375 0.499074 0.260417 0.586111 0.260417 0.587963 0.259896 0.588889 0.259896 0.590741 0.259375 0.591667 0.259375 0.592593 0.258854 0.593519 0.258854 0.595370 0.259375 0.596296 0.259375 0.597222 0.261458 0.600926 0.264062 0.600926 0.265104 0.599074 0.265625 0.599074 0.288542 0.558333 0.289062 0.558333 0.296354 0.545370 0.296875 0.545370 0.300521 0.538889 0.301042 0.538889 0.303646 0.534259 0.304167 0.534259 0.305729 0.531481 0.306250 0.531481 0.307812 0.528704 0.308333 0.528704 0.308854 0.527778 0.309375 0.527778 0.309896 0.526852 0.310417 0.526852 0.310937 0.525926 0.311458 0.525926 0.311979 0.525000 0.314063 0.525000 0.314583 0.524074 0.315625 0.524074 0.316146 0.525000 0.318229 0.525000 0.318750 0.525926 0.319271 0.525926 0.319792 0.526852 0.320312 0.526852 0.320833 0.527778 0.321354 0.527778 0.321875 0.528704 0.322396 0.528704 0.323437 0.530556 0.323958 0.530556 0.325000 0.532407 0.325521 0.532407 0.326562 0.534259 0.327083 0.534259 0.328646 0.537037 0.329167 0.537037 0.331250 0.540741 0.331771 0.540741 0.333854 0.544444 0.334375 0.544444 0.336979 0.549074 0.337500 0.549074 0.340625 0.554630 0.341146 0.554630 0.344271 0.560185 0.344792 0.560185 0.348438 0.566667 0.348958 0.566667 0.353125 0.574074 0.353646 0.574074 0.358333 0.582407 0.358854 0.582407 0.363021 0.589815 0.363542 0.589815 0.365625 0.593519 0.366146 0.593519 0.367188 0.595370 0.367708 0.595370 0.368229 0.596296 0.368750 0.596296 0.369271 0.597222 0.371354 0.597222 0.371875 0.596296 0.372396 0.596296 0.373437 0.594444 0.373437 0.590741 0.373958 0.589815 0.373958 0.587037 0.372396 0.584259 0.371875 0.584259 0.367708 0.576852 0.367188 0.576852 0.362500 0.568519 0.361979 0.568519 0.357292 0.560185 0.356771 0.560185 0.352083 0.551852 0.351562 0.551852 0.346875 0.543519 0.346354 0.543519 0.341667 0.535185 0.341146 0.535185 0.336458 0.526852 0.335938 0.526852 0.331250 0.518519 0.330729 0.518519 0.325521 0.509259 0.325000 0.509259 0.318750 0.498148 0.318750 0.497222 0.318229 0.496296 0.318229 0.495370 0.317708 0.494444 0.317708 0.493519 0.318229 0.492593 0.318229 0.489815 0.318750 0.488889 0.318750 0.487037 0.319271 0.486111 0.319271 0.483333 0.318750 0.482407 0.318229 0.482407 0.317708 0.481481 0.317188 0.481481 0.316667 0.480556 0.316146 0.480556 0.315625 0.479630
0 0.438542 0.544444 0.115625 0.142593 0.438021 0.473148 0.437500 0.474074 0.435417 0.474074 0.435417 0.490741 0.434896 0.491667 0.434896 0.493519 0.434375 0.494444 0.434375 0.495370 0.432292 0.499074 0.432292 0.500000 0.425521 0.512037 0.425000 0.512037 0.399479 0.557407 0.398958 0.557407 0.382812 0.586111 0.382292 0.586111 0.382292 0.590741 0.381771 0.591667 0.381771 0.599074 0.381250 0.600000 0.381250 0.606481 0.380729 0.607407 0.380729 0.610185 0.381250 0.611111 0.381250 0.612037 0.382812 0.614815 0.383333 0.614815 0.383854 0.615741 0.385417 0.615741 0.385937 0.614815 0.386458 0.614815 0.389583 0.609259 0.390104 0.609259 0.405208 0.582407 0.405729 0.582407 0.414062 0.567593 0.414583 0.567593 0.419271 0.559259 0.419792 0.559259 0.423438 0.552778 0.423958 0.552778 0.426042 0.549074 0.426563 0.549074 0.428125 0.546296 0.428646 0.546296 0.430208 0.543519 0.430729 0.543519 0.431771 0.541667 0.432292 0.541667 0.432812 0.540741 0.433333 0.540741 0.433854 0.539815 0.434375 0.539815 0.434896 0.538889 0.436458 0.538889 0.436979 0.537963 0.440625 0.537963 0.441146 0.538889 0.442188 0.538889 0.442708 0.539815 0.443229 0.539815 0.443750 0.540741 0.444271 0.540741 0.444792 0.541667 0.445312 0.541667 0.446354 0.543519 0.446875 0.543519 0.447917 0.545370 0.448437 0.545370 0.450000 0.548148 0.450521 0.548148 0.452083 0.550926 0.452604 0.550926 0.454688 0.554630 0.455208 0.554630 0.457813 0.559259 0.458333 0.559259 0.461458 0.564815 0.461979 0.564815 0.466146 0.572222 0.466667 0.572222 0.471354 0.580556 0.471875 0.580556 0.477604 0.590741 0.478125 0.590741 0.483854 0.600926 0.484375 0.600926 0.488021 0.607407 0.488542 0.607407 0.490104 0.610185 0.490625 0.610185 0.491146 0.611111 0.491667 0.611111 0.492188 0.612037 0.493750 0.612037 0.494271 0.611111 0.494792 0.611111 0.496354 0.608333 0.496354 0.600000 0.493229 0.594444 0.492708 0.594444 0.486458 0.583333 0.485938 0.583333 0.479167 0.571296 0.478646 0.571296 0.471875 0.559259 0.471354 0.559259 0.465104 0.548148 0.464583 0.548148 0.457813 0.536111 0.457292 0.536111 0.450521 0.524074 0.450000 0.524074 0.442188 0.510185 0.442188 0.509259 0.441667 0.508333 0.441667 0.507407 0.441146 0.506481 0.441146 0.474074 0.439063 0.474074 0.438542 0.473148
0 0.561198 0.533333 0.113021 0.137037 0.557813 0.464815 0.557292 0.465741 0.556771 0.465741 0.556250 0.466667 0.555729 0.466667 0.555208 0.467593 0.554688 0.467593 0.554688 0.470370 0.555208 0.471296 0.555208 0.474074 0.555729 0.475000 0.555729 0.476852 0.556250 0.477778 0.556250 0.480556 0.556771 0.481481 0.556771 0.484259 0.557292 0.485185 0.557292 0.487963 0.557813 0.488889 0.557813 0.490741 0.558333 0.491667 0.558333 0.494444 0.558854 0.495370 0.558854 0.498148 0.559375 0.499074 0.559375 0.501852 0.559896 0.502778 0.559896 0.503704 0.559375 0.504630 0.559375 0.505556 0.558854 0.506481 0.558854 0.507407 0.548438 0.525926 0.547917 0.525926 0.537500 0.544444 0.536979 0.544444 0.526563 0.562963 0.526042 0.562963 0.515104 0.582407 0.514583 0.582407 0.506250 0.597222 0.505729 0.597222 0.504687 0.599074 0.506250 0.601852 0.508854 0.601852 0.510417 0.599074 0.510938 0.599074 0.517188 0.587963 0.517708 0.587963 0.526563 0.572222 0.527083 0.572222 0.533854 0.560185 0.534375 0.560185 0.539062 0.551852 0.539583 0.551852 0.543229 0.545370 0.543750 0.545370 0.546354 0.540741 0.546875 0.540741 0.548958 0.537037 0.549479 0.537037 0.551042 0.534259 0.551562 0.534259 0.553125 0.531481 0.553646 0.531481 0.554688 0.529630 0.555208 0.529630 0.555729 0.528704 0.556250 0.528704 0.556771 0.527778 0.557292 0.527778 0.557813 0.526852 0.558333 0.526852 0.558854 0.525926 0.564583 0.525926 0.565104 0.526852 0.565625 0.526852 0.566146 0.527778 0.566667 0.527778 0.567187 0.528704 0.567708 0.528704 0.568229 0.529630 0.568750 0.529630 0.569792 0.531481 0.570312 0.531481 0.571354 0.533333 0.571875 0.533333 0.573958 0.537037 0.574479 0.537037 0.576562 0.540741 0.577083 0.540741 0.580208 0.546296 0.580729 0.546296 0.584896 0.553704 0.585417 0.553704 0.591146 0.563889 0.591667 0.563889 0.601042 0.580556 0.601562 0.580556 0.608854 0.593519 0.609375 0.593519 0.610938 0.596296 0.611458 0.596296 0.612500 0.598148 0.616146 0.598148 0.617188 0.596296 0.617188 0.595370 0.617708 0.594444 0.617708 0.591667 0.617188 0.590741 0.617188 0.588889 0.616667 0.587963 0.616667 0.587037 0.610417 0.575926 0.609896 0.575926 0.598437 0.555556 0.597917 0.555556 0.586458 0.535185 0.585938 0.535185 0.574479 0.514815 0.573958 0.514815 0.566146 0.500926 0.566146 0.500000 0.564583 0.497222 0.564583 0.495370 0.564063 0.494444 0.564063 0.492593 0.563542 0.491667 0.563542 0.488889 0.563021 0.487963 0.563021 0.486111 0.562500 0.485185 0.562500 0.482407 0.561979 0.481481 0.561979 0.478704 0.561458 0.477778 0.561458 0.475926 0.560937 0.475000 0.560937 0.472222 0.560417 0.471296 0.560417 0.469444 0.559896 0.468519 0.559896 0.465741 0.559375 0.464815
0 0.705469 0.520833 0.056771 0.104630 0.686979 0.468519 0.686458 0.469444 0.684375 0.469444 0.683854 0.470370 0.683333 0.470370 0.682813 0.471296 0.682292 0.471296 0.681771 0.472222 0.681250 0.472222 0.680729 0.473148 0.680208 0.473148 0.679688 0.474074 0.679167 0.474074 0.677604 0.476852 0.677604 0.477778 0.678125 0.478704 0.678125 0.479630 0.679167 0.481481 0.679167 0.482407 0.679688 0.483333 0.679688 0.484259 0.680208 0.485185 0.680208 0.486111 0.680729 0.487037 0.680729 0.487963 0.681250 0.488889 0.681250 0.489815 0.681771 0.490741 0.681771 0.492593 0.681250 0.493519 0.681250 0.494444 0.680208 0.496296 0.680208 0.497222 0.677083 0.502778 0.677604 0.501852 0.682292 0.501852 0.682813 0.502778 0.683854 0.502778 0.684375 0.503704 0.684896 0.503704 0.685417 0.504630 0.685937 0.504630 0.686979 0.506481 0.687500 0.506481 0.689063 0.509259 0.689583 0.509259 0.691146 0.512037 0.691667 0.512037 0.694271 0.516667 0.694792 0.516667 0.698958 0.524074 0.699479 0.524074 0.707292 0.537963 0.707812 0.537963 0.725000 0.568519 0.725521 0.568519 0.727604 0.572222 0.728125 0.572222 0.728646 0.573148 0.731771 0.573148 0.733333 0.570370 0.733333 0.569444 0.733854 0.568519 0.733333 0.568519 0.703125 0.514815 0.703125 0.513889 0.701562 0.511111 0.701562 0.510185 0.701042 0.509259 0.701042 0.508333 0.700521 0.507407 0.700521 0.506481 0.699479 0.504630 0.699479 0.503704 0.698958 0.502778 0.698958 0.501852 0.697917 0.500000 0.697917 0.499074 0.697396 0.498148 0.697396 0.497222 0.696875 0.496296 0.696875 0.495370 0.695833 0.493519 0.695833 0.492593 0.695312 0.491667 0.695312 0.490741 0.694792 0.489815 0.694792 0.488889 0.693750 0.487037 0.693750 0.486111 0.693229 0.485185 0.693229 0.484259 0.692708 0.483333 0.692708 0.482407 0.691667 0.480556 0.691667 0.479630 0.691146 0.478704 0.691146 0.477778 0.690625 0.476852 0.690625 0.475926 0.689583 0.474074 0.689583 0.473148 0.689063 0.472222 0.689063 0.471296 0.688542 0.470370 0.688542 0.469444 0.687500 0.469444
0 0.253125 0.535185 0.119792 0.112963 0.311979 0.478704 0.311458 0.479630 0.309375 0.479630 0.308854 0.480556 0.308333 0.480556 0.307812 0.481481 0.307292 0.481481 0.306771 0.482407 0.306250 0.482407 0.305729 0.483333 0.305208 0.483333 0.303646 0.486111 0.303125 0.486111 0.301563 0.488889 0.301042 0.488889 0.298438 0.493519 0.297917 0.493519 0.294271 0.500000 0.293750 0.500000 0.285417 0.514815 0.284896 0.514815 0.261458 0.556481 0.260937 0.556481 0.260417 0.557407 0.258333 0.557407 0.257292 0.555556 0.256771 0.555556 0.255729 0.553704 0.255729 0.552778 0.255208 0.551852 0.255208 0.547222 0.255729 0.546296 0.255729 0.545370 0.256250 0.544444 0.256250 0.542593 0.256771 0.541667 0.256771 0.539815 0.257292 0.538889 0.257292 0.537963 0.257812 0.537037 0.257812 0.535185 0.258333 0.534259 0.258333 0.533333 0.258854 0.532407 0.258854 0.530556 0.259375 0.529630 0.259375 0.528704 0.257812 0.531481 0.257292 0.531481 0.255729 0.534259 0.252604 0.534259 0.252083 0.535185 0.252083 0.536111 0.251563 0.537037 0.251563 0.538889 0.251042 0.539815 0.251042 0.540741 0.250521 0.541667 0.250521 0.543519 0.250000 0.544444 0.250000 0.545370 0.249479 0.546296 0.249479 0.548148 0.248958 0.549074 0.248958 0.550000 0.248438 0.550926 0.248438 0.552778 0.247917 0.553704 0.247917 0.554630 0.247396 0.555556 0.247396 0.557407 0.246875 0.558333 0.246875 0.559259 0.246354 0.560185 0.246354 0.561111 0.245833 0.562037 0.245312 0.562037 0.244792 0.562963 0.244271 0.562963 0.243750 0.563889 0.242708 0.563889 0.242188 0.562963 0.241146 0.562963 0.240625 0.562037 0.240104 0.562037 0.238542 0.559259 0.238021 0.559259 0.235937 0.555556 0.235417 0.555556 0.232292 0.550000 0.231771 0.550000 0.228646 0.544444 0.228125 0.544444 0.224479 0.537963 0.223958 0.537963 0.220312 0.531481 0.219792 0.531481 0.216667 0.525926 0.216146 0.525926 0.213542 0.521296 0.213021 0.521296 0.210417 0.516667 0.209896 0.516667 0.207292 0.512037 0.206771 0.512037 0.204687 0.508333 0.204167 0.508333 0.202083 0.504630 0.201563 0.504630 0.200000 0.501852 0.199479 0.501852 0.197917 0.499074 0.197396 0.499074 0.195833 0.496296 0.195312 0.496296 0.194271 0.494444 0.193750 0.494444 0.193229 0.493519 0.193229 0.497222 0.194271 0.499074 0.194271 0.500000 0.197396 0.505556 0.197917 0.505556 0.202083 0.512963 0.202604 0.512963 0.206250 0.519444 0.206771 0.519444 0.210417 0.525926 0.210938 0.525926 0.214583 0.532407 0.215104 0.532407 0.218229 0.537963 0.218750 0.537963 0.222396 0.544444 0.222917 0.544444 0.226562 0.550926 0.227083 0.550926 0.230729 0.557407 0.231250 0.557407 0.234896 0.563889 0.235417 0.563889 0.239063 0.570370 0.239583 0.570370 0.242708 0.575926 0.243229 0.575926 0.246875 0.582407 0.247396 0.582407 0.250000 0.587037 0.250521 0.587037 0.252083 0.589815 0.252604 0.589815 0.253125 0.590741 0.253646 0.590741 0.254167 0.591667 0.255729 0.591667 0.256250 0.590741 0.256771 0.590741 0.257292 0.589815 0.257812 0.589815 0.308854 0.499074 0.308854 0.498148 0.310417 0.495370 0.310417 0.493519 0.310937 0.492593 0.310937 0.490741 0.311458 0.489815 0.311458 0.487037 0.311979 0.486111 0.311979 0.484259 0.312500 0.483333 0.312500 0.480556 0.313021 0.479630 0.312500 0.478704
0 0.376563 0.532407 0.116667 0.114815 0.434375 0.475000 0.433854 0.475926 0.433333 0.475926 0.432812 0.476852 0.432292 0.476852 0.431250 0.478704 0.430729 0.478704 0.429688 0.480556 0.429167 0.480556 0.427604 0.483333 0.427083 0.483333 0.425000 0.487037 0.424479 0.487037 0.421354 0.492593 0.420833 0.492593 0.416146 0.500926 0.415625 0.500926 0.407813 0.514815 0.407292 0.514815 0.390104 0.545370 0.389583 0.545370 0.386979 0.550000 0.386458 0.550000 0.385937 0.550926 0.383854 0.550926 0.382812 0.549074 0.382292 0.549074 0.381771 0.548148 0.381771 0.547222 0.380729 0.545370 0.380729 0.540741 0.381250 0.539815 0.381250 0.533333 0.381771 0.532407 0.381771 0.526852 0.382292 0.525926 0.382292 0.522222 0.381771 0.523148 0.381250 0.523148 0.379688 0.525926 0.377083 0.525926 0.376563 0.525000 0.376042 0.525000 0.375000 0.523148 0.374479 0.523148 0.374479 0.524074 0.373958 0.525000 0.373958 0.530556 0.373437 0.531481 0.373437 0.537963 0.372917 0.538889 0.372917 0.544444 0.372396 0.545370 0.372396 0.549074 0.371875 0.550000 0.371875 0.550926 0.371354 0.551852 0.370833 0.551852 0.369792 0.553704 0.367708 0.553704 0.367188 0.552778 0.366667 0.552778 0.366146 0.551852 0.365625 0.551852 0.364583 0.550000 0.364063 0.550000 0.361979 0.546296 0.361458 0.546296 0.357812 0.539815 0.357292 0.539815 0.352083 0.530556 0.351562 0.530556 0.347396 0.523148 0.346875 0.523148 0.342708 0.515741 0.342187 0.515741 0.338542 0.509259 0.338021 0.509259 0.334896 0.503704 0.334375 0.503704 0.331771 0.499074 0.331250 0.499074 0.329167 0.495370 0.328646 0.495370 0.326562 0.491667 0.326042 0.491667 0.324479 0.488889 0.323958 0.488889 0.322917 0.487037 0.322396 0.487037 0.321354 0.485185 0.320833 0.485185 0.319792 0.483333 0.319792 0.486111 0.319271 0.487037 0.319271 0.488889 0.318750 0.489815 0.318750 0.492593 0.318229 0.493519 0.318229 0.494444 0.318750 0.495370 0.318750 0.496296 0.319271 0.497222 0.319271 0.498148 0.325000 0.508333 0.325521 0.508333 0.330729 0.517593 0.331250 0.517593 0.335938 0.525926 0.336458 0.525926 0.341146 0.534259 0.341667 0.534259 0.346354 0.542593 0.346875 0.542593 0.351562 0.550926 0.352083 0.550926 0.356771 0.559259 0.357292 0.559259 0.361979 0.567593 0.362500 0.567593 0.367188 0.575926 0.367708 0.575926 0.371875 0.583333 0.372396 0.583333 0.374479 0.587037 0.375000 0.587037 0.376042 0.588889 0.376563 0.588889 0.377083 0.589815 0.379167 0.589815 0.379688 0.588889 0.380208 0.588889 0.382292 0.585185 0.382812 0.585185 0.398958 0.556481 0.399479 0.556481 0.425000 0.511111 0.425521 0.511111 0.431771 0.500000 0.431771 0.499074 0.433854 0.495370 0.433854 0.494444 0.434375 0.493519 0.434375 0.491667 0.434896 0.490741 0.434896 0.475000
0 0.500521 0.535648 0.117708 0.134259 0.554167 0.468519 0.553646 0.469444 0.553125 0.469444 0.552083 0.471296 0.551562 0.471296 0.550000 0.474074 0.549479 0.474074 0.547396 0.477778 0.546875 0.477778 0.544271 0.482407 0.543750 0.482407 0.540104 0.488889 0.539583 0.488889 0.534896 0.497222 0.534375 0.497222 0.527604 0.509259 0.527083 0.509259 0.517188 0.526852 0.516667 0.526852 0.509896 0.538889 0.509375 0.538889 0.508333 0.540741 0.506250 0.540741 0.505729 0.539815 0.505208 0.539815 0.503646 0.537037 0.503646 0.536111 0.503125 0.535185 0.503125 0.531481 0.502604 0.530556 0.502604 0.524074 0.502083 0.523148 0.502083 0.521296 0.501563 0.522222 0.501042 0.522222 0.500521 0.523148 0.500000 0.523148 0.499479 0.524074 0.498437 0.524074 0.497917 0.523148 0.497396 0.523148 0.496875 0.522222 0.496354 0.522222 0.495312 0.520370 0.495312 0.525000 0.495833 0.525926 0.495833 0.532407 0.496354 0.533333 0.496354 0.543519 0.494271 0.547222 0.491146 0.547222 0.490625 0.546296 0.490104 0.546296 0.489063 0.544444 0.488542 0.544444 0.485417 0.538889 0.484896 0.538889 0.478646 0.527778 0.478125 0.527778 0.471354 0.515741 0.470833 0.515741 0.465625 0.506481 0.465104 0.506481 0.460938 0.499074 0.460417 0.499074 0.457292 0.493519 0.456771 0.493519 0.454167 0.488889 0.453646 0.488889 0.451562 0.485185 0.451042 0.485185 0.449479 0.482407 0.448958 0.482407 0.447396 0.479630 0.446875 0.479630 0.445833 0.477778 0.445312 0.477778 0.444792 0.476852 0.444271 0.476852 0.443750 0.475926 0.443229 0.475926 0.442708 0.475000 0.441667 0.475000 0.441667 0.506481 0.442188 0.507407 0.442188 0.508333 0.442708 0.509259 0.442708 0.510185 0.450000 0.523148 0.450521 0.523148 0.457292 0.535185 0.457813 0.535185 0.464583 0.547222 0.465104 0.547222 0.471354 0.558333 0.471875 0.558333 0.478646 0.570370 0.479167 0.570370 0.485938 0.582407 0.486458 0.582407 0.492708 0.593519 0.493229 0.593519 0.496354 0.599074 0.496875 0.599074 0.498437 0.601852 0.498958 0.601852 0.499479 0.602778 0.501042 0.602778 0.501563 0.601852 0.502083 0.601852 0.502604 0.600926 0.503125 0.600926 0.505729 0.596296 0.506250 0.596296 0.514583 0.581481 0.515104 0.581481 0.526042 0.562037 0.526563 0.562037 0.536979 0.543519 0.537500 0.543519 0.547917 0.525000 0.548438 0.525000 0.558333 0.507407 0.558333 0.506481 0.558854 0.505556 0.558854 0.504630 0.559375 0.503704 0.559375 0.502778 0.558854 0.501852 0.558854 0.499074 0.558333 0.498148 0.558333 0.495370 0.557813 0.494444 0.557813 0.491667 0.557292 0.490741 0.557292 0.488889 0.556771 0.487963 0.556771 0.485185 0.556250 0.484259 0.556250 0.481481 0.555729 0.480556 0.555729 0.477778 0.555208 0.476852 0.555208 0.475000 0.554688 0.474074 0.554688 0.471296 0.554167 0.470370
0 0.620573 0.527315 0.121354 0.126852 0.560417 0.463889 0.559896 0.464815 0.560417 0.465741 0.560417 0.468519 0.560937 0.469444 0.560937 0.471296 0.561458 0.472222 0.561458 0.475000 0.561979 0.475926 0.561979 0.477778 0.562500 0.478704 0.562500 0.481481 0.563021 0.482407 0.563021 0.485185 0.563542 0.486111 0.563542 0.487963 0.564063 0.488889 0.564063 0.491667 0.564583 0.492593 0.564583 0.494444 0.565104 0.495370 0.565104 0.497222 0.566667 0.500000 0.566667 0.500926 0.573958 0.513889 0.574479 0.513889 0.585938 0.534259 0.586458 0.534259 0.597917 0.554630 0.598437 0.554630 0.609896 0.575000 0.610417 0.575000 0.617188 0.587037 0.617708 0.587037 0.619271 0.589815 0.619792 0.589815 0.620313 0.590741 0.622396 0.590741 0.622917 0.589815 0.623437 0.589815 0.624479 0.587963 0.625000 0.587963 0.628646 0.581481 0.629167 0.581481 0.635938 0.569444 0.636458 0.569444 0.643750 0.556481 0.644271 0.556481 0.651042 0.544444 0.651563 0.544444 0.658854 0.531481 0.659375 0.531481 0.666146 0.519444 0.666667 0.519444 0.673958 0.506481 0.674479 0.506481 0.679688 0.497222 0.679688 0.496296 0.680729 0.494444 0.680729 0.493519 0.681250 0.492593 0.681250 0.490741 0.680729 0.489815 0.680729 0.488889 0.680208 0.487963 0.680208 0.487037 0.679688 0.486111 0.679688 0.485185 0.679167 0.484259 0.679167 0.483333 0.678646 0.482407 0.678646 0.481481 0.677604 0.479630 0.677604 0.478704 0.677083 0.477778 0.677083 0.476852 0.675521 0.479630 0.675000 0.479630 0.673438 0.482407 0.672917 0.482407 0.670312 0.487037 0.669792 0.487037 0.667188 0.491667 0.666667 0.491667 0.663021 0.498148 0.662500 0.498148 0.658333 0.505556 0.657813 0.505556 0.652604 0.514815 0.652083 0.514815 0.645312 0.526852 0.644792 0.526852 0.638021 0.538889 0.637500 0.538889 0.633854 0.545370 0.633333 0.545370 0.632292 0.547222 0.630729 0.547222 0.630208 0.546296 0.629687 0.546296 0.627604 0.542593 0.627604 0.541667 0.627083 0.540741 0.627083 0.539815 0.626563 0.538889 0.626563 0.537037 0.626042 0.536111 0.626042 0.534259 0.625521 0.533333 0.625521 0.532407 0.625000 0.531481 0.625000 0.529630 0.624479 0.528704 0.624479 0.527778 0.623958 0.526852 0.623958 0.525000 0.623437 0.524074 0.623437 0.523148 0.622917 0.522222 0.622917 0.520370 0.622396 0.519444 0.622396 0.518519 0.621875 0.517593 0.621875 0.515741 0.621354 0.514815 0.621354 0.513889 0.620833 0.512963 0.620833 0.511111 0.620313 0.510185 0.620313 0.509259 0.619271 0.511111 0.618750 0.511111 0.618229 0.512037 0.617708 0.512037 0.617188 0.512963 0.615625 0.512963 0.615104 0.512037 0.614583 0.512037 0.613021 0.509259 0.613021 0.510185 0.613542 0.511111 0.613542 0.512963 0.614062 0.513889 0.614062 0.515741 0.614583 0.516667 0.614583 0.517593 0.615104 0.518519 0.615104 0.520370 0.615625 0.521296 0.615625 0.523148 0.616146 0.524074 0.616146 0.525000 0.616667 0.525926 0.616667 0.527778 0.617188 0.528704 0.617188 0.533333 0.615104 0.537037 0.614062 0.537037 0.613542 0.537963 0.613021 0.537963 0.612500 0.537037 0.611458 0.537037 0.610417 0.535185 0.609896 0.535185 0.607292 0.530556 0.606771 0.530556 0.595313 0.510185 0.594792 0.510185 0.586458 0.495370 0.585938 0.495370 0.580729 0.486111 0.580208 0.486111 0.577083 0.480556 0.576562 0.480556 0.573958 0.475926 0.573438 0.475926 0.571354 0.472222 0.570833 0.472222 0.569792 0.470370 0.569271 0.470370 0.568229 0.468519 0.567708 0.468519 0.566667 0.466667 0.566146 0.466667 0.565625 0.465741 0.564583 0.465741 0.564063 0.464815 0.562500 0.464815 0.561979 0.463889
0 0.753385 0.533796 0.128646 0.141667 0.798438 0.462963 0.792708 0.473148 0.792188 0.473148 0.786458 0.483333 0.785937 0.483333 0.780729 0.492593 0.780208 0.492593 0.774479 0.502778 0.773958 0.502778 0.768229 0.512963 0.767708 0.512963 0.762500 0.522222 0.761979 0.522222 0.757812 0.529630 0.757292 0.529630 0.755729 0.532407 0.755208 0.532407 0.754687 0.533333 0.752083 0.533333 0.751563 0.532407 0.751042 0.532407 0.744792 0.521296 0.744271 0.521296 0.736979 0.508333 0.736979 0.507407 0.725000 0.486111 0.726042 0.487963 0.726042 0.488889 0.727083 0.490741 0.727083 0.491667 0.728125 0.493519 0.728125 0.494444 0.729167 0.496296 0.729167 0.497222 0.729688 0.498148 0.729688 0.499074 0.730729 0.500926 0.730729 0.501852 0.731771 0.503704 0.731771 0.504630 0.732812 0.506481 0.732812 0.507407 0.733854 0.509259 0.733854 0.510185 0.734896 0.512037 0.734896 0.512963 0.735417 0.513889 0.735417 0.514815 0.736458 0.516667 0.736458 0.517593 0.737500 0.519444 0.737500 0.520370 0.738542 0.522222 0.738542 0.523148 0.739583 0.525000 0.739583 0.525926 0.740625 0.527778 0.740625 0.528704 0.741146 0.529630 0.741146 0.530556 0.742188 0.532407 0.742188 0.533333 0.742708 0.534259 0.742708 0.535185 0.743229 0.536111 0.743229 0.537963 0.742708 0.538889 0.742708 0.539815 0.741146 0.542593 0.740625 0.542593 0.740104 0.543519 0.738021 0.543519 0.737500 0.542593 0.736979 0.542593 0.736458 0.541667 0.735938 0.541667 0.733333 0.537037 0.732812 0.537037 0.711458 0.499074 0.710938 0.499074 0.704688 0.487963 0.704167 0.487963 0.700521 0.481481 0.700000 0.481481 0.697917 0.477778 0.697396 0.477778 0.695833 0.475000 0.695312 0.475000 0.694271 0.473148 0.693750 0.473148 0.693229 0.472222 0.692708 0.472222 0.692187 0.471296 0.691667 0.471296 0.691146 0.470370 0.690625 0.470370 0.690104 0.469444 0.689063 0.469444 0.689063 0.470370 0.689583 0.471296 0.689583 0.472222 0.690104 0.473148 0.690104 0.474074 0.691146 0.475926 0.691146 0.476852 0.691667 0.477778 0.691667 0.478704 0.692187 0.479630 0.692187 0.480556 0.693229 0.482407 0.693229 0.483333 0.693750 0.484259 0.693750 0.485185 0.694271 0.486111 0.694271 0.487037 0.695312 0.488889 0.695312 0.489815 0.695833 0.490741 0.695833 0.491667 0.696354 0.492593 0.696354 0.493519 0.697396 0.495370 0.697396 0.496296 0.697917 0.497222 0.697917 0.498148 0.698438 0.499074 0.698438 0.500000 0.699479 0.501852 0.699479 0.502778 0.700000 0.503704 0.700000 0.504630 0.701042 0.506481 0.701042 0.507407 0.701562 0.508333 0.701562 0.509259 0.702083 0.510185 0.702083 0.511111 0.703646 0.513889 0.703646 0.514815 0.733333 0.567593 0.733854 0.567593 0.753125 0.601852 0.753646 0.601852 0.754687 0.603704 0.755208 0.603704 0.755729 0.604630 0.756771 0.604630 0.757292 0.603704 0.757812 0.603704 0.758333 0.602778 0.758854 0.602778 0.759896 0.600926 0.760417 0.600926 0.763021 0.596296 0.763542 0.596296 0.768229 0.587963 0.768750 0.587963 0.773958 0.578704 0.774479 0.578704 0.779687 0.569444 0.780208 0.569444 0.784896 0.561111 0.785417 0.561111 0.790625 0.551852 0.791146 0.551852 0.796354 0.542593 0.796875 0.542593 0.802083 0.533333 0.802604 0.533333 0.807813 0.524074 0.808333 0.524074 0.817187 0.508333 0.817187 0.507407 0.817708 0.506481 0.817708 0.503704 0.817187 0.502778 0.817187 0.501852 0.815104 0.498148 0.815104 0.497222 0.811979 0.491667 0.811979 0.490741 0.809375 0.486111 0.809375 0.485185 0.806771 0.480556 0.806771 0.479630 0.804167 0.475000 0.804167 0.474074 0.801042 0.468519 0.801042 0.467593
0 0.189844 0.494444 0.124479 0.144444 0.184896 0.422222 0.184375 0.423148 0.184375 0.424074 0.183333 0.425926 0.183333 0.426852 0.182812 0.427778 0.182812 0.428704 0.181771 0.430556 0.181771 0.431481 0.180729 0.433333 0.180729 0.434259 0.179688 0.436111 0.179688 0.437037 0.179167 0.437963 0.179167 0.438889 0.178125 0.440741 0.178125 0.441667 0.177083 0.443519 0.177083 0.444444 0.176042 0.446296 0.176042 0.447222 0.175521 0.448148 0.175521 0.449074 0.174479 0.450926 0.174479 0.451852 0.173437 0.453704 0.173437 0.454630 0.172396 0.456481 0.172396 0.457407 0.170313 0.461111 0.170313 0.462037 0.159896 0.480556 0.159896 0.481481 0.147396 0.503704 0.147396 0.504630 0.146875 0.505556 0.146875 0.506481 0.145833 0.508333 0.145833 0.509259 0.144792 0.511111 0.144792 0.512037 0.143750 0.513889 0.143750 0.514815 0.142708 0.516667 0.142708 0.517593 0.141667 0.519444 0.141667 0.520370 0.140625 0.522222 0.140625 0.523148 0.139583 0.525000 0.139583 0.525926 0.139063 0.526852 0.139063 0.527778 0.138021 0.529630 0.138021 0.530556 0.136979 0.532407 0.136979 0.533333 0.135937 0.535185 0.135937 0.536111 0.134896 0.537963 0.134896 0.538889 0.133854 0.540741 0.133854 0.541667 0.132812 0.543519 0.132812 0.544444 0.131771 0.546296 0.131771 0.547222 0.131250 0.548148 0.131250 0.549074 0.130208 0.550926 0.130208 0.551852 0.129167 0.553704 0.129167 0.554630 0.128125 0.556481 0.128125 0.557407 0.127604 0.558333 0.127604 0.560185 0.128125 0.561111 0.128125 0.562037 0.128646 0.562963 0.128646 0.563889 0.129167 0.564815 0.129688 0.564815 0.130208 0.565741 0.130729 0.565741 0.131250 0.566667 0.132812 0.566667 0.133854 0.564815 0.134375 0.564815 0.144792 0.546296 0.144792 0.545370 0.161979 0.514815 0.162500 0.514815 0.169271 0.502778 0.169792 0.502778 0.172917 0.497222 0.173437 0.497222 0.175521 0.493519 0.176042 0.493519 0.177083 0.491667 0.177604 0.491667 0.178646 0.489815 0.179167 0.489815 0.179688 0.488889 0.180729 0.488889 0.181250 0.487963 0.181771 0.487963 0.182292 0.487037 0.186979 0.487037 0.187500 0.487963 0.188542 0.487963 0.189062 0.488889 0.189583 0.488889 0.190104 0.489815 0.190625 0.489815 0.191146 0.490741 0.191667 0.490741 0.192188 0.491667 0.192708 0.491667 0.193750 0.493519 0.194271 0.493519 0.195312 0.495370 0.195833 0.495370 0.197396 0.498148 0.197917 0.498148 0.199479 0.500926 0.200000 0.500926 0.201563 0.503704 0.202083 0.503704 0.204167 0.507407 0.204687 0.507407 0.206771 0.511111 0.207292 0.511111 0.209896 0.515741 0.210417 0.515741 0.213021 0.520370 0.213542 0.520370 0.216146 0.525000 0.216667 0.525000 0.219792 0.530556 0.220312 0.530556 0.223958 0.537037 0.224479 0.537037 0.228125 0.543519 0.228646 0.543519 0.231771 0.549074 0.232292 0.549074 0.235417 0.554630 0.235937 0.554630 0.238021 0.558333 0.238542 0.558333 0.240104 0.561111 0.240625 0.561111 0.241146 0.562037 0.242188 0.562037 0.242708 0.562963 0.243750 0.562963 0.244271 0.562037 0.244792 0.562037 0.245312 0.561111 0.245833 0.561111 0.245833 0.560185 0.246354 0.559259 0.246354 0.558333 0.246875 0.557407 0.246875 0.555556 0.247396 0.554630 0.247396 0.553704 0.247917 0.552778 0.247917 0.550926 0.248438 0.550000 0.248438 0.549074 0.248958 0.548148 0.248958 0.546296 0.249479 0.545370 0.249479 0.544444 0.250000 0.543519 0.250000 0.541667 0.250521 0.540741 0.250521 0.539815 0.251042 0.538889 0.251042 0.537037 0.251563 0.536111 0.251563 0.535185 0.252083 0.534259 0.252083 0.533333 0.251563 0.532407 0.251042 0.532407 0.249479 0.529630 0.248958 0.529630 0.245833 0.524074 0.245312 0.524074 0.241667 0.517593 0.241146 0.517593 0.237500 0.511111 0.236979 0.511111 0.233333 0.504630 0.232813 0.504630 0.228646 0.497222 0.228125 0.497222 0.224479 0.490741 0.223958 0.490741 0.219792 0.483333 0.219271 0.483333 0.215625 0.476852 0.215104 0.476852 0.211458 0.470370 0.210938 0.470370 0.206771 0.462963 0.206250 0.462963 0.202604 0.456481 0.202083 0.456481 0.197917 0.449074 0.197396 0.449074 0.192708 0.440741 0.192708 0.439815 0.191667 0.437963 0.191667 0.434259 0.192188 0.433333 0.192188 0.432407 0.193229 0.430556 0.193229 0.429630 0.193750 0.428704 0.193750 0.426852 0.193229 0.425926 0.192708 0.425926 0.192188 0.425000 0.191667 0.425000 0.191146 0.424074 0.190625 0.424074 0.190104 0.423148 0.189062 0.423148 0.188542 0.422222
0 0.314844 0.493056 0.118229 0.126852 0.311458 0.429630 0.310937 0.430556 0.310937 0.432407 0.310417 0.433333 0.310417 0.435185 0.309896 0.436111 0.309896 0.437037 0.308854 0.438889 0.308854 0.439815 0.289583 0.474074 0.289583 0.475000 0.259896 0.527778 0.259896 0.529630 0.259375 0.530556 0.259375 0.532407 0.258854 0.533333 0.258854 0.534259 0.258333 0.535185 0.258333 0.537037 0.257812 0.537963 0.257812 0.538889 0.257292 0.539815 0.257292 0.541667 0.256771 0.542593 0.256771 0.544444 0.256250 0.545370 0.256250 0.546296 0.255729 0.547222 0.255729 0.551852 0.256250 0.552778 0.256250 0.553704 0.256771 0.554630 0.257292 0.554630 0.258333 0.556481 0.260417 0.556481 0.260937 0.555556 0.261458 0.555556 0.284896 0.513889 0.285417 0.513889 0.293750 0.499074 0.294271 0.499074 0.297917 0.492593 0.298438 0.492593 0.301042 0.487963 0.301563 0.487963 0.303125 0.485185 0.303646 0.485185 0.305208 0.482407 0.305729 0.482407 0.306250 0.481481 0.306771 0.481481 0.307292 0.480556 0.307812 0.480556 0.308333 0.479630 0.308854 0.479630 0.309375 0.478704 0.311458 0.478704 0.311979 0.477778 0.312500 0.477778 0.313021 0.478704 0.315625 0.478704 0.316146 0.479630 0.316667 0.479630 0.317188 0.480556 0.317708 0.480556 0.318229 0.481481 0.318750 0.481481 0.319271 0.482407 0.319792 0.482407 0.320833 0.484259 0.321354 0.484259 0.322396 0.486111 0.322917 0.486111 0.323958 0.487963 0.324479 0.487963 0.326042 0.490741 0.326562 0.490741 0.328646 0.494444 0.329167 0.494444 0.331250 0.498148 0.331771 0.498148 0.334375 0.502778 0.334896 0.502778 0.338021 0.508333 0.338542 0.508333 0.342187 0.514815 0.342708 0.514815 0.346875 0.522222 0.347396 0.522222 0.351562 0.529630 0.352083 0.529630 0.357292 0.538889 0.357812 0.538889 0.361458 0.545370 0.361979 0.545370 0.364063 0.549074 0.364583 0.549074 0.365625 0.550926 0.366146 0.550926 0.366667 0.551852 0.367188 0.551852 0.367708 0.552778 0.369792 0.552778 0.370833 0.550926 0.371354 0.550926 0.371354 0.550000 0.371875 0.549074 0.371875 0.545370 0.372396 0.544444 0.372396 0.538889 0.372917 0.537963 0.372917 0.531481 0.373437 0.530556 0.373437 0.525000 0.373958 0.524074 0.373958 0.522222 0.371875 0.518519 0.371354 0.518519 0.366667 0.510185 0.366146 0.510185 0.360938 0.500926 0.360417 0.500926 0.355208 0.491667 0.354687 0.491667 0.349479 0.482407 0.348958 0.482407 0.343750 0.473148 0.343229 0.473148 0.338021 0.463889 0.337500 0.463889 0.332292 0.454630 0.331771 0.454630 0.326042 0.444444 0.325521 0.444444 0.323958 0.441667 0.323437 0.441667 0.321875 0.438889 0.321354 0.438889 0.319792 0.436111 0.319271 0.436111 0.318229 0.434259 0.317708 0.434259 0.317188 0.433333 0.316667 0.433333 0.316146 0.432407 0.315625 0.432407 0.315104 0.431481 0.314583 0.431481 0.314063 0.430556 0.313021 0.430556 0.312500 0.429630
0 0.438542 0.491204 0.114583 0.117593 0.436458 0.432407 0.435937 0.433333 0.434896 0.433333 0.434375 0.434259 0.433333 0.434259 0.432812 0.435185 0.432292 0.435185 0.431250 0.437037 0.430729 0.437037 0.395833 0.499074 0.395313 0.499074 0.382812 0.521296 0.382812 0.525926 0.382292 0.526852 0.382292 0.532407 0.381771 0.533333 0.381771 0.539815 0.381250 0.540741 0.381250 0.545370 0.382292 0.547222 0.382292 0.548148 0.382812 0.548148 0.383854 0.550000 0.385937 0.550000 0.386458 0.549074 0.386979 0.549074 0.389583 0.544444 0.390104 0.544444 0.407292 0.513889 0.407813 0.513889 0.415625 0.500000 0.416146 0.500000 0.420833 0.491667 0.421354 0.491667 0.424479 0.486111 0.425000 0.486111 0.427083 0.482407 0.427604 0.482407 0.429167 0.479630 0.429688 0.479630 0.430729 0.477778 0.431250 0.477778 0.432292 0.475926 0.432812 0.475926 0.433333 0.475000 0.433854 0.475000 0.434375 0.474074 0.434896 0.474074 0.435417 0.473148 0.437500 0.473148 0.438021 0.472222 0.438542 0.472222 0.439063 0.473148 0.441146 0.473148 0.441667 0.474074 0.442708 0.474074 0.443229 0.475000 0.443750 0.475000 0.444271 0.475926 0.444792 0.475926 0.445312 0.476852 0.445833 0.476852 0.446875 0.478704 0.447396 0.478704 0.448958 0.481481 0.449479 0.481481 0.451042 0.484259 0.451562 0.484259 0.453646 0.487963 0.454167 0.487963 0.456771 0.492593 0.457292 0.492593 0.460417 0.498148 0.460938 0.498148 0.465104 0.505556 0.465625 0.505556 0.470833 0.514815 0.471354 0.514815 0.478125 0.526852 0.478646 0.526852 0.484896 0.537963 0.485417 0.537963 0.488542 0.543519 0.489063 0.543519 0.490104 0.545370 0.490625 0.545370 0.491146 0.546296 0.494271 0.546296 0.495833 0.543519 0.495833 0.533333 0.495312 0.532407 0.495312 0.525926 0.494792 0.525000 0.494792 0.519444 0.494271 0.519444 0.488542 0.509259 0.488021 0.509259 0.480208 0.495370 0.479687 0.495370 0.471875 0.481481 0.471354 0.481481 0.463021 0.466667 0.462500 0.466667 0.454688 0.452778 0.454167 0.452778 0.444792 0.436111 0.444271 0.436111 0.443750 0.435185 0.443229 0.435185 0.442708 0.434259 0.442188 0.434259 0.441667 0.433333 0.440625 0.433333 0.440104 0.432407
0 0.559635 0.474537 0.114062 0.130556 0.558333 0.409259 0.557813 0.410185 0.557292 0.410185 0.556771 0.411111 0.556250 0.411111 0.555729 0.412037 0.555208 0.412037 0.554688 0.412963 0.555208 0.413889 0.555208 0.415741 0.555729 0.416667 0.555729 0.419444 0.556250 0.420370 0.556250 0.422222 0.556771 0.423148 0.556771 0.426852 0.555729 0.428704 0.555729 0.429630 0.543229 0.451852 0.542708 0.451852 0.529167 0.475926 0.528646 0.475926 0.515625 0.499074 0.515104 0.499074 0.504687 0.517593 0.504167 0.517593 0.502604 0.520370 0.502604 0.523148 0.503125 0.524074 0.503125 0.530556 0.503646 0.531481 0.503646 0.535185 0.504167 0.536111 0.504167 0.537037 0.505208 0.538889 0.505729 0.538889 0.506250 0.539815 0.508333 0.539815 0.509375 0.537963 0.509896 0.537963 0.516667 0.525926 0.517188 0.525926 0.527083 0.508333 0.527604 0.508333 0.534375 0.496296 0.534896 0.496296 0.539583 0.487963 0.540104 0.487963 0.543750 0.481481 0.544271 0.481481 0.546875 0.476852 0.547396 0.476852 0.549479 0.473148 0.550000 0.473148 0.551562 0.470370 0.552083 0.470370 0.553125 0.468519 0.553646 0.468519 0.554688 0.466667 0.555208 0.466667 0.555729 0.465741 0.556250 0.465741 0.556771 0.464815 0.557292 0.464815 0.557813 0.463889 0.559896 0.463889 0.560417 0.462963 0.561979 0.462963 0.562500 0.463889 0.564063 0.463889 0.564583 0.464815 0.565625 0.464815 0.566146 0.465741 0.566667 0.465741 0.567708 0.467593 0.568229 0.467593 0.569271 0.469444 0.569792 0.469444 0.570833 0.471296 0.571354 0.471296 0.573438 0.475000 0.573958 0.475000 0.576562 0.479630 0.577083 0.479630 0.580208 0.485185 0.580729 0.485185 0.585938 0.494444 0.586458 0.494444 0.594792 0.509259 0.595313 0.509259 0.606771 0.529630 0.607292 0.529630 0.609896 0.534259 0.610417 0.534259 0.611458 0.536111 0.612500 0.536111 0.613021 0.537037 0.613542 0.537037 0.614062 0.536111 0.615104 0.536111 0.616667 0.533333 0.616667 0.528704 0.616146 0.527778 0.616146 0.525926 0.615625 0.525000 0.615625 0.524074 0.615104 0.523148 0.615104 0.521296 0.614583 0.520370 0.614583 0.518519 0.614062 0.517593 0.614062 0.516667 0.613542 0.515741 0.613542 0.513889 0.613021 0.512963 0.613021 0.511111 0.612500 0.510185 0.612500 0.509259 0.603646 0.493519 0.603125 0.493519 0.587500 0.465741 0.586979 0.465741 0.570833 0.437037 0.570312 0.437037 0.563021 0.424074 0.563021 0.423148 0.561458 0.420370 0.561458 0.419444 0.560937 0.418519 0.560937 0.417593 0.560417 0.416667 0.560417 0.413889 0.559896 0.412963 0.559896 0.411111 0.559375 0.410185 0.559375 0.409259
0 0.681771 0.476389 0.121875 0.139815 0.682813 0.406481 0.682292 0.407407 0.681771 0.407407 0.681250 0.408333 0.680729 0.408333 0.680208 0.409259 0.679688 0.409259 0.679167 0.410185 0.678646 0.410185 0.678125 0.411111 0.677604 0.411111 0.676042 0.413889 0.675521 0.413889 0.675521 0.414815 0.675000 0.415741 0.675000 0.416667 0.674479 0.417593 0.674479 0.418519 0.664062 0.437037 0.663542 0.437037 0.655729 0.450926 0.655208 0.450926 0.646875 0.465741 0.646354 0.465741 0.638021 0.480556 0.637500 0.480556 0.629167 0.495370 0.628646 0.495370 0.621875 0.507407 0.621354 0.507407 0.620833 0.508333 0.620833 0.510185 0.621354 0.511111 0.621354 0.512963 0.621875 0.513889 0.621875 0.514815 0.622396 0.515741 0.622396 0.517593 0.622917 0.518519 0.622917 0.519444 0.623437 0.520370 0.623437 0.522222 0.623958 0.523148 0.623958 0.524074 0.624479 0.525000 0.624479 0.526852 0.625000 0.527778 0.625000 0.528704 0.625521 0.529630 0.625521 0.531481 0.626042 0.532407 0.626042 0.533333 0.626563 0.534259 0.626563 0.536111 0.627083 0.537037 0.627083 0.538889 0.627604 0.539815 0.627604 0.540741 0.628125 0.541667 0.628125 0.542593 0.629687 0.545370 0.630208 0.545370 0.630729 0.546296 0.632292 0.546296 0.633333 0.544444 0.633854 0.544444 0.637500 0.537963 0.638021 0.537963 0.644792 0.525926 0.645312 0.525926 0.652083 0.513889 0.652604 0.513889 0.657813 0.504630 0.658333 0.504630 0.662500 0.497222 0.663021 0.497222 0.666667 0.490741 0.667188 0.490741 0.669792 0.486111 0.670312 0.486111 0.672917 0.481481 0.673438 0.481481 0.675000 0.478704 0.675521 0.478704 0.677083 0.475926 0.677604 0.475926 0.679167 0.473148 0.679688 0.473148 0.680208 0.472222 0.680729 0.472222 0.681250 0.471296 0.681771 0.471296 0.682292 0.470370 0.682813 0.470370 0.683333 0.469444 0.683854 0.469444 0.684375 0.468519 0.686458 0.468519 0.686979 0.467593 0.687500 0.468519 0.690104 0.468519 0.690625 0.469444 0.691146 0.469444 0.691667 0.470370 0.692187 0.470370 0.692708 0.471296 0.693229 0.471296 0.693750 0.472222 0.694271 0.472222 0.695312 0.474074 0.695833 0.474074 0.697396 0.476852 0.697917 0.476852 0.700000 0.480556 0.700521 0.480556 0.704167 0.487037 0.704688 0.487037 0.710938 0.498148 0.711458 0.498148 0.732812 0.536111 0.733333 0.536111 0.735938 0.540741 0.736458 0.540741 0.736979 0.541667 0.737500 0.541667 0.738021 0.542593 0.740104 0.542593 0.740625 0.541667 0.741146 0.541667 0.742188 0.539815 0.742188 0.538889 0.742708 0.537963 0.742708 0.536111 0.742188 0.535185 0.742188 0.534259 0.741667 0.533333 0.741667 0.532407 0.740625 0.530556 0.740625 0.529630 0.740104 0.528704 0.740104 0.527778 0.739062 0.525926 0.739062 0.525000 0.738021 0.523148 0.738021 0.522222 0.736979 0.520370 0.736979 0.519444 0.735938 0.517593 0.735938 0.516667 0.734896 0.514815 0.734896 0.513889 0.734375 0.512963 0.734375 0.512037 0.733333 0.510185 0.733333 0.509259 0.732292 0.507407 0.732292 0.506481 0.731250 0.504630 0.731250 0.503704 0.730208 0.501852 0.730208 0.500926 0.729167 0.499074 0.729167 0.498148 0.728646 0.497222 0.728646 0.496296 0.727604 0.494444 0.727604 0.493519 0.726562 0.491667 0.726562 0.490741 0.725521 0.488889 0.725521 0.487963 0.724479 0.486111 0.724479 0.485185 0.701042 0.443519 0.701042 0.442593 0.700000 0.440741 0.700000 0.439815 0.698958 0.437963 0.698958 0.437037 0.698438 0.436111 0.698438 0.435185 0.697396 0.433333 0.697396 0.432407 0.696354 0.430556 0.696354 0.429630 0.695833 0.428704 0.695833 0.427778 0.694792 0.425926 0.694792 0.425000 0.693750 0.423148 0.693750 0.422222 0.693229 0.421296 0.693229 0.420370 0.692187 0.418519 0.692187 0.417593 0.691146 0.415741 0.691146 0.414815 0.690625 0.413889 0.690625 0.412963 0.689583 0.411111 0.689583 0.410185 0.688542 0.408333 0.688542 0.407407 0.688021 0.406481
0 0.251563 0.480556 0.118750 0.105556 0.194271 0.427778 0.194271 0.428704 0.193750 0.429630 0.193750 0.430556 0.192708 0.432407 0.192708 0.433333 0.192188 0.434259 0.192188 0.437963 0.193229 0.439815 0.193229 0.440741 0.197396 0.448148 0.197917 0.448148 0.202083 0.455556 0.202604 0.455556 0.206250 0.462037 0.206771 0.462037 0.210938 0.469444 0.211458 0.469444 0.215104 0.475926 0.215625 0.475926 0.219271 0.482407 0.219792 0.482407 0.223958 0.489815 0.224479 0.489815 0.228125 0.496296 0.228646 0.496296 0.232813 0.503704 0.233333 0.503704 0.236979 0.510185 0.237500 0.510185 0.241146 0.516667 0.241667 0.516667 0.245312 0.523148 0.245833 0.523148 0.248958 0.528704 0.249479 0.528704 0.251042 0.531481 0.251563 0.531481 0.252604 0.533333 0.255729 0.533333 0.257292 0.530556 0.257812 0.530556 0.289062 0.475000 0.289062 0.474074 0.308333 0.439815 0.308333 0.438889 0.309375 0.437037 0.309375 0.436111 0.309896 0.435185 0.309896 0.433333 0.310417 0.432407 0.310417 0.430556 0.310937 0.429630 0.307812 0.429630 0.307292 0.430556 0.306250 0.430556 0.305729 0.431481 0.305208 0.431481 0.304688 0.432407 0.304167 0.432407 0.303125 0.434259 0.302604 0.434259 0.301563 0.436111 0.301042 0.436111 0.299479 0.438889 0.298958 0.438889 0.296354 0.443519 0.295833 0.443519 0.292187 0.450000 0.291667 0.450000 0.283333 0.464815 0.282813 0.464815 0.258333 0.508333 0.257812 0.508333 0.257292 0.509259 0.255729 0.509259 0.255208 0.508333 0.254688 0.508333 0.252083 0.503704 0.252083 0.499074 0.252604 0.498148 0.252604 0.497222 0.253125 0.496296 0.253125 0.495370 0.253646 0.494444 0.253646 0.492593 0.254167 0.491667 0.254167 0.490741 0.254688 0.489815 0.254688 0.487963 0.255208 0.487037 0.255208 0.486111 0.255729 0.485185 0.255729 0.484259 0.256250 0.483333 0.256250 0.481481 0.256771 0.480556 0.256771 0.479630 0.257292 0.478704 0.257292 0.476852 0.257812 0.475926 0.257812 0.475000 0.258333 0.474074 0.258333 0.473148 0.258854 0.472222 0.258854 0.470370 0.259375 0.469444 0.259375 0.468519 0.259896 0.467593 0.259896 0.465741 0.260417 0.464815 0.260417 0.463889 0.260937 0.462963 0.257292 0.469444 0.256771 0.469444 0.256250 0.470370 0.255208 0.470370 0.254688 0.471296 0.254167 0.470370 0.253646 0.470370 0.253125 0.471296 0.253125 0.472222 0.252604 0.473148 0.252604 0.474074 0.252083 0.475000 0.252083 0.475926 0.251563 0.476852 0.251563 0.478704 0.251042 0.479630 0.251042 0.480556 0.250521 0.481481 0.250521 0.482407 0.250000 0.483333 0.250000 0.485185 0.249479 0.486111 0.249479 0.487037 0.248958 0.487963 0.248958 0.488889 0.248438 0.489815 0.248438 0.491667 0.247917 0.492593 0.247917 0.493519 0.245833 0.497222 0.245312 0.497222 0.244792 0.498148 0.243229 0.498148 0.242708 0.497222 0.242188 0.497222 0.241667 0.496296 0.241146 0.496296 0.240104 0.494444 0.239583 0.494444 0.237500 0.490741 0.236979 0.490741 0.233854 0.485185 0.233333 0.485185 0.229167 0.477778 0.228646 0.477778 0.225000 0.471296 0.224479 0.471296 0.220833 0.464815 0.220312 0.464815 0.217188 0.459259 0.216667 0.459259 0.213542 0.453704 0.213021 0.453704 0.209896 0.448148 0.209375 0.448148 0.207292 0.444444 0.206771 0.444444 0.204687 0.440741 0.204167 0.440741 0.202083 0.437037 0.201563 0.437037 0.200000 0.434259 0.199479 0.434259 0.197917 0.431481 0.197396 0.431481 0.196354 0.429630 0.195833 0.429630 0.194792 0.427778
0 0.379167 0.481481 0.101042 0.087037 0.429688 0.437963 0.428125 0.440741 0.427604 0.440741 0.425521 0.444444 0.425000 0.444444 0.422396 0.449074 0.421875 0.449074 0.417708 0.456481 0.417187 0.456481 0.410938 0.467593 0.410417 0.467593 0.394792 0.495370 0.394271 0.495370 0.385417 0.511111 0.384896 0.511111 0.384375 0.512037 0.382292 0.512037 0.381771 0.511111 0.381250 0.511111 0.379167 0.507407 0.379167 0.505556 0.378646 0.504630 0.379167 0.503704 0.379167 0.498148 0.379688 0.497222 0.379688 0.491667 0.380208 0.490741 0.380208 0.485185 0.380729 0.484259 0.380729 0.478704 0.381250 0.477778 0.381250 0.475926 0.380729 0.476852 0.380208 0.476852 0.378646 0.479630 0.378125 0.479630 0.377604 0.480556 0.376042 0.480556 0.375521 0.479630 0.375000 0.479630 0.373958 0.477778 0.373437 0.477778 0.372917 0.476852 0.372917 0.479630 0.372396 0.480556 0.372396 0.485185 0.371875 0.486111 0.371875 0.491667 0.371354 0.492593 0.371354 0.498148 0.370833 0.499074 0.370833 0.500926 0.370312 0.501852 0.370312 0.502778 0.369271 0.504630 0.368750 0.504630 0.368229 0.505556 0.366146 0.505556 0.365625 0.504630 0.365104 0.504630 0.364583 0.503704 0.364063 0.503704 0.363021 0.501852 0.362500 0.501852 0.360417 0.498148 0.359896 0.498148 0.355208 0.489815 0.354687 0.489815 0.349479 0.480556 0.348958 0.480556 0.344271 0.472222 0.343750 0.472222 0.339583 0.464815 0.339062 0.464815 0.335417 0.458333 0.334896 0.458333 0.332292 0.453704 0.331771 0.453704 0.328646 0.448148 0.331771 0.453704 0.332292 0.453704 0.337500 0.462963 0.338021 0.462963 0.343229 0.472222 0.343750 0.472222 0.348958 0.481481 0.349479 0.481481 0.354687 0.490741 0.355208 0.490741 0.360417 0.500000 0.360938 0.500000 0.366146 0.509259 0.366667 0.509259 0.371354 0.517593 0.371875 0.517593 0.374479 0.522222 0.375000 0.522222 0.376042 0.524074 0.376563 0.524074 0.377083 0.525000 0.379688 0.525000 0.381250 0.522222 0.381771 0.522222 0.395313 0.498148 0.395833 0.498148
0 0.501302 0.468056 0.109896 0.110185 0.554167 0.412963 0.553125 0.414815 0.552604 0.414815 0.551042 0.417593 0.550521 0.417593 0.548958 0.420370 0.548438 0.420370 0.545833 0.425000 0.545312 0.425000 0.542188 0.430556 0.541667 0.430556 0.536979 0.438889 0.536458 0.438889 0.530208 0.450000 0.529687 0.450000 0.519271 0.468519 0.518750 0.468519 0.510417 0.483333 0.509896 0.483333 0.508333 0.486111 0.506250 0.486111 0.505729 0.485185 0.505208 0.485185 0.503125 0.481481 0.503125 0.478704 0.502604 0.477778 0.502604 0.472222 0.502083 0.471296 0.502083 0.466667 0.501042 0.468519 0.500521 0.468519 0.500000 0.469444 0.497396 0.469444 0.496354 0.467593 0.495833 0.467593 0.494792 0.465741 0.495312 0.466667 0.495312 0.473148 0.495833 0.474074 0.495833 0.480556 0.496354 0.481481 0.496354 0.487963 0.496875 0.488889 0.496875 0.495370 0.497396 0.496296 0.497396 0.504630 0.495312 0.508333 0.494271 0.508333 0.493750 0.509259 0.493229 0.509259 0.492708 0.508333 0.491667 0.508333 0.490625 0.506481 0.490104 0.506481 0.488542 0.503704 0.488021 0.503704 0.482812 0.494444 0.482292 0.494444 0.474479 0.480556 0.473958 0.480556 0.467708 0.469444 0.467187 0.469444 0.462500 0.461111 0.461979 0.461111 0.458333 0.454630 0.457813 0.454630 0.455208 0.450000 0.454688 0.450000 0.452083 0.445370 0.451562 0.445370 0.450000 0.442593 0.449479 0.442593 0.447917 0.439815 0.447396 0.439815 0.446354 0.437963 0.454167 0.451852 0.454688 0.451852 0.462500 0.465741 0.463021 0.465741 0.471354 0.480556 0.471875 0.480556 0.479687 0.494444 0.480208 0.494444 0.488021 0.508333 0.488542 0.508333 0.494271 0.518519 0.494792 0.518519 0.496354 0.521296 0.496875 0.521296 0.497396 0.522222 0.497917 0.522222 0.498437 0.523148 0.499479 0.523148 0.500000 0.522222 0.500521 0.522222 0.501042 0.521296 0.501563 0.521296 0.504167 0.516667 0.504687 0.516667 0.515104 0.498148 0.515625 0.498148 0.528646 0.475000 0.529167 0.475000 0.542708 0.450926 0.543229 0.450926 0.555208 0.429630 0.555208 0.428704 0.556250 0.426852 0.556250 0.423148 0.555729 0.422222 0.555729 0.420370 0.555208 0.419444 0.555208 0.416667 0.554688 0.415741 0.554688 0.413889
0 0.617448 0.460648 0.115104 0.102778 0.559896 0.409259 0.559896 0.410185 0.560417 0.411111 0.560417 0.412963 0.560937 0.413889 0.560937 0.416667 0.561458 0.417593 0.561458 0.418519 0.561979 0.419444 0.561979 0.420370 0.563542 0.423148 0.563542 0.424074 0.570312 0.436111 0.570833 0.436111 0.586979 0.464815 0.587500 0.464815 0.603125 0.492593 0.603646 0.492593 0.612500 0.508333 0.613021 0.508333 0.614583 0.511111 0.615104 0.511111 0.615625 0.512037 0.617188 0.512037 0.617708 0.511111 0.618229 0.511111 0.618750 0.510185 0.619271 0.510185 0.621354 0.506481 0.621875 0.506481 0.628646 0.494444 0.629167 0.494444 0.637500 0.479630 0.638021 0.479630 0.646354 0.464815 0.646875 0.464815 0.655208 0.450000 0.655729 0.450000 0.663542 0.436111 0.664062 0.436111 0.673958 0.418519 0.673958 0.417593 0.674479 0.416667 0.674479 0.415741 0.675000 0.414815 0.673958 0.416667 0.673438 0.416667 0.671875 0.419444 0.671354 0.419444 0.668750 0.424074 0.668229 0.424074 0.665104 0.429630 0.664583 0.429630 0.660937 0.436111 0.660417 0.436111 0.655729 0.444444 0.655208 0.444444 0.648958 0.455556 0.648438 0.455556 0.640625 0.469444 0.640104 0.469444 0.633854 0.480556 0.633333 0.480556 0.631771 0.483333 0.631250 0.483333 0.630729 0.484259 0.628646 0.484259 0.626042 0.479630 0.626042 0.478704 0.625521 0.477778 0.625521 0.475926 0.625000 0.475000 0.625000 0.474074 0.624479 0.473148 0.624479 0.472222 0.623958 0.472222 0.622917 0.474074 0.622396 0.474074 0.621875 0.475000 0.619271 0.475000 0.618229 0.473148 0.617708 0.473148 0.616667 0.471296 0.616667 0.472222 0.617188 0.473148 0.617188 0.474074 0.617708 0.475000 0.617708 0.477778 0.617188 0.478704 0.617188 0.479630 0.615625 0.482407 0.615104 0.482407 0.614583 0.483333 0.613021 0.483333 0.612500 0.482407 0.611458 0.482407 0.609896 0.479630 0.609375 0.479630 0.603125 0.468519 0.602604 0.468519 0.589583 0.445370 0.589063 0.445370 0.582292 0.433333 0.581771 0.433333 0.578125 0.426852 0.577604 0.426852 0.574479 0.421296 0.573958 0.421296 0.571875 0.417593 0.571354 0.417593 0.569792 0.414815 0.569271 0.414815 0.568229 0.412963 0.567708 0.412963 0.567187 0.412037 0.566667 0.412037 0.566146 0.411111 0.565625 0.411111 0.565104 0.410185 0.564583 0.410185 0.564063 0.409259
0 0.750781 0.469907 0.123438 0.125000 0.689063 0.407407 0.689063 0.408333 0.690104 0.410185 0.690104 0.411111 0.691146 0.412963 0.691146 0.413889 0.691667 0.414815 0.691667 0.415741 0.692708 0.417593 0.692708 0.418519 0.693750 0.420370 0.693750 0.421296 0.694271 0.422222 0.694271 0.423148 0.695312 0.425000 0.695312 0.425926 0.696354 0.427778 0.696354 0.428704 0.696875 0.429630 0.696875 0.430556 0.697917 0.432407 0.697917 0.433333 0.698958 0.435185 0.698958 0.436111 0.699479 0.437037 0.699479 0.437963 0.700521 0.439815 0.700521 0.440741 0.701562 0.442593 0.701562 0.443519 0.737500 0.507407 0.737500 0.508333 0.744271 0.520370 0.744792 0.520370 0.751042 0.531481 0.751563 0.531481 0.752083 0.532407 0.754687 0.532407 0.755208 0.531481 0.755729 0.531481 0.757292 0.528704 0.757812 0.528704 0.761979 0.521296 0.762500 0.521296 0.767708 0.512037 0.768229 0.512037 0.773958 0.501852 0.774479 0.501852 0.780208 0.491667 0.780729 0.491667 0.785937 0.482407 0.786458 0.482407 0.792188 0.472222 0.792708 0.472222 0.798438 0.462037 0.798958 0.462037 0.804688 0.451852 0.805208 0.451852 0.811979 0.439815 0.811979 0.438889 0.812500 0.437963 0.812500 0.434259 0.811979 0.433333 0.811979 0.432407 0.809896 0.428704 0.809375 0.428704 0.804688 0.437037 0.804167 0.437037 0.798438 0.447222 0.797917 0.447222 0.792188 0.457407 0.791667 0.457407 0.785937 0.467593 0.785417 0.467593 0.779687 0.477778 0.779167 0.477778 0.773438 0.487963 0.772917 0.487963 0.768750 0.495370 0.768229 0.495370 0.766667 0.498148 0.766146 0.498148 0.765625 0.499074 0.765104 0.499074 0.764583 0.500000 0.763542 0.500000 0.763021 0.499074 0.762500 0.499074 0.761458 0.497222 0.760938 0.497222 0.727083 0.437037 0.728125 0.438889 0.728125 0.439815 0.729167 0.441667 0.729167 0.442593 0.730729 0.445370 0.730729 0.446296 0.731771 0.448148 0.731771 0.449074 0.732812 0.450926 0.732812 0.451852 0.734375 0.454630 0.734375 0.455556 0.735417 0.457407 0.735417 0.458333 0.736458 0.460185 0.736458 0.461111 0.738021 0.463889 0.738021 0.464815 0.739062 0.466667 0.739062 0.467593 0.740104 0.469444 0.740104 0.470370 0.741146 0.472222 0.741146 0.475926 0.740625 0.476852 0.740625 0.477778 0.739062 0.480556 0.738021 0.480556 0.737500 0.481481 0.736458 0.481481 0.735938 0.480556 0.735417 0.480556 0.734896 0.479630 0.734375 0.479630 0.732292 0.475926 0.731771 0.475926 0.707292 0.432407 0.706771 0.432407 0.701562 0.423148 0.701042 0.423148 0.697917 0.417593 0.697396 0.417593 0.695312 0.413889 0.694792 0.413889 0.693229 0.411111 0.692708 0.411111 0.692187 0.410185 0.691667 0.410185 0.690625 0.408333 0.690104 0.408333 0.689583 0.407407
0 0.191406 0.430093 0.123438 0.141667 0.185417 0.359259 0.184896 0.360185 0.184896 0.361111 0.183854 0.362963 0.183854 0.363889 0.182292 0.366667 0.182292 0.367593 0.181250 0.369444 0.181250 0.370370 0.180208 0.372222 0.180208 0.373148 0.178646 0.375926 0.178646 0.376852 0.177604 0.378704 0.177604 0.379630 0.176563 0.381481 0.176563 0.382407 0.175521 0.384259 0.175521 0.385185 0.173958 0.387963 0.173958 0.388889 0.172917 0.390741 0.172917 0.391667 0.171875 0.393519 0.171875 0.394444 0.170313 0.397222 0.170313 0.398148 0.169271 0.400000 0.169271 0.400926 0.168229 0.402778 0.168229 0.403704 0.166667 0.406481 0.166667 0.407407 0.165625 0.409259 0.165625 0.410185 0.164583 0.412037 0.164583 0.412963 0.163542 0.414815 0.163542 0.415741 0.161979 0.418519 0.161979 0.419444 0.160938 0.421296 0.160938 0.422222 0.159896 0.424074 0.159896 0.425000 0.158333 0.427778 0.158333 0.428704 0.157292 0.430556 0.157292 0.431481 0.155208 0.435185 0.155208 0.436111 0.145833 0.452778 0.145833 0.453704 0.141667 0.461111 0.141667 0.462037 0.140104 0.464815 0.140104 0.465741 0.139063 0.467593 0.139063 0.468519 0.137500 0.471296 0.137500 0.472222 0.136458 0.474074 0.136458 0.475000 0.135417 0.476852 0.135417 0.477778 0.133854 0.480556 0.133854 0.481481 0.132812 0.483333 0.132812 0.484259 0.131771 0.486111 0.131771 0.487037 0.130208 0.489815 0.130208 0.490741 0.129688 0.491667 0.129688 0.495370 0.130208 0.496296 0.130208 0.497222 0.131250 0.499074 0.131771 0.499074 0.132292 0.500000 0.132812 0.500000 0.133333 0.500926 0.134375 0.500926 0.134896 0.500000 0.135417 0.500000 0.148438 0.476852 0.148438 0.475926 0.165104 0.446296 0.165625 0.446296 0.171875 0.435185 0.172396 0.435185 0.175000 0.430556 0.175521 0.430556 0.177604 0.426852 0.178125 0.426852 0.179167 0.425000 0.179688 0.425000 0.180208 0.424074 0.180729 0.424074 0.181250 0.423148 0.181771 0.423148 0.182292 0.422222 0.182812 0.422222 0.183333 0.421296 0.188542 0.421296 0.189062 0.422222 0.190104 0.422222 0.190625 0.423148 0.191146 0.423148 0.191667 0.424074 0.192188 0.424074 0.192708 0.425000 0.193229 0.425000 0.194271 0.426852 0.194792 0.426852 0.195833 0.428704 0.196354 0.428704 0.197396 0.430556 0.197917 0.430556 0.199479 0.433333 0.200000 0.433333 0.201563 0.436111 0.202083 0.436111 0.204167 0.439815 0.204687 0.439815 0.206771 0.443519 0.207292 0.443519 0.209375 0.447222 0.209896 0.447222 0.213021 0.452778 0.213542 0.452778 0.216667 0.458333 0.217188 0.458333 0.220312 0.463889 0.220833 0.463889 0.224479 0.470370 0.225000 0.470370 0.228646 0.476852 0.229167 0.476852 0.233333 0.484259 0.233854 0.484259 0.236979 0.489815 0.237500 0.489815 0.239583 0.493519 0.240104 0.493519 0.241146 0.495370 0.241667 0.495370 0.242188 0.496296 0.242708 0.496296 0.243229 0.497222 0.244792 0.497222 0.245312 0.496296 0.245833 0.496296 0.247396 0.493519 0.247396 0.492593 0.247917 0.491667 0.247917 0.489815 0.248438 0.488889 0.248438 0.487963 0.248958 0.487037 0.248958 0.486111 0.249479 0.485185 0.249479 0.483333 0.250000 0.482407 0.250000 0.481481 0.250521 0.480556 0.250521 0.479630 0.251042 0.478704 0.251042 0.476852 0.251563 0.475926 0.251563 0.475000 0.252083 0.474074 0.252083 0.473148 0.252604 0.472222 0.252604 0.471296 0.253125 0.470370 0.252083 0.468519 0.251563 0.468519 0.249479 0.464815 0.248958 0.464815 0.245312 0.458333 0.244792 0.458333 0.240625 0.450926 0.240104 0.450926 0.235937 0.443519 0.235417 0.443519 0.231250 0.436111 0.230729 0.436111 0.226562 0.428704 0.226042 0.428704 0.221875 0.421296 0.221354 0.421296 0.217188 0.413889 0.216667 0.413889 0.212500 0.406481 0.211979 0.406481 0.207813 0.399074 0.207292 0.399074 0.203125 0.391667 0.202604 0.391667 0.197396 0.382407 0.196875 0.382407 0.194271 0.377778 0.194271 0.376852 0.193229 0.375000 0.193229 0.374074 0.192708 0.373148 0.192708 0.370370 0.193229 0.369444 0.193229 0.368519 0.194271 0.366667 0.194271 0.365741 0.194792 0.364815 0.194271 0.363889 0.193750 0.363889 0.192708 0.362037 0.192188 0.362037 0.191667 0.361111 0.190625 0.361111 0.190104 0.360185 0.189062 0.360185 0.188542 0.359259
0 0.312500 0.440741 0.119792 0.135185 0.310417 0.373148 0.308854 0.375926 0.308854 0.376852 0.292708 0.405556 0.292708 0.406481 0.261458 0.462037 0.261458 0.462963 0.260937 0.463889 0.260937 0.464815 0.260417 0.465741 0.260417 0.467593 0.259896 0.468519 0.259896 0.469444 0.259375 0.470370 0.259375 0.472222 0.258854 0.473148 0.258854 0.474074 0.258333 0.475000 0.258333 0.475926 0.257812 0.476852 0.257812 0.478704 0.257292 0.479630 0.257292 0.480556 0.256771 0.481481 0.256771 0.483333 0.256250 0.484259 0.256250 0.485185 0.255729 0.486111 0.255729 0.487037 0.255208 0.487963 0.255208 0.489815 0.254688 0.490741 0.254688 0.491667 0.254167 0.492593 0.254167 0.494444 0.253646 0.495370 0.253646 0.496296 0.253125 0.497222 0.253125 0.498148 0.252604 0.499074 0.252604 0.503704 0.254688 0.507407 0.255208 0.507407 0.255729 0.508333 0.257292 0.508333 0.257812 0.507407 0.258333 0.507407 0.282813 0.463889 0.283333 0.463889 0.291667 0.449074 0.292187 0.449074 0.295833 0.442593 0.296354 0.442593 0.298958 0.437963 0.299479 0.437963 0.301042 0.435185 0.301563 0.435185 0.302604 0.433333 0.303125 0.433333 0.304167 0.431481 0.304688 0.431481 0.305208 0.430556 0.305729 0.430556 0.306250 0.429630 0.307292 0.429630 0.307812 0.428704 0.312500 0.428704 0.313021 0.429630 0.314063 0.429630 0.314583 0.430556 0.315104 0.430556 0.315625 0.431481 0.316146 0.431481 0.316667 0.432407 0.317188 0.432407 0.317708 0.433333 0.318229 0.433333 0.319271 0.435185 0.319792 0.435185 0.321354 0.437963 0.321875 0.437963 0.323437 0.440741 0.323958 0.440741 0.325521 0.443519 0.326042 0.443519 0.328125 0.447222 0.328646 0.447222 0.331771 0.452778 0.332292 0.452778 0.334896 0.457407 0.335417 0.457407 0.339062 0.463889 0.339583 0.463889 0.343750 0.471296 0.344271 0.471296 0.348958 0.479630 0.349479 0.479630 0.354687 0.488889 0.355208 0.488889 0.359896 0.497222 0.360417 0.497222 0.362500 0.500926 0.363021 0.500926 0.364063 0.502778 0.364583 0.502778 0.365104 0.503704 0.365625 0.503704 0.366146 0.504630 0.368229 0.504630 0.368750 0.503704 0.369271 0.503704 0.369792 0.502778 0.369792 0.501852 0.370312 0.500926 0.370312 0.499074 0.370833 0.498148 0.370833 0.492593 0.371354 0.491667 0.371354 0.486111 0.371875 0.485185 0.371875 0.480556 0.372396 0.479630 0.372396 0.475926 0.371354 0.474074 0.370833 0.474074 0.365625 0.464815 0.365104 0.464815 0.359375 0.454630 0.358854 0.454630 0.353125 0.444444 0.352604 0.444444 0.347396 0.435185 0.346875 0.435185 0.341146 0.425000 0.340625 0.425000 0.334896 0.414815 0.334375 0.414815 0.328646 0.404630 0.328125 0.404630 0.321354 0.392593 0.320833 0.392593 0.318229 0.387963 0.318229 0.387037 0.316667 0.384259 0.316667 0.383333 0.316146 0.382407 0.316146 0.379630 0.316667 0.378704 0.316667 0.377778 0.316146 0.377778 0.315625 0.376852 0.315104 0.376852 0.314063 0.375000 0.313021 0.375000 0.312500 0.374074 0.311458 0.374074 0.310937 0.373148
0 0.438021 0.436111 0.117708 0.150000 0.435417 0.361111 0.434896 0.362037 0.434375 0.362037 0.434375 0.380556 0.433854 0.381481 0.433854 0.382407 0.431771 0.386111 0.431771 0.387037 0.411458 0.423148 0.410938 0.423148 0.381771 0.475000 0.381771 0.477778 0.381250 0.478704 0.381250 0.484259 0.380729 0.485185 0.380729 0.490741 0.380208 0.491667 0.380208 0.497222 0.379688 0.498148 0.379688 0.503704 0.379167 0.504630 0.379688 0.505556 0.379688 0.507407 0.381250 0.510185 0.381771 0.510185 0.382292 0.511111 0.384375 0.511111 0.384896 0.510185 0.385417 0.510185 0.394271 0.494444 0.394792 0.494444 0.410417 0.466667 0.410938 0.466667 0.417187 0.455556 0.417708 0.455556 0.421875 0.448148 0.422396 0.448148 0.425000 0.443519 0.425521 0.443519 0.427604 0.439815 0.428125 0.439815 0.429688 0.437037 0.430208 0.437037 0.430729 0.436111 0.431250 0.436111 0.432292 0.434259 0.432812 0.434259 0.433333 0.433333 0.434375 0.433333 0.434896 0.432407 0.435937 0.432407 0.436458 0.431481 0.440104 0.431481 0.440625 0.432407 0.441667 0.432407 0.442188 0.433333 0.442708 0.433333 0.443229 0.434259 0.443750 0.434259 0.444271 0.435185 0.444792 0.435185 0.445833 0.437037 0.446354 0.437037 0.447396 0.438889 0.447917 0.438889 0.449479 0.441667 0.450000 0.441667 0.451562 0.444444 0.452083 0.444444 0.454688 0.449074 0.455208 0.449074 0.457813 0.453704 0.458333 0.453704 0.461979 0.460185 0.462500 0.460185 0.467187 0.468519 0.467708 0.468519 0.473958 0.479630 0.474479 0.479630 0.482292 0.493519 0.482812 0.493519 0.488021 0.502778 0.488542 0.502778 0.490104 0.505556 0.490625 0.505556 0.491667 0.507407 0.492708 0.507407 0.493229 0.508333 0.493750 0.508333 0.494271 0.507407 0.495312 0.507407 0.496875 0.504630 0.496875 0.496296 0.496354 0.495370 0.496354 0.488889 0.495833 0.487963 0.495833 0.481481 0.495312 0.480556 0.495312 0.474074 0.494792 0.473148 0.494792 0.466667 0.494271 0.465741 0.494271 0.464815 0.492708 0.462037 0.492188 0.462037 0.484375 0.448148 0.483854 0.448148 0.474479 0.431481 0.473958 0.431481 0.464583 0.414815 0.464062 0.414815 0.455208 0.399074 0.454688 0.399074 0.441667 0.375926 0.441667 0.375000 0.441146 0.374074 0.441146 0.373148 0.440625 0.372222 0.440625 0.362037 0.440104 0.361111
0 0.559896 0.428241 0.114583 0.113889 0.561979 0.371296 0.561458 0.372222 0.560417 0.372222 0.559896 0.373148 0.559375 0.373148 0.558854 0.374074 0.558333 0.374074 0.557292 0.375926 0.556771 0.375926 0.555729 0.377778 0.555208 0.377778 0.554167 0.379630 0.553646 0.379630 0.551562 0.383333 0.551042 0.383333 0.547917 0.388889 0.547396 0.388889 0.531771 0.416667 0.531250 0.416667 0.515625 0.444444 0.515104 0.444444 0.503646 0.464815 0.503125 0.464815 0.502604 0.465741 0.502604 0.471296 0.503125 0.472222 0.503125 0.477778 0.503646 0.478704 0.503646 0.481481 0.505208 0.484259 0.505729 0.484259 0.506250 0.485185 0.508333 0.485185 0.509896 0.482407 0.510417 0.482407 0.518750 0.467593 0.519271 0.467593 0.529687 0.449074 0.530208 0.449074 0.536458 0.437963 0.536979 0.437963 0.541667 0.429630 0.542188 0.429630 0.545312 0.424074 0.545833 0.424074 0.548438 0.419444 0.548958 0.419444 0.550521 0.416667 0.551042 0.416667 0.552604 0.413889 0.553125 0.413889 0.554167 0.412037 0.554688 0.412037 0.555208 0.411111 0.555729 0.411111 0.556250 0.410185 0.556771 0.410185 0.557292 0.409259 0.557813 0.409259 0.558333 0.408333 0.564063 0.408333 0.564583 0.409259 0.565104 0.409259 0.565625 0.410185 0.566146 0.410185 0.566667 0.411111 0.567187 0.411111 0.567708 0.412037 0.568229 0.412037 0.569271 0.413889 0.569792 0.413889 0.571354 0.416667 0.571875 0.416667 0.573958 0.420370 0.574479 0.420370 0.577604 0.425926 0.578125 0.425926 0.581771 0.432407 0.582292 0.432407 0.589063 0.444444 0.589583 0.444444 0.602604 0.467593 0.603125 0.467593 0.609375 0.478704 0.609896 0.478704 0.611458 0.481481 0.612500 0.481481 0.613021 0.482407 0.614583 0.482407 0.615104 0.481481 0.615625 0.481481 0.616667 0.479630 0.616667 0.478704 0.617188 0.477778 0.617188 0.475000 0.616667 0.474074 0.616667 0.473148 0.616146 0.472222 0.616146 0.470370 0.613021 0.464815 0.612500 0.464815 0.593750 0.431481 0.593229 0.431481 0.573438 0.396296 0.572917 0.396296 0.566667 0.385185 0.566667 0.384259 0.564063 0.379630 0.564063 0.378704 0.563542 0.377778 0.563542 0.375926 0.563021 0.375000 0.563021 0.373148 0.562500 0.372222 0.562500 0.371296
0 0.682813 0.422685 0.115625 0.121296 0.689063 0.362037 0.688542 0.362963 0.687500 0.362963 0.686979 0.363889 0.685937 0.363889 0.685417 0.364815 0.684896 0.364815 0.683854 0.366667 0.683333 0.366667 0.682813 0.367593 0.682292 0.367593 0.680729 0.370370 0.680208 0.370370 0.680729 0.371296 0.680729 0.372222 0.681250 0.373148 0.681250 0.375000 0.680729 0.375926 0.680729 0.376852 0.677604 0.382407 0.677604 0.383333 0.677083 0.384259 0.676562 0.384259 0.666146 0.402778 0.665625 0.402778 0.657292 0.417593 0.656771 0.417593 0.647917 0.433333 0.647396 0.433333 0.638542 0.449074 0.638021 0.449074 0.629687 0.463889 0.629167 0.463889 0.625000 0.471296 0.625000 0.473148 0.625521 0.474074 0.625521 0.475000 0.626042 0.475926 0.626042 0.477778 0.626563 0.478704 0.626563 0.479630 0.628646 0.483333 0.630729 0.483333 0.631250 0.482407 0.631771 0.482407 0.633333 0.479630 0.633854 0.479630 0.640104 0.468519 0.640625 0.468519 0.648438 0.454630 0.648958 0.454630 0.655208 0.443519 0.655729 0.443519 0.660417 0.435185 0.660937 0.435185 0.664583 0.428704 0.665104 0.428704 0.668229 0.423148 0.668750 0.423148 0.671354 0.418519 0.671875 0.418519 0.673438 0.415741 0.673958 0.415741 0.675521 0.412963 0.676042 0.412963 0.677604 0.410185 0.678125 0.410185 0.678646 0.409259 0.679167 0.409259 0.679688 0.408333 0.680208 0.408333 0.680729 0.407407 0.681250 0.407407 0.681771 0.406481 0.682292 0.406481 0.682813 0.405556 0.688021 0.405556 0.688542 0.406481 0.689583 0.406481 0.690104 0.407407 0.690625 0.407407 0.691667 0.409259 0.692187 0.409259 0.692708 0.410185 0.693229 0.410185 0.694792 0.412963 0.695312 0.412963 0.697396 0.416667 0.697917 0.416667 0.701042 0.422222 0.701562 0.422222 0.706771 0.431481 0.707292 0.431481 0.731771 0.475000 0.732292 0.475000 0.734375 0.478704 0.734896 0.478704 0.735417 0.479630 0.735938 0.479630 0.736458 0.480556 0.737500 0.480556 0.738021 0.479630 0.739062 0.479630 0.740104 0.477778 0.740104 0.476852 0.740625 0.475926 0.740625 0.472222 0.739583 0.470370 0.739583 0.469444 0.738542 0.467593 0.738542 0.466667 0.737500 0.464815 0.737500 0.463889 0.735938 0.461111 0.735938 0.460185 0.734896 0.458333 0.734896 0.457407 0.733854 0.455556 0.733854 0.454630 0.732292 0.451852 0.732292 0.450926 0.731250 0.449074 0.731250 0.448148 0.730208 0.446296 0.730208 0.445370 0.728646 0.442593 0.728646 0.441667 0.727604 0.439815 0.727604 0.438889 0.726562 0.437037 0.726562 0.436111 0.716146 0.417593 0.716146 0.416667 0.711458 0.408333 0.711458 0.407407 0.709896 0.404630 0.709896 0.403704 0.708854 0.401852 0.708854 0.400926 0.707812 0.399074 0.707812 0.398148 0.706771 0.396296 0.706771 0.395370 0.705729 0.393519 0.705729 0.392593 0.704167 0.389815 0.704167 0.388889 0.703125 0.387037 0.703125 0.386111 0.702083 0.384259 0.702083 0.383333 0.701042 0.381481 0.701042 0.380556 0.700000 0.378704 0.700000 0.377778 0.698958 0.375926 0.698958 0.375000 0.697396 0.372222 0.697396 0.371296 0.696354 0.369444 0.696354 0.368519 0.695312 0.366667 0.695312 0.365741 0.694271 0.363889 0.694271 0.362963 0.693229 0.362963 0.692708 0.362037
0 0.251563 0.417593 0.116667 0.105556 0.195312 0.364815 0.194792 0.365741 0.194792 0.366667 0.193750 0.368519 0.193750 0.369444 0.193229 0.370370 0.193229 0.373148 0.193750 0.374074 0.193750 0.375000 0.194792 0.376852 0.194792 0.377778 0.196875 0.381481 0.197396 0.381481 0.202604 0.390741 0.203125 0.390741 0.207292 0.398148 0.207813 0.398148 0.211979 0.405556 0.212500 0.405556 0.216667 0.412963 0.217188 0.412963 0.221354 0.420370 0.221875 0.420370 0.226042 0.427778 0.226562 0.427778 0.230729 0.435185 0.231250 0.435185 0.235417 0.442593 0.235937 0.442593 0.240104 0.450000 0.240625 0.450000 0.244792 0.457407 0.245312 0.457407 0.248958 0.463889 0.249479 0.463889 0.251563 0.467593 0.252083 0.467593 0.253125 0.469444 0.254167 0.469444 0.254688 0.470370 0.255208 0.469444 0.256250 0.469444 0.256771 0.468519 0.257292 0.468519 0.292187 0.406481 0.292187 0.405556 0.308333 0.376852 0.308333 0.375926 0.309896 0.373148 0.306771 0.373148 0.306250 0.374074 0.305208 0.374074 0.304688 0.375000 0.304167 0.375000 0.303646 0.375926 0.303125 0.375926 0.302604 0.376852 0.302083 0.376852 0.301042 0.378704 0.300521 0.378704 0.298958 0.381481 0.298438 0.381481 0.296354 0.385185 0.295833 0.385185 0.292187 0.391667 0.291667 0.391667 0.284896 0.403704 0.284375 0.403704 0.256771 0.452778 0.256250 0.452778 0.255729 0.453704 0.254167 0.453704 0.253646 0.452778 0.253125 0.452778 0.250521 0.448148 0.250521 0.443519 0.251042 0.442593 0.251042 0.441667 0.251563 0.440741 0.251563 0.439815 0.252083 0.438889 0.252083 0.437963 0.252604 0.437037 0.252604 0.435185 0.253125 0.434259 0.253125 0.433333 0.253646 0.432407 0.253646 0.431481 0.254167 0.430556 0.254167 0.429630 0.254688 0.428704 0.254688 0.427778 0.255208 0.426852 0.255208 0.425000 0.255729 0.424074 0.255729 0.423148 0.256250 0.422222 0.256250 0.421296 0.256771 0.420370 0.256771 0.419444 0.257292 0.418519 0.257292 0.417593 0.257812 0.416667 0.257812 0.415741 0.253646 0.423148 0.253125 0.423148 0.252604 0.424074 0.250000 0.424074 0.250000 0.425000 0.249479 0.425926 0.249479 0.426852 0.248958 0.427778 0.248958 0.428704 0.248438 0.429630 0.248438 0.430556 0.247917 0.431481 0.247917 0.432407 0.246875 0.434259 0.246354 0.434259 0.245833 0.435185 0.242708 0.435185 0.241667 0.433333 0.241146 0.433333 0.240104 0.431481 0.239583 0.431481 0.236979 0.426852 0.236458 0.426852 0.232813 0.420370 0.232292 0.420370 0.228125 0.412963 0.227604 0.412963 0.223438 0.405556 0.222917 0.405556 0.219271 0.399074 0.218750 0.399074 0.215104 0.392593 0.214583 0.392593 0.211458 0.387037 0.210938 0.387037 0.208333 0.382407 0.207813 0.382407 0.205729 0.378704 0.205208 0.378704 0.203125 0.375000 0.202604 0.375000 0.200521 0.371296 0.200000 0.371296 0.198958 0.369444 0.198437 0.369444 0.196875 0.366667 0.196354 0.366667
0 0.375260 0.420833 0.117188 0.117593 0.433854 0.362037 0.433333 0.362963 0.432812 0.362963 0.432292 0.363889 0.431771 0.363889 0.430729 0.365741 0.430208 0.365741 0.429688 0.366667 0.429167 0.366667 0.427604 0.369444 0.427083 0.369444 0.424479 0.374074 0.423958 0.374074 0.420833 0.379630 0.420312 0.379630 0.415625 0.387963 0.415104 0.387963 0.403646 0.408333 0.403125 0.408333 0.386458 0.437963 0.385937 0.437963 0.384896 0.439815 0.383333 0.439815 0.382812 0.438889 0.382292 0.438889 0.379688 0.434259 0.379688 0.428704 0.380208 0.427778 0.380208 0.424074 0.379688 0.425000 0.379167 0.425000 0.377604 0.427778 0.376563 0.427778 0.376042 0.428704 0.375521 0.428704 0.375000 0.427778 0.373958 0.427778 0.372396 0.425000 0.371875 0.425000 0.371875 0.426852 0.371354 0.427778 0.371354 0.432407 0.370833 0.433333 0.370833 0.437963 0.370312 0.438889 0.370312 0.443519 0.369792 0.444444 0.369792 0.446296 0.367708 0.450000 0.364583 0.450000 0.364063 0.449074 0.363542 0.449074 0.362500 0.447222 0.361979 0.447222 0.359896 0.443519 0.359375 0.443519 0.354687 0.435185 0.354167 0.435185 0.348438 0.425000 0.347917 0.425000 0.342708 0.415741 0.342187 0.415741 0.338021 0.408333 0.337500 0.408333 0.333854 0.401852 0.333333 0.401852 0.330208 0.396296 0.329688 0.396296 0.327083 0.391667 0.326562 0.391667 0.324479 0.387963 0.323958 0.387963 0.321875 0.384259 0.321354 0.384259 0.319792 0.381481 0.319271 0.381481 0.318229 0.379630 0.317708 0.379630 0.317188 0.378704 0.316667 0.379630 0.316667 0.382407 0.317188 0.383333 0.317188 0.384259 0.318750 0.387037 0.318750 0.387963 0.320833 0.391667 0.321354 0.391667 0.328125 0.403704 0.328646 0.403704 0.334375 0.413889 0.334896 0.413889 0.340625 0.424074 0.341146 0.424074 0.346875 0.434259 0.347396 0.434259 0.352604 0.443519 0.353125 0.443519 0.358854 0.453704 0.359375 0.453704 0.365104 0.463889 0.365625 0.463889 0.370833 0.473148 0.371354 0.473148 0.373437 0.476852 0.373958 0.476852 0.375000 0.478704 0.375521 0.478704 0.376042 0.479630 0.377604 0.479630 0.378125 0.478704 0.378646 0.478704 0.380208 0.475926 0.380729 0.475926 0.410938 0.422222 0.411458 0.422222 0.431250 0.387037 0.431250 0.386111 0.433333 0.382407 0.433333 0.381481 0.433854 0.380556
0 0.494531 0.415278 0.106771 0.106481 0.441146 0.362037 0.441146 0.372222 0.441667 0.373148 0.441667 0.374074 0.442188 0.375000 0.442188 0.375926 0.454688 0.398148 0.455208 0.398148 0.464062 0.413889 0.464583 0.413889 0.473958 0.430556 0.474479 0.430556 0.483854 0.447222 0.484375 0.447222 0.492188 0.461111 0.492708 0.461111 0.495833 0.466667 0.496354 0.466667 0.497396 0.468519 0.500000 0.468519 0.500521 0.467593 0.501042 0.467593 0.503125 0.463889 0.503646 0.463889 0.515104 0.443519 0.515625 0.443519 0.531250 0.415741 0.531771 0.415741 0.543750 0.394444 0.539062 0.402778 0.538542 0.402778 0.531771 0.414815 0.531250 0.414815 0.518750 0.437037 0.518229 0.437037 0.511458 0.449074 0.510938 0.449074 0.509896 0.450926 0.507812 0.450926 0.507292 0.450000 0.506771 0.450000 0.505208 0.447222 0.505208 0.446296 0.504687 0.445370 0.504687 0.443519 0.504167 0.442593 0.504167 0.437037 0.503646 0.436111 0.503646 0.431481 0.503125 0.431481 0.502604 0.432407 0.502083 0.432407 0.501563 0.433333 0.498958 0.433333 0.498437 0.432407 0.497917 0.432407 0.496354 0.429630 0.496354 0.430556 0.495833 0.431481 0.495833 0.433333 0.494792 0.435185 0.494271 0.435185 0.493750 0.436111 0.493229 0.436111 0.492708 0.437037 0.492188 0.437037 0.491667 0.436111 0.490625 0.436111 0.490104 0.435185 0.489583 0.435185 0.488542 0.433333 0.488021 0.433333 0.483854 0.425926 0.483333 0.425926 0.474479 0.410185 0.473958 0.410185 0.466667 0.397222 0.466146 0.397222 0.460938 0.387963 0.460417 0.387963 0.456771 0.381481 0.456250 0.381481 0.453646 0.376852 0.453125 0.376852 0.450521 0.372222 0.450000 0.372222 0.448437 0.369444 0.447917 0.369444 0.446354 0.366667 0.445833 0.366667 0.444792 0.364815 0.444271 0.364815 0.443750 0.363889 0.443229 0.363889 0.442708 0.362963 0.442188 0.362963 0.441667 0.362037
0 0.621875 0.422685 0.117708 0.102778 0.563021 0.371296 0.563021 0.372222 0.563542 0.373148 0.563542 0.375000 0.564063 0.375926 0.564063 0.377778 0.564583 0.378704 0.564583 0.379630 0.567187 0.384259 0.567187 0.385185 0.572917 0.395370 0.573438 0.395370 0.593229 0.430556 0.593750 0.430556 0.612500 0.463889 0.613021 0.463889 0.617708 0.472222 0.618229 0.472222 0.619271 0.474074 0.621875 0.474074 0.622396 0.473148 0.622917 0.473148 0.623958 0.471296 0.624479 0.471296 0.629167 0.462963 0.629687 0.462963 0.638021 0.448148 0.638542 0.448148 0.647396 0.432407 0.647917 0.432407 0.656771 0.416667 0.657292 0.416667 0.665625 0.401852 0.666146 0.401852 0.676562 0.383333 0.677083 0.383333 0.677083 0.382407 0.680208 0.376852 0.680208 0.375926 0.680729 0.375000 0.680729 0.373148 0.680208 0.372222 0.680208 0.371296 0.679688 0.371296 0.678646 0.373148 0.678125 0.373148 0.676042 0.376852 0.675521 0.376852 0.672917 0.381481 0.672396 0.381481 0.669271 0.387037 0.668750 0.387037 0.664583 0.394444 0.664062 0.394444 0.658854 0.403704 0.658333 0.403704 0.651563 0.415741 0.651042 0.415741 0.642188 0.431481 0.641667 0.431481 0.636979 0.439815 0.636458 0.439815 0.635417 0.441667 0.634896 0.441667 0.634375 0.442593 0.633333 0.442593 0.632812 0.441667 0.632292 0.441667 0.629687 0.437037 0.629687 0.435185 0.629167 0.434259 0.629167 0.433333 0.628646 0.432407 0.628646 0.431481 0.628125 0.431481 0.627083 0.433333 0.626563 0.433333 0.626042 0.434259 0.623437 0.434259 0.622917 0.433333 0.622396 0.433333 0.619792 0.428704 0.620313 0.429630 0.620313 0.430556 0.620833 0.431481 0.620833 0.433333 0.621354 0.434259 0.621354 0.435185 0.621875 0.436111 0.621875 0.437037 0.622396 0.437963 0.622396 0.439815 0.622917 0.440741 0.622917 0.441667 0.622396 0.442593 0.622396 0.443519 0.621875 0.444444 0.621875 0.445370 0.621354 0.446296 0.620833 0.446296 0.620313 0.447222 0.619792 0.447222 0.619271 0.448148 0.618229 0.448148 0.617708 0.447222 0.616667 0.447222 0.615625 0.445370 0.615104 0.445370 0.613021 0.441667 0.612500 0.441667 0.597396 0.414815 0.596875 0.414815 0.588021 0.399074 0.587500 0.399074 0.582812 0.390741 0.582292 0.390741 0.579167 0.385185 0.578646 0.385185 0.576042 0.380556 0.575521 0.380556 0.573958 0.377778 0.573438 0.377778 0.572396 0.375926 0.571875 0.375926 0.570833 0.374074 0.570312 0.374074 0.569792 0.373148 0.569271 0.373148 0.568750 0.372222 0.567708 0.372222 0.567187 0.371296
0 0.759375 0.382870 0.129167 0.232407 0.748958 0.266667 0.747396 0.269444 0.746875 0.269444 0.740104 0.281481 0.739583 0.281481 0.732292 0.294444 0.731771 0.294444 0.726042 0.304630 0.725521 0.304630 0.721875 0.311111 0.721354 0.311111 0.718229 0.316667 0.717708 0.316667 0.715625 0.320370 0.715104 0.320370 0.713021 0.324074 0.712500 0.324074 0.711458 0.325926 0.710938 0.325926 0.710417 0.326852 0.709896 0.326852 0.708854 0.328704 0.707812 0.328704 0.707292 0.329630 0.705729 0.329630 0.705208 0.330556 0.706771 0.333333 0.706771 0.334259 0.708333 0.337037 0.708333 0.337963 0.709896 0.340741 0.709896 0.341667 0.711458 0.344444 0.711458 0.345370 0.713021 0.348148 0.713021 0.349074 0.714583 0.351852 0.714583 0.352778 0.716146 0.355556 0.716146 0.356481 0.717708 0.359259 0.717708 0.360185 0.719271 0.362963 0.719271 0.363889 0.720833 0.366667 0.720833 0.367593 0.722396 0.370370 0.722396 0.371296 0.723958 0.374074 0.723958 0.375000 0.725521 0.377778 0.725521 0.378704 0.727604 0.382407 0.727604 0.383333 0.729167 0.386111 0.729167 0.387037 0.730729 0.389815 0.730729 0.390741 0.732292 0.393519 0.732292 0.394444 0.733854 0.397222 0.733854 0.398148 0.735417 0.400926 0.735417 0.401852 0.736979 0.404630 0.736979 0.405556 0.738542 0.408333 0.738542 0.409259 0.740104 0.412037 0.740104 0.412963 0.741667 0.415741 0.741667 0.416667 0.743229 0.419444 0.743229 0.420370 0.744792 0.423148 0.744792 0.424074 0.746354 0.426852 0.746354 0.427778 0.747396 0.429630 0.747396 0.435185 0.745833 0.437963 0.745313 0.437963 0.744792 0.438889 0.742188 0.438889 0.741667 0.437963 0.741146 0.437963 0.740625 0.437037 0.740104 0.437037 0.716146 0.394444 0.715625 0.394444 0.707812 0.380556 0.707292 0.380556 0.703646 0.374074 0.703125 0.374074 0.701042 0.370370 0.700521 0.370370 0.698958 0.367593 0.698438 0.367593 0.697396 0.365741 0.696875 0.365741 0.696354 0.364815 0.695833 0.364815 0.695312 0.363889 0.694792 0.363889 0.695833 0.365741 0.695833 0.366667 0.696875 0.368519 0.696875 0.369444 0.697917 0.371296 0.697917 0.372222 0.699479 0.375000 0.699479 0.375926 0.700521 0.377778 0.700521 0.378704 0.701562 0.380556 0.701562 0.381481 0.702604 0.383333 0.702604 0.384259 0.703646 0.386111 0.703646 0.387037 0.704688 0.388889 0.704688 0.389815 0.706250 0.392593 0.706250 0.393519 0.707292 0.395370 0.707292 0.396296 0.708333 0.398148 0.708333 0.399074 0.709375 0.400926 0.709375 0.401852 0.710417 0.403704 0.710417 0.404630 0.711979 0.407407 0.711979 0.408333 0.716667 0.416667 0.716667 0.417593 0.760938 0.496296 0.761458 0.496296 0.762500 0.498148 0.763021 0.498148 0.763542 0.499074 0.764583 0.499074 0.765104 0.498148 0.765625 0.498148 0.766146 0.497222 0.766667 0.497222 0.768229 0.494444 0.768750 0.494444 0.772917 0.487037 0.773438 0.487037 0.779167 0.476852 0.779687 0.476852 0.785417 0.466667 0.785937 0.466667 0.791667 0.456481 0.792188 0.456481 0.797917 0.446296 0.798438 0.446296 0.804167 0.436111 0.804688 0.436111 0.810417 0.425926 0.810937 0.425926 0.816667 0.415741 0.817187 0.415741 0.823438 0.404630 0.823438 0.403704 0.823958 0.402778 0.823958 0.398148 0.810937 0.375000 0.810937 0.374074 0.773438 0.307407 0.773438 0.306481 0.751042 0.266667
0 0.190104 0.324537 0.118750 0.226852 0.232813 0.211111 0.231771 0.212963 0.231250 0.212963 0.226042 0.222222 0.226042 0.223148 0.216146 0.240741 0.216146 0.241667 0.205729 0.260185 0.205729 0.261111 0.195833 0.278704 0.195833 0.279630 0.190625 0.288889 0.190625 0.289815 0.189062 0.292593 0.189062 0.293519 0.186979 0.297222 0.186979 0.298148 0.185417 0.300926 0.185417 0.301852 0.183854 0.304630 0.183854 0.305556 0.182292 0.308333 0.182292 0.309259 0.180208 0.312963 0.180208 0.313889 0.178646 0.316667 0.178646 0.317593 0.177083 0.320370 0.177083 0.321296 0.175521 0.324074 0.175521 0.325000 0.173437 0.328704 0.173437 0.329630 0.171875 0.332407 0.171875 0.333333 0.170313 0.336111 0.170313 0.337037 0.168750 0.339815 0.168750 0.340741 0.166667 0.344444 0.166667 0.345370 0.165104 0.348148 0.165104 0.349074 0.163542 0.351852 0.163542 0.352778 0.161979 0.355556 0.161979 0.356481 0.160417 0.359259 0.160417 0.360185 0.158333 0.363889 0.158333 0.364815 0.156771 0.367593 0.156771 0.368519 0.155208 0.371296 0.155208 0.372222 0.153646 0.375000 0.153646 0.375926 0.151562 0.379630 0.151562 0.380556 0.150000 0.383333 0.150000 0.384259 0.148438 0.387037 0.148438 0.387963 0.146875 0.390741 0.146875 0.391667 0.144792 0.395370 0.144792 0.396296 0.143229 0.399074 0.143229 0.400000 0.141667 0.402778 0.141667 0.403704 0.140104 0.406481 0.140104 0.407407 0.138021 0.411111 0.138021 0.412037 0.136458 0.414815 0.136458 0.415741 0.134896 0.418519 0.134896 0.419444 0.133333 0.422222 0.133333 0.423148 0.131250 0.426852 0.131250 0.427778 0.130729 0.428704 0.130729 0.433333 0.132812 0.437037 0.133333 0.437037 0.133854 0.437963 0.135417 0.437963 0.135937 0.437037 0.136458 0.437037 0.149479 0.413889 0.149479 0.412963 0.168229 0.379630 0.168750 0.379630 0.173958 0.370370 0.174479 0.370370 0.176563 0.366667 0.177083 0.366667 0.178646 0.363889 0.179167 0.363889 0.180208 0.362037 0.180729 0.362037 0.181250 0.361111 0.181771 0.361111 0.182292 0.360185 0.182812 0.360185 0.183333 0.359259 0.184375 0.359259 0.184896 0.358333 0.188542 0.358333 0.189062 0.359259 0.190104 0.359259 0.190625 0.360185 0.191667 0.360185 0.192188 0.361111 0.192708 0.361111 0.193750 0.362963 0.194271 0.362963 0.194792 0.363889 0.195312 0.363889 0.196354 0.365741 0.196875 0.365741 0.198437 0.368519 0.198958 0.368519 0.200000 0.370370 0.200521 0.370370 0.202604 0.374074 0.203125 0.374074 0.205208 0.377778 0.205729 0.377778 0.207813 0.381481 0.208333 0.381481 0.210938 0.386111 0.211458 0.386111 0.214583 0.391667 0.215104 0.391667 0.218750 0.398148 0.219271 0.398148 0.222917 0.404630 0.223438 0.404630 0.227604 0.412037 0.228125 0.412037 0.232292 0.419444 0.232813 0.419444 0.236458 0.425926 0.236979 0.425926 0.239583 0.430556 0.240104 0.430556 0.241146 0.432407 0.241667 0.432407 0.242708 0.434259 0.245833 0.434259 0.246354 0.433333 0.246875 0.433333 0.247396 0.432407 0.247396 0.431481 0.247917 0.430556 0.247917 0.429630 0.248438 0.428704 0.248438 0.427778 0.248958 0.426852 0.248958 0.425926 0.249479 0.425000 0.249479 0.423148 0.248958 0.422222 0.248438 0.422222 0.246875 0.419444 0.246354 0.419444 0.243229 0.413889 0.242708 0.413889 0.238542 0.406481 0.238021 0.406481 0.233333 0.398148 0.232813 0.398148 0.228646 0.390741 0.228125 0.390741 0.223438 0.382407 0.222917 0.382407 0.218750 0.375000 0.218229 0.375000 0.213542 0.366667 0.213021 0.366667 0.208854 0.359259 0.208333 0.359259 0.203646 0.350926 0.203125 0.350926 0.198437 0.342593 0.197917 0.342593 0.191667 0.331481 0.191146 0.331481 0.190625 0.330556 0.190625 0.329630 0.188542 0.325926 0.188542 0.320370 0.189583 0.318519 0.189583 0.317593 0.191146 0.314815 0.191146 0.313889 0.192188 0.312037 0.192188 0.311111 0.193750 0.308333 0.193750 0.307407 0.195312 0.304630 0.195312 0.303704 0.196354 0.301852 0.196354 0.300926 0.197917 0.298148 0.197917 0.297222 0.199479 0.294444 0.199479 0.293519 0.201042 0.290741 0.201042 0.289815 0.202083 0.287963 0.202083 0.287037 0.203646 0.284259 0.203646 0.283333 0.205208 0.280556 0.205208 0.279630 0.206250 0.277778 0.206250 0.276852 0.207813 0.274074 0.207813 0.273148 0.209375 0.270370 0.209375 0.269444 0.210417 0.267593 0.210417 0.266667 0.211979 0.263889 0.211979 0.262963 0.213542 0.260185 0.213542 0.259259 0.214583 0.257407 0.214583 0.256481 0.216146 0.253704 0.216146 0.252778 0.217708 0.250000 0.217708 0.249074 0.218750 0.247222 0.218750 0.246296 0.220312 0.243519 0.220312 0.242593 0.221875 0.239815 0.221875 0.238889 0.223438 0.236111 0.223438 0.235185 0.224479 0.233333 0.224479 0.232407 0.226042 0.229630 0.226042 0.228704 0.227604 0.225926 0.227604 0.225000 0.228646 0.223148 0.228646 0.222222 0.230208 0.219444 0.230208 0.218519 0.231771 0.215741 0.231771 0.214815 0.232813 0.212963 0.232813 0.212037 0.233333 0.211111
0 0.311198 0.336574 0.120313 0.232407 0.332292 0.220370 0.331771 0.221296 0.331250 0.221296 0.328646 0.225926 0.328646 0.227778 0.328125 0.228704 0.328125 0.229630 0.327604 0.230556 0.327604 0.232407 0.327083 0.233333 0.327083 0.234259 0.326562 0.235185 0.326562 0.237037 0.326042 0.237963 0.326042 0.239815 0.325521 0.240741 0.325521 0.241667 0.325000 0.242593 0.325000 0.244444 0.324479 0.245370 0.324479 0.247222 0.323958 0.248148 0.323958 0.249074 0.323437 0.250000 0.323437 0.251852 0.322917 0.252778 0.322917 0.253704 0.322396 0.254630 0.322396 0.256481 0.321875 0.257407 0.321875 0.259259 0.321354 0.260185 0.321354 0.261111 0.320833 0.262037 0.320833 0.263889 0.320312 0.264815 0.320312 0.266667 0.319792 0.267593 0.319792 0.268519 0.319271 0.269444 0.319271 0.271296 0.318750 0.272222 0.318750 0.273148 0.318229 0.274074 0.318229 0.275926 0.317708 0.276852 0.317708 0.278704 0.317188 0.279630 0.317188 0.280556 0.316667 0.281481 0.316667 0.283333 0.316146 0.284259 0.316146 0.286111 0.315625 0.287037 0.315625 0.287963 0.315104 0.288889 0.315104 0.290741 0.314583 0.291667 0.314583 0.292593 0.314063 0.293519 0.314063 0.295370 0.313542 0.296296 0.313542 0.298148 0.313021 0.299074 0.313021 0.300000 0.312500 0.300926 0.312500 0.302778 0.311979 0.303704 0.311979 0.305556 0.311458 0.306481 0.311458 0.307407 0.310937 0.308333 0.310937 0.310185 0.310417 0.311111 0.310417 0.312037 0.309896 0.312963 0.309896 0.314815 0.309375 0.315741 0.309375 0.317593 0.308854 0.318519 0.308854 0.319444 0.308333 0.320370 0.308333 0.322222 0.307812 0.323148 0.307812 0.324074 0.307292 0.325000 0.307292 0.325926 0.303646 0.332407 0.303646 0.333333 0.282813 0.370370 0.282813 0.371296 0.258333 0.414815 0.258333 0.416667 0.257812 0.417593 0.257812 0.418519 0.257292 0.419444 0.257292 0.420370 0.256771 0.421296 0.256771 0.422222 0.256250 0.423148 0.256250 0.424074 0.255729 0.425000 0.255729 0.426852 0.255208 0.427778 0.255208 0.428704 0.254688 0.429630 0.254688 0.430556 0.254167 0.431481 0.254167 0.432407 0.253646 0.433333 0.253646 0.434259 0.253125 0.435185 0.253125 0.437037 0.252604 0.437963 0.252604 0.438889 0.252083 0.439815 0.252083 0.440741 0.251563 0.441667 0.251563 0.442593 0.251042 0.443519 0.251042 0.448148 0.253125 0.451852 0.253646 0.451852 0.254167 0.452778 0.255729 0.452778 0.256250 0.451852 0.256771 0.451852 0.284375 0.402778 0.284896 0.402778 0.291667 0.390741 0.292187 0.390741 0.295833 0.384259 0.296354 0.384259 0.298438 0.380556 0.298958 0.380556 0.300521 0.377778 0.301042 0.377778 0.302083 0.375926 0.302604 0.375926 0.303125 0.375000 0.303646 0.375000 0.304167 0.374074 0.304688 0.374074 0.305208 0.373148 0.306250 0.373148 0.306771 0.372222 0.310937 0.372222 0.311458 0.373148 0.312500 0.373148 0.313021 0.374074 0.314063 0.374074 0.315104 0.375926 0.315625 0.375926 0.316146 0.376852 0.316667 0.376852 0.317708 0.378704 0.318229 0.378704 0.319271 0.380556 0.319792 0.380556 0.321354 0.383333 0.321875 0.383333 0.323958 0.387037 0.324479 0.387037 0.326562 0.390741 0.327083 0.390741 0.329688 0.395370 0.330208 0.395370 0.333333 0.400926 0.333854 0.400926 0.337500 0.407407 0.338021 0.407407 0.342187 0.414815 0.342708 0.414815 0.347917 0.424074 0.348438 0.424074 0.354167 0.434259 0.354687 0.434259 0.359375 0.442593 0.359896 0.442593 0.361979 0.446296 0.362500 0.446296 0.363542 0.448148 0.364063 0.448148 0.364583 0.449074 0.367708 0.449074 0.369271 0.446296 0.369271 0.444444 0.369792 0.443519 0.369792 0.438889 0.370312 0.437963 0.370312 0.433333 0.370833 0.432407 0.370833 0.427778 0.371354 0.426852 0.371354 0.424074 0.369271 0.420370 0.368750 0.420370 0.363021 0.410185 0.362500 0.410185 0.356250 0.399074 0.355729 0.399074 0.349479 0.387963 0.348958 0.387963 0.342708 0.376852 0.342187 0.376852 0.335938 0.365741 0.335417 0.365741 0.329167 0.354630 0.328646 0.354630 0.321875 0.342593 0.321354 0.342593 0.316146 0.333333 0.316146 0.332407 0.315104 0.330556 0.315104 0.329630 0.314583 0.328704 0.314583 0.325926 0.315104 0.325000 0.315104 0.324074 0.315625 0.323148 0.315625 0.321296 0.316146 0.320370 0.316146 0.318519 0.316667 0.317593 0.316667 0.315741 0.317188 0.314815 0.317188 0.313889 0.317708 0.312963 0.317708 0.311111 0.318229 0.310185 0.318229 0.308333 0.318750 0.307407 0.318750 0.305556 0.319271 0.304630 0.319271 0.303704 0.319792 0.302778 0.319792 0.300926 0.320312 0.300000 0.320312 0.298148 0.320833 0.297222 0.320833 0.296296 0.321354 0.295370 0.321354 0.293519 0.321875 0.292593 0.321875 0.290741 0.322396 0.289815 0.322396 0.287963 0.322917 0.287037 0.322917 0.286111 0.323437 0.285185 0.323437 0.283333 0.323958 0.282407 0.323958 0.280556 0.324479 0.279630 0.324479 0.277778 0.325000 0.276852 0.325000 0.275926 0.325521 0.275000 0.325521 0.273148 0.326042 0.272222 0.326042 0.270370 0.326562 0.269444 0.326562 0.268519 0.327083 0.267593 0.327083 0.265741 0.327604 0.264815 0.327604 0.262963 0.328125 0.262037 0.328125 0.260185 0.328646 0.259259 0.328646 0.258333 0.329167 0.257407 0.329167 0.255556 0.329688 0.254630 0.329688 0.252778 0.330208 0.251852 0.330208 0.250000 0.330729 0.249074 0.330729 0.248148 0.331250 0.247222 0.331250 0.245370 0.331771 0.244444 0.331771 0.242593 0.332292 0.241667 0.332292 0.240741 0.332813 0.239815 0.332813 0.237963 0.333333 0.237037 0.333333 0.235185 0.333854 0.234259 0.333854 0.232407 0.334375 0.231481 0.334375 0.230556 0.334896 0.229630 0.334896 0.227778 0.335417 0.226852 0.335417 0.225000 0.335938 0.224074 0.335938 0.222222 0.335417 0.222222 0.334896 0.221296 0.334375 0.221296 0.333854 0.220370
0 0.438021 0.326389 0.115625 0.225000 0.436979 0.213889 0.435417 0.216667 0.434896 0.216667 0.434896 0.251852 0.434375 0.252778 0.434375 0.295370 0.433854 0.296296 0.433854 0.326852 0.433333 0.327778 0.433333 0.328704 0.432292 0.330556 0.432292 0.331481 0.380729 0.423148 0.380729 0.427778 0.380208 0.428704 0.380208 0.434259 0.382292 0.437963 0.382812 0.437963 0.383333 0.438889 0.384896 0.438889 0.385937 0.437037 0.386458 0.437037 0.403125 0.407407 0.403646 0.407407 0.415104 0.387037 0.415625 0.387037 0.420312 0.378704 0.420833 0.378704 0.423958 0.373148 0.424479 0.373148 0.427083 0.368519 0.427604 0.368519 0.429167 0.365741 0.429688 0.365741 0.430208 0.364815 0.430729 0.364815 0.431771 0.362963 0.432292 0.362963 0.432812 0.362037 0.433333 0.362037 0.433854 0.361111 0.434896 0.361111 0.435417 0.360185 0.440104 0.360185 0.440625 0.361111 0.441667 0.361111 0.442188 0.362037 0.442708 0.362037 0.443229 0.362963 0.443750 0.362963 0.444271 0.363889 0.444792 0.363889 0.445833 0.365741 0.446354 0.365741 0.447917 0.368519 0.448437 0.368519 0.450000 0.371296 0.450521 0.371296 0.453125 0.375926 0.453646 0.375926 0.456250 0.380556 0.456771 0.380556 0.460417 0.387037 0.460938 0.387037 0.466146 0.396296 0.466667 0.396296 0.473958 0.409259 0.474479 0.409259 0.483333 0.425000 0.483854 0.425000 0.488021 0.432407 0.488542 0.432407 0.489583 0.434259 0.490104 0.434259 0.490625 0.435185 0.491667 0.435185 0.492188 0.436111 0.492708 0.436111 0.493229 0.435185 0.493750 0.435185 0.494271 0.434259 0.494792 0.434259 0.495312 0.433333 0.495312 0.431481 0.495833 0.430556 0.495833 0.429630 0.490625 0.420370 0.490104 0.420370 0.479687 0.401852 0.479167 0.401852 0.469271 0.384259 0.468750 0.384259 0.458854 0.366667 0.458333 0.366667 0.447396 0.347222 0.446875 0.347222 0.442708 0.339815 0.442708 0.338889 0.441146 0.336111 0.441146 0.335185 0.440625 0.334259 0.440625 0.215741 0.440104 0.214815 0.439583 0.214815 0.439063 0.213889
0 0.563021 0.334259 0.118750 0.231481 0.540625 0.218519 0.540104 0.219444 0.539583 0.219444 0.539062 0.220370 0.539062 0.221296 0.539583 0.222222 0.539583 0.224074 0.540104 0.225000 0.540104 0.226852 0.540625 0.227778 0.540625 0.229630 0.541146 0.230556 0.541146 0.232407 0.541667 0.233333 0.541667 0.235185 0.542188 0.236111 0.542188 0.237963 0.542708 0.238889 0.542708 0.240741 0.543229 0.241667 0.543229 0.243519 0.543750 0.244444 0.543750 0.246296 0.544271 0.247222 0.544271 0.248148 0.544792 0.249074 0.544792 0.250926 0.545312 0.251852 0.545312 0.253704 0.545833 0.254630 0.545833 0.256481 0.546354 0.257407 0.546354 0.259259 0.546875 0.260185 0.546875 0.262037 0.547396 0.262963 0.547396 0.264815 0.547917 0.265741 0.547917 0.267593 0.548438 0.268519 0.548438 0.270370 0.548958 0.271296 0.548958 0.273148 0.549479 0.274074 0.549479 0.275926 0.550000 0.276852 0.550000 0.278704 0.550521 0.279630 0.550521 0.280556 0.551042 0.281481 0.551042 0.283333 0.551562 0.284259 0.551562 0.286111 0.552083 0.287037 0.552083 0.288889 0.552604 0.289815 0.552604 0.291667 0.553125 0.292593 0.553125 0.294444 0.553646 0.295370 0.553646 0.297222 0.554167 0.298148 0.554167 0.300000 0.554688 0.300926 0.554688 0.302778 0.555208 0.303704 0.555208 0.305556 0.555729 0.306481 0.555729 0.308333 0.556250 0.309259 0.556250 0.310185 0.556771 0.311111 0.556771 0.312963 0.557292 0.313889 0.557292 0.315741 0.557813 0.316667 0.557813 0.318519 0.558333 0.319444 0.558333 0.321296 0.558854 0.322222 0.558854 0.324074 0.559375 0.325000 0.559375 0.326852 0.559896 0.327778 0.559896 0.332407 0.559375 0.333333 0.559375 0.334259 0.538021 0.372222 0.537500 0.372222 0.519271 0.404630 0.518750 0.404630 0.505729 0.427778 0.505208 0.427778 0.503646 0.430556 0.504167 0.431481 0.504167 0.436111 0.504687 0.437037 0.504687 0.442593 0.505208 0.443519 0.505208 0.445370 0.505729 0.446296 0.505729 0.447222 0.506771 0.449074 0.507292 0.449074 0.507812 0.450000 0.509896 0.450000 0.510938 0.448148 0.511458 0.448148 0.518229 0.436111 0.518750 0.436111 0.531250 0.413889 0.531771 0.413889 0.538542 0.401852 0.539062 0.401852 0.543750 0.393519 0.544271 0.393519 0.547917 0.387037 0.548438 0.387037 0.551042 0.382407 0.551562 0.382407 0.553646 0.378704 0.554167 0.378704 0.555208 0.376852 0.555729 0.376852 0.556771 0.375000 0.557292 0.375000 0.558333 0.373148 0.558854 0.373148 0.559375 0.372222 0.559896 0.372222 0.560417 0.371296 0.561458 0.371296 0.561979 0.370370 0.567187 0.370370 0.567708 0.371296 0.568750 0.371296 0.569271 0.372222 0.569792 0.372222 0.570312 0.373148 0.570833 0.373148 0.571875 0.375000 0.572396 0.375000 0.573438 0.376852 0.573958 0.376852 0.575521 0.379630 0.576042 0.379630 0.578646 0.384259 0.579167 0.384259 0.582292 0.389815 0.582812 0.389815 0.587500 0.398148 0.588021 0.398148 0.596875 0.413889 0.597396 0.413889 0.612500 0.440741 0.613021 0.440741 0.615104 0.444444 0.615625 0.444444 0.616667 0.446296 0.617708 0.446296 0.618229 0.447222 0.619271 0.447222 0.619792 0.446296 0.620313 0.446296 0.620833 0.445370 0.621354 0.445370 0.621354 0.444444 0.621875 0.443519 0.621875 0.442593 0.622396 0.441667 0.622396 0.440741 0.621875 0.439815 0.621875 0.437963 0.621354 0.437037 0.621354 0.436111 0.620833 0.435185 0.620833 0.434259 0.620313 0.433333 0.620313 0.431481 0.619792 0.430556 0.619792 0.429630 0.619271 0.428704 0.619271 0.427778 0.618750 0.426852 0.618229 0.426852 0.595313 0.386111 0.594792 0.386111 0.567187 0.337037 0.567187 0.336111 0.566667 0.335185 0.566667 0.334259 0.566146 0.333333 0.566146 0.331481 0.565625 0.330556 0.565625 0.328704 0.565104 0.327778 0.565104 0.325926 0.564583 0.325000 0.564583 0.324074 0.564063 0.323148 0.564063 0.321296 0.563542 0.320370 0.563542 0.318519 0.563021 0.317593 0.563021 0.315741 0.562500 0.314815 0.562500 0.312963 0.561979 0.312037 0.561979 0.311111 0.561458 0.310185 0.561458 0.308333 0.560937 0.307407 0.560937 0.305556 0.560417 0.304630 0.560417 0.302778 0.559896 0.301852 0.559896 0.300000 0.559375 0.299074 0.559375 0.298148 0.558854 0.297222 0.558854 0.295370 0.558333 0.294444 0.558333 0.292593 0.557813 0.291667 0.557813 0.289815 0.557292 0.288889 0.557292 0.287037 0.556771 0.286111 0.556771 0.284259 0.556250 0.283333 0.556250 0.282407 0.555729 0.281481 0.555729 0.279630 0.555208 0.278704 0.555208 0.276852 0.554688 0.275926 0.554688 0.274074 0.554167 0.273148 0.554167 0.271296 0.553646 0.270370 0.553646 0.269444 0.553125 0.268519 0.553125 0.266667 0.552604 0.265741 0.552604 0.263889 0.552083 0.262963 0.552083 0.261111 0.551562 0.260185 0.551562 0.258333 0.551042 0.257407 0.551042 0.256481 0.550521 0.255556 0.550521 0.253704 0.550000 0.252778 0.550000 0.250926 0.549479 0.250000 0.549479 0.248148 0.548958 0.247222 0.548958 0.245370 0.548438 0.244444 0.548438 0.243519 0.547917 0.242593 0.547917 0.240741 0.547396 0.239815 0.547396 0.237963 0.546875 0.237037 0.546875 0.235185 0.546354 0.234259 0.546354 0.232407 0.545833 0.231481 0.545833 0.229630 0.545312 0.228704 0.545312 0.227778 0.544792 0.226852 0.544792 0.225000 0.544271 0.224074 0.544271 0.222222 0.542708 0.219444 0.542188 0.219444 0.541667 0.218519
0 0.688021 0.326389 0.117708 0.230556 0.641667 0.211111 0.641146 0.212037 0.641146 0.212963 0.642188 0.214815 0.642188 0.215741 0.643750 0.218519 0.643750 0.219444 0.644792 0.221296 0.644792 0.222222 0.645833 0.224074 0.645833 0.225000 0.647396 0.227778 0.647396 0.228704 0.648438 0.230556 0.648438 0.231481 0.649479 0.233333 0.649479 0.234259 0.651042 0.237037 0.651042 0.237963 0.652083 0.239815 0.652083 0.240741 0.653125 0.242593 0.653125 0.243519 0.654687 0.246296 0.654687 0.247222 0.655729 0.249074 0.655729 0.250000 0.656771 0.251852 0.656771 0.252778 0.658333 0.255556 0.658333 0.256481 0.659375 0.258333 0.659375 0.259259 0.660417 0.261111 0.660417 0.262037 0.661979 0.264815 0.661979 0.265741 0.663021 0.267593 0.663021 0.268519 0.664583 0.271296 0.664583 0.272222 0.665625 0.274074 0.665625 0.275000 0.666667 0.276852 0.666667 0.277778 0.668229 0.280556 0.668229 0.281481 0.669271 0.283333 0.669271 0.284259 0.670312 0.286111 0.670312 0.287037 0.671875 0.289815 0.671875 0.290741 0.672917 0.292593 0.672917 0.293519 0.673958 0.295370 0.673958 0.296296 0.675521 0.299074 0.675521 0.300000 0.676562 0.301852 0.676562 0.302778 0.677604 0.304630 0.677604 0.305556 0.679167 0.308333 0.679167 0.309259 0.680208 0.311111 0.680208 0.312037 0.681250 0.313889 0.681250 0.314815 0.682813 0.317593 0.682813 0.318519 0.683854 0.320370 0.683854 0.321296 0.684896 0.323148 0.684896 0.324074 0.686458 0.326852 0.686458 0.328704 0.686979 0.329630 0.686979 0.330556 0.686458 0.331481 0.686458 0.333333 0.672396 0.358333 0.671875 0.358333 0.661979 0.375926 0.661458 0.375926 0.652083 0.392593 0.651563 0.392593 0.642188 0.409259 0.641667 0.409259 0.632812 0.425000 0.632292 0.425000 0.629167 0.430556 0.629167 0.432407 0.629687 0.433333 0.629687 0.434259 0.630208 0.435185 0.630208 0.437037 0.632292 0.440741 0.632812 0.440741 0.633333 0.441667 0.634375 0.441667 0.634896 0.440741 0.635417 0.440741 0.636458 0.438889 0.636979 0.438889 0.641667 0.430556 0.642188 0.430556 0.651042 0.414815 0.651563 0.414815 0.658333 0.402778 0.658854 0.402778 0.664062 0.393519 0.664583 0.393519 0.668750 0.386111 0.669271 0.386111 0.672396 0.380556 0.672917 0.380556 0.675521 0.375926 0.676042 0.375926 0.678125 0.372222 0.678646 0.372222 0.680208 0.369444 0.680729 0.369444 0.682292 0.366667 0.682813 0.366667 0.683333 0.365741 0.683854 0.365741 0.684896 0.363889 0.685417 0.363889 0.685937 0.362963 0.686979 0.362963 0.687500 0.362037 0.688542 0.362037 0.689063 0.361111 0.692708 0.361111 0.693229 0.362037 0.694271 0.362037 0.694792 0.362963 0.695312 0.362963 0.695833 0.363889 0.696354 0.363889 0.696875 0.364815 0.697396 0.364815 0.698438 0.366667 0.698958 0.366667 0.700521 0.369444 0.701042 0.369444 0.703125 0.373148 0.703646 0.373148 0.707292 0.379630 0.707812 0.379630 0.715625 0.393519 0.716146 0.393519 0.740104 0.436111 0.740625 0.436111 0.741146 0.437037 0.741667 0.437037 0.742188 0.437963 0.744792 0.437963 0.745313 0.437037 0.745833 0.437037 0.746875 0.435185 0.746875 0.429630 0.745833 0.427778 0.745833 0.426852 0.744271 0.424074 0.744271 0.423148 0.742708 0.420370 0.742708 0.419444 0.741146 0.416667 0.741146 0.415741 0.739583 0.412963 0.739583 0.412037 0.738021 0.409259 0.738021 0.408333 0.736458 0.405556 0.736458 0.404630 0.734896 0.401852 0.734896 0.400926 0.733333 0.398148 0.733333 0.397222 0.731771 0.394444 0.731771 0.393519 0.730208 0.390741 0.730208 0.389815 0.728646 0.387037 0.728646 0.386111 0.727083 0.383333 0.727083 0.382407 0.725000 0.378704 0.725000 0.377778 0.723437 0.375000 0.723437 0.374074 0.721875 0.371296 0.721875 0.370370 0.720313 0.367593 0.720313 0.366667 0.718750 0.363889 0.718750 0.362963 0.717187 0.360185 0.717187 0.359259 0.715625 0.356481 0.715625 0.355556 0.714063 0.352778 0.714063 0.351852 0.712500 0.349074 0.712500 0.348148 0.710938 0.345370 0.710938 0.344444 0.709375 0.341667 0.709375 0.340741 0.707812 0.337963 0.707812 0.337037 0.706250 0.334259 0.706250 0.333333 0.704688 0.330556 0.704688 0.329630 0.703125 0.326852 0.703125 0.325926 0.701562 0.323148 0.701562 0.322222 0.700000 0.319444 0.700000 0.318519 0.697917 0.314815 0.697917 0.313889 0.696354 0.311111 0.696354 0.310185 0.694792 0.307407 0.694792 0.306481 0.693229 0.303704 0.693229 0.302778 0.691667 0.300000 0.691667 0.299074 0.690104 0.296296 0.690104 0.295370 0.688542 0.292593 0.688542 0.291667 0.686979 0.288889 0.686979 0.287963 0.671354 0.260185 0.671354 0.259259 0.644792 0.212037 0.644271 0.212037 0.643750 0.211111