0 0.040104 0.634722 0.080208 0.150926 0.009375 0.618519 0.000000 0.635185 0.000000 0.647222 0.000521 0.646296 0.000521 0.645370 0.001563 0.643519 0.001563 0.642593 0.002083 0.641667 0.002083 0.640741 0.003125 0.638889 0.003125 0.637963 0.003646 0.637037 0.003646 0.636111 0.004687 0.634259 0.004687 0.633333 0.005208 0.632407 0.005208 0.631481 0.006250 0.629630 0.006250 0.628704 0.006771 0.627778 0.006771 0.626852 0.007812 0.625000 0.007812 0.624074 0.008333 0.623148 0.008333 0.622222 0.009375 0.620370
0 0.036458 0.559259 0.072917 0.151852 0.020313 0.507407 0.010937 0.524074 0.010937 0.525000 0.000000 0.544444 0.000000 0.562963 0.000521 0.562037 0.000521 0.561111 0.001563 0.559259 0.001563 0.558333 0.002083 0.557407 0.002083 0.556481 0.003125 0.554630 0.003125 0.553704 0.004167 0.551852 0.004167 0.550926 0.005208 0.549074 0.005208 0.548148 0.006250 0.546296 0.006250 0.545370 0.007292 0.543519 0.007292 0.542593 0.007812 0.541667 0.007812 0.540741 0.008854 0.538889 0.008854 0.537963 0.009896 0.536111 0.009896 0.535185 0.010937 0.533333 0.010937 0.532407 0.011979 0.530556 0.011979 0.529630 0.013021 0.527778 0.013021 0.526852 0.013542 0.525926 0.013542 0.525000 0.014583 0.523148 0.014583 0.522222 0.015625 0.520370 0.015625 0.519444 0.016667 0.517593 0.016667 0.516667 0.017708 0.514815 0.017708 0.513889 0.018750 0.512037 0.018750 0.511111 0.019271 0.510185 0.019271 0.509259
0 0.036198 0.468519 0.072396 0.150000 0.013021 0.448148 0.007292 0.458333 0.007292 0.459259 0.000000 0.472222 0.000000 0.480556 0.000521 0.479630 0.000521 0.478704 0.002083 0.475926 0.002083 0.475000 0.003125 0.473148 0.003125 0.472222 0.004167 0.470370 0.004167 0.469444 0.005729 0.466667 0.005729 0.465741 0.006771 0.463889 0.006771 0.462963 0.007812 0.461111 0.007812 0.460185 0.009375 0.457407 0.009375 0.456481 0.010417 0.454630 0.010417 0.453704 0.011458 0.451852 0.011458 0.450926
0 0.036458 0.389815 0.072917 0.162963 0.015625 0.362963 0.011458 0.370370 0.011458 0.371296 0.001042 0.389815 0.001042 0.390741 0.000000 0.392593 0.000000 0.399074 0.000521 0.398148 0.000521 0.397222 0.002083 0.394444 0.002083 0.393519 0.004167 0.389815 0.004167 0.388889 0.005729 0.386111 0.005729 0.385185 0.007292 0.382407 0.007292 0.381481 0.008854 0.378704 0.008854 0.377778 0.010417 0.375000 0.010417 0.374074 0.011979 0.371296 0.011979 0.370370 0.013542 0.367593 0.013542 0.366667
0 0.048958 0.275463 0.097917 0.232407 0.092708 0.159259 0.092188 0.160185 0.091667 0.160185 0.080208 0.180556 0.080208 0.181481 0.067708 0.203704 0.067708 0.204630 0.058854 0.220370 0.058333 0.220370 0.050521 0.234259 0.050000 0.234259 0.046875 0.239815 0.046354 0.239815 0.044792 0.242593 0.044271 0.242593 0.043229 0.244444 0.042708 0.244444 0.041667 0.246296 0.041146 0.246296 0.040625 0.247222 0.040104 0.247222 0.039583 0.248148 0.039062 0.248148 0.038542 0.249074 0.035937 0.249074 0.035417 0.250000 0.034896 0.249074 0.032292 0.249074 0.031771 0.248148 0.030729 0.248148 0.030208 0.247222 0.029687 0.247222 0.029167 0.246296 0.028646 0.246296 0.028125 0.245370 0.027604 0.245370 0.027083 0.244444 0.026562 0.244444 0.025521 0.242593 0.025000 0.242593 0.023958 0.240741 0.023438 0.240741 0.021875 0.237963 0.021354 0.237963 0.019792 0.235185 0.019271 0.235185 0.017708 0.232407 0.017188 0.232407 0.015104 0.228704 0.014583 0.228704 0.012500 0.225000 0.011979 0.225000 0.009375 0.220370 0.008854 0.220370 0.006250 0.215741 0.005729 0.215741 0.002604 0.210185 0.002083 0.210185 0.000000 0.206481 0.000000 0.391667 0.000521 0.390741 0.000521 0.389815 0.010937 0.371296 0.010937 0.370370 0.017188 0.359259 0.017188 0.358333 0.019792 0.353704 0.019792 0.352778 0.021354 0.350000 0.021354 0.349074 0.022917 0.346296 0.022917 0.345370 0.024479 0.342593 0.024479 0.341667 0.026042 0.338889 0.026042 0.337963 0.028125 0.334259 0.028125 0.333333 0.029687 0.330556 0.029687 0.329630 0.031250 0.326852 0.031250 0.325926 0.032813 0.323148 0.032813 0.322222 0.034375 0.319444 0.034375 0.318519 0.035937 0.315741 0.035937 0.314815 0.037500 0.312037 0.037500 0.311111 0.039583 0.307407 0.039583 0.306481 0.041146 0.303704 0.041146 0.302778 0.042708 0.300000 0.042708 0.299074 0.044271 0.296296 0.044271 0.295370 0.045833 0.292593 0.045833 0.291667 0.047396 0.288889 0.047396 0.287963 0.048958 0.285185 0.048958 0.284259 0.051042 0.280556 0.051042 0.279630 0.052604 0.276852 0.052604 0.275926 0.054167 0.273148 0.054167 0.272222 0.055729 0.269444 0.055729 0.268519 0.057292 0.265741 0.057292 0.264815 0.058854 0.262037 0.058854 0.261111 0.060417 0.258333 0.060417 0.257407 0.062500 0.253704 0.062500 0.252778 0.064062 0.250000 0.064062 0.249074 0.065625 0.246296 0.065625 0.245370 0.067187 0.242593 0.067187 0.241667 0.068750 0.238889 0.068750 0.237963 0.070312 0.235185 0.070312 0.234259 0.071875 0.231481 0.071875 0.230556 0.073958 0.226852 0.073958 0.225926 0.075521 0.223148 0.075521 0.222222 0.077083 0.219444 0.077083 0.218519 0.078646 0.215741 0.078646 0.214815 0.080208 0.212037 0.080208 0.211111 0.081771 0.208333 0.081771 0.207407 0.083854 0.203704 0.083854 0.202778 0.085417 0.200000 0.085417 0.199074 0.086979 0.196296 0.086979 0.195370 0.088542 0.192593 0.088542 0.191667 0.090104 0.188889 0.090104 0.187963 0.091667 0.185185 0.091667 0.184259 0.093229 0.181481 0.093229 0.180556 0.095312 0.176852 0.095312 0.175926 0.096875 0.173148 0.096875 0.172222 0.097917 0.170370 0.097917 0.164815 0.097396 0.163889 0.097396 0.162963 0.096354 0.161111 0.095833 0.161111 0.095312 0.160185 0.094792 0.160185 0.094271 0.159259
0 0.176302 0.241204 0.195312 0.306481 0.268750 0.087963 0.268229 0.088889 0.267708 0.088889 0.250521 0.119444 0.250521 0.120370 0.238021 0.142593 0.237500 0.142593 0.228646 0.158333 0.228125 0.158333 0.224479 0.164815 0.223958 0.164815 0.221875 0.168519 0.221354 0.168519 0.219792 0.171296 0.219271 0.171296 0.218229 0.173148 0.217708 0.173148 0.216667 0.175000 0.216146 0.175000 0.215625 0.175926 0.214583 0.175926 0.214062 0.176852 0.212500 0.176852 0.211979 0.177778 0.208854 0.177778 0.208333 0.176852 0.207292 0.176852 0.206771 0.175926 0.205729 0.175926 0.205208 0.175000 0.204687 0.175000 0.203646 0.173148 0.203125 0.173148 0.202604 0.172222 0.202083 0.172222 0.201042 0.170370 0.200521 0.170370 0.199479 0.168519 0.198958 0.168519 0.196875 0.164815 0.196354 0.164815 0.194792 0.162037 0.194271 0.162037 0.191667 0.157407 0.191146 0.157407 0.188542 0.152778 0.188021 0.152778 0.184896 0.147222 0.184375 0.147222 0.180208 0.139815 0.179688 0.139815 0.175521 0.132407 0.175000 0.132407 0.169271 0.122222 0.168750 0.122222 0.163021 0.112037 0.162500 0.112037 0.156771 0.101852 0.156250 0.101852 0.153125 0.096296 0.152604 0.096296 0.151042 0.093519 0.150521 0.093519 0.149479 0.091667 0.148438 0.091667 0.147917 0.090741 0.146875 0.090741 0.146354 0.091667 0.145313 0.091667 0.143750 0.094444 0.143750 0.095370 0.142187 0.098148 0.142187 0.099074 0.141146 0.100926 0.141146 0.101852 0.139583 0.104630 0.139583 0.105556 0.138021 0.108333 0.138021 0.109259 0.136979 0.111111 0.136979 0.112037 0.135417 0.114815 0.135417 0.115741 0.133854 0.118519 0.133854 0.119444 0.132812 0.121296 0.132812 0.122222 0.131250 0.125000 0.131250 0.125926 0.130208 0.127778 0.130208 0.128704 0.128646 0.131481 0.128646 0.132407 0.127083 0.135185 0.127083 0.136111 0.126042 0.137963 0.126042 0.138889 0.124479 0.141667 0.124479 0.142593 0.123438 0.144444 0.123438 0.145370 0.121875 0.148148 0.121875 0.149074 0.120313 0.151852 0.120313 0.152778 0.119271 0.154630 0.119271 0.155556 0.117708 0.158333 0.117708 0.159259 0.116667 0.161111 0.116667 0.162037 0.115104 0.164815 0.115104 0.165741 0.113542 0.168519 0.113542 0.169444 0.112500 0.171296 0.112500 0.172222 0.110937 0.175000 0.110937 0.175926 0.109896 0.177778 0.109896 0.178704 0.108333 0.181481 0.108333 0.182407 0.106771 0.185185 0.106771 0.186111 0.105729 0.187963 0.105729 0.188889 0.104167 0.191667 0.104167 0.192593 0.102604 0.195370 0.102604 0.196296 0.101562 0.198148 0.101562 0.199074 0.100000 0.201852 0.100000 0.202778 0.098958 0.204630 0.098958 0.205556 0.097396 0.208333 0.097396 0.209259 0.095833 0.212037 0.095833 0.212963 0.094792 0.214815 0.094792 0.215741 0.093229 0.218519 0.093229 0.219444 0.092188 0.221296 0.092188 0.222222 0.090625 0.225000 0.090625 0.225926 0.089063 0.228704 0.089063 0.229630 0.088021 0.231481 0.088021 0.232407 0.086458 0.235185 0.086458 0.236111 0.085417 0.237963 0.085417 0.238889 0.083854 0.241667 0.083854 0.242593 0.082292 0.245370 0.082292 0.246296 0.081250 0.248148 0.081250 0.249074 0.079687 0.251852 0.079687 0.252778 0.079167 0.253704 0.079167 0.254630 0.078646 0.255556 0.078646 0.259259 0.079167 0.260185 0.079167 0.261111 0.079687 0.262037 0.079687 0.262963 0.088542 0.278704 0.089063 0.278704 0.093750 0.287037 0.094271 0.287037 0.098958 0.295370 0.099479 0.295370 0.103646 0.302778 0.104167 0.302778 0.108854 0.311111 0.109375 0.311111 0.113542 0.318519 0.114062 0.318519 0.118750 0.326852 0.119271 0.326852 0.123958 0.335185 0.124479 0.335185 0.128646 0.342593 0.129167 0.342593 0.133854 0.350926 0.134375 0.350926 0.138542 0.358333 0.139063 0.358333 0.143750 0.366667 0.144271 0.366667 0.148438 0.374074 0.148958 0.374074 0.153125 0.381481 0.153646 0.381481 0.156771 0.387037 0.157292 0.387037 0.159375 0.390741 0.159896 0.390741 0.160938 0.392593 0.161458 0.392593 0.161979 0.393519 0.163542 0.393519 0.164062 0.394444 0.164583 0.393519 0.165625 0.393519 0.166146 0.392593 0.166667 0.392593 0.168229 0.389815 0.168750 0.389815 0.186458 0.358333 0.186458 0.357407 0.209896 0.315741 0.209896 0.314815 0.231771 0.275926 0.231771 0.275000 0.238021 0.263889 0.238021 0.262963 0.239583 0.260185 0.239583 0.259259 0.240104 0.258333 0.240104 0.257407 0.240625 0.256481 0.240625 0.254630 0.241146 0.253704 0.241146 0.251852 0.241667 0.250926 0.241667 0.250000 0.242188 0.249074 0.242188 0.247222 0.242708 0.246296 0.242708 0.244444 0.243229 0.243519 0.243229 0.242593 0.243750 0.241667 0.243750 0.239815 0.244271 0.238889 0.244271 0.237037 0.244792 0.236111 0.244792 0.235185 0.245312 0.234259 0.245312 0.232407 0.245833 0.231481 0.245833 0.229630 0.246354 0.228704 0.246354 0.227778 0.246875 0.226852 0.246875 0.225000 0.247396 0.224074 0.247396 0.222222 0.247917 0.221296 0.247917 0.220370 0.248438 0.219444 0.248438 0.217593 0.248958 0.216667 0.248958 0.214815 0.249479 0.213889 0.249479 0.212963 0.250000 0.212037 0.250000 0.210185 0.250521 0.209259 0.250521 0.207407 0.251042 0.206481 0.251042 0.205556 0.251563 0.204630 0.251563 0.202778 0.252083 0.201852 0.252083 0.200000 0.252604 0.199074 0.252604 0.198148 0.253125 0.197222 0.253125 0.195370 0.253646 0.194444 0.253646 0.192593 0.254167 0.191667 0.254167 0.190741 0.254688 0.189815 0.254688 0.187963 0.255208 0.187037 0.255208 0.185185 0.255729 0.184259 0.255729 0.183333 0.256250 0.182407 0.256250 0.180556 0.256771 0.179630 0.256771 0.177778 0.257292 0.176852 0.257292 0.175926 0.257812 0.175000 0.257812 0.173148 0.258333 0.172222 0.258333 0.170370 0.258854 0.169444 0.258854 0.168519 0.259375 0.167593 0.259375 0.165741 0.259896 0.164815 0.259896 0.162963 0.260417 0.162037 0.260417 0.161111 0.260937 0.160185 0.260937 0.158333 0.261458 0.157407 0.261458 0.155556 0.261979 0.154630 0.261979 0.153704 0.262500 0.152778 0.262500 0.150926 0.263021 0.150000 0.263021 0.148148 0.263542 0.147222 0.263542 0.146296 0.264062 0.145370 0.264062 0.143519 0.264583 0.142593 0.264583 0.140741 0.265104 0.139815 0.265104 0.138889 0.265625 0.137963 0.265625 0.136111 0.266146 0.135185 0.266146 0.133333 0.266667 0.132407 0.266667 0.131481 0.267188 0.130556 0.267188 0.128704 0.267708 0.127778 0.267708 0.125926 0.268229 0.125000 0.268229 0.124074 0.268750 0.123148 0.268750 0.121296 0.269271 0.120370 0.269271 0.118519 0.269792 0.117593 0.269792 0.116667 0.270313 0.115741 0.270313 0.113889 0.270833 0.112963 0.270833 0.111111 0.271354 0.110185 0.271354 0.109259 0.271875 0.108333 0.271875 0.106481 0.272396 0.105556 0.272396 0.103704 0.272917 0.102778 0.272917 0.101852 0.273438 0.100926 0.273438 0.099074 0.273958 0.098148 0.273958 0.093519 0.272917 0.091667 0.272917 0.090741 0.272396 0.089815 0.271875 0.089815 0.271354 0.088889 0.270833 0.088889 0.270313 0.087963
0 0.330990 0.249074 0.161979 0.305556 0.407292 0.096296 0.406771 0.097222 0.406250 0.097222 0.404167 0.100926 0.403646 0.100926 0.371354 0.158333 0.370833 0.158333 0.365625 0.167593 0.365104 0.167593 0.361979 0.173148 0.361458 0.173148 0.359375 0.176852 0.358854 0.176852 0.357292 0.179630 0.356771 0.179630 0.355729 0.181481 0.355208 0.181481 0.354687 0.182407 0.354167 0.182407 0.353646 0.183333 0.353125 0.183333 0.352604 0.184259 0.352083 0.184259 0.351562 0.185185 0.350000 0.185185 0.349479 0.186111 0.346875 0.186111 0.346354 0.185185 0.344792 0.185185 0.344271 0.184259 0.343229 0.184259 0.342708 0.183333 0.342187 0.183333 0.341146 0.181481 0.340625 0.181481 0.340104 0.180556 0.339583 0.180556 0.338021 0.177778 0.337500 0.177778 0.336458 0.175926 0.335938 0.175926 0.333854 0.172222 0.333333 0.172222 0.331250 0.168519 0.330729 0.168519 0.327604 0.162963 0.327083 0.162963 0.323437 0.156481 0.322917 0.156481 0.318229 0.148148 0.317708 0.148148 0.311458 0.137037 0.310937 0.137037 0.302604 0.122222 0.302083 0.122222 0.294271 0.108333 0.293750 0.108333 0.290625 0.102778 0.290104 0.102778 0.289062 0.100926 0.288542 0.100926 0.288021 0.100000 0.286979 0.100000 0.286458 0.099074 0.285938 0.099074 0.285417 0.100000 0.284375 0.100000 0.282813 0.102778 0.282813 0.103704 0.282292 0.104630 0.282292 0.106481 0.281771 0.107407 0.281771 0.108333 0.281250 0.109259 0.281250 0.111111 0.280729 0.112037 0.280729 0.113889 0.280208 0.114815 0.280208 0.116667 0.279687 0.117593 0.279687 0.118519 0.279167 0.119444 0.279167 0.121296 0.278646 0.122222 0.278646 0.124074 0.278125 0.125000 0.278125 0.125926 0.277604 0.126852 0.277604 0.128704 0.277083 0.129630 0.277083 0.131481 0.276562 0.132407 0.276562 0.134259 0.276042 0.135185 0.276042 0.136111 0.275521 0.137037 0.275521 0.138889 0.275000 0.139815 0.275000 0.141667 0.274479 0.142593 0.274479 0.144444 0.273958 0.145370 0.273958 0.146296 0.273438 0.147222 0.273438 0.149074 0.272917 0.150000 0.272917 0.151852 0.272396 0.152778 0.272396 0.154630 0.271875 0.155556 0.271875 0.156481 0.271354 0.157407 0.271354 0.159259 0.270833 0.160185 0.270833 0.162037 0.270313 0.162963 0.270313 0.164815 0.269792 0.165741 0.269792 0.166667 0.269271 0.167593 0.269271 0.169444 0.268750 0.170370 0.268750 0.172222 0.268229 0.173148 0.268229 0.175000 0.267708 0.175926 0.267708 0.176852 0.267188 0.177778 0.267188 0.179630 0.266667 0.180556 0.266667 0.182407 0.266146 0.183333 0.266146 0.185185 0.265625 0.186111 0.265625 0.187037 0.265104 0.187963 0.265104 0.189815 0.264583 0.190741 0.264583 0.192593 0.264062 0.193519 0.264062 0.195370 0.263542 0.196296 0.263542 0.197222 0.263021 0.198148 0.263021 0.200000 0.262500 0.200926 0.262500 0.202778 0.261979 0.203704 0.261979 0.205556 0.261458 0.206481 0.261458 0.207407 0.260937 0.208333 0.260937 0.210185 0.260417 0.211111 0.260417 0.212963 0.259896 0.213889 0.259896 0.215741 0.259375 0.216667 0.259375 0.217593 0.258854 0.218519 0.258854 0.220370 0.258333 0.221296 0.258333 0.223148 0.257812 0.224074 0.257812 0.225926 0.257292 0.226852 0.257292 0.227778 0.256771 0.228704 0.256771 0.230556 0.256250 0.231481 0.256250 0.233333 0.255729 0.234259 0.255729 0.236111 0.255208 0.237037 0.255208 0.237963 0.254688 0.238889 0.254688 0.240741 0.254167 0.241667 0.254167 0.243519 0.253646 0.244444 0.253646 0.246296 0.253125 0.247222 0.253125 0.248148 0.252604 0.249074 0.252604 0.250926 0.252083 0.251852 0.252083 0.253704 0.251563 0.254630 0.251563 0.256481 0.251042 0.257407 0.251042 0.258333 0.250521 0.259259 0.250521 0.261111 0.250000 0.262037 0.250000 0.268519 0.250521 0.269444 0.250521 0.270370 0.263021 0.292593 0.263542 0.292593 0.269792 0.303704 0.270313 0.303704 0.276562 0.314815 0.277083 0.314815 0.283333 0.325926 0.283854 0.325926 0.290104 0.337037 0.290625 0.337037 0.296875 0.348148 0.297396 0.348148 0.304167 0.360185 0.304688 0.360185 0.310937 0.371296 0.311458 0.371296 0.317708 0.382407 0.318229 0.382407 0.323437 0.391667 0.323958 0.391667 0.327083 0.397222 0.327604 0.397222 0.328646 0.399074 0.329167 0.399074 0.330208 0.400926 0.331250 0.400926 0.331771 0.401852 0.332292 0.401852 0.332813 0.400926 0.334375 0.400926 0.335417 0.399074 0.335938 0.399074 0.339583 0.392593 0.340104 0.392593 0.407813 0.272222 0.407813 0.271296 0.409375 0.268519 0.409375 0.267593 0.410417 0.265741 0.410417 0.245370 0.410938 0.244444 0.410938 0.196296 0.411458 0.195370 0.411458 0.146296 0.411979 0.145370 0.411979 0.101852 0.410938 0.100000 0.410938 0.099074 0.410417 0.098148 0.409896 0.098148 0.409375 0.097222 0.408854 0.097222 0.408333 0.096296
0 0.500000 0.255093 0.161458 0.310185 0.545312 0.100000 0.544792 0.100926 0.544271 0.100926 0.543750 0.101852 0.543229 0.101852 0.540104 0.107407 0.539583 0.107407 0.516667 0.148148 0.516146 0.148148 0.508333 0.162037 0.507812 0.162037 0.503125 0.170370 0.502604 0.170370 0.499479 0.175926 0.498958 0.175926 0.496875 0.179630 0.496354 0.179630 0.494792 0.182407 0.494271 0.182407 0.492708 0.185185 0.492188 0.185185 0.491667 0.186111 0.491146 0.186111 0.490104 0.187963 0.489063 0.187963 0.488542 0.188889 0.488021 0.188889 0.487500 0.189815 0.485417 0.189815 0.484896 0.190741 0.483854 0.190741 0.483333 0.189815 0.481250 0.189815 0.480729 0.188889 0.479687 0.188889 0.479167 0.187963 0.478646 0.187963 0.477604 0.186111 0.477083 0.186111 0.476562 0.185185 0.476042 0.185185 0.474479 0.182407 0.473958 0.182407 0.472917 0.180556 0.472396 0.180556 0.470313 0.176852 0.469792 0.176852 0.467187 0.172222 0.466667 0.172222 0.463021 0.165741 0.462500 0.165741 0.457292 0.156481 0.456771 0.156481 0.448958 0.142593 0.448437 0.142593 0.434375 0.117593 0.433854 0.117593 0.428125 0.107407 0.427604 0.107407 0.426563 0.105556 0.426042 0.105556 0.425000 0.103704 0.421354 0.103704 0.419792 0.106481 0.419792 0.107407 0.419271 0.108333 0.419271 0.275000 0.419792 0.275926 0.419792 0.276852 0.420312 0.277778 0.420312 0.278704 0.423958 0.285185 0.423958 0.286111 0.426042 0.289815 0.426563 0.289815 0.438021 0.310185 0.438542 0.310185 0.448437 0.327778 0.448958 0.327778 0.458854 0.345370 0.459375 0.345370 0.469271 0.362963 0.469792 0.362963 0.480208 0.381481 0.480729 0.381481 0.489583 0.397222 0.490104 0.397222 0.494792 0.405556 0.495312 0.405556 0.496354 0.407407 0.496875 0.407407 0.497917 0.409259 0.498437 0.409259 0.498958 0.410185 0.501042 0.410185 0.501563 0.409259 0.502083 0.409259 0.503125 0.407407 0.503646 0.407407 0.505208 0.404630 0.505729 0.404630 0.512500 0.392593 0.513021 0.392593 0.530729 0.361111 0.531250 0.361111 0.549479 0.328704 0.550000 0.328704 0.567708 0.297222 0.568229 0.297222 0.577604 0.280556 0.577604 0.279630 0.579688 0.275926 0.579688 0.275000 0.580208 0.274074 0.580208 0.273148 0.580729 0.272222 0.580729 0.268519 0.580208 0.267593 0.580208 0.265741 0.579688 0.264815 0.579688 0.262963 0.579167 0.262037 0.579167 0.260185 0.578646 0.259259 0.578646 0.257407 0.578125 0.256481 0.578125 0.254630 0.577604 0.253704 0.577604 0.251852 0.577083 0.250926 0.577083 0.249074 0.576562 0.248148 0.576562 0.246296 0.576042 0.245370 0.576042 0.243519 0.575521 0.242593 0.575521 0.240741 0.575000 0.239815 0.575000 0.237963 0.574479 0.237037 0.574479 0.236111 0.573958 0.235185 0.573958 0.233333 0.573438 0.232407 0.573438 0.230556 0.572917 0.229630 0.572917 0.227778 0.572396 0.226852 0.572396 0.225000 0.571875 0.224074 0.571875 0.222222 0.571354 0.221296 0.571354 0.219444 0.570833 0.218519 0.570833 0.216667 0.570312 0.215741 0.570312 0.213889 0.569792 0.212963 0.569792 0.211111 0.569271 0.210185 0.569271 0.208333 0.568750 0.207407 0.568750 0.205556 0.568229 0.204630 0.568229 0.202778 0.567708 0.201852 0.567708 0.200926 0.567187 0.200000 0.567187 0.198148 0.566667 0.197222 0.566667 0.195370 0.566146 0.194444 0.566146 0.192593 0.565625 0.191667 0.565625 0.189815 0.565104 0.188889 0.565104 0.187037 0.564583 0.186111 0.564583 0.184259 0.564063 0.183333 0.564063 0.181481 0.563542 0.180556 0.563542 0.178704 0.563021 0.177778 0.563021 0.175926 0.562500 0.175000 0.562500 0.173148 0.561979 0.172222 0.561979 0.170370 0.561458 0.169444 0.561458 0.167593 0.560937 0.166667 0.560937 0.165741 0.560417 0.164815 0.560417 0.162963 0.559896 0.162037 0.559896 0.160185 0.559375 0.159259 0.559375 0.157407 0.558854 0.156481 0.558854 0.154630 0.558333 0.153704 0.558333 0.151852 0.557813 0.150926 0.557813 0.149074 0.557292 0.148148 0.557292 0.146296 0.556771 0.145370 0.556771 0.143519 0.556250 0.142593 0.556250 0.140741 0.555729 0.139815 0.555729 0.137963 0.555208 0.137037 0.555208 0.135185 0.554688 0.134259 0.554688 0.132407 0.554167 0.131481 0.554167 0.130556 0.553646 0.129630 0.553646 0.127778 0.553125 0.126852 0.553125 0.125000 0.552604 0.124074 0.552604 0.122222 0.552083 0.121296 0.552083 0.119444 0.551562 0.118519 0.551562 0.116667 0.551042 0.115741 0.551042 0.113889 0.550521 0.112963 0.550521 0.111111 0.550000 0.110185 0.550000 0.108333 0.549479 0.107407 0.549479 0.105556 0.546875 0.100926 0.545833 0.100926
0 0.655729 0.253704 0.195833 0.314815 0.684375 0.096296 0.683854 0.097222 0.682813 0.097222 0.680729 0.100926 0.680208 0.100926 0.668750 0.121296 0.668229 0.121296 0.656771 0.141667 0.656250 0.141667 0.649479 0.153704 0.648958 0.153704 0.644271 0.162037 0.643750 0.162037 0.640104 0.168519 0.639583 0.168519 0.636979 0.173148 0.636458 0.173148 0.634375 0.176852 0.633854 0.176852 0.632292 0.179630 0.631771 0.179630 0.630729 0.181481 0.630208 0.181481 0.629167 0.183333 0.628646 0.183333 0.628125 0.184259 0.627604 0.184259 0.627083 0.185185 0.626563 0.185185 0.626042 0.186111 0.625000 0.186111 0.624479 0.187037 0.619271 0.187037 0.618750 0.186111 0.618229 0.186111 0.617708 0.185185 0.616667 0.185185 0.615625 0.183333 0.615104 0.183333 0.614583 0.182407 0.614062 0.182407 0.613021 0.180556 0.612500 0.180556 0.610938 0.177778 0.610417 0.177778 0.608333 0.174074 0.607812 0.174074 0.604688 0.168519 0.604167 0.168519 0.600000 0.161111 0.599479 0.161111 0.590625 0.145370 0.590104 0.145370 0.567708 0.105556 0.567187 0.105556 0.565104 0.101852 0.564583 0.101852 0.563542 0.100000 0.562500 0.100000 0.561979 0.099074 0.561458 0.099074 0.560937 0.100000 0.559896 0.100000 0.559375 0.100926 0.558854 0.100926 0.558333 0.101852 0.558333 0.102778 0.557813 0.103704 0.557813 0.109259 0.558333 0.110185 0.558333 0.112037 0.558854 0.112963 0.558854 0.114815 0.559375 0.115741 0.559375 0.117593 0.559896 0.118519 0.559896 0.119444 0.560417 0.120370 0.560417 0.122222 0.560937 0.123148 0.560937 0.125000 0.561458 0.125926 0.561458 0.127778 0.561979 0.128704 0.561979 0.130556 0.562500 0.131481 0.562500 0.132407 0.563021 0.133333 0.563021 0.135185 0.563542 0.136111 0.563542 0.137963 0.564063 0.138889 0.564063 0.140741 0.564583 0.141667 0.564583 0.143519 0.565104 0.144444 0.565104 0.146296 0.565625 0.147222 0.565625 0.148148 0.566146 0.149074 0.566146 0.150926 0.566667 0.151852 0.566667 0.153704 0.567187 0.154630 0.567187 0.156481 0.567708 0.157407 0.567708 0.159259 0.568229 0.160185 0.568229 0.162037 0.568750 0.162963 0.568750 0.163889 0.569271 0.164815 0.569271 0.166667 0.569792 0.167593 0.569792 0.169444 0.570312 0.170370 0.570312 0.172222 0.570833 0.173148 0.570833 0.175000 0.571354 0.175926 0.571354 0.177778 0.571875 0.178704 0.571875 0.179630 0.572396 0.180556 0.572396 0.182407 0.572917 0.183333 0.572917 0.185185 0.573438 0.186111 0.573438 0.187963 0.573958 0.188889 0.573958 0.190741 0.574479 0.191667 0.574479 0.193519 0.575000 0.194444 0.575000 0.195370 0.575521 0.196296 0.575521 0.198148 0.576042 0.199074 0.576042 0.200926 0.576562 0.201852 0.576562 0.203704 0.577083 0.204630 0.577083 0.206481 0.577604 0.207407 0.577604 0.209259 0.578125 0.210185 0.578125 0.211111 0.578646 0.212037 0.578646 0.213889 0.579167 0.214815 0.579167 0.216667 0.579688 0.217593 0.579688 0.219444 0.580208 0.220370 0.580208 0.222222 0.580729 0.223148 0.580729 0.225000 0.581250 0.225926 0.581250 0.226852 0.581771 0.227778 0.581771 0.229630 0.582292 0.230556 0.582292 0.232407 0.582812 0.233333 0.582812 0.235185 0.583333 0.236111 0.583333 0.237963 0.583854 0.238889 0.583854 0.239815 0.584375 0.240741 0.584375 0.242593 0.584896 0.243519 0.584896 0.245370 0.585417 0.246296 0.585417 0.248148 0.585938 0.249074 0.585938 0.250926 0.586458 0.251852 0.586458 0.253704 0.586979 0.254630 0.586979 0.255556 0.587500 0.256481 0.587500 0.258333 0.588021 0.259259 0.588021 0.261111 0.588542 0.262037 0.588542 0.263889 0.589063 0.264815 0.589063 0.266667 0.589583 0.267593 0.589583 0.269444 0.590104 0.270370 0.590104 0.271296 0.590625 0.272222 0.590625 0.274074 0.591146 0.275000 0.591146 0.276852 0.592187 0.278704 0.592187 0.279630 0.595313 0.285185 0.595313 0.286111 0.605729 0.304630 0.606250 0.304630 0.632292 0.350926 0.632812 0.350926 0.657813 0.395370 0.658333 0.395370 0.664583 0.406481 0.665104 0.406481 0.666667 0.409259 0.667188 0.409259 0.667708 0.410185 0.668229 0.410185 0.668750 0.411111 0.670833 0.411111 0.671354 0.410185 0.672396 0.410185 0.673438 0.408333 0.673958 0.408333 0.676562 0.403704 0.677083 0.403704 0.683333 0.392593 0.683854 0.392593 0.693229 0.375926 0.693750 0.375926 0.703125 0.359259 0.703646 0.359259 0.713021 0.342593 0.713542 0.342593 0.722917 0.325926 0.723437 0.325926 0.732812 0.309259 0.733333 0.309259 0.743229 0.291667 0.743750 0.291667 0.751042 0.278704 0.751042 0.277778 0.752604 0.275000 0.752604 0.274074 0.753125 0.273148 0.753125 0.272222 0.753646 0.271296 0.753646 0.269444 0.753125 0.268519 0.753125 0.266667 0.752083 0.264815 0.752083 0.263889 0.751042 0.262037 0.751042 0.261111 0.750000 0.259259 0.750000 0.258333 0.748437 0.255556 0.748437 0.254630 0.747396 0.252778 0.747396 0.251852 0.746354 0.250000 0.746354 0.249074 0.745313 0.247222 0.745313 0.246296 0.743750 0.243519 0.743750 0.242593 0.742708 0.240741 0.742708 0.239815 0.741667 0.237963 0.741667 0.237037 0.740104 0.234259 0.740104 0.233333 0.739062 0.231481 0.739062 0.230556 0.738021 0.228704 0.738021 0.227778 0.736979 0.225926 0.736979 0.225000 0.735417 0.222222 0.735417 0.221296 0.734375 0.219444 0.734375 0.218519 0.733333 0.216667 0.733333 0.215741 0.731771 0.212963 0.731771 0.212037 0.730729 0.210185 0.730729 0.209259 0.729688 0.207407 0.729688 0.206481 0.728125 0.203704 0.728125 0.202778 0.727083 0.200926 0.727083 0.200000 0.726042 0.198148 0.726042 0.197222 0.725000 0.195370 0.725000 0.194444 0.723437 0.191667 0.723437 0.190741 0.722396 0.188889 0.722396 0.187963 0.721354 0.186111 0.721354 0.185185 0.719792 0.182407 0.719792 0.181481 0.718750 0.179630 0.718750 0.178704 0.717708 0.176852 0.717708 0.175926 0.716146 0.173148 0.716146 0.172222 0.715104 0.170370 0.715104 0.169444 0.714063 0.167593 0.714063 0.166667 0.713021 0.164815 0.713021 0.163889 0.711458 0.161111 0.711458 0.160185 0.710417 0.158333 0.710417 0.157407 0.709375 0.155556 0.709375 0.154630 0.707812 0.151852 0.707812 0.150926 0.706771 0.149074 0.706771 0.148148 0.705729 0.146296 0.705729 0.145370 0.704688 0.143519 0.704688 0.142593 0.703125 0.139815 0.703125 0.138889 0.702083 0.137037 0.702083 0.136111 0.701042 0.134259 0.701042 0.133333 0.699479 0.130556 0.699479 0.129630 0.698438 0.127778 0.698438 0.126852 0.697396 0.125000 0.697396 0.124074 0.695833 0.121296 0.695833 0.120370 0.694792 0.118519 0.694792 0.117593 0.693750 0.115741 0.693750 0.114815 0.692708 0.112963 0.692708 0.112037 0.691146 0.109259 0.691146 0.108333 0.690104 0.106481 0.690104 0.105556 0.689063 0.103704 0.689063 0.102778 0.687500 0.100000 0.687500 0.099074 0.686979 0.098148 0.686458 0.098148 0.685937 0.097222 0.685417 0.097222 0.684896 0.096296
0 0.203125 0.606019 0.093750 0.143519 0.247396 0.534259 0.246875 0.535185 0.245312 0.535185 0.244792 0.536111 0.244271 0.536111 0.243750 0.537037 0.242708 0.537037 0.241667 0.538889 0.241146 0.538889 0.240104 0.540741 0.239583 0.540741 0.239063 0.541667 0.238542 0.541667 0.236979 0.544444 0.236458 0.544444 0.234375 0.548148 0.233854 0.548148 0.231250 0.552778 0.230729 0.552778 0.227083 0.559259 0.226562 0.559259 0.221875 0.567593 0.221354 0.567593 0.212500 0.583333 0.211979 0.583333 0.183333 0.634259 0.182812 0.634259 0.181250 0.637037 0.180729 0.637037 0.180208 0.637963 0.179688 0.637963 0.179167 0.638889 0.178646 0.638889 0.178125 0.637963 0.177083 0.637963 0.176563 0.637037 0.176042 0.637037 0.173958 0.633333 0.173958 0.632407 0.172917 0.630556 0.172917 0.626852 0.173437 0.625926 0.173437 0.624074 0.173958 0.623148 0.173958 0.621296 0.174479 0.620370 0.174479 0.618519 0.175000 0.617593 0.175000 0.616667 0.175521 0.615741 0.171875 0.622222 0.171354 0.622222 0.170313 0.624074 0.169792 0.624074 0.169271 0.625000 0.166667 0.625000 0.166146 0.624074 0.165625 0.624074 0.165104 0.625000 0.165104 0.626852 0.164583 0.627778 0.164583 0.628704 0.164062 0.629630 0.164062 0.631481 0.163542 0.632407 0.163542 0.634259 0.163021 0.635185 0.163021 0.637037 0.162500 0.637963 0.162500 0.638889 0.161979 0.639815 0.161979 0.641667 0.161458 0.642593 0.161458 0.644444 0.160938 0.645370 0.160938 0.647222 0.160417 0.648148 0.160417 0.649074 0.159896 0.650000 0.159896 0.651852 0.159375 0.652778 0.159375 0.654630 0.158333 0.656481 0.158333 0.657407 0.157812 0.658333 0.157292 0.658333 0.156250 0.660185 0.156771 0.660185 0.160417 0.666667 0.160938 0.666667 0.164062 0.672222 0.164583 0.672222 0.167187 0.676852 0.167708 0.676852 0.168229 0.677778 0.170833 0.677778 0.171354 0.676852 0.179167 0.676852 0.207292 0.626852 0.207813 0.626852 0.245312 0.560185 0.245312 0.559259 0.246875 0.556481 0.246875 0.555556 0.247917 0.553704 0.247917 0.550926 0.248438 0.550000 0.248438 0.547222 0.248958 0.546296 0.248958 0.542593 0.249479 0.541667 0.249479 0.538889 0.250000 0.537963 0.250000 0.534259
0 0.330990 0.604630 0.146354 0.129630 0.258854 0.539815 0.258854 0.541667 0.258333 0.542593 0.258333 0.546296 0.257812 0.547222 0.258333 0.548148 0.258333 0.550000 0.258854 0.550926 0.258854 0.551852 0.268229 0.568519 0.268750 0.568519 0.273438 0.576852 0.273958 0.576852 0.278125 0.584259 0.278646 0.584259 0.283333 0.592593 0.283854 0.592593 0.288542 0.600926 0.289062 0.600926 0.293229 0.608333 0.293750 0.608333 0.298438 0.616667 0.298958 0.616667 0.303125 0.624074 0.303646 0.624074 0.308333 0.632407 0.308854 0.632407 0.313542 0.640741 0.314063 0.640741 0.318229 0.648148 0.318750 0.648148 0.323437 0.656481 0.323958 0.656481 0.328125 0.663889 0.328646 0.663889 0.331250 0.668519 0.331771 0.668519 0.332292 0.669444 0.342708 0.669444 0.346354 0.662963 0.346875 0.662963 0.366146 0.628704 0.366667 0.628704 0.387500 0.591667 0.388021 0.591667 0.404167 0.562963 0.402604 0.565741 0.402083 0.565741 0.400000 0.569444 0.399479 0.569444 0.397396 0.573148 0.396875 0.573148 0.393750 0.578704 0.393229 0.578704 0.389062 0.586111 0.388542 0.586111 0.383333 0.595370 0.382812 0.595370 0.375000 0.609259 0.374479 0.609259 0.361979 0.631481 0.361458 0.631481 0.348958 0.653704 0.348438 0.653704 0.346354 0.657407 0.345833 0.657407 0.345313 0.658333 0.344792 0.658333 0.344271 0.659259 0.343229 0.659259 0.342708 0.658333 0.342187 0.658333 0.341667 0.657407 0.341146 0.657407 0.338542 0.652778 0.338542 0.651852 0.338021 0.650926 0.338021 0.644444 0.338542 0.643519 0.338542 0.637037 0.339062 0.636111 0.339062 0.628704 0.339583 0.627778 0.339583 0.621296 0.340104 0.620370 0.340104 0.618519 0.338542 0.621296 0.338021 0.621296 0.337500 0.622222 0.336979 0.622222 0.336458 0.623148 0.333854 0.623148 0.333333 0.622222 0.332813 0.622222 0.332292 0.621296 0.331771 0.621296 0.330208 0.618519 0.330208 0.624074 0.329688 0.625000 0.329688 0.627778 0.327083 0.632407 0.326042 0.632407 0.325521 0.633333 0.324479 0.633333 0.323958 0.632407 0.322396 0.632407 0.321354 0.630556 0.320833 0.630556 0.320312 0.629630 0.319792 0.629630 0.317708 0.625926 0.317188 0.625926 0.314583 0.621296 0.314063 0.621296 0.309896 0.613889 0.309375 0.613889 0.305208 0.606481 0.304688 0.606481 0.300521 0.599074 0.300000 0.599074 0.295833 0.591667 0.295312 0.591667 0.291146 0.584259 0.290625 0.584259 0.287500 0.578704 0.286979 0.578704 0.283854 0.573148 0.283333 0.573148 0.280208 0.567593 0.279687 0.567593 0.277083 0.562963 0.276562 0.562963 0.274479 0.559259 0.273958 0.559259 0.271875 0.555556 0.271354 0.555556 0.269271 0.551852 0.268750 0.551852 0.267188 0.549074 0.266667 0.549074 0.265104 0.546296 0.264583 0.546296 0.263542 0.544444 0.263021 0.544444 0.261979 0.542593 0.261458 0.542593 0.260417 0.540741 0.259896 0.540741 0.259375 0.539815
0 0.500000 0.606019 0.152083 0.128704 0.575000 0.541667 0.573958 0.543519 0.573438 0.543519 0.572396 0.545370 0.571875 0.545370 0.570833 0.547222 0.570312 0.547222 0.568750 0.550000 0.568229 0.550000 0.566146 0.553704 0.565625 0.553704 0.563542 0.557407 0.563021 0.557407 0.559896 0.562963 0.559375 0.562963 0.556250 0.568519 0.555729 0.568519 0.552083 0.575000 0.551562 0.575000 0.546354 0.584259 0.545833 0.584259 0.539583 0.595370 0.539062 0.595370 0.531250 0.609259 0.530729 0.609259 0.521354 0.625926 0.520833 0.625926 0.515104 0.636111 0.514583 0.636111 0.513021 0.638889 0.512500 0.638889 0.511458 0.640741 0.509375 0.640741 0.508854 0.639815 0.508333 0.639815 0.507292 0.637963 0.506771 0.637963 0.505729 0.636111 0.504167 0.638889 0.503646 0.638889 0.503125 0.639815 0.502604 0.639815 0.502083 0.640741 0.499479 0.640741 0.498958 0.639815 0.498437 0.639815 0.497917 0.638889 0.497396 0.638889 0.495833 0.636111 0.495833 0.637963 0.496354 0.638889 0.496354 0.648148 0.493750 0.652778 0.493229 0.652778 0.492708 0.653704 0.489583 0.653704 0.489063 0.652778 0.488542 0.652778 0.488021 0.651852 0.487500 0.651852 0.486458 0.650000 0.485938 0.650000 0.483854 0.646296 0.483333 0.646296 0.479167 0.638889 0.478646 0.638889 0.472917 0.628704 0.472396 0.628704 0.466146 0.617593 0.465625 0.617593 0.460417 0.608333 0.459896 0.608333 0.455208 0.600000 0.454688 0.600000 0.450521 0.592593 0.450000 0.592593 0.446354 0.586111 0.445833 0.586111 0.442708 0.580556 0.442188 0.580556 0.440104 0.576852 0.439583 0.576852 0.436979 0.572222 0.436458 0.572222 0.434896 0.569444 0.434375 0.569444 0.432292 0.565741 0.431771 0.565741 0.430729 0.563889 0.430208 0.563889 0.429167 0.562037 0.428646 0.562037 0.427083 0.559259 0.426563 0.559259 0.426042 0.558333 0.425521 0.558333 0.425000 0.557407 0.424479 0.557407 0.423958 0.556481 0.432812 0.572222 0.433333 0.572222 0.439583 0.583333 0.440104 0.583333 0.446354 0.594444 0.446875 0.594444 0.453125 0.605556 0.453646 0.605556 0.459896 0.616667 0.460417 0.616667 0.466667 0.627778 0.467187 0.627778 0.473438 0.638889 0.473958 0.638889 0.480208 0.650000 0.480729 0.650000 0.486979 0.661111 0.487500 0.661111 0.491667 0.668519 0.492188 0.668519 0.493229 0.670370 0.504167 0.670370 0.506250 0.666667 0.506771 0.666667 0.515104 0.651852 0.515625 0.651852 0.526042 0.633333 0.526563 0.633333 0.536979 0.614815 0.537500 0.614815 0.547917 0.596296 0.548438 0.596296 0.558854 0.577778 0.559375 0.577778 0.575000 0.550000 0.575000 0.549074 0.575521 0.548148 0.575521 0.547222 0.576042 0.546296 0.576042 0.544444 0.575521 0.543519 0.575521 0.541667
0 0.661719 0.599074 0.157812 0.161111 0.732292 0.518519 0.728646 0.525000 0.728125 0.525000 0.720833 0.537963 0.720313 0.537963 0.713542 0.550000 0.713021 0.550000 0.706250 0.562037 0.705729 0.562037 0.698438 0.575000 0.697917 0.575000 0.691146 0.587037 0.690625 0.587037 0.683333 0.600000 0.682813 0.600000 0.676562 0.611111 0.676042 0.611111 0.671354 0.619444 0.670833 0.619444 0.668750 0.623148 0.668229 0.623148 0.667708 0.624074 0.667188 0.624074 0.666667 0.625000 0.665625 0.625000 0.665104 0.625926 0.664583 0.625926 0.664062 0.625000 0.663021 0.625000 0.661979 0.623148 0.661458 0.623148 0.659896 0.620370 0.659375 0.620370 0.659896 0.621296 0.659896 0.623148 0.660417 0.624074 0.660417 0.625926 0.660937 0.626852 0.660937 0.627778 0.660417 0.628704 0.660417 0.630556 0.657813 0.635185 0.657292 0.635185 0.656771 0.636111 0.654167 0.636111 0.653646 0.635185 0.653125 0.635185 0.652604 0.634259 0.652083 0.634259 0.651042 0.632407 0.650521 0.632407 0.648438 0.628704 0.647917 0.628704 0.641667 0.617593 0.641146 0.617593 0.630729 0.599074 0.630208 0.599074 0.622396 0.585185 0.621875 0.585185 0.616146 0.575000 0.615625 0.575000 0.611458 0.567593 0.610938 0.567593 0.607292 0.561111 0.606771 0.561111 0.604167 0.556481 0.603646 0.556481 0.601562 0.552778 0.601042 0.552778 0.598958 0.549074 0.598437 0.549074 0.596875 0.546296 0.596354 0.546296 0.595313 0.544444 0.594792 0.544444 0.593750 0.542593 0.593229 0.542593 0.592708 0.541667 0.592187 0.541667 0.591146 0.539815 0.590625 0.539815 0.590104 0.538889 0.589063 0.538889 0.588542 0.537963 0.587500 0.537963 0.586979 0.537037 0.582812 0.537037 0.583333 0.537963 0.583333 0.540741 0.583854 0.541667 0.583854 0.544444 0.584375 0.545370 0.584375 0.548148 0.584896 0.549074 0.584896 0.551852 0.585417 0.552778 0.585417 0.554630 0.586458 0.556481 0.586458 0.557407 0.589583 0.562963 0.589583 0.563889 0.591146 0.566667 0.591667 0.566667 0.603125 0.587037 0.603646 0.587037 0.613021 0.603704 0.613542 0.603704 0.623437 0.621296 0.623958 0.621296 0.633854 0.638889 0.634375 0.638889 0.644271 0.656481 0.644792 0.656481 0.652604 0.670370 0.653125 0.670370 0.656250 0.675926 0.656771 0.675926 0.657813 0.677778 0.658333 0.677778 0.658854 0.678704 0.659375 0.678704 0.659896 0.679630 0.661458 0.679630 0.661979 0.678704 0.663021 0.678704 0.664062 0.676852 0.664583 0.676852 0.666667 0.673148 0.667188 0.673148 0.671354 0.665741 0.671875 0.665741 0.678125 0.654630 0.678646 0.654630 0.685417 0.642593 0.685937 0.642593 0.692187 0.631481 0.692708 0.631481 0.699479 0.619444 0.700000 0.619444 0.706250 0.608333 0.706771 0.608333 0.713542 0.596296 0.714063 0.596296 0.720833 0.584259 0.721354 0.584259 0.727604 0.573148 0.728125 0.573148 0.739583 0.552778 0.739583 0.551852 0.740104 0.550926 0.740104 0.550000 0.740625 0.549074 0.740625 0.547222 0.740104 0.546296 0.740104 0.544444 0.739583 0.543519 0.739583 0.542593 0.739062 0.541667 0.739062 0.540741 0.738542 0.539815 0.738542 0.538889 0.738021 0.537963 0.738021 0.537037 0.737500 0.536111 0.737500 0.535185 0.736979 0.534259 0.736979 0.533333 0.736458 0.532407 0.736458 0.531481 0.735938 0.530556 0.735938 0.529630 0.735417 0.528704 0.735417 0.527778 0.734896 0.526852 0.734896 0.525926 0.734375 0.525000 0.734375 0.524074 0.733854 0.523148 0.733854 0.522222 0.733333 0.521296 0.733333 0.520370 0.732812 0.519444 0.732812 0.518519
0 0.793750 0.587037 0.105208 0.164815 0.743750 0.504630 0.743229 0.505556 0.741146 0.505556 0.741146 0.507407 0.742188 0.509259 0.742188 0.510185 0.742708 0.511111 0.742708 0.512037 0.743229 0.512963 0.743229 0.513889 0.743750 0.514815 0.743750 0.515741 0.744271 0.516667 0.744271 0.517593 0.744792 0.518519 0.744792 0.519444 0.745313 0.520370 0.745313 0.521296 0.746354 0.523148 0.746354 0.524074 0.746875 0.525000 0.746875 0.525926 0.747396 0.526852 0.747396 0.527778 0.747917 0.528704 0.747917 0.529630 0.748437 0.530556 0.748437 0.531481 0.748958 0.532407 0.748958 0.533333 0.749479 0.534259 0.749479 0.535185 0.750521 0.537037 0.750521 0.537963 0.751042 0.538889 0.751042 0.539815 0.751563 0.540741 0.751563 0.541667 0.752083 0.542593 0.752083 0.543519 0.752604 0.544444 0.752604 0.545370 0.753125 0.546296 0.753125 0.547222 0.753646 0.548148 0.753646 0.549074 0.754687 0.550926 0.754687 0.551852 0.755729 0.553704 0.755729 0.554630 0.781250 0.600000 0.781771 0.600000 0.807813 0.646296 0.808333 0.646296 0.820833 0.668519 0.821354 0.668519 0.821875 0.669444 0.831250 0.669444 0.832292 0.667593 0.832812 0.667593 0.835938 0.662037 0.836458 0.662037 0.841667 0.652778 0.842187 0.652778 0.846354 0.645370 0.846354 0.644444 0.845833 0.643519 0.845313 0.643519 0.836979 0.628704 0.836458 0.628704 0.818229 0.596296 0.817708 0.596296 0.817708 0.597222 0.815104 0.601852 0.814583 0.601852 0.814063 0.602778 0.811979 0.602778 0.811458 0.601852 0.810417 0.601852 0.809896 0.600926 0.809375 0.600926 0.807813 0.598148 0.807292 0.598148 0.801562 0.587963 0.801042 0.587963 0.780208 0.550926 0.779687 0.550926 0.771875 0.537037 0.771354 0.537037 0.766667 0.528704 0.766146 0.528704 0.763021 0.523148 0.762500 0.523148 0.760417 0.519444 0.759896 0.519444 0.757812 0.515741 0.757292 0.515741 0.755729 0.512963 0.755208 0.512963 0.754167 0.511111 0.753646 0.511111 0.752604 0.509259 0.752083 0.509259 0.751563 0.508333 0.751042 0.508333 0.750521 0.507407 0.750000 0.507407 0.749479 0.506481 0.748437 0.506481 0.747917 0.505556 0.745313 0.505556 0.744792 0.504630
0 0.082552 0.574074 0.165104 0.181481 0.073438 0.483333 0.072917 0.484259 0.072917 0.485185 0.072396 0.486111 0.072396 0.487037 0.071354 0.488889 0.071354 0.489815 0.070833 0.490741 0.070833 0.491667 0.070312 0.492593 0.070312 0.493519 0.069271 0.495370 0.069271 0.496296 0.068750 0.497222 0.068750 0.498148 0.068229 0.499074 0.068229 0.500000 0.067187 0.501852 0.067187 0.502778 0.066667 0.503704 0.066667 0.504630 0.066146 0.505556 0.066146 0.506481 0.065104 0.508333 0.065104 0.509259 0.064583 0.510185 0.064583 0.511111 0.064062 0.512037 0.064062 0.512963 0.063021 0.514815 0.063021 0.515741 0.062500 0.516667 0.062500 0.517593 0.061979 0.518519 0.061979 0.519444 0.060937 0.521296 0.060937 0.522222 0.060417 0.523148 0.060417 0.524074 0.059896 0.525000 0.059896 0.525926 0.057813 0.529630 0.057813 0.530556 0.047917 0.548148 0.047917 0.549074 0.029167 0.582407 0.029167 0.583333 0.010417 0.616667 0.010417 0.617593 0.009896 0.618519 0.009896 0.619444 0.008854 0.621296 0.008854 0.622222 0.008333 0.623148 0.008333 0.624074 0.007292 0.625926 0.007292 0.626852 0.006771 0.627778 0.006771 0.628704 0.005729 0.630556 0.005729 0.631481 0.005208 0.632407 0.005208 0.633333 0.004167 0.635185 0.004167 0.636111 0.003646 0.637037 0.003646 0.637963 0.002604 0.639815 0.002604 0.640741 0.002083 0.641667 0.002083 0.642593 0.001042 0.644444 0.001042 0.645370 0.000521 0.646296 0.000521 0.647222 0.000000 0.648148 0.000000 0.662037 0.000521 0.662963 0.001042 0.662963 0.001563 0.663889 0.002083 0.663889 0.002604 0.664815 0.005208 0.664815 0.005729 0.663889 0.006250 0.663889 0.010417 0.656481 0.010937 0.656481 0.012500 0.653704 0.012500 0.652778 0.044792 0.595370 0.045312 0.595370 0.052083 0.583333 0.052604 0.583333 0.056771 0.575926 0.057292 0.575926 0.059896 0.571296 0.060417 0.571296 0.061979 0.568519 0.062500 0.568519 0.064062 0.565741 0.064583 0.565741 0.065625 0.563889 0.066146 0.563889 0.066667 0.562963 0.067187 0.562963 0.068229 0.561111 0.069271 0.561111 0.069792 0.560185 0.070312 0.560185 0.070833 0.559259 0.071875 0.559259 0.072396 0.558333 0.078125 0.558333 0.078646 0.559259 0.079687 0.559259 0.080208 0.560185 0.081250 0.560185 0.081771 0.561111 0.082292 0.561111 0.082812 0.562037 0.083333 0.562037 0.083854 0.562963 0.084375 0.562963 0.084896 0.563889 0.085417 0.563889 0.086458 0.565741 0.086979 0.565741 0.087500 0.566667 0.088021 0.566667 0.089063 0.568519 0.089583 0.568519 0.091146 0.571296 0.091667 0.571296 0.092708 0.573148 0.093229 0.573148 0.094792 0.575926 0.095312 0.575926 0.096875 0.578704 0.097396 0.578704 0.098958 0.581481 0.099479 0.581481 0.101562 0.585185 0.102083 0.585185 0.104167 0.588889 0.104688 0.588889 0.106771 0.592593 0.107292 0.592593 0.109896 0.597222 0.110417 0.597222 0.112500 0.600926 0.113021 0.600926 0.116146 0.606481 0.116667 0.606481 0.119271 0.611111 0.119792 0.611111 0.122917 0.616667 0.123438 0.616667 0.126562 0.622222 0.127083 0.622222 0.130208 0.627778 0.130729 0.627778 0.134375 0.634259 0.134896 0.634259 0.138021 0.639815 0.138542 0.639815 0.141667 0.645370 0.142187 0.645370 0.144792 0.650000 0.145313 0.650000 0.147396 0.653704 0.147917 0.653704 0.149479 0.656481 0.150000 0.656481 0.150521 0.657407 0.151042 0.657407 0.151562 0.658333 0.152083 0.658333 0.152604 0.659259 0.156250 0.659259 0.157292 0.657407 0.157812 0.657407 0.157812 0.656481 0.158854 0.654630 0.158854 0.652778 0.159375 0.651852 0.159375 0.650000 0.159896 0.649074 0.159896 0.648148 0.160417 0.647222 0.160417 0.645370 0.160938 0.644444 0.160938 0.642593 0.161458 0.641667 0.161458 0.639815 0.161979 0.638889 0.161979 0.637963 0.162500 0.637037 0.162500 0.635185 0.163021 0.634259 0.163021 0.632407 0.163542 0.631481 0.163542 0.629630 0.164062 0.628704 0.164062 0.627778 0.164583 0.626852 0.164583 0.625000 0.165104 0.624074 0.165104 0.623148 0.164583 0.623148 0.163542 0.621296 0.163021 0.621296 0.161458 0.618519 0.160938 0.618519 0.158333 0.613889 0.157812 0.613889 0.154688 0.608333 0.154167 0.608333 0.150521 0.601852 0.150000 0.601852 0.146875 0.596296 0.146354 0.596296 0.142708 0.589815 0.142187 0.589815 0.138542 0.583333 0.138021 0.583333 0.134375 0.576852 0.133854 0.576852 0.130208 0.570370 0.129688 0.570370 0.126042 0.563889 0.125521 0.563889 0.121875 0.557407 0.121354 0.557407 0.117708 0.550926 0.117188 0.550926 0.114062 0.545370 0.113542 0.545370 0.109896 0.538889 0.109375 0.538889 0.105729 0.532407 0.105208 0.532407 0.101562 0.525926 0.101042 0.525926 0.097396 0.519444 0.096875 0.519444 0.093229 0.512963 0.092708 0.512963 0.083854 0.497222 0.083854 0.496296 0.083333 0.495370 0.083333 0.489815 0.082812 0.489815 0.082292 0.488889 0.081771 0.488889 0.081250 0.487963 0.080729 0.487963 0.080208 0.487037 0.079687 0.487037 0.079167 0.486111 0.078646 0.486111 0.078125 0.485185 0.077083 0.485185 0.076563 0.484259 0.076042 0.484259 0.075521 0.483333
0 0.251563 0.554630 0.156250 0.166667 0.247396 0.471296 0.246875 0.472222 0.246875 0.475000 0.246354 0.475926 0.246354 0.477778 0.245833 0.478704 0.245833 0.481481 0.245312 0.482407 0.245312 0.484259 0.244792 0.485185 0.244792 0.487963 0.244271 0.488889 0.244271 0.490741 0.243750 0.491667 0.243750 0.493519 0.242188 0.496296 0.242188 0.497222 0.220312 0.536111 0.220312 0.537037 0.175521 0.616667 0.175521 0.617593 0.175000 0.618519 0.175000 0.620370 0.174479 0.621296 0.174479 0.623148 0.173958 0.624074 0.173958 0.625926 0.173437 0.626852 0.173437 0.630556 0.174479 0.632407 0.174479 0.633333 0.176042 0.636111 0.176563 0.636111 0.177083 0.637037 0.178125 0.637037 0.178646 0.637963 0.179167 0.637963 0.179688 0.637037 0.180208 0.637037 0.180729 0.636111 0.181250 0.636111 0.182812 0.633333 0.183333 0.633333 0.211979 0.582407 0.212500 0.582407 0.221354 0.566667 0.221875 0.566667 0.226562 0.558333 0.227083 0.558333 0.230729 0.551852 0.231250 0.551852 0.233854 0.547222 0.234375 0.547222 0.236458 0.543519 0.236979 0.543519 0.238542 0.540741 0.239063 0.540741 0.239583 0.539815 0.240104 0.539815 0.241146 0.537963 0.241667 0.537963 0.242708 0.536111 0.243750 0.536111 0.244271 0.535185 0.244792 0.535185 0.245312 0.534259 0.246875 0.534259 0.247396 0.533333 0.252604 0.533333 0.253125 0.534259 0.254167 0.534259 0.254688 0.535185 0.255729 0.535185 0.256250 0.536111 0.256771 0.536111 0.257292 0.537037 0.257812 0.537037 0.258333 0.537963 0.258854 0.537963 0.259896 0.539815 0.260417 0.539815 0.261458 0.541667 0.261979 0.541667 0.263021 0.543519 0.263542 0.543519 0.264583 0.545370 0.265104 0.545370 0.266667 0.548148 0.267188 0.548148 0.268750 0.550926 0.269271 0.550926 0.271354 0.554630 0.271875 0.554630 0.273958 0.558333 0.274479 0.558333 0.276562 0.562037 0.277083 0.562037 0.279687 0.566667 0.280208 0.566667 0.283333 0.572222 0.283854 0.572222 0.286979 0.577778 0.287500 0.577778 0.290625 0.583333 0.291146 0.583333 0.295312 0.590741 0.295833 0.590741 0.300000 0.598148 0.300521 0.598148 0.304688 0.605556 0.305208 0.605556 0.309375 0.612963 0.309896 0.612963 0.314063 0.620370 0.314583 0.620370 0.317188 0.625000 0.317708 0.625000 0.319792 0.628704 0.320312 0.628704 0.320833 0.629630 0.321354 0.629630 0.322396 0.631481 0.323958 0.631481 0.324479 0.632407 0.325521 0.632407 0.326042 0.631481 0.327083 0.631481 0.329167 0.627778 0.329167 0.625000 0.329688 0.624074 0.329688 0.618519 0.327604 0.614815 0.327083 0.614815 0.322917 0.607407 0.322396 0.607407 0.317708 0.599074 0.317188 0.599074 0.312500 0.590741 0.311979 0.590741 0.307292 0.582407 0.306771 0.582407 0.302083 0.574074 0.301563 0.574074 0.296354 0.564815 0.295833 0.564815 0.291146 0.556481 0.290625 0.556481 0.285938 0.548148 0.285417 0.548148 0.280729 0.539815 0.280208 0.539815 0.275521 0.531481 0.275000 0.531481 0.270313 0.523148 0.269792 0.523148 0.264583 0.513889 0.264062 0.513889 0.254167 0.496296 0.254167 0.495370 0.253646 0.494444 0.253646 0.487963 0.254167 0.487037 0.254167 0.485185 0.254688 0.484259 0.254688 0.481481 0.255208 0.480556 0.255208 0.478704 0.255729 0.477778 0.255729 0.476852 0.255208 0.476852 0.254688 0.475926 0.254167 0.475926 0.253646 0.475000 0.253125 0.475000 0.252604 0.474074 0.252083 0.474074 0.251563 0.473148 0.250521 0.473148 0.250000 0.472222 0.248958 0.472222 0.248438 0.471296
0 0.417187 0.562037 0.157292 0.192593 0.413542 0.465741 0.413021 0.466667 0.413021 0.477778 0.412500 0.478704 0.412500 0.491667 0.411458 0.493519 0.411458 0.494444 0.382292 0.546296 0.381771 0.546296 0.357292 0.589815 0.356771 0.589815 0.341667 0.616667 0.341146 0.616667 0.340625 0.617593 0.340625 0.620370 0.340104 0.621296 0.340104 0.627778 0.339583 0.628704 0.339583 0.636111 0.339062 0.637037 0.339062 0.643519 0.338542 0.644444 0.338542 0.650926 0.339062 0.651852 0.339062 0.652778 0.341146 0.656481 0.341667 0.656481 0.342187 0.657407 0.342708 0.657407 0.343229 0.658333 0.344271 0.658333 0.344792 0.657407 0.345313 0.657407 0.345833 0.656481 0.346354 0.656481 0.348438 0.652778 0.348958 0.652778 0.361458 0.630556 0.361979 0.630556 0.374479 0.608333 0.375000 0.608333 0.382812 0.594444 0.383333 0.594444 0.388542 0.585185 0.389062 0.585185 0.393229 0.577778 0.393750 0.577778 0.396875 0.572222 0.397396 0.572222 0.399479 0.568519 0.400000 0.568519 0.402083 0.564815 0.402604 0.564815 0.404167 0.562037 0.404687 0.562037 0.405729 0.560185 0.406250 0.560185 0.407292 0.558333 0.407813 0.558333 0.408333 0.557407 0.408854 0.557407 0.409896 0.555556 0.410938 0.555556 0.411458 0.554630 0.411979 0.554630 0.412500 0.553704 0.413542 0.553704 0.414062 0.552778 0.420312 0.552778 0.420833 0.553704 0.421354 0.553704 0.421875 0.554630 0.422917 0.554630 0.423438 0.555556 0.423958 0.555556 0.424479 0.556481 0.425000 0.556481 0.425521 0.557407 0.426042 0.557407 0.426563 0.558333 0.427083 0.558333 0.428646 0.561111 0.429167 0.561111 0.430208 0.562963 0.430729 0.562963 0.431771 0.564815 0.432292 0.564815 0.434375 0.568519 0.434896 0.568519 0.436458 0.571296 0.436979 0.571296 0.439583 0.575926 0.440104 0.575926 0.442188 0.579630 0.442708 0.579630 0.445833 0.585185 0.446354 0.585185 0.450000 0.591667 0.450521 0.591667 0.454688 0.599074 0.455208 0.599074 0.459896 0.607407 0.460417 0.607407 0.465625 0.616667 0.466146 0.616667 0.472396 0.627778 0.472917 0.627778 0.478646 0.637963 0.479167 0.637963 0.483333 0.645370 0.483854 0.645370 0.485938 0.649074 0.486458 0.649074 0.487500 0.650926 0.488021 0.650926 0.488542 0.651852 0.489063 0.651852 0.489583 0.652778 0.492708 0.652778 0.493229 0.651852 0.493750 0.651852 0.495833 0.648148 0.495833 0.638889 0.495312 0.637963 0.495312 0.636111 0.491667 0.629630 0.491146 0.629630 0.485417 0.619444 0.484896 0.619444 0.478125 0.607407 0.477604 0.607407 0.470833 0.595370 0.470313 0.595370 0.463542 0.583333 0.463021 0.583333 0.456771 0.572222 0.456250 0.572222 0.449479 0.560185 0.448958 0.560185 0.442188 0.548148 0.441667 0.548148 0.434896 0.536111 0.434375 0.536111 0.421354 0.512963 0.421354 0.512037 0.420833 0.511111 0.420833 0.510185 0.420312 0.509259 0.420312 0.466667 0.419792 0.466667 0.419271 0.465741
0 0.583333 0.546296 0.154167 0.187037 0.579167 0.452778 0.578646 0.453704 0.577604 0.453704 0.577083 0.454630 0.576562 0.454630 0.576042 0.455556 0.575521 0.455556 0.574479 0.457407 0.574479 0.458333 0.575000 0.459259 0.575000 0.462037 0.575521 0.462963 0.575521 0.465741 0.576042 0.466667 0.576042 0.469444 0.576562 0.470370 0.576562 0.472222 0.577083 0.473148 0.577083 0.475926 0.577604 0.476852 0.577604 0.479630 0.578125 0.480556 0.578125 0.483333 0.578646 0.484259 0.578646 0.486111 0.579167 0.487037 0.579167 0.489815 0.579688 0.490741 0.579688 0.493519 0.580208 0.494444 0.580208 0.497222 0.580729 0.498148 0.580729 0.500000 0.581250 0.500926 0.581250 0.507407 0.580208 0.509259 0.580208 0.510185 0.565625 0.536111 0.565104 0.536111 0.554688 0.554630 0.554167 0.554630 0.543229 0.574074 0.542708 0.574074 0.532292 0.592593 0.531771 0.592593 0.520833 0.612037 0.520312 0.612037 0.510938 0.628704 0.510417 0.628704 0.506250 0.636111 0.506771 0.637037 0.507292 0.637037 0.508333 0.638889 0.508854 0.638889 0.509375 0.639815 0.511458 0.639815 0.512500 0.637963 0.513021 0.637963 0.514583 0.635185 0.515104 0.635185 0.520833 0.625000 0.521354 0.625000 0.530729 0.608333 0.531250 0.608333 0.539062 0.594444 0.539583 0.594444 0.545833 0.583333 0.546354 0.583333 0.551562 0.574074 0.552083 0.574074 0.555729 0.567593 0.556250 0.567593 0.559375 0.562037 0.559896 0.562037 0.563021 0.556481 0.563542 0.556481 0.565625 0.552778 0.566146 0.552778 0.568229 0.549074 0.568750 0.549074 0.570312 0.546296 0.570833 0.546296 0.571875 0.544444 0.572396 0.544444 0.573438 0.542593 0.573958 0.542593 0.575000 0.540741 0.575521 0.540741 0.576042 0.539815 0.576562 0.539815 0.577083 0.538889 0.577604 0.538889 0.578125 0.537963 0.578646 0.537963 0.579167 0.537037 0.580208 0.537037 0.580729 0.536111 0.586979 0.536111 0.587500 0.537037 0.588542 0.537037 0.589063 0.537963 0.590104 0.537963 0.590625 0.538889 0.591146 0.538889 0.592187 0.540741 0.592708 0.540741 0.593229 0.541667 0.593750 0.541667 0.594792 0.543519 0.595313 0.543519 0.596354 0.545370 0.596875 0.545370 0.598437 0.548148 0.598958 0.548148 0.601042 0.551852 0.601562 0.551852 0.603646 0.555556 0.604167 0.555556 0.606771 0.560185 0.607292 0.560185 0.610938 0.566667 0.611458 0.566667 0.615625 0.574074 0.616146 0.574074 0.621875 0.584259 0.622396 0.584259 0.630208 0.598148 0.630729 0.598148 0.641146 0.616667 0.641667 0.616667 0.647917 0.627778 0.648438 0.627778 0.650521 0.631481 0.651042 0.631481 0.652083 0.633333 0.652604 0.633333 0.653125 0.634259 0.653646 0.634259 0.654167 0.635185 0.656771 0.635185 0.657292 0.634259 0.657813 0.634259 0.659896 0.630556 0.659896 0.628704 0.660417 0.627778 0.660417 0.626852 0.659896 0.625926 0.659896 0.624074 0.659375 0.623148 0.659375 0.621296 0.658854 0.620370 0.658854 0.619444 0.654687 0.612037 0.654167 0.612037 0.643229 0.592593 0.642708 0.592593 0.631250 0.572222 0.630729 0.572222 0.619271 0.551852 0.618750 0.551852 0.607812 0.532407 0.607292 0.532407 0.588542 0.499074 0.588542 0.498148 0.588021 0.497222 0.588021 0.496296 0.587500 0.495370 0.587500 0.493519 0.586979 0.492593 0.586979 0.489815 0.586458 0.488889 0.586458 0.487037 0.585938 0.486111 0.585938 0.483333 0.585417 0.482407 0.585417 0.479630 0.584896 0.478704 0.584896 0.476852 0.584375 0.475926 0.584375 0.473148 0.583854 0.472222 0.583854 0.469444 0.583333 0.468519 0.583333 0.466667 0.582812 0.465741 0.582812 0.462963 0.582292 0.462037 0.582292 0.460185 0.581771 0.459259 0.581771 0.456481 0.581250 0.455556 0.581250 0.452778
0 0.778906 0.530556 0.077604 0.142593 0.752604 0.459259 0.752083 0.460185 0.750521 0.460185 0.750000 0.461111 0.748958 0.461111 0.748437 0.462037 0.747917 0.462037 0.747396 0.462963 0.746875 0.462963 0.746354 0.463889 0.745833 0.463889 0.745313 0.464815 0.744792 0.464815 0.743750 0.466667 0.743229 0.466667 0.742188 0.468519 0.741667 0.468519 0.741146 0.469444 0.741667 0.470370 0.741667 0.471296 0.742188 0.472222 0.742188 0.473148 0.742708 0.474074 0.742708 0.475000 0.743750 0.476852 0.743750 0.477778 0.744271 0.478704 0.744271 0.479630 0.744792 0.480556 0.744792 0.481481 0.745313 0.482407 0.745313 0.483333 0.745833 0.484259 0.745833 0.485185 0.746354 0.486111 0.746354 0.487037 0.746875 0.487963 0.746875 0.491667 0.746354 0.492593 0.746354 0.493519 0.745313 0.495370 0.745313 0.496296 0.740104 0.505556 0.740625 0.505556 0.741146 0.504630 0.743229 0.504630 0.743750 0.503704 0.744792 0.503704 0.745313 0.504630 0.747917 0.504630 0.748437 0.505556 0.749479 0.505556 0.750000 0.506481 0.750521 0.506481 0.751042 0.507407 0.751563 0.507407 0.752083 0.508333 0.752604 0.508333 0.753646 0.510185 0.754167 0.510185 0.755208 0.512037 0.755729 0.512037 0.757292 0.514815 0.757812 0.514815 0.759896 0.518519 0.760417 0.518519 0.762500 0.522222 0.763021 0.522222 0.766146 0.527778 0.766667 0.527778 0.771354 0.536111 0.771875 0.536111 0.779687 0.550000 0.780208 0.550000 0.801042 0.587037 0.801562 0.587037 0.807292 0.597222 0.807813 0.597222 0.809375 0.600000 0.809896 0.600000 0.810417 0.600926 0.811458 0.600926 0.811979 0.601852 0.814063 0.601852 0.814583 0.600926 0.815104 0.600926 0.817187 0.597222 0.817187 0.596296 0.817708 0.595370 0.786979 0.540741 0.786458 0.540741 0.781771 0.532407 0.781771 0.531481 0.776563 0.522222 0.776563 0.521296 0.775521 0.519444 0.775521 0.518519 0.775000 0.517593 0.775000 0.516667 0.773958 0.514815 0.773958 0.513889 0.773438 0.512963 0.773438 0.512037 0.772917 0.511111 0.772917 0.510185 0.771875 0.508333 0.771875 0.507407 0.771354 0.506481 0.771354 0.505556 0.770833 0.504630 0.770833 0.503704 0.769792 0.501852 0.769792 0.500926 0.769271 0.500000 0.769271 0.499074 0.768750 0.498148 0.768750 0.497222 0.767708 0.495370 0.767708 0.494444 0.767188 0.493519 0.767188 0.492593 0.766667 0.491667 0.766667 0.490741 0.765625 0.488889 0.765625 0.487963 0.765104 0.487037 0.765104 0.486111 0.764583 0.485185 0.764583 0.484259 0.763542 0.482407 0.763542 0.481481 0.763021 0.480556 0.763021 0.479630 0.762500 0.478704 0.762500 0.477778 0.761458 0.475926 0.761458 0.475000 0.760938 0.474074 0.760938 0.473148 0.760417 0.472222 0.760417 0.471296 0.759375 0.469444 0.759375 0.468519 0.758854 0.467593 0.758854 0.466667 0.758333 0.465741 0.758333 0.464815 0.757292 0.462963 0.757292 0.462037 0.756771 0.461111 0.756771 0.460185 0.756250 0.459259
0 0.165365 0.547685 0.163021 0.152778 0.243750 0.471296 0.243229 0.472222 0.241667 0.472222 0.241146 0.473148 0.240625 0.473148 0.240104 0.474074 0.239063 0.474074 0.238021 0.475926 0.237500 0.475926 0.236979 0.476852 0.236458 0.476852 0.235417 0.478704 0.234896 0.478704 0.233333 0.481481 0.232813 0.481481 0.231250 0.484259 0.230729 0.484259 0.228646 0.487963 0.228125 0.487963 0.225000 0.493519 0.224479 0.493519 0.219792 0.501852 0.219271 0.501852 0.211458 0.515741 0.210938 0.515741 0.178125 0.574074 0.177604 0.574074 0.176042 0.576852 0.175521 0.576852 0.175000 0.577778 0.172917 0.577778 0.172396 0.576852 0.171875 0.576852 0.171354 0.575926 0.170833 0.575926 0.168750 0.572222 0.168750 0.571296 0.168229 0.570370 0.168229 0.569444 0.167708 0.568519 0.167708 0.566667 0.168229 0.565741 0.168229 0.563889 0.168750 0.562963 0.168750 0.562037 0.169271 0.561111 0.169271 0.559259 0.169792 0.558333 0.169792 0.556481 0.170313 0.555556 0.170313 0.554630 0.170833 0.553704 0.170833 0.551852 0.171354 0.550926 0.171354 0.550000 0.171875 0.549074 0.171875 0.547222 0.172396 0.546296 0.172396 0.544444 0.172917 0.543519 0.172917 0.542593 0.173437 0.541667 0.173437 0.539815 0.173958 0.538889 0.173958 0.537963 0.171354 0.542593 0.170833 0.542593 0.169271 0.545370 0.168229 0.545370 0.167708 0.546296 0.165625 0.546296 0.165104 0.545370 0.164583 0.545370 0.164062 0.546296 0.164062 0.548148 0.163542 0.549074 0.163542 0.550000 0.163021 0.550926 0.163021 0.552778 0.162500 0.553704 0.162500 0.555556 0.161979 0.556481 0.161979 0.557407 0.161458 0.558333 0.161458 0.560185 0.160938 0.561111 0.160938 0.562037 0.160417 0.562963 0.160417 0.564815 0.159896 0.565741 0.159896 0.566667 0.159375 0.567593 0.159375 0.569444 0.158854 0.570370 0.158854 0.571296 0.158333 0.572222 0.158333 0.574074 0.157812 0.575000 0.157812 0.575926 0.157292 0.576852 0.157292 0.578704 0.156771 0.579630 0.156771 0.580556 0.155729 0.582407 0.155729 0.583333 0.155208 0.584259 0.154688 0.584259 0.154167 0.585185 0.153646 0.585185 0.153125 0.586111 0.150521 0.586111 0.150000 0.585185 0.149479 0.585185 0.148958 0.584259 0.148438 0.584259 0.147917 0.583333 0.147396 0.583333 0.146354 0.581481 0.145833 0.581481 0.143750 0.577778 0.143229 0.577778 0.140625 0.573148 0.140104 0.573148 0.136979 0.567593 0.136458 0.567593 0.132812 0.561111 0.132292 0.561111 0.128646 0.554630 0.128125 0.554630 0.125000 0.549074 0.124479 0.549074 0.120833 0.542593 0.120313 0.542593 0.117188 0.537037 0.116667 0.537037 0.113542 0.531481 0.113021 0.531481 0.110417 0.526852 0.109896 0.526852 0.107292 0.522222 0.106771 0.522222 0.104167 0.517593 0.103646 0.517593 0.101562 0.513889 0.101042 0.513889 0.098958 0.510185 0.098437 0.510185 0.096354 0.506481 0.095833 0.506481 0.094271 0.503704 0.093750 0.503704 0.091667 0.500000 0.091146 0.500000 0.090104 0.498148 0.089583 0.498148 0.088021 0.495370 0.087500 0.495370 0.086458 0.493519 0.085938 0.493519 0.084896 0.491667 0.084375 0.491667 0.083854 0.490741 0.083854 0.495370 0.084375 0.496296 0.084375 0.497222 0.092708 0.512037 0.093229 0.512037 0.096875 0.518519 0.097396 0.518519 0.101042 0.525000 0.101562 0.525000 0.105208 0.531481 0.105729 0.531481 0.109375 0.537963 0.109896 0.537963 0.113542 0.544444 0.114062 0.544444 0.117188 0.550000 0.117708 0.550000 0.121354 0.556481 0.121875 0.556481 0.125521 0.562963 0.126042 0.562963 0.129688 0.569444 0.130208 0.569444 0.133854 0.575926 0.134375 0.575926 0.138021 0.582407 0.138542 0.582407 0.142187 0.588889 0.142708 0.588889 0.146354 0.595370 0.146875 0.595370 0.150000 0.600926 0.150521 0.600926 0.154167 0.607407 0.154688 0.607407 0.157812 0.612963 0.158333 0.612963 0.160938 0.617593 0.161458 0.617593 0.163021 0.620370 0.163542 0.620370 0.164583 0.622222 0.165104 0.622222 0.165625 0.623148 0.166146 0.623148 0.166667 0.624074 0.169271 0.624074 0.169792 0.623148 0.170313 0.623148 0.171354 0.621296 0.171875 0.621296 0.175521 0.614815 0.176042 0.614815 0.219792 0.537037 0.219792 0.536111 0.241667 0.497222 0.241667 0.496296 0.243229 0.493519 0.243229 0.491667 0.243750 0.490741 0.243750 0.488889 0.244271 0.487963 0.244271 0.485185 0.244792 0.484259 0.244792 0.482407 0.245312 0.481481 0.245312 0.478704 0.245833 0.477778 0.245833 0.475926 0.246354 0.475000 0.246354 0.472222 0.246875 0.471296
0 0.333333 0.544444 0.158333 0.155556 0.411979 0.466667 0.411458 0.467593 0.410938 0.467593 0.410417 0.468519 0.409375 0.468519 0.408333 0.470370 0.407813 0.470370 0.406771 0.472222 0.406250 0.472222 0.405729 0.473148 0.405208 0.473148 0.403646 0.475926 0.403125 0.475926 0.401562 0.478704 0.401042 0.478704 0.398438 0.483333 0.397917 0.483333 0.395313 0.487963 0.394792 0.487963 0.391146 0.494444 0.390625 0.494444 0.385937 0.502778 0.385417 0.502778 0.378125 0.515741 0.377604 0.515741 0.364583 0.538889 0.364063 0.538889 0.348958 0.565741 0.348438 0.565741 0.346354 0.569444 0.345833 0.569444 0.345313 0.570370 0.344792 0.570370 0.344271 0.571296 0.343750 0.571296 0.343229 0.570370 0.342187 0.570370 0.341667 0.569444 0.341146 0.569444 0.339062 0.565741 0.339062 0.564815 0.338542 0.563889 0.338542 0.562963 0.338021 0.562037 0.338021 0.558333 0.338542 0.557407 0.338542 0.550926 0.339062 0.550000 0.339062 0.543519 0.339583 0.542593 0.339583 0.537037 0.340104 0.536111 0.340104 0.530556 0.338542 0.533333 0.338021 0.533333 0.336979 0.535185 0.333854 0.535185 0.333333 0.534259 0.332813 0.534259 0.332292 0.533333 0.331771 0.533333 0.330208 0.530556 0.329688 0.531481 0.329688 0.537037 0.329167 0.537963 0.329167 0.544444 0.328646 0.545370 0.328646 0.550926 0.328125 0.551852 0.328125 0.558333 0.327604 0.559259 0.327604 0.564815 0.327083 0.565741 0.327083 0.567593 0.325000 0.571296 0.324479 0.571296 0.323958 0.572222 0.320312 0.572222 0.319792 0.571296 0.319271 0.571296 0.318750 0.570370 0.318229 0.570370 0.317188 0.568519 0.316667 0.568519 0.314583 0.564815 0.314063 0.564815 0.310417 0.558333 0.309896 0.558333 0.305729 0.550926 0.305208 0.550926 0.300000 0.541667 0.299479 0.541667 0.295312 0.534259 0.294792 0.534259 0.290625 0.526852 0.290104 0.526852 0.285938 0.519444 0.285417 0.519444 0.281771 0.512963 0.281250 0.512963 0.278125 0.507407 0.277604 0.507407 0.275000 0.502778 0.274479 0.502778 0.271875 0.498148 0.271354 0.498148 0.269271 0.494444 0.268750 0.494444 0.266667 0.490741 0.266146 0.490741 0.264583 0.487963 0.264062 0.487963 0.262500 0.485185 0.261979 0.485185 0.260417 0.482407 0.259896 0.482407 0.258854 0.480556 0.258333 0.480556 0.257292 0.478704 0.256771 0.478704 0.256250 0.477778 0.255729 0.478704 0.255729 0.480556 0.255208 0.481481 0.255208 0.484259 0.254688 0.485185 0.254688 0.487037 0.254167 0.487963 0.254167 0.494444 0.254688 0.495370 0.254688 0.496296 0.264062 0.512963 0.264583 0.512963 0.269792 0.522222 0.270313 0.522222 0.275000 0.530556 0.275521 0.530556 0.280208 0.538889 0.280729 0.538889 0.285417 0.547222 0.285938 0.547222 0.290625 0.555556 0.291146 0.555556 0.295833 0.563889 0.296354 0.563889 0.301563 0.573148 0.302083 0.573148 0.306771 0.581481 0.307292 0.581481 0.311979 0.589815 0.312500 0.589815 0.317188 0.598148 0.317708 0.598148 0.322396 0.606481 0.322917 0.606481 0.327083 0.613889 0.327604 0.613889 0.329688 0.617593 0.330208 0.617593 0.331771 0.620370 0.332292 0.620370 0.332813 0.621296 0.333333 0.621296 0.333854 0.622222 0.336458 0.622222 0.336979 0.621296 0.337500 0.621296 0.338021 0.620370 0.338542 0.620370 0.341146 0.615741 0.341667 0.615741 0.356771 0.588889 0.357292 0.588889 0.381771 0.545370 0.382292 0.545370 0.410938 0.494444 0.410938 0.493519 0.411979 0.491667 0.411979 0.478704 0.412500 0.477778 0.412500 0.466667
0 0.500781 0.548611 0.159896 0.182407 0.573958 0.457407 0.573438 0.458333 0.572917 0.458333 0.571875 0.460185 0.571354 0.460185 0.569792 0.462963 0.569271 0.462963 0.568229 0.464815 0.567708 0.464815 0.565625 0.468519 0.565104 0.468519 0.562500 0.473148 0.561979 0.473148 0.559375 0.477778 0.558854 0.477778 0.555208 0.484259 0.554688 0.484259 0.550000 0.492593 0.549479 0.492593 0.543750 0.502778 0.543229 0.502778 0.535937 0.515741 0.535417 0.515741 0.525521 0.533333 0.525000 0.533333 0.515625 0.550000 0.515104 0.550000 0.512500 0.554630 0.511979 0.554630 0.511458 0.555556 0.510938 0.555556 0.510417 0.556481 0.509375 0.556481 0.508854 0.555556 0.507812 0.555556 0.504687 0.550000 0.504687 0.549074 0.504167 0.548148 0.504167 0.542593 0.503646 0.541667 0.503646 0.536111 0.503125 0.535185 0.503125 0.528704 0.501563 0.531481 0.501042 0.531481 0.500521 0.532407 0.500000 0.532407 0.499479 0.533333 0.496875 0.533333 0.496354 0.532407 0.495833 0.532407 0.494792 0.530556 0.494271 0.530556 0.493750 0.529630 0.493750 0.536111 0.494271 0.537037 0.494271 0.543519 0.494792 0.544444 0.494792 0.551852 0.495312 0.552778 0.495312 0.560185 0.494792 0.561111 0.494792 0.562037 0.493229 0.564815 0.492708 0.564815 0.492188 0.565741 0.488021 0.565741 0.487500 0.564815 0.486979 0.564815 0.485938 0.562963 0.485417 0.562963 0.483333 0.559259 0.482812 0.559259 0.478646 0.551852 0.478125 0.551852 0.471354 0.539815 0.470833 0.539815 0.464062 0.527778 0.463542 0.527778 0.457813 0.517593 0.457292 0.517593 0.452083 0.508333 0.451562 0.508333 0.447917 0.501852 0.447396 0.501852 0.443750 0.495370 0.443229 0.495370 0.440104 0.489815 0.439583 0.489815 0.437500 0.486111 0.436979 0.486111 0.434896 0.482407 0.434375 0.482407 0.432292 0.478704 0.431771 0.478704 0.430208 0.475926 0.429688 0.475926 0.428646 0.474074 0.428125 0.474074 0.427083 0.472222 0.426563 0.472222 0.425521 0.470370 0.425000 0.470370 0.424479 0.469444 0.423958 0.469444 0.423438 0.468519 0.422917 0.468519 0.422396 0.467593 0.421354 0.467593 0.420833 0.466667 0.420833 0.509259 0.421354 0.510185 0.421354 0.511111 0.421875 0.512037 0.421875 0.512963 0.434375 0.535185 0.434896 0.535185 0.441667 0.547222 0.442188 0.547222 0.448958 0.559259 0.449479 0.559259 0.456250 0.571296 0.456771 0.571296 0.463021 0.582407 0.463542 0.582407 0.470313 0.594444 0.470833 0.594444 0.477604 0.606481 0.478125 0.606481 0.484896 0.618519 0.485417 0.618519 0.491146 0.628704 0.491667 0.628704 0.495312 0.635185 0.495833 0.635185 0.497396 0.637963 0.497917 0.637963 0.498437 0.638889 0.498958 0.638889 0.499479 0.639815 0.502083 0.639815 0.502604 0.638889 0.503125 0.638889 0.503646 0.637963 0.504167 0.637963 0.505729 0.635185 0.506250 0.635185 0.510417 0.627778 0.510938 0.627778 0.520312 0.611111 0.520833 0.611111 0.531771 0.591667 0.532292 0.591667 0.542708 0.573148 0.543229 0.573148 0.554167 0.553704 0.554688 0.553704 0.565104 0.535185 0.565625 0.535185 0.579688 0.510185 0.579688 0.509259 0.580729 0.507407 0.580729 0.500926 0.580208 0.500000 0.580208 0.498148 0.579688 0.497222 0.579688 0.494444 0.579167 0.493519 0.579167 0.490741 0.578646 0.489815 0.578646 0.487037 0.578125 0.486111 0.578125 0.484259 0.577604 0.483333 0.577604 0.480556 0.577083 0.479630 0.577083 0.476852 0.576562 0.475926 0.576562 0.473148 0.576042 0.472222 0.576042 0.470370 0.575521 0.469444 0.575521 0.466667 0.575000 0.465741 0.575000 0.462963 0.574479 0.462037 0.574479 0.459259 0.573958 0.458333
0 0.663802 0.538426 0.165104 0.173148 0.581250 0.451852 0.581771 0.452778 0.581771 0.455556 0.582292 0.456481 0.582292 0.459259 0.582812 0.460185 0.582812 0.462037 0.583333 0.462963 0.583333 0.465741 0.583854 0.466667 0.583854 0.468519 0.584375 0.469444 0.584375 0.472222 0.584896 0.473148 0.584896 0.475926 0.585417 0.476852 0.585417 0.478704 0.585938 0.479630 0.585938 0.482407 0.586458 0.483333 0.586458 0.486111 0.586979 0.487037 0.586979 0.488889 0.587500 0.489815 0.587500 0.492593 0.588021 0.493519 0.588021 0.495370 0.588542 0.496296 0.588542 0.497222 0.589063 0.498148 0.589063 0.499074 0.607292 0.531481 0.607812 0.531481 0.618750 0.550926 0.619271 0.550926 0.630729 0.571296 0.631250 0.571296 0.642708 0.591667 0.643229 0.591667 0.654167 0.611111 0.654687 0.611111 0.659375 0.619444 0.659896 0.619444 0.661458 0.622222 0.661979 0.622222 0.663021 0.624074 0.664062 0.624074 0.664583 0.625000 0.665104 0.625000 0.665625 0.624074 0.666667 0.624074 0.667188 0.623148 0.667708 0.623148 0.668229 0.622222 0.668750 0.622222 0.670833 0.618519 0.671354 0.618519 0.676042 0.610185 0.676562 0.610185 0.682813 0.599074 0.683333 0.599074 0.690625 0.586111 0.691146 0.586111 0.697917 0.574074 0.698438 0.574074 0.705729 0.561111 0.706250 0.561111 0.713021 0.549074 0.713542 0.549074 0.720313 0.537037 0.720833 0.537037 0.728125 0.524074 0.728646 0.524074 0.735938 0.511111 0.736458 0.511111 0.744792 0.496296 0.744792 0.495370 0.745833 0.493519 0.745833 0.492593 0.746354 0.491667 0.746354 0.487963 0.745833 0.487037 0.745833 0.486111 0.745313 0.485185 0.745313 0.484259 0.744792 0.483333 0.744792 0.482407 0.744271 0.481481 0.744271 0.480556 0.743750 0.479630 0.743750 0.478704 0.743229 0.477778 0.743229 0.476852 0.742188 0.475000 0.742188 0.474074 0.741667 0.473148 0.741667 0.472222 0.741146 0.471296 0.741146 0.470370 0.740104 0.470370 0.738542 0.473148 0.738021 0.473148 0.735938 0.476852 0.735417 0.476852 0.733854 0.479630 0.733333 0.479630 0.730729 0.484259 0.730208 0.484259 0.727083 0.489815 0.726562 0.489815 0.723437 0.495370 0.722917 0.495370 0.718750 0.502778 0.718229 0.502778 0.714063 0.510185 0.713542 0.510185 0.708333 0.519444 0.707812 0.519444 0.701562 0.530556 0.701042 0.530556 0.693750 0.543519 0.693229 0.543519 0.686458 0.555556 0.685937 0.555556 0.682292 0.562037 0.681771 0.562037 0.680729 0.563889 0.680208 0.563889 0.679688 0.564815 0.679167 0.564815 0.678646 0.565741 0.677604 0.565741 0.677083 0.564815 0.676042 0.564815 0.673438 0.560185 0.673438 0.559259 0.672917 0.558333 0.672917 0.557407 0.672396 0.556481 0.672396 0.554630 0.671875 0.553704 0.671875 0.552778 0.671354 0.551852 0.671354 0.550000 0.670833 0.549074 0.670833 0.548148 0.670312 0.547222 0.670312 0.545370 0.669792 0.544444 0.669792 0.543519 0.669271 0.542593 0.669271 0.540741 0.668750 0.539815 0.668750 0.538889 0.668229 0.537963 0.668229 0.536111 0.667708 0.535185 0.667708 0.534259 0.667188 0.533333 0.667188 0.531481 0.666667 0.530556 0.666667 0.528704 0.666146 0.527778 0.666146 0.526852 0.665625 0.525926 0.665625 0.524074 0.665104 0.523148 0.665104 0.522222 0.664583 0.521296 0.664583 0.519444 0.664062 0.518519 0.664062 0.517593 0.663542 0.516667 0.663542 0.514815 0.663021 0.513889 0.661458 0.516667 0.660937 0.516667 0.660417 0.517593 0.659375 0.517593 0.658854 0.518519 0.658333 0.518519 0.657813 0.517593 0.656771 0.517593 0.656250 0.516667 0.655729 0.516667 0.654687 0.514815 0.654167 0.514815 0.653125 0.512963 0.653646 0.513889 0.653646 0.514815 0.654167 0.515741 0.654167 0.517593 0.654687 0.518519 0.654687 0.520370 0.655208 0.521296 0.655208 0.522222 0.655729 0.523148 0.655729 0.525000 0.656250 0.525926 0.656250 0.527778 0.656771 0.528704 0.656771 0.529630 0.657292 0.530556 0.657292 0.532407 0.657813 0.533333 0.657813 0.535185 0.658333 0.536111 0.658333 0.537037 0.658854 0.537963 0.658854 0.539815 0.659375 0.540741 0.659375 0.545370 0.658854 0.546296 0.658854 0.547222 0.656771 0.550926 0.655729 0.550926 0.655208 0.551852 0.653125 0.551852 0.652604 0.550926 0.651563 0.550926 0.650521 0.549074 0.650000 0.549074 0.648438 0.546296 0.647917 0.546296 0.642708 0.537037 0.642188 0.537037 0.629687 0.514815 0.629167 0.514815 0.620313 0.499074 0.619792 0.499074 0.614062 0.488889 0.613542 0.488889 0.608854 0.480556 0.608333 0.480556 0.605208 0.475000 0.604688 0.475000 0.601562 0.469444 0.601042 0.469444 0.598958 0.465741 0.598437 0.465741 0.596875 0.462963 0.596354 0.462963 0.594792 0.460185 0.594271 0.460185 0.593229 0.458333 0.592708 0.458333 0.592187 0.457407 0.591667 0.457407 0.590625 0.455556 0.590104 0.455556 0.589583 0.454630 0.589063 0.454630 0.588542 0.453704 0.587500 0.453704 0.586979 0.452778 0.585417 0.452778 0.584896 0.451852
0 0.845313 0.550463 0.176042 0.191667 0.907813 0.454630 0.902604 0.463889 0.902083 0.463889 0.896875 0.473148 0.896354 0.473148 0.890625 0.483333 0.890104 0.483333 0.884375 0.493519 0.883854 0.493519 0.878646 0.502778 0.878125 0.502778 0.872396 0.512963 0.871875 0.512963 0.866146 0.523148 0.865625 0.523148 0.860417 0.532407 0.859896 0.532407 0.855208 0.540741 0.854688 0.540741 0.851562 0.546296 0.851042 0.546296 0.849479 0.549074 0.848958 0.549074 0.848437 0.550000 0.847917 0.550000 0.847396 0.550926 0.845313 0.550926 0.844792 0.550000 0.844271 0.550000 0.843229 0.548148 0.842708 0.548148 0.839583 0.542593 0.839063 0.542593 0.806250 0.484259 0.807292 0.486111 0.807292 0.487037 0.808333 0.488889 0.808333 0.489815 0.809375 0.491667 0.809375 0.492593 0.810417 0.494444 0.810417 0.495370 0.810937 0.496296 0.810937 0.497222 0.811979 0.499074 0.811979 0.500000 0.813021 0.501852 0.813021 0.502778 0.814063 0.504630 0.814063 0.505556 0.815104 0.507407 0.815104 0.508333 0.815625 0.509259 0.815625 0.510185 0.816667 0.512037 0.816667 0.512963 0.817708 0.514815 0.817708 0.515741 0.818750 0.517593 0.818750 0.518519 0.819792 0.520370 0.819792 0.521296 0.820312 0.522222 0.820312 0.523148 0.821354 0.525000 0.821354 0.525926 0.822396 0.527778 0.822396 0.528704 0.823438 0.530556 0.823438 0.531481 0.824479 0.533333 0.824479 0.534259 0.825000 0.535185 0.825000 0.536111 0.826042 0.537963 0.826042 0.538889 0.827083 0.540741 0.827083 0.541667 0.828125 0.543519 0.828125 0.544444 0.829167 0.546296 0.829167 0.547222 0.829688 0.548148 0.829688 0.549074 0.830208 0.550000 0.830208 0.553704 0.829688 0.554630 0.829688 0.555556 0.827604 0.559259 0.827083 0.559259 0.826562 0.560185 0.825521 0.560185 0.825000 0.561111 0.824479 0.561111 0.823958 0.560185 0.822396 0.560185 0.821354 0.558333 0.820833 0.558333 0.819271 0.555556 0.818750 0.555556 0.810417 0.540741 0.809896 0.540741 0.787500 0.500926 0.786979 0.500926 0.780208 0.488889 0.779687 0.488889 0.775521 0.481481 0.775000 0.481481 0.771875 0.475926 0.771354 0.475926 0.769271 0.472222 0.768750 0.472222 0.767188 0.469444 0.766667 0.469444 0.765104 0.466667 0.764583 0.466667 0.763542 0.464815 0.763021 0.464815 0.762500 0.463889 0.761979 0.463889 0.760938 0.462037 0.759896 0.462037 0.759375 0.461111 0.758854 0.461111 0.758333 0.460185 0.757292 0.460185 0.757292 0.461111 0.757812 0.462037 0.757812 0.462963 0.758854 0.464815 0.758854 0.465741 0.759375 0.466667 0.759375 0.467593 0.759896 0.468519 0.759896 0.469444 0.760938 0.471296 0.760938 0.472222 0.761458 0.473148 0.761458 0.474074 0.761979 0.475000 0.761979 0.475926 0.763021 0.477778 0.763021 0.478704 0.763542 0.479630 0.763542 0.480556 0.764062 0.481481 0.764062 0.482407 0.765104 0.484259 0.765104 0.485185 0.765625 0.486111 0.765625 0.487037 0.766146 0.487963 0.766146 0.488889 0.767188 0.490741 0.767188 0.491667 0.767708 0.492593 0.767708 0.493519 0.768229 0.494444 0.768229 0.495370 0.769271 0.497222 0.769271 0.498148 0.769792 0.499074 0.769792 0.500000 0.770312 0.500926 0.770312 0.501852 0.771354 0.503704 0.771354 0.504630 0.771875 0.505556 0.771875 0.506481 0.772396 0.507407 0.772396 0.508333 0.773438 0.510185 0.773438 0.511111 0.773958 0.512037 0.773958 0.512963 0.774479 0.513889 0.774479 0.514815 0.775521 0.516667 0.775521 0.517593 0.776042 0.518519 0.776042 0.519444 0.777083 0.521296 0.777083 0.522222 0.782292 0.531481 0.782292 0.532407 0.786458 0.539815 0.786979 0.539815 0.836458 0.627778 0.836979 0.627778 0.845313 0.642593 0.845833 0.642593 0.846875 0.644444 0.847396 0.644444 0.847917 0.645370 0.848437 0.645370 0.848958 0.646296 0.851042 0.646296 0.851562 0.645370 0.852083 0.645370 0.852604 0.644444 0.853125 0.644444 0.854688 0.641667 0.855208 0.641667 0.857812 0.637037 0.858333 0.637037 0.862500 0.629630 0.863021 0.629630 0.867708 0.621296 0.868229 0.621296 0.873437 0.612037 0.873958 0.612037 0.878646 0.603704 0.879167 0.603704 0.884375 0.594444 0.884896 0.594444 0.890104 0.585185 0.890625 0.585185 0.895312 0.576852 0.895833 0.576852 0.901042 0.567593 0.901563 0.567593 0.906771 0.558333 0.907292 0.558333 0.911979 0.550000 0.912500 0.550000 0.917708 0.540741 0.918229 0.540741 0.923438 0.531481 0.923958 0.531481 0.932292 0.516667 0.932292 0.515741 0.932813 0.514815 0.932813 0.513889 0.933333 0.512963 0.933333 0.510185 0.932813 0.509259 0.932813 0.507407 0.930729 0.503704 0.930729 0.502778 0.928125 0.498148 0.928125 0.497222 0.925000 0.491667 0.925000 0.490741 0.922396 0.486111 0.922396 0.485185 0.919792 0.480556 0.919792 0.479630 0.917188 0.475000 0.917188 0.474074 0.914583 0.469444 0.914583 0.468519 0.911979 0.463889 0.911979 0.462963 0.909375 0.458333 0.909375 0.457407
0 0.082031 0.492130 0.164062 0.197222 0.072917 0.393519 0.071875 0.395370 0.071875 0.396296 0.071354 0.397222 0.071354 0.398148 0.070312 0.400000 0.070312 0.400926 0.069271 0.402778 0.069271 0.403704 0.068750 0.404630 0.068750 0.405556 0.067708 0.407407 0.067708 0.408333 0.066667 0.410185 0.066667 0.411111 0.065625 0.412963 0.065625 0.413889 0.065104 0.414815 0.065104 0.415741 0.064062 0.417593 0.064062 0.418519 0.063021 0.420370 0.063021 0.421296 0.062500 0.422222 0.062500 0.423148 0.061458 0.425000 0.061458 0.425926 0.060417 0.427778 0.060417 0.428704 0.059375 0.430556 0.059375 0.431481 0.058854 0.432407 0.058854 0.433333 0.057813 0.435185 0.057813 0.436111 0.056771 0.437963 0.056771 0.438889 0.055729 0.440741 0.055729 0.441667 0.052083 0.448148 0.052083 0.449074 0.040104 0.470370 0.040104 0.471296 0.025521 0.497222 0.025521 0.498148 0.020833 0.506481 0.020833 0.507407 0.019792 0.509259 0.019792 0.510185 0.019271 0.511111 0.019271 0.512037 0.018229 0.513889 0.018229 0.514815 0.017188 0.516667 0.017188 0.517593 0.016146 0.519444 0.016146 0.520370 0.015104 0.522222 0.015104 0.523148 0.014063 0.525000 0.014063 0.525926 0.013542 0.526852 0.013542 0.527778 0.012500 0.529630 0.012500 0.530556 0.011458 0.532407 0.011458 0.533333 0.010417 0.535185 0.010417 0.536111 0.009375 0.537963 0.009375 0.538889 0.008333 0.540741 0.008333 0.541667 0.007812 0.542593 0.007812 0.543519 0.006771 0.545370 0.006771 0.546296 0.005729 0.548148 0.005729 0.549074 0.004687 0.550926 0.004687 0.551852 0.003646 0.553704 0.003646 0.554630 0.002604 0.556481 0.002604 0.557407 0.002083 0.558333 0.002083 0.559259 0.001042 0.561111 0.001042 0.562037 0.000000 0.563889 0.000000 0.590741 0.001042 0.590741 0.001563 0.589815 0.002083 0.589815 0.002604 0.588889 0.003125 0.588889 0.046875 0.511111 0.047396 0.511111 0.052604 0.501852 0.053125 0.501852 0.056250 0.496296 0.056771 0.496296 0.058333 0.493519 0.058854 0.493519 0.060937 0.489815 0.061458 0.489815 0.061979 0.488889 0.062500 0.488889 0.063542 0.487037 0.064062 0.487037 0.065104 0.485185 0.066146 0.485185 0.066667 0.484259 0.067187 0.484259 0.067708 0.483333 0.068750 0.483333 0.069271 0.482407 0.075521 0.482407 0.076042 0.483333 0.076563 0.483333 0.077083 0.484259 0.078125 0.484259 0.078646 0.485185 0.079167 0.485185 0.079687 0.486111 0.080208 0.486111 0.080729 0.487037 0.081250 0.487037 0.081771 0.487963 0.082292 0.487963 0.082812 0.488889 0.083333 0.488889 0.084375 0.490741 0.084896 0.490741 0.085938 0.492593 0.086458 0.492593 0.087500 0.494444 0.088021 0.494444 0.089583 0.497222 0.090104 0.497222 0.091146 0.499074 0.091667 0.499074 0.093750 0.502778 0.094271 0.502778 0.095833 0.505556 0.096354 0.505556 0.098437 0.509259 0.098958 0.509259 0.101042 0.512963 0.101562 0.512963 0.103646 0.516667 0.104167 0.516667 0.106771 0.521296 0.107292 0.521296 0.109896 0.525926 0.110417 0.525926 0.113021 0.530556 0.113542 0.530556 0.116667 0.536111 0.117188 0.536111 0.120313 0.541667 0.120833 0.541667 0.124479 0.548148 0.125000 0.548148 0.128125 0.553704 0.128646 0.553704 0.132292 0.560185 0.132812 0.560185 0.136458 0.566667 0.136979 0.566667 0.140104 0.572222 0.140625 0.572222 0.143229 0.576852 0.143750 0.576852 0.145833 0.580556 0.146354 0.580556 0.147396 0.582407 0.147917 0.582407 0.148438 0.583333 0.148958 0.583333 0.149479 0.584259 0.150000 0.584259 0.150521 0.585185 0.153125 0.585185 0.153646 0.584259 0.154167 0.584259 0.154688 0.583333 0.155208 0.583333 0.155208 0.582407 0.156250 0.580556 0.156250 0.579630 0.156771 0.578704 0.156771 0.576852 0.157292 0.575926 0.157292 0.575000 0.157812 0.574074 0.157812 0.572222 0.158333 0.571296 0.158333 0.570370 0.158854 0.569444 0.158854 0.567593 0.159375 0.566667 0.159375 0.565741 0.159896 0.564815 0.159896 0.562963 0.160417 0.562037 0.160417 0.561111 0.160938 0.560185 0.160938 0.558333 0.161458 0.557407 0.161458 0.556481 0.161979 0.555556 0.161979 0.553704 0.162500 0.552778 0.162500 0.550926 0.163021 0.550000 0.163021 0.549074 0.163542 0.548148 0.163542 0.546296 0.164062 0.545370 0.164062 0.544444 0.163542 0.544444 0.162500 0.542593 0.161979 0.542593 0.159896 0.538889 0.159375 0.538889 0.156771 0.534259 0.156250 0.534259 0.152604 0.527778 0.152083 0.527778 0.147917 0.520370 0.147396 0.520370 0.143750 0.513889 0.143229 0.513889 0.139063 0.506481 0.138542 0.506481 0.134896 0.500000 0.134375 0.500000 0.130729 0.493519 0.130208 0.493519 0.126042 0.486111 0.125521 0.486111 0.121875 0.479630 0.121354 0.479630 0.117188 0.472222 0.116667 0.472222 0.113021 0.465741 0.112500 0.465741 0.108333 0.458333 0.107813 0.458333 0.104167 0.451852 0.103646 0.451852 0.099479 0.444444 0.098958 0.444444 0.095312 0.437963 0.094792 0.437963 0.090625 0.430556 0.090104 0.430556 0.083333 0.418519 0.083333 0.417593 0.082292 0.415741 0.082292 0.413889 0.081771 0.412963 0.081771 0.411111 0.082292 0.410185 0.082292 0.409259 0.082812 0.408333 0.082812 0.407407 0.083333 0.406481 0.083333 0.405556 0.084375 0.403704 0.084375 0.402778 0.084896 0.401852 0.084896 0.400000 0.084375 0.399074 0.083854 0.399074 0.083333 0.398148 0.082812 0.398148 0.082292 0.397222 0.081771 0.397222 0.081250 0.396296 0.080729 0.396296 0.080208 0.395370 0.079167 0.395370 0.078646 0.394444 0.077604 0.394444 0.077083 0.393519
0 0.248958 0.490278 0.161458 0.173148 0.244271 0.403704 0.244271 0.405556 0.243750 0.406481 0.243750 0.408333 0.243229 0.409259 0.243229 0.411111 0.242708 0.412037 0.242708 0.412963 0.242188 0.413889 0.242188 0.414815 0.241146 0.416667 0.241146 0.417593 0.227083 0.442593 0.227083 0.443519 0.174479 0.537037 0.174479 0.538889 0.173958 0.539815 0.173958 0.541667 0.173437 0.542593 0.173437 0.543519 0.172917 0.544444 0.172917 0.546296 0.172396 0.547222 0.172396 0.549074 0.171875 0.550000 0.171875 0.550926 0.171354 0.551852 0.171354 0.553704 0.170833 0.554630 0.170833 0.555556 0.170313 0.556481 0.170313 0.558333 0.169792 0.559259 0.169792 0.561111 0.169271 0.562037 0.169271 0.562963 0.168750 0.563889 0.168750 0.565741 0.168229 0.566667 0.168229 0.568519 0.168750 0.569444 0.168750 0.570370 0.169271 0.571296 0.169271 0.572222 0.170833 0.575000 0.171354 0.575000 0.171875 0.575926 0.172396 0.575926 0.172917 0.576852 0.175000 0.576852 0.175521 0.575926 0.176042 0.575926 0.177604 0.573148 0.178125 0.573148 0.210938 0.514815 0.211458 0.514815 0.219271 0.500926 0.219792 0.500926 0.224479 0.492593 0.225000 0.492593 0.228125 0.487037 0.228646 0.487037 0.230729 0.483333 0.231250 0.483333 0.232813 0.480556 0.233333 0.480556 0.234896 0.477778 0.235417 0.477778 0.236458 0.475926 0.236979 0.475926 0.237500 0.475000 0.238021 0.475000 0.239063 0.473148 0.240104 0.473148 0.240625 0.472222 0.241146 0.472222 0.241667 0.471296 0.243229 0.471296 0.243750 0.470370 0.248438 0.470370 0.248958 0.471296 0.250000 0.471296 0.250521 0.472222 0.251563 0.472222 0.252083 0.473148 0.252604 0.473148 0.253125 0.474074 0.253646 0.474074 0.254167 0.475000 0.254688 0.475000 0.255208 0.475926 0.255729 0.475926 0.256771 0.477778 0.257292 0.477778 0.258333 0.479630 0.258854 0.479630 0.259896 0.481481 0.260417 0.481481 0.261979 0.484259 0.262500 0.484259 0.264062 0.487037 0.264583 0.487037 0.266146 0.489815 0.266667 0.489815 0.268750 0.493519 0.269271 0.493519 0.271354 0.497222 0.271875 0.497222 0.274479 0.501852 0.275000 0.501852 0.277604 0.506481 0.278125 0.506481 0.281250 0.512037 0.281771 0.512037 0.285417 0.518519 0.285938 0.518519 0.290104 0.525926 0.290625 0.525926 0.294792 0.533333 0.295312 0.533333 0.299479 0.540741 0.300000 0.540741 0.305208 0.550000 0.305729 0.550000 0.309896 0.557407 0.310417 0.557407 0.314063 0.563889 0.314583 0.563889 0.316667 0.567593 0.317188 0.567593 0.318229 0.569444 0.318750 0.569444 0.319271 0.570370 0.319792 0.570370 0.320312 0.571296 0.323958 0.571296 0.324479 0.570370 0.325000 0.570370 0.326562 0.567593 0.326562 0.565741 0.327083 0.564815 0.327083 0.559259 0.327604 0.558333 0.327604 0.551852 0.328125 0.550926 0.328125 0.545370 0.328646 0.544444 0.328646 0.537963 0.329167 0.537037 0.329167 0.531481 0.329688 0.530556 0.326562 0.525000 0.326042 0.525000 0.321354 0.516667 0.320833 0.516667 0.315625 0.507407 0.315104 0.507407 0.309375 0.497222 0.308854 0.497222 0.303646 0.487963 0.303125 0.487963 0.297917 0.478704 0.297396 0.478704 0.292187 0.469444 0.291667 0.469444 0.286458 0.460185 0.285938 0.460185 0.280729 0.450926 0.280208 0.450926 0.274479 0.440741 0.273958 0.440741 0.268750 0.431481 0.268229 0.431481 0.263542 0.423148 0.263021 0.423148 0.261458 0.420370 0.260937 0.420370 0.259375 0.417593 0.258854 0.417593 0.257292 0.414815 0.256771 0.414815 0.255729 0.412963 0.255208 0.412963 0.254167 0.411111 0.253646 0.411111 0.252604 0.409259 0.252083 0.409259 0.251563 0.408333 0.251042 0.408333 0.250521 0.407407 0.250000 0.407407 0.249479 0.406481 0.248958 0.406481 0.248438 0.405556 0.247396 0.405556 0.246875 0.404630 0.245833 0.404630 0.245312 0.403704
0 0.416667 0.489815 0.156250 0.161111 0.415625 0.409259 0.415104 0.410185 0.412500 0.410185 0.411979 0.411111 0.410938 0.411111 0.410417 0.412037 0.409896 0.412037 0.409375 0.412963 0.408854 0.412963 0.408333 0.413889 0.407813 0.413889 0.407292 0.414815 0.406771 0.414815 0.390625 0.443519 0.390104 0.443519 0.353646 0.508333 0.353125 0.508333 0.340625 0.530556 0.340625 0.536111 0.340104 0.537037 0.340104 0.542593 0.339583 0.543519 0.339583 0.550000 0.339062 0.550926 0.339062 0.557407 0.338542 0.558333 0.338542 0.562037 0.339062 0.562963 0.339062 0.563889 0.339583 0.564815 0.339583 0.565741 0.341146 0.568519 0.341667 0.568519 0.342187 0.569444 0.343229 0.569444 0.343750 0.570370 0.344271 0.570370 0.344792 0.569444 0.345313 0.569444 0.345833 0.568519 0.346354 0.568519 0.348438 0.564815 0.348958 0.564815 0.364063 0.537963 0.364583 0.537963 0.377604 0.514815 0.378125 0.514815 0.385417 0.501852 0.385937 0.501852 0.390625 0.493519 0.391146 0.493519 0.394792 0.487037 0.395313 0.487037 0.397917 0.482407 0.398438 0.482407 0.401042 0.477778 0.401562 0.477778 0.403125 0.475000 0.403646 0.475000 0.405208 0.472222 0.405729 0.472222 0.406250 0.471296 0.406771 0.471296 0.407813 0.469444 0.408333 0.469444 0.409375 0.467593 0.410417 0.467593 0.410938 0.466667 0.411458 0.466667 0.411979 0.465741 0.413021 0.465741 0.413542 0.464815 0.419271 0.464815 0.419792 0.465741 0.420833 0.465741 0.421354 0.466667 0.422396 0.466667 0.422917 0.467593 0.423438 0.467593 0.423958 0.468519 0.424479 0.468519 0.425000 0.469444 0.425521 0.469444 0.426563 0.471296 0.427083 0.471296 0.428125 0.473148 0.428646 0.473148 0.429688 0.475000 0.430208 0.475000 0.431771 0.477778 0.432292 0.477778 0.434375 0.481481 0.434896 0.481481 0.436979 0.485185 0.437500 0.485185 0.439583 0.488889 0.440104 0.488889 0.443229 0.494444 0.443750 0.494444 0.447396 0.500926 0.447917 0.500926 0.451562 0.507407 0.452083 0.507407 0.457292 0.516667 0.457813 0.516667 0.463542 0.526852 0.464062 0.526852 0.470833 0.538889 0.471354 0.538889 0.478125 0.550926 0.478646 0.550926 0.482812 0.558333 0.483333 0.558333 0.485417 0.562037 0.485938 0.562037 0.486979 0.563889 0.487500 0.563889 0.488021 0.564815 0.492188 0.564815 0.492708 0.563889 0.493229 0.563889 0.494271 0.562037 0.494271 0.561111 0.494792 0.560185 0.494792 0.552778 0.494271 0.551852 0.494271 0.544444 0.493750 0.543519 0.493750 0.537037 0.493229 0.536111 0.493229 0.528704 0.491667 0.525926 0.491146 0.525926 0.485938 0.516667 0.485417 0.516667 0.477604 0.502778 0.477083 0.502778 0.469271 0.488889 0.468750 0.488889 0.460938 0.475000 0.460417 0.475000 0.452083 0.460185 0.451562 0.460185 0.443750 0.446296 0.443229 0.446296 0.435417 0.432407 0.434896 0.432407 0.425000 0.414815 0.424479 0.414815 0.423958 0.413889 0.423438 0.413889 0.422917 0.412963 0.422396 0.412963 0.421875 0.412037 0.421354 0.412037 0.420833 0.411111 0.419792 0.411111 0.419271 0.410185 0.416146 0.410185
0 0.581250 0.466204 0.155208 0.178704 0.580729 0.376852 0.580208 0.377778 0.579167 0.377778 0.578646 0.378704 0.577604 0.378704 0.577083 0.379630 0.576562 0.379630 0.576042 0.380556 0.575521 0.380556 0.575000 0.381481 0.574479 0.381481 0.574479 0.384259 0.575000 0.385185 0.575000 0.387963 0.575521 0.388889 0.575521 0.390741 0.576042 0.391667 0.576042 0.394444 0.576562 0.395370 0.576562 0.398148 0.577083 0.399074 0.577083 0.400000 0.576562 0.400926 0.576562 0.401852 0.576042 0.402778 0.576042 0.403704 0.574479 0.406481 0.574479 0.407407 0.564063 0.425926 0.563542 0.425926 0.550000 0.450000 0.549479 0.450000 0.536458 0.473148 0.535937 0.473148 0.522396 0.497222 0.521875 0.497222 0.509375 0.519444 0.508854 0.519444 0.503646 0.528704 0.503646 0.535185 0.504167 0.536111 0.504167 0.541667 0.504687 0.542593 0.504687 0.548148 0.505208 0.549074 0.505208 0.550000 0.507812 0.554630 0.508854 0.554630 0.509375 0.555556 0.510417 0.555556 0.510938 0.554630 0.511458 0.554630 0.511979 0.553704 0.512500 0.553704 0.515104 0.549074 0.515625 0.549074 0.525000 0.532407 0.525521 0.532407 0.535417 0.514815 0.535937 0.514815 0.543229 0.501852 0.543750 0.501852 0.549479 0.491667 0.550000 0.491667 0.554688 0.483333 0.555208 0.483333 0.558854 0.476852 0.559375 0.476852 0.561979 0.472222 0.562500 0.472222 0.565104 0.467593 0.565625 0.467593 0.567708 0.463889 0.568229 0.463889 0.569271 0.462037 0.569792 0.462037 0.571354 0.459259 0.571875 0.459259 0.572917 0.457407 0.573438 0.457407 0.573958 0.456481 0.574479 0.456481 0.575521 0.454630 0.576042 0.454630 0.576562 0.453704 0.577083 0.453704 0.577604 0.452778 0.578646 0.452778 0.579167 0.451852 0.580729 0.451852 0.581250 0.450926 0.584896 0.450926 0.585417 0.451852 0.586979 0.451852 0.587500 0.452778 0.588542 0.452778 0.589063 0.453704 0.589583 0.453704 0.590104 0.454630 0.590625 0.454630 0.591667 0.456481 0.592187 0.456481 0.592708 0.457407 0.593229 0.457407 0.594271 0.459259 0.594792 0.459259 0.596354 0.462037 0.596875 0.462037 0.598437 0.464815 0.598958 0.464815 0.601042 0.468519 0.601562 0.468519 0.604688 0.474074 0.605208 0.474074 0.608333 0.479630 0.608854 0.479630 0.613542 0.487963 0.614062 0.487963 0.619792 0.498148 0.620313 0.498148 0.629167 0.513889 0.629687 0.513889 0.642188 0.536111 0.642708 0.536111 0.647917 0.545370 0.648438 0.545370 0.650000 0.548148 0.650521 0.548148 0.651563 0.550000 0.652604 0.550000 0.653125 0.550926 0.655208 0.550926 0.655729 0.550000 0.656771 0.550000 0.658333 0.547222 0.658333 0.546296 0.658854 0.545370 0.658854 0.540741 0.658333 0.539815 0.658333 0.537963 0.657813 0.537037 0.657813 0.536111 0.657292 0.535185 0.657292 0.533333 0.656771 0.532407 0.656771 0.530556 0.656250 0.529630 0.656250 0.528704 0.655729 0.527778 0.655729 0.525926 0.655208 0.525000 0.655208 0.523148 0.654687 0.522222 0.654687 0.521296 0.654167 0.520370 0.654167 0.518519 0.653646 0.517593 0.653646 0.515741 0.653125 0.514815 0.653125 0.513889 0.652604 0.512963 0.652604 0.512037 0.650000 0.507407 0.649479 0.507407 0.635938 0.483333 0.635417 0.483333 0.620313 0.456481 0.619792 0.456481 0.604167 0.428704 0.603646 0.428704 0.584375 0.394444 0.584375 0.393519 0.583333 0.391667 0.583333 0.390741 0.582812 0.389815 0.582812 0.387963 0.582292 0.387037 0.582292 0.384259 0.581771 0.383333 0.581771 0.381481 0.581250 0.380556 0.581250 0.378704 0.580729 0.377778
0 0.746615 0.469444 0.166146 0.190741 0.748958 0.374074 0.748437 0.375000 0.747396 0.375000 0.746875 0.375926 0.746354 0.375926 0.745833 0.376852 0.744792 0.376852 0.743750 0.378704 0.743229 0.378704 0.742708 0.379630 0.742188 0.379630 0.741146 0.381481 0.740625 0.381481 0.739583 0.383333 0.739062 0.383333 0.738542 0.384259 0.738542 0.385185 0.738021 0.386111 0.738021 0.387963 0.736979 0.389815 0.736979 0.390741 0.727604 0.407407 0.727083 0.407407 0.718750 0.422222 0.718229 0.422222 0.709896 0.437037 0.709375 0.437037 0.701042 0.451852 0.700521 0.451852 0.692708 0.465741 0.692187 0.465741 0.683854 0.480556 0.683333 0.480556 0.675000 0.495370 0.674479 0.495370 0.667708 0.507407 0.667188 0.507407 0.663542 0.513889 0.664062 0.514815 0.664062 0.516667 0.664583 0.517593 0.664583 0.518519 0.665104 0.519444 0.665104 0.521296 0.665625 0.522222 0.665625 0.523148 0.666146 0.524074 0.666146 0.525926 0.666667 0.526852 0.666667 0.527778 0.667188 0.528704 0.667188 0.530556 0.667708 0.531481 0.667708 0.533333 0.668229 0.534259 0.668229 0.535185 0.668750 0.536111 0.668750 0.537963 0.669271 0.538889 0.669271 0.539815 0.669792 0.540741 0.669792 0.542593 0.670312 0.543519 0.670312 0.544444 0.670833 0.545370 0.670833 0.547222 0.671354 0.548148 0.671354 0.549074 0.671875 0.550000 0.671875 0.551852 0.672396 0.552778 0.672396 0.553704 0.672917 0.554630 0.672917 0.556481 0.673438 0.557407 0.673438 0.558333 0.673958 0.559259 0.673958 0.560185 0.676042 0.563889 0.677083 0.563889 0.677604 0.564815 0.678646 0.564815 0.679167 0.563889 0.679688 0.563889 0.680208 0.562963 0.680729 0.562963 0.681771 0.561111 0.682292 0.561111 0.685937 0.554630 0.686458 0.554630 0.693229 0.542593 0.693750 0.542593 0.701042 0.529630 0.701562 0.529630 0.707812 0.518519 0.708333 0.518519 0.713542 0.509259 0.714063 0.509259 0.718229 0.501852 0.718750 0.501852 0.722917 0.494444 0.723437 0.494444 0.726562 0.488889 0.727083 0.488889 0.730208 0.483333 0.730729 0.483333 0.733333 0.478704 0.733854 0.478704 0.735417 0.475926 0.735938 0.475926 0.738021 0.472222 0.738542 0.472222 0.740104 0.469444 0.740625 0.469444 0.741667 0.467593 0.742188 0.467593 0.743229 0.465741 0.743750 0.465741 0.744792 0.463889 0.745313 0.463889 0.745833 0.462963 0.746354 0.462963 0.746875 0.462037 0.747396 0.462037 0.747917 0.461111 0.748437 0.461111 0.748958 0.460185 0.750000 0.460185 0.750521 0.459259 0.752083 0.459259 0.752604 0.458333 0.756250 0.458333 0.756771 0.459259 0.758333 0.459259 0.758854 0.460185 0.759375 0.460185 0.759896 0.461111 0.760938 0.461111 0.761979 0.462963 0.762500 0.462963 0.763021 0.463889 0.763542 0.463889 0.764583 0.465741 0.765104 0.465741 0.766667 0.468519 0.767188 0.468519 0.768750 0.471296 0.769271 0.471296 0.771354 0.475000 0.771875 0.475000 0.775000 0.480556 0.775521 0.480556 0.779687 0.487963 0.780208 0.487963 0.786979 0.500000 0.787500 0.500000 0.809896 0.539815 0.810417 0.539815 0.818750 0.554630 0.819271 0.554630 0.820833 0.557407 0.821354 0.557407 0.822396 0.559259 0.823958 0.559259 0.824479 0.560185 0.825000 0.560185 0.825521 0.559259 0.826562 0.559259 0.827083 0.558333 0.827604 0.558333 0.829167 0.555556 0.829167 0.554630 0.829688 0.553704 0.829688 0.550000 0.829167 0.549074 0.829167 0.548148 0.828646 0.547222 0.828646 0.546296 0.827604 0.544444 0.827604 0.543519 0.826562 0.541667 0.826562 0.540741 0.825521 0.538889 0.825521 0.537963 0.824479 0.536111 0.824479 0.535185 0.823958 0.534259 0.823958 0.533333 0.822917 0.531481 0.822917 0.530556 0.821875 0.528704 0.821875 0.527778 0.820833 0.525926 0.820833 0.525000 0.819792 0.523148 0.819792 0.522222 0.819271 0.521296 0.819271 0.520370 0.818229 0.518519 0.818229 0.517593 0.817187 0.515741 0.817187 0.514815 0.816146 0.512963 0.816146 0.512037 0.815104 0.510185 0.815104 0.509259 0.814583 0.508333 0.814583 0.507407 0.813542 0.505556 0.813542 0.504630 0.812500 0.502778 0.812500 0.501852 0.811458 0.500000 0.811458 0.499074 0.810417 0.497222 0.810417 0.496296 0.809896 0.495370 0.809896 0.494444 0.808854 0.492593 0.808854 0.491667 0.807813 0.489815 0.807813 0.488889 0.806771 0.487037 0.806771 0.486111 0.805729 0.484259 0.805729 0.483333 0.778125 0.434259 0.778125 0.433333 0.775000 0.427778 0.775000 0.426852 0.774479 0.425926 0.774479 0.425000 0.773438 0.423148 0.773438 0.422222 0.772396 0.420370 0.772396 0.419444 0.771875 0.418519 0.771875 0.417593 0.770833 0.415741 0.770833 0.414815 0.769792 0.412963 0.769792 0.412037 0.769271 0.411111 0.769271 0.410185 0.768229 0.408333 0.768229 0.407407 0.767188 0.405556 0.767188 0.404630 0.766667 0.403704 0.766667 0.402778 0.765625 0.400926 0.765625 0.400000 0.764583 0.398148 0.764583 0.397222 0.764062 0.396296 0.764062 0.395370 0.763021 0.393519 0.763021 0.392593 0.761979 0.390741 0.761979 0.389815 0.761458 0.388889 0.761458 0.387963 0.760417 0.386111 0.760417 0.385185 0.759375 0.383333 0.759375 0.382407 0.758854 0.381481 0.758854 0.380556 0.757812 0.378704 0.757812 0.377778 0.756250 0.375000 0.755208 0.375000 0.754687 0.374074
0 0.163021 0.473148 0.161458 0.144444 0.085417 0.400926 0.085417 0.401852 0.084896 0.402778 0.084896 0.403704 0.083854 0.405556 0.083854 0.406481 0.083333 0.407407 0.083333 0.408333 0.082812 0.409259 0.082812 0.410185 0.082292 0.411111 0.082292 0.412963 0.082812 0.413889 0.082812 0.415741 0.083854 0.417593 0.083854 0.418519 0.090104 0.429630 0.090625 0.429630 0.094792 0.437037 0.095312 0.437037 0.098958 0.443519 0.099479 0.443519 0.103646 0.450926 0.104167 0.450926 0.107813 0.457407 0.108333 0.457407 0.112500 0.464815 0.113021 0.464815 0.116667 0.471296 0.117188 0.471296 0.121354 0.478704 0.121875 0.478704 0.125521 0.485185 0.126042 0.485185 0.130208 0.492593 0.130729 0.492593 0.134375 0.499074 0.134896 0.499074 0.138542 0.505556 0.139063 0.505556 0.143229 0.512963 0.143750 0.512963 0.147396 0.519444 0.147917 0.519444 0.152083 0.526852 0.152604 0.526852 0.156250 0.533333 0.156771 0.533333 0.159375 0.537963 0.159896 0.537963 0.161979 0.541667 0.162500 0.541667 0.163542 0.543519 0.164062 0.543519 0.164583 0.544444 0.165104 0.544444 0.165625 0.545370 0.167708 0.545370 0.168229 0.544444 0.169271 0.544444 0.170833 0.541667 0.171354 0.541667 0.226562 0.443519 0.226562 0.442593 0.240625 0.417593 0.240625 0.416667 0.241667 0.414815 0.241667 0.413889 0.242188 0.412963 0.242188 0.412037 0.242708 0.411111 0.242708 0.409259 0.243229 0.408333 0.243229 0.406481 0.243750 0.405556 0.243750 0.403704 0.240625 0.403704 0.240104 0.404630 0.238542 0.404630 0.238021 0.405556 0.237500 0.405556 0.236979 0.406481 0.235937 0.406481 0.235417 0.407407 0.234896 0.407407 0.233854 0.409259 0.233333 0.409259 0.232292 0.411111 0.231771 0.411111 0.230729 0.412963 0.230208 0.412963 0.228646 0.415741 0.228125 0.415741 0.225521 0.420370 0.225000 0.420370 0.222396 0.425000 0.221875 0.425000 0.217188 0.433333 0.216667 0.433333 0.208333 0.448148 0.207813 0.448148 0.173437 0.509259 0.172917 0.509259 0.171875 0.511111 0.171354 0.511111 0.170833 0.512037 0.168750 0.512037 0.168229 0.511111 0.167708 0.511111 0.167187 0.510185 0.166667 0.510185 0.164583 0.506481 0.164583 0.505556 0.164062 0.504630 0.164062 0.502778 0.163542 0.501852 0.163542 0.500926 0.164062 0.500000 0.164062 0.498148 0.164583 0.497222 0.164583 0.496296 0.165104 0.495370 0.165104 0.493519 0.165625 0.492593 0.165625 0.491667 0.166146 0.490741 0.166146 0.489815 0.166667 0.488889 0.166667 0.487037 0.167187 0.486111 0.167187 0.485185 0.167708 0.484259 0.167708 0.482407 0.168229 0.481481 0.168229 0.480556 0.168750 0.479630 0.168750 0.478704 0.169271 0.477778 0.169271 0.475926 0.169792 0.475000 0.169792 0.474074 0.170313 0.473148 0.170313 0.471296 0.170833 0.470370 0.170833 0.469444 0.171354 0.468519 0.171354 0.466667 0.171875 0.465741 0.171875 0.464815 0.172396 0.463889 0.172396 0.462963 0.172917 0.462037 0.172917 0.460185 0.173437 0.459259 0.173437 0.458333 0.173958 0.457407 0.173958 0.455556 0.174479 0.454630 0.174479 0.453704 0.175000 0.452778 0.175000 0.451852 0.175521 0.450926 0.175521 0.450000 0.171875 0.456481 0.171354 0.456481 0.170313 0.458333 0.169792 0.458333 0.169271 0.459259 0.166667 0.459259 0.166146 0.458333 0.165625 0.459259 0.165625 0.460185 0.165104 0.461111 0.165104 0.462037 0.164583 0.462963 0.164583 0.464815 0.164062 0.465741 0.164062 0.466667 0.163542 0.467593 0.163542 0.468519 0.163021 0.469444 0.163021 0.470370 0.162500 0.471296 0.162500 0.473148 0.161979 0.474074 0.161979 0.475000 0.161458 0.475926 0.161458 0.476852 0.160938 0.477778 0.160938 0.479630 0.160417 0.480556 0.160417 0.481481 0.159896 0.482407 0.159896 0.483333 0.159375 0.484259 0.159375 0.486111 0.158854 0.487037 0.158854 0.487963 0.158333 0.488889 0.158333 0.489815 0.157812 0.490741 0.157812 0.491667 0.155729 0.495370 0.155208 0.495370 0.154688 0.496296 0.151562 0.496296 0.151042 0.495370 0.150521 0.495370 0.150000 0.494444 0.149479 0.494444 0.148438 0.492593 0.147917 0.492593 0.146875 0.490741 0.146354 0.490741 0.143750 0.486111 0.143229 0.486111 0.140104 0.480556 0.139583 0.480556 0.135937 0.474074 0.135417 0.474074 0.131250 0.466667 0.130729 0.466667 0.127083 0.460185 0.126562 0.460185 0.122917 0.453704 0.122396 0.453704 0.118750 0.447222 0.118229 0.447222 0.115104 0.441667 0.114583 0.441667 0.111458 0.436111 0.110937 0.436111 0.108333 0.431481 0.107813 0.431481 0.105208 0.426852 0.104688 0.426852 0.102604 0.423148 0.102083 0.423148 0.099479 0.418519 0.098958 0.418519 0.097396 0.415741 0.096875 0.415741 0.094792 0.412037 0.094271 0.412037 0.092708 0.409259 0.092188 0.409259 0.090625 0.406481 0.090104 0.406481 0.089063 0.404630 0.088542 0.404630 0.087500 0.402778 0.086979 0.402778 0.085938 0.400926
0 0.335677 0.475463 0.139063 0.117593 0.405208 0.416667 0.404167 0.418519 0.403646 0.418519 0.402083 0.421296 0.401562 0.421296 0.400000 0.424074 0.399479 0.424074 0.396875 0.428704 0.396354 0.428704 0.393229 0.434259 0.392708 0.434259 0.389062 0.440741 0.388542 0.440741 0.382812 0.450926 0.382292 0.450926 0.373437 0.466667 0.372917 0.466667 0.352083 0.503704 0.351562 0.503704 0.344792 0.515741 0.344271 0.515741 0.343229 0.517593 0.342708 0.517593 0.342187 0.518519 0.340625 0.518519 0.340104 0.517593 0.339583 0.517593 0.339062 0.516667 0.338542 0.516667 0.336458 0.512963 0.336458 0.512037 0.335938 0.511111 0.335938 0.510185 0.335417 0.509259 0.335417 0.505556 0.335938 0.504630 0.335938 0.499074 0.336458 0.498148 0.336458 0.492593 0.336979 0.491667 0.336979 0.485185 0.337500 0.484259 0.337500 0.478704 0.338021 0.477778 0.338021 0.472222 0.338542 0.471296 0.338542 0.468519 0.338021 0.469444 0.337500 0.469444 0.336458 0.471296 0.335938 0.471296 0.335417 0.472222 0.334896 0.472222 0.334375 0.473148 0.332292 0.473148 0.331771 0.472222 0.331250 0.472222 0.330729 0.471296 0.330208 0.471296 0.328646 0.468519 0.328125 0.468519 0.327604 0.469444 0.327604 0.475000 0.327083 0.475926 0.327083 0.481481 0.326562 0.482407 0.326562 0.487963 0.326042 0.488889 0.326042 0.494444 0.325521 0.495370 0.325521 0.500000 0.325000 0.500926 0.325000 0.501852 0.324479 0.502778 0.324479 0.503704 0.323437 0.505556 0.322917 0.505556 0.322396 0.506481 0.321354 0.506481 0.320833 0.507407 0.319271 0.507407 0.318750 0.506481 0.317708 0.506481 0.317188 0.505556 0.316667 0.505556 0.315625 0.503704 0.315104 0.503704 0.313542 0.500926 0.313021 0.500926 0.309896 0.495370 0.309375 0.495370 0.304688 0.487037 0.304167 0.487037 0.298958 0.477778 0.298438 0.477778 0.293750 0.469444 0.293229 0.469444 0.288542 0.461111 0.288021 0.461111 0.283854 0.453704 0.283333 0.453704 0.279687 0.447222 0.279167 0.447222 0.275521 0.440741 0.275000 0.440741 0.272396 0.436111 0.271875 0.436111 0.269271 0.431481 0.273958 0.439815 0.274479 0.439815 0.280208 0.450000 0.280729 0.450000 0.285938 0.459259 0.286458 0.459259 0.291667 0.468519 0.292187 0.468519 0.297396 0.477778 0.297917 0.477778 0.303125 0.487037 0.303646 0.487037 0.308854 0.496296 0.309375 0.496296 0.315104 0.506481 0.315625 0.506481 0.320833 0.515741 0.321354 0.515741 0.326042 0.524074 0.326562 0.524074 0.329688 0.529630 0.330208 0.529630 0.331771 0.532407 0.332292 0.532407 0.332813 0.533333 0.333333 0.533333 0.333854 0.534259 0.336979 0.534259 0.338021 0.532407 0.338542 0.532407 0.340104 0.529630 0.340625 0.529630 0.353125 0.507407 0.353646 0.507407 0.390104 0.442593 0.390625 0.442593
0 0.501563 0.457407 0.150000 0.150000 0.573958 0.382407 0.573438 0.383333 0.572917 0.383333 0.571875 0.385185 0.571354 0.385185 0.570312 0.387037 0.569792 0.387037 0.568229 0.389815 0.567708 0.389815 0.565104 0.394444 0.564583 0.394444 0.562500 0.398148 0.561979 0.398148 0.558854 0.403704 0.558333 0.403704 0.554167 0.411111 0.553646 0.411111 0.548958 0.419444 0.548438 0.419444 0.541667 0.431481 0.541146 0.431481 0.532292 0.447222 0.531771 0.447222 0.519271 0.469444 0.518750 0.469444 0.513542 0.478704 0.513021 0.478704 0.511458 0.481481 0.510417 0.481481 0.509896 0.482407 0.509375 0.482407 0.508854 0.481481 0.507812 0.481481 0.506771 0.479630 0.506250 0.479630 0.505208 0.477778 0.505208 0.476852 0.504167 0.475000 0.504167 0.471296 0.503646 0.470370 0.503646 0.464815 0.503125 0.463889 0.503125 0.457407 0.502604 0.456481 0.502604 0.455556 0.501563 0.457407 0.501042 0.457407 0.500000 0.459259 0.496354 0.459259 0.495833 0.458333 0.495312 0.458333 0.493750 0.455556 0.493229 0.455556 0.493229 0.458333 0.493750 0.459259 0.493750 0.465741 0.494271 0.466667 0.494271 0.473148 0.494792 0.474074 0.494792 0.480556 0.495312 0.481481 0.495312 0.487963 0.495833 0.488889 0.495833 0.495370 0.496354 0.496296 0.496354 0.502778 0.496875 0.503704 0.496875 0.505556 0.496354 0.506481 0.496354 0.508333 0.493750 0.512963 0.492708 0.512963 0.492188 0.513889 0.490625 0.513889 0.490104 0.512963 0.489063 0.512963 0.488542 0.512037 0.488021 0.512037 0.486979 0.510185 0.486458 0.510185 0.484896 0.507407 0.484375 0.507407 0.480208 0.500000 0.479687 0.500000 0.472396 0.487037 0.471875 0.487037 0.464062 0.473148 0.463542 0.473148 0.457292 0.462037 0.456771 0.462037 0.451562 0.452778 0.451042 0.452778 0.446875 0.445370 0.446354 0.445370 0.443229 0.439815 0.442708 0.439815 0.439583 0.434259 0.439063 0.434259 0.436458 0.429630 0.435937 0.429630 0.433854 0.425926 0.433333 0.425926 0.431771 0.423148 0.431250 0.423148 0.429688 0.420370 0.429167 0.420370 0.428125 0.418519 0.427604 0.418519 0.426563 0.416667 0.434896 0.431481 0.435417 0.431481 0.443229 0.445370 0.443750 0.445370 0.451562 0.459259 0.452083 0.459259 0.460417 0.474074 0.460938 0.474074 0.468750 0.487963 0.469271 0.487963 0.477083 0.501852 0.477604 0.501852 0.485417 0.515741 0.485938 0.515741 0.491146 0.525000 0.491667 0.525000 0.494271 0.529630 0.494792 0.529630 0.495833 0.531481 0.496354 0.531481 0.496875 0.532407 0.499479 0.532407 0.500000 0.531481 0.500521 0.531481 0.501042 0.530556 0.501563 0.530556 0.503125 0.527778 0.503646 0.527778 0.508854 0.518519 0.509375 0.518519 0.521875 0.496296 0.522396 0.496296 0.535937 0.472222 0.536458 0.472222 0.549479 0.449074 0.550000 0.449074 0.563542 0.425000 0.564063 0.425000 0.573958 0.407407 0.573958 0.406481 0.575521 0.403704 0.575521 0.402778 0.576042 0.401852 0.576042 0.400926 0.576562 0.400000 0.576562 0.399074 0.576042 0.398148 0.576042 0.395370 0.575521 0.394444 0.575521 0.391667 0.575000 0.390741 0.575000 0.388889 0.574479 0.387963 0.574479 0.385185 0.573958 0.384259
0 0.659635 0.447222 0.156771 0.140741 0.581250 0.376852 0.581250 0.377778 0.581771 0.378704 0.581771 0.380556 0.582292 0.381481 0.582292 0.383333 0.582812 0.384259 0.582812 0.387037 0.583333 0.387963 0.583333 0.389815 0.583854 0.390741 0.583854 0.391667 0.584896 0.393519 0.584896 0.394444 0.603646 0.427778 0.604167 0.427778 0.619792 0.455556 0.620313 0.455556 0.635417 0.482407 0.635938 0.482407 0.649479 0.506481 0.650000 0.506481 0.654167 0.513889 0.654687 0.513889 0.655729 0.515741 0.656250 0.515741 0.656771 0.516667 0.657813 0.516667 0.658333 0.517593 0.658854 0.517593 0.659375 0.516667 0.660417 0.516667 0.660937 0.515741 0.661458 0.515741 0.663021 0.512963 0.663542 0.512963 0.667188 0.506481 0.667708 0.506481 0.674479 0.494444 0.675000 0.494444 0.683333 0.479630 0.683854 0.479630 0.692187 0.464815 0.692708 0.464815 0.700521 0.450926 0.701042 0.450926 0.709375 0.436111 0.709896 0.436111 0.718229 0.421296 0.718750 0.421296 0.727083 0.406481 0.727604 0.406481 0.736458 0.390741 0.736458 0.389815 0.737500 0.387963 0.737500 0.386111 0.738021 0.385185 0.737500 0.386111 0.736979 0.386111 0.735417 0.388889 0.734896 0.388889 0.732812 0.392593 0.732292 0.392593 0.729688 0.397222 0.729167 0.397222 0.726562 0.401852 0.726042 0.401852 0.722917 0.407407 0.722396 0.407407 0.718229 0.414815 0.717708 0.414815 0.713021 0.423148 0.712500 0.423148 0.707292 0.432407 0.706771 0.432407 0.700000 0.444444 0.699479 0.444444 0.691146 0.459259 0.690625 0.459259 0.683854 0.471296 0.683333 0.471296 0.679688 0.477778 0.679167 0.477778 0.678125 0.479630 0.677083 0.479630 0.676562 0.480556 0.676042 0.480556 0.675521 0.479630 0.674479 0.479630 0.671354 0.474074 0.671354 0.473148 0.670833 0.472222 0.670833 0.471296 0.670312 0.470370 0.670312 0.468519 0.669792 0.467593 0.669792 0.466667 0.669271 0.465741 0.669271 0.464815 0.668750 0.463889 0.668750 0.462963 0.667708 0.464815 0.667188 0.464815 0.666146 0.466667 0.665104 0.466667 0.664583 0.467593 0.663542 0.467593 0.663021 0.466667 0.662500 0.466667 0.661979 0.465741 0.661458 0.465741 0.660417 0.463889 0.659896 0.463889 0.658333 0.461111 0.658333 0.462037 0.658854 0.462963 0.658854 0.463889 0.659375 0.464815 0.659375 0.466667 0.659896 0.467593 0.659896 0.470370 0.659375 0.471296 0.659375 0.472222 0.658854 0.473148 0.658854 0.474074 0.657813 0.475926 0.657292 0.475926 0.656771 0.476852 0.656250 0.476852 0.655729 0.477778 0.653125 0.477778 0.652604 0.476852 0.652083 0.476852 0.651563 0.475926 0.651042 0.475926 0.649479 0.473148 0.648958 0.473148 0.645312 0.466667 0.644792 0.466667 0.631250 0.442593 0.630729 0.442593 0.620313 0.424074 0.619792 0.424074 0.613021 0.412037 0.612500 0.412037 0.608333 0.404630 0.607812 0.404630 0.604167 0.398148 0.603646 0.398148 0.601042 0.393519 0.600521 0.393519 0.598437 0.389815 0.597917 0.389815 0.596354 0.387037 0.595833 0.387037 0.594271 0.384259 0.593750 0.384259 0.592708 0.382407 0.592187 0.382407 0.591667 0.381481 0.591146 0.381481 0.590625 0.380556 0.590104 0.380556 0.589583 0.379630 0.589063 0.379630 0.588542 0.378704 0.588021 0.378704 0.587500 0.377778 0.586458 0.377778 0.585938 0.376852
0 0.842187 0.462963 0.169792 0.174074 0.757292 0.375926 0.758333 0.377778 0.758333 0.378704 0.759375 0.380556 0.759375 0.381481 0.759896 0.382407 0.759896 0.383333 0.760938 0.385185 0.760938 0.386111 0.761979 0.387963 0.761979 0.388889 0.762500 0.389815 0.762500 0.390741 0.763542 0.392593 0.763542 0.393519 0.764583 0.395370 0.764583 0.396296 0.765104 0.397222 0.765104 0.398148 0.766146 0.400000 0.766146 0.400926 0.767188 0.402778 0.767188 0.403704 0.767708 0.404630 0.767708 0.405556 0.768750 0.407407 0.768750 0.408333 0.769792 0.410185 0.769792 0.411111 0.770312 0.412037 0.770312 0.412963 0.771354 0.414815 0.771354 0.415741 0.772396 0.417593 0.772396 0.418519 0.772917 0.419444 0.772917 0.420370 0.773958 0.422222 0.773958 0.423148 0.775000 0.425000 0.775000 0.425926 0.775521 0.426852 0.775521 0.427778 0.778646 0.433333 0.778646 0.434259 0.839063 0.541667 0.839583 0.541667 0.842708 0.547222 0.843229 0.547222 0.844271 0.549074 0.844792 0.549074 0.845313 0.550000 0.847396 0.550000 0.847917 0.549074 0.848437 0.549074 0.848958 0.548148 0.849479 0.548148 0.851042 0.545370 0.851562 0.545370 0.854688 0.539815 0.855208 0.539815 0.859896 0.531481 0.860417 0.531481 0.865625 0.522222 0.866146 0.522222 0.871875 0.512037 0.872396 0.512037 0.878125 0.501852 0.878646 0.501852 0.883854 0.492593 0.884375 0.492593 0.890104 0.482407 0.890625 0.482407 0.896354 0.472222 0.896875 0.472222 0.902083 0.462963 0.902604 0.462963 0.908333 0.452778 0.908854 0.452778 0.914583 0.442593 0.915104 0.442593 0.921875 0.430556 0.922396 0.430556 0.924479 0.426852 0.924479 0.425926 0.926562 0.422222 0.926562 0.421296 0.927083 0.420370 0.927083 0.416667 0.926562 0.415741 0.926562 0.414815 0.926042 0.413889 0.926042 0.412963 0.922917 0.407407 0.917188 0.417593 0.916667 0.417593 0.910937 0.427778 0.910417 0.427778 0.904687 0.437963 0.904167 0.437963 0.898438 0.448148 0.897917 0.448148 0.892708 0.457407 0.892188 0.457407 0.886458 0.467593 0.885938 0.467593 0.880208 0.477778 0.879687 0.477778 0.873958 0.487963 0.873437 0.487963 0.869271 0.495370 0.868750 0.495370 0.866146 0.500000 0.865625 0.500000 0.864062 0.502778 0.863542 0.502778 0.863021 0.503704 0.862500 0.503704 0.861979 0.504630 0.859896 0.504630 0.859375 0.503704 0.858854 0.503704 0.858333 0.502778 0.857812 0.502778 0.855729 0.499074 0.855208 0.499074 0.819271 0.435185 0.819271 0.434259 0.807813 0.413889 0.808854 0.415741 0.808854 0.416667 0.809896 0.418519 0.809896 0.419444 0.810937 0.421296 0.810937 0.422222 0.812500 0.425000 0.812500 0.425926 0.813542 0.427778 0.813542 0.428704 0.814583 0.430556 0.814583 0.431481 0.815625 0.433333 0.815625 0.434259 0.817187 0.437037 0.817187 0.437963 0.818229 0.439815 0.818229 0.440741 0.819271 0.442593 0.819271 0.443519 0.820312 0.445370 0.820312 0.446296 0.821875 0.449074 0.821875 0.450000 0.822917 0.451852 0.822917 0.452778 0.823958 0.454630 0.823958 0.455556 0.825000 0.457407 0.825000 0.458333 0.826042 0.460185 0.826042 0.461111 0.827083 0.462963 0.827083 0.463889 0.827604 0.464815 0.827604 0.468519 0.827083 0.469444 0.827083 0.470370 0.824479 0.475000 0.823438 0.475000 0.822917 0.475926 0.821354 0.475926 0.820833 0.475000 0.819792 0.475000 0.819271 0.474074 0.818750 0.474074 0.817187 0.471296 0.816667 0.471296 0.793229 0.429630 0.792708 0.429630 0.780208 0.407407 0.779687 0.407407 0.774479 0.398148 0.773958 0.398148 0.770312 0.391667 0.769792 0.391667 0.767188 0.387037 0.766667 0.387037 0.765104 0.384259 0.764583 0.384259 0.763021 0.381481 0.762500 0.381481 0.761458 0.379630 0.760938 0.379630 0.760417 0.378704 0.759896 0.378704 0.758854 0.376852 0.758333 0.376852 0.757812 0.375926
0 0.082812 0.404167 0.165625 0.193519 0.074479 0.307407 0.073958 0.308333 0.073438 0.308333 0.072396 0.310185 0.072396 0.311111 0.070833 0.313889 0.070833 0.314815 0.069792 0.316667 0.069792 0.317593 0.068750 0.319444 0.068750 0.320370 0.067708 0.322222 0.067708 0.323148 0.066146 0.325926 0.066146 0.326852 0.065104 0.328704 0.065104 0.329630 0.064062 0.331481 0.064062 0.332407 0.063021 0.334259 0.063021 0.335185 0.061458 0.337963 0.061458 0.338889 0.060417 0.340741 0.060417 0.341667 0.059375 0.343519 0.059375 0.344444 0.058333 0.346296 0.058333 0.347222 0.057292 0.349074 0.057292 0.350000 0.055729 0.352778 0.055729 0.353704 0.054688 0.355556 0.054688 0.356481 0.053646 0.358333 0.053646 0.359259 0.052604 0.361111 0.052604 0.362037 0.051042 0.364815 0.051042 0.365741 0.050000 0.367593 0.050000 0.368519 0.048958 0.370370 0.048958 0.371296 0.047917 0.373148 0.047917 0.374074 0.046875 0.375926 0.046875 0.376852 0.045312 0.379630 0.045312 0.380556 0.044271 0.382407 0.044271 0.383333 0.043229 0.385185 0.043229 0.386111 0.042188 0.387963 0.042188 0.388889 0.040625 0.391667 0.040625 0.392593 0.039583 0.394444 0.039583 0.395370 0.038542 0.397222 0.038542 0.398148 0.037500 0.400000 0.037500 0.400926 0.035937 0.403704 0.035937 0.404630 0.034896 0.406481 0.034896 0.407407 0.030208 0.415741 0.030208 0.416667 0.019271 0.436111 0.019271 0.437037 0.013542 0.447222 0.013542 0.448148 0.011979 0.450926 0.011979 0.451852 0.010937 0.453704 0.010937 0.454630 0.009896 0.456481 0.009896 0.457407 0.008333 0.460185 0.008333 0.461111 0.007292 0.462963 0.007292 0.463889 0.006250 0.465741 0.006250 0.466667 0.004687 0.469444 0.004687 0.470370 0.003646 0.472222 0.003646 0.473148 0.002604 0.475000 0.002604 0.475926 0.001042 0.478704 0.001042 0.479630 0.000000 0.481481 0.000000 0.498148 0.001042 0.500000 0.002083 0.500000 0.002604 0.500926 0.003646 0.500926 0.004167 0.500000 0.004687 0.500000 0.005208 0.499074 0.005729 0.499074 0.021875 0.470370 0.021875 0.469444 0.047396 0.424074 0.047917 0.424074 0.054167 0.412963 0.054688 0.412963 0.057813 0.407407 0.058333 0.407407 0.060417 0.403704 0.060937 0.403704 0.062500 0.400926 0.063021 0.400926 0.064062 0.399074 0.064583 0.399074 0.065625 0.397222 0.066146 0.397222 0.067187 0.395370 0.068229 0.395370 0.068750 0.394444 0.069271 0.394444 0.069792 0.393519 0.070833 0.393519 0.071354 0.392593 0.077083 0.392593 0.077604 0.393519 0.078646 0.393519 0.079167 0.394444 0.080208 0.394444 0.080729 0.395370 0.081250 0.395370 0.081771 0.396296 0.082292 0.396296 0.082812 0.397222 0.083333 0.397222 0.083854 0.398148 0.084375 0.398148 0.085417 0.400000 0.085938 0.400000 0.086979 0.401852 0.087500 0.401852 0.088542 0.403704 0.089063 0.403704 0.090104 0.405556 0.090625 0.405556 0.092188 0.408333 0.092708 0.408333 0.094271 0.411111 0.094792 0.411111 0.096875 0.414815 0.097396 0.414815 0.098958 0.417593 0.099479 0.417593 0.102083 0.422222 0.102604 0.422222 0.104688 0.425926 0.105208 0.425926 0.107813 0.430556 0.108333 0.430556 0.110937 0.435185 0.111458 0.435185 0.114583 0.440741 0.115104 0.440741 0.118229 0.446296 0.118750 0.446296 0.122396 0.452778 0.122917 0.452778 0.126562 0.459259 0.127083 0.459259 0.130729 0.465741 0.131250 0.465741 0.135417 0.473148 0.135937 0.473148 0.139583 0.479630 0.140104 0.479630 0.143229 0.485185 0.143750 0.485185 0.146354 0.489815 0.146875 0.489815 0.147917 0.491667 0.148438 0.491667 0.149479 0.493519 0.150000 0.493519 0.150521 0.494444 0.151042 0.494444 0.151562 0.495370 0.154688 0.495370 0.155208 0.494444 0.155729 0.494444 0.157292 0.491667 0.157292 0.490741 0.157812 0.489815 0.157812 0.488889 0.158333 0.487963 0.158333 0.487037 0.158854 0.486111 0.158854 0.484259 0.159375 0.483333 0.159375 0.482407 0.159896 0.481481 0.159896 0.480556 0.160417 0.479630 0.160417 0.477778 0.160938 0.476852 0.160938 0.475926 0.161458 0.475000 0.161458 0.474074 0.161979 0.473148 0.161979 0.471296 0.162500 0.470370 0.162500 0.469444 0.163021 0.468519 0.163021 0.467593 0.163542 0.466667 0.163542 0.465741 0.164062 0.464815 0.164062 0.462963 0.164583 0.462037 0.164583 0.461111 0.165104 0.460185 0.165104 0.459259 0.165625 0.458333 0.165104 0.457407 0.164583 0.457407 0.163542 0.455556 0.163021 0.455556 0.160938 0.451852 0.160417 0.451852 0.157292 0.446296 0.156771 0.446296 0.153125 0.439815 0.152604 0.439815 0.148438 0.432407 0.147917 0.432407 0.143750 0.425000 0.143229 0.425000 0.138542 0.416667 0.138021 0.416667 0.133854 0.409259 0.133333 0.409259 0.129167 0.401852 0.128646 0.401852 0.124479 0.394444 0.123958 0.394444 0.119792 0.387037 0.119271 0.387037 0.115104 0.379630 0.114583 0.379630 0.110417 0.372222 0.109896 0.372222 0.105729 0.364815 0.105208 0.364815 0.100521 0.356481 0.100000 0.356481 0.095833 0.349074 0.095312 0.349074 0.090104 0.339815 0.089583 0.339815 0.085417 0.332407 0.085417 0.331481 0.084375 0.329630 0.084375 0.328704 0.083854 0.327778 0.083854 0.322222 0.084375 0.321296 0.084375 0.320370 0.085417 0.318519 0.085417 0.317593 0.086458 0.315741 0.086458 0.314815 0.085938 0.314815 0.085417 0.313889 0.084896 0.313889 0.083854 0.312037 0.083333 0.312037 0.082812 0.311111 0.082292 0.311111 0.081771 0.310185 0.080729 0.310185 0.080208 0.309259 0.079167 0.309259 0.078646 0.308333 0.076042 0.308333 0.075521 0.307407
0 0.245833 0.419444 0.163542 0.183333 0.242708 0.327778 0.241667 0.329630 0.241667 0.330556 0.237500 0.337963 0.237500 0.338889 0.207813 0.391667 0.207813 0.392593 0.176042 0.449074 0.176042 0.450926 0.175521 0.451852 0.175521 0.452778 0.175000 0.453704 0.175000 0.454630 0.174479 0.455556 0.174479 0.457407 0.173958 0.458333 0.173958 0.459259 0.173437 0.460185 0.173437 0.462037 0.172917 0.462963 0.172917 0.463889 0.172396 0.464815 0.172396 0.465741 0.171875 0.466667 0.171875 0.468519 0.171354 0.469444 0.171354 0.470370 0.170833 0.471296 0.170833 0.473148 0.170313 0.474074 0.170313 0.475000 0.169792 0.475926 0.169792 0.477778 0.169271 0.478704 0.169271 0.479630 0.168750 0.480556 0.168750 0.481481 0.168229 0.482407 0.168229 0.484259 0.167708 0.485185 0.167708 0.486111 0.167187 0.487037 0.167187 0.488889 0.166667 0.489815 0.166667 0.490741 0.166146 0.491667 0.166146 0.492593 0.165625 0.493519 0.165625 0.495370 0.165104 0.496296 0.165104 0.497222 0.164583 0.498148 0.164583 0.500000 0.164062 0.500926 0.164062 0.501852 0.164583 0.502778 0.164583 0.504630 0.165104 0.505556 0.165104 0.506481 0.166667 0.509259 0.167187 0.509259 0.167708 0.510185 0.168229 0.510185 0.168750 0.511111 0.170833 0.511111 0.171354 0.510185 0.171875 0.510185 0.172917 0.508333 0.173437 0.508333 0.207813 0.447222 0.208333 0.447222 0.216667 0.432407 0.217188 0.432407 0.221875 0.424074 0.222396 0.424074 0.225000 0.419444 0.225521 0.419444 0.228125 0.414815 0.228646 0.414815 0.230208 0.412037 0.230729 0.412037 0.231771 0.410185 0.232292 0.410185 0.233333 0.408333 0.233854 0.408333 0.234896 0.406481 0.235417 0.406481 0.235937 0.405556 0.236979 0.405556 0.237500 0.404630 0.238021 0.404630 0.238542 0.403704 0.240104 0.403704 0.240625 0.402778 0.245312 0.402778 0.245833 0.403704 0.246875 0.403704 0.247396 0.404630 0.248438 0.404630 0.248958 0.405556 0.249479 0.405556 0.250000 0.406481 0.250521 0.406481 0.251042 0.407407 0.251563 0.407407 0.252083 0.408333 0.252604 0.408333 0.253646 0.410185 0.254167 0.410185 0.255208 0.412037 0.255729 0.412037 0.256771 0.413889 0.257292 0.413889 0.258854 0.416667 0.259375 0.416667 0.260937 0.419444 0.261458 0.419444 0.263021 0.422222 0.263542 0.422222 0.265625 0.425926 0.266146 0.425926 0.268750 0.430556 0.269271 0.430556 0.271875 0.435185 0.272396 0.435185 0.275000 0.439815 0.275521 0.439815 0.279167 0.446296 0.279687 0.446296 0.283333 0.452778 0.283854 0.452778 0.288021 0.460185 0.288542 0.460185 0.293229 0.468519 0.293750 0.468519 0.298438 0.476852 0.298958 0.476852 0.304167 0.486111 0.304688 0.486111 0.309375 0.494444 0.309896 0.494444 0.313021 0.500000 0.313542 0.500000 0.315104 0.502778 0.315625 0.502778 0.316667 0.504630 0.317188 0.504630 0.317708 0.505556 0.318750 0.505556 0.319271 0.506481 0.320833 0.506481 0.321354 0.505556 0.322396 0.505556 0.322917 0.504630 0.323437 0.504630 0.323958 0.503704 0.323958 0.502778 0.324479 0.501852 0.324479 0.500926 0.325000 0.500000 0.325000 0.495370 0.325521 0.494444 0.325521 0.488889 0.326042 0.487963 0.326042 0.482407 0.326562 0.481481 0.326562 0.475926 0.327083 0.475000 0.327083 0.469444 0.327604 0.468519 0.327604 0.467593 0.325521 0.463889 0.325000 0.463889 0.320312 0.455556 0.319792 0.455556 0.314063 0.445370 0.313542 0.445370 0.307812 0.435185 0.307292 0.435185 0.301563 0.425000 0.301042 0.425000 0.295312 0.414815 0.294792 0.414815 0.289062 0.404630 0.288542 0.404630 0.282813 0.394444 0.282292 0.394444 0.276562 0.384259 0.276042 0.384259 0.270313 0.374074 0.269792 0.374074 0.263542 0.362963 0.263021 0.362963 0.252083 0.343519 0.252083 0.342593 0.251563 0.341667 0.251563 0.339815 0.251042 0.338889 0.251042 0.337037 0.251563 0.336111 0.251563 0.333333 0.251042 0.333333 0.250521 0.332407 0.250000 0.332407 0.249479 0.331481 0.248958 0.331481 0.248438 0.330556 0.247917 0.330556 0.247396 0.329630 0.246875 0.329630 0.246354 0.328704 0.245312 0.328704 0.244792 0.327778
0 0.416146 0.414815 0.160417 0.205556 0.414583 0.312037 0.414062 0.312963 0.411979 0.312963 0.411458 0.313889 0.411458 0.337963 0.410938 0.338889 0.410938 0.339815 0.409896 0.341667 0.409896 0.342593 0.347396 0.453704 0.346875 0.453704 0.339062 0.467593 0.339062 0.471296 0.338542 0.472222 0.338542 0.477778 0.338021 0.478704 0.338021 0.484259 0.337500 0.485185 0.337500 0.491667 0.336979 0.492593 0.336979 0.498148 0.336458 0.499074 0.336458 0.504630 0.335938 0.505556 0.335938 0.509259 0.336458 0.510185 0.336458 0.511111 0.336979 0.512037 0.336979 0.512963 0.338542 0.515741 0.339062 0.515741 0.339583 0.516667 0.340104 0.516667 0.340625 0.517593 0.342187 0.517593 0.342708 0.516667 0.343229 0.516667 0.344271 0.514815 0.344792 0.514815 0.351562 0.502778 0.352083 0.502778 0.372917 0.465741 0.373437 0.465741 0.382292 0.450000 0.382812 0.450000 0.388542 0.439815 0.389062 0.439815 0.392708 0.433333 0.393229 0.433333 0.396354 0.427778 0.396875 0.427778 0.399479 0.423148 0.400000 0.423148 0.401562 0.420370 0.402083 0.420370 0.403646 0.417593 0.404167 0.417593 0.405208 0.415741 0.405729 0.415741 0.406771 0.413889 0.407292 0.413889 0.407813 0.412963 0.408333 0.412963 0.408854 0.412037 0.409375 0.412037 0.409896 0.411111 0.410417 0.411111 0.410938 0.410185 0.411979 0.410185 0.412500 0.409259 0.415104 0.409259 0.415625 0.408333 0.416146 0.409259 0.419271 0.409259 0.419792 0.410185 0.420833 0.410185 0.421354 0.411111 0.421875 0.411111 0.422396 0.412037 0.422917 0.412037 0.423438 0.412963 0.423958 0.412963 0.424479 0.413889 0.425000 0.413889 0.426042 0.415741 0.426563 0.415741 0.427604 0.417593 0.428125 0.417593 0.429167 0.419444 0.429688 0.419444 0.431250 0.422222 0.431771 0.422222 0.433333 0.425000 0.433854 0.425000 0.435937 0.428704 0.436458 0.428704 0.439063 0.433333 0.439583 0.433333 0.442708 0.438889 0.443229 0.438889 0.446354 0.444444 0.446875 0.444444 0.451042 0.451852 0.451562 0.451852 0.456771 0.461111 0.457292 0.461111 0.463542 0.472222 0.464062 0.472222 0.471875 0.486111 0.472396 0.486111 0.479687 0.499074 0.480208 0.499074 0.484375 0.506481 0.484896 0.506481 0.486458 0.509259 0.486979 0.509259 0.488021 0.511111 0.488542 0.511111 0.489063 0.512037 0.490104 0.512037 0.490625 0.512963 0.492188 0.512963 0.492708 0.512037 0.493750 0.512037 0.495833 0.508333 0.495833 0.506481 0.496354 0.505556 0.496354 0.503704 0.495833 0.502778 0.495833 0.496296 0.495312 0.495370 0.495312 0.488889 0.494792 0.487963 0.494792 0.481481 0.494271 0.480556 0.494271 0.474074 0.493750 0.473148 0.493750 0.466667 0.493229 0.465741 0.493229 0.459259 0.492708 0.458333 0.492708 0.454630 0.490104 0.450000 0.489583 0.450000 0.481771 0.436111 0.481250 0.436111 0.472396 0.420370 0.471875 0.420370 0.463021 0.404630 0.462500 0.404630 0.453646 0.388889 0.453125 0.388889 0.443750 0.372222 0.443229 0.372222 0.434375 0.356481 0.433854 0.356481 0.420833 0.333333 0.420833 0.332407 0.419792 0.330556 0.419792 0.329630 0.419271 0.328704 0.419271 0.313889 0.418750 0.312963 0.416667 0.312963 0.416146 0.312037
0 0.581250 0.403704 0.156250 0.155556 0.583854 0.325926 0.583333 0.326852 0.582812 0.326852 0.582292 0.327778 0.581250 0.327778 0.580729 0.328704 0.580208 0.328704 0.579167 0.330556 0.578646 0.330556 0.578125 0.331481 0.577604 0.331481 0.576562 0.333333 0.576042 0.333333 0.575000 0.335185 0.574479 0.335185 0.572917 0.337963 0.572396 0.337963 0.570312 0.341667 0.569792 0.341667 0.567708 0.345370 0.567187 0.345370 0.559375 0.359259 0.558854 0.359259 0.543229 0.387037 0.542708 0.387037 0.527083 0.414815 0.526563 0.414815 0.510938 0.442593 0.510417 0.442593 0.503646 0.454630 0.503125 0.454630 0.503125 0.456481 0.503646 0.457407 0.503646 0.463889 0.504167 0.464815 0.504167 0.470370 0.504687 0.471296 0.504687 0.475000 0.505729 0.476852 0.505729 0.477778 0.506250 0.478704 0.506771 0.478704 0.507812 0.480556 0.508854 0.480556 0.509375 0.481481 0.509896 0.481481 0.510417 0.480556 0.511458 0.480556 0.513021 0.477778 0.513542 0.477778 0.518750 0.468519 0.519271 0.468519 0.531771 0.446296 0.532292 0.446296 0.541146 0.430556 0.541667 0.430556 0.548438 0.418519 0.548958 0.418519 0.553646 0.410185 0.554167 0.410185 0.558333 0.402778 0.558854 0.402778 0.561979 0.397222 0.562500 0.397222 0.564583 0.393519 0.565104 0.393519 0.567708 0.388889 0.568229 0.388889 0.569792 0.386111 0.570312 0.386111 0.571354 0.384259 0.571875 0.384259 0.572917 0.382407 0.573438 0.382407 0.574479 0.380556 0.575000 0.380556 0.575521 0.379630 0.576042 0.379630 0.576562 0.378704 0.577083 0.378704 0.577604 0.377778 0.578646 0.377778 0.579167 0.376852 0.580208 0.376852 0.580729 0.375926 0.585938 0.375926 0.586458 0.376852 0.587500 0.376852 0.588021 0.377778 0.588542 0.377778 0.589063 0.378704 0.589583 0.378704 0.590104 0.379630 0.590625 0.379630 0.591146 0.380556 0.591667 0.380556 0.592187 0.381481 0.592708 0.381481 0.593750 0.383333 0.594271 0.383333 0.595833 0.386111 0.596354 0.386111 0.597917 0.388889 0.598437 0.388889 0.600521 0.392593 0.601042 0.392593 0.603646 0.397222 0.604167 0.397222 0.607812 0.403704 0.608333 0.403704 0.612500 0.411111 0.613021 0.411111 0.619792 0.423148 0.620313 0.423148 0.630729 0.441667 0.631250 0.441667 0.644792 0.465741 0.645312 0.465741 0.648958 0.472222 0.649479 0.472222 0.651042 0.475000 0.651563 0.475000 0.652083 0.475926 0.652604 0.475926 0.653125 0.476852 0.655729 0.476852 0.656250 0.475926 0.656771 0.475926 0.657292 0.475000 0.657813 0.475000 0.658333 0.474074 0.658333 0.473148 0.658854 0.472222 0.658854 0.471296 0.659375 0.470370 0.659375 0.467593 0.658854 0.466667 0.658854 0.464815 0.658333 0.463889 0.658333 0.462963 0.657813 0.462037 0.657813 0.460185 0.657292 0.459259 0.656771 0.459259 0.642188 0.433333 0.641667 0.433333 0.622396 0.399074 0.621875 0.399074 0.603125 0.365741 0.602604 0.365741 0.589583 0.342593 0.589583 0.341667 0.587500 0.337963 0.587500 0.337037 0.586979 0.336111 0.586979 0.335185 0.586458 0.334259 0.586458 0.332407 0.585938 0.331481 0.585938 0.329630 0.585417 0.328704 0.585417 0.326852 0.584896 0.325926
0 0.748177 0.396759 0.157812 0.165741 0.757812 0.313889 0.757292 0.314815 0.755208 0.314815 0.754687 0.315741 0.754167 0.315741 0.753646 0.316667 0.752604 0.316667 0.752083 0.317593 0.751563 0.317593 0.751042 0.318519 0.750521 0.318519 0.749479 0.320370 0.748958 0.320370 0.748437 0.321296 0.747917 0.321296 0.746354 0.324074 0.745833 0.324074 0.745313 0.325000 0.745833 0.325926 0.745833 0.327778 0.746354 0.328704 0.746354 0.330556 0.745833 0.331481 0.745833 0.332407 0.745313 0.333333 0.745313 0.334259 0.743229 0.337963 0.743229 0.338889 0.738021 0.348148 0.737500 0.348148 0.728125 0.364815 0.727604 0.364815 0.718750 0.380556 0.718229 0.380556 0.709896 0.395370 0.709375 0.395370 0.700521 0.411111 0.700000 0.411111 0.691146 0.426852 0.690625 0.426852 0.681771 0.442593 0.681250 0.442593 0.673958 0.455556 0.673438 0.455556 0.669271 0.462963 0.669271 0.463889 0.669792 0.464815 0.669792 0.465741 0.670312 0.466667 0.670312 0.467593 0.670833 0.468519 0.670833 0.470370 0.671354 0.471296 0.671354 0.472222 0.671875 0.473148 0.671875 0.474074 0.674479 0.478704 0.675521 0.478704 0.676042 0.479630 0.676562 0.479630 0.677083 0.478704 0.678125 0.478704 0.679167 0.476852 0.679688 0.476852 0.683333 0.470370 0.683854 0.470370 0.690625 0.458333 0.691146 0.458333 0.699479 0.443519 0.700000 0.443519 0.706771 0.431481 0.707292 0.431481 0.712500 0.422222 0.713021 0.422222 0.717708 0.413889 0.718229 0.413889 0.722396 0.406481 0.722917 0.406481 0.726042 0.400926 0.726562 0.400926 0.729167 0.396296 0.729688 0.396296 0.732292 0.391667 0.732812 0.391667 0.734896 0.387963 0.735417 0.387963 0.736979 0.385185 0.737500 0.385185 0.739062 0.382407 0.739583 0.382407 0.740625 0.380556 0.741146 0.380556 0.742188 0.378704 0.742708 0.378704 0.743229 0.377778 0.743750 0.377778 0.744792 0.375926 0.745833 0.375926 0.746354 0.375000 0.746875 0.375000 0.747396 0.374074 0.748437 0.374074 0.748958 0.373148 0.754687 0.373148 0.755208 0.374074 0.756250 0.374074 0.756771 0.375000 0.757812 0.375000 0.758333 0.375926 0.758854 0.375926 0.759896 0.377778 0.760417 0.377778 0.760938 0.378704 0.761458 0.378704 0.762500 0.380556 0.763021 0.380556 0.764583 0.383333 0.765104 0.383333 0.766667 0.386111 0.767188 0.386111 0.769792 0.390741 0.770312 0.390741 0.773958 0.397222 0.774479 0.397222 0.779687 0.406481 0.780208 0.406481 0.792708 0.428704 0.793229 0.428704 0.816667 0.470370 0.817187 0.470370 0.818750 0.473148 0.819271 0.473148 0.819792 0.474074 0.820833 0.474074 0.821354 0.475000 0.822917 0.475000 0.823438 0.474074 0.824479 0.474074 0.826562 0.470370 0.826562 0.469444 0.827083 0.468519 0.827083 0.464815 0.826562 0.463889 0.826562 0.462963 0.825521 0.461111 0.825521 0.460185 0.824479 0.458333 0.824479 0.457407 0.823438 0.455556 0.823438 0.454630 0.822396 0.452778 0.822396 0.451852 0.821354 0.450000 0.821354 0.449074 0.819792 0.446296 0.819792 0.445370 0.818750 0.443519 0.818750 0.442593 0.817708 0.440741 0.817708 0.439815 0.816667 0.437963 0.816667 0.437037 0.815104 0.434259 0.815104 0.433333 0.814063 0.431481 0.814063 0.430556 0.813021 0.428704 0.813021 0.427778 0.811979 0.425926 0.811979 0.425000 0.810417 0.422222 0.810417 0.421296 0.809375 0.419444 0.809375 0.418519 0.808333 0.416667 0.808333 0.415741 0.807292 0.413889 0.807292 0.412963 0.791146 0.384259 0.791146 0.383333 0.789062 0.379630 0.789062 0.378704 0.788021 0.376852 0.788021 0.375926 0.786458 0.373148 0.786458 0.372222 0.785417 0.370370 0.785417 0.369444 0.784375 0.367593 0.784375 0.366667 0.783333 0.364815 0.783333 0.363889 0.782292 0.362037 0.782292 0.361111 0.781250 0.359259 0.781250 0.358333 0.780208 0.356481 0.780208 0.355556 0.778646 0.352778 0.778646 0.351852 0.777604 0.350000 0.777604 0.349074 0.776563 0.347222 0.776563 0.346296 0.775521 0.344444 0.775521 0.343519 0.774479 0.341667 0.774479 0.340741 0.773438 0.338889 0.773438 0.337963 0.772396 0.336111 0.772396 0.335185 0.770833 0.332407 0.770833 0.331481 0.769792 0.329630 0.769792 0.328704 0.768750 0.326852 0.768750 0.325926 0.767708 0.324074 0.767708 0.323148 0.766667 0.321296 0.766667 0.320370 0.765625 0.318519 0.765625 0.317593 0.764583 0.315741 0.763542 0.315741 0.763021 0.314815 0.761458 0.314815 0.760938 0.313889
0 0.163542 0.387037 0.158333 0.142593 0.086979 0.315741 0.085938 0.317593 0.085938 0.318519 0.084896 0.320370 0.084896 0.321296 0.084375 0.322222 0.084375 0.327778 0.084896 0.328704 0.084896 0.329630 0.085938 0.331481 0.085938 0.332407 0.089583 0.338889 0.090104 0.338889 0.095312 0.348148 0.095833 0.348148 0.100000 0.355556 0.100521 0.355556 0.105208 0.363889 0.105729 0.363889 0.109896 0.371296 0.110417 0.371296 0.114583 0.378704 0.115104 0.378704 0.119271 0.386111 0.119792 0.386111 0.123958 0.393519 0.124479 0.393519 0.128646 0.400926 0.129167 0.400926 0.133333 0.408333 0.133854 0.408333 0.138021 0.415741 0.138542 0.415741 0.143229 0.424074 0.143750 0.424074 0.147917 0.431481 0.148438 0.431481 0.152604 0.438889 0.153125 0.438889 0.156771 0.445370 0.157292 0.445370 0.160417 0.450926 0.160938 0.450926 0.163021 0.454630 0.163542 0.454630 0.164583 0.456481 0.165104 0.456481 0.165625 0.457407 0.166146 0.457407 0.166667 0.458333 0.169271 0.458333 0.169792 0.457407 0.170313 0.457407 0.171354 0.455556 0.171875 0.455556 0.207292 0.392593 0.207292 0.391667 0.236979 0.338889 0.236979 0.337963 0.241146 0.330556 0.241146 0.329630 0.242708 0.326852 0.239583 0.326852 0.239063 0.327778 0.236979 0.327778 0.236458 0.328704 0.235937 0.328704 0.235417 0.329630 0.234896 0.329630 0.234375 0.330556 0.233854 0.330556 0.233333 0.331481 0.232813 0.331481 0.232292 0.332407 0.231771 0.332407 0.230729 0.334259 0.230208 0.334259 0.228646 0.337037 0.228125 0.337037 0.226562 0.339815 0.226042 0.339815 0.223438 0.344444 0.222917 0.344444 0.219792 0.350000 0.219271 0.350000 0.214062 0.359259 0.213542 0.359259 0.201563 0.380556 0.201042 0.380556 0.186979 0.405556 0.186979 0.406481 0.172396 0.432407 0.171875 0.432407 0.169792 0.436111 0.169271 0.436111 0.168750 0.437037 0.167187 0.437037 0.166667 0.436111 0.165625 0.436111 0.161979 0.429630 0.161979 0.427778 0.161458 0.426852 0.161458 0.425000 0.161979 0.424074 0.161979 0.423148 0.162500 0.422222 0.162500 0.420370 0.163021 0.419444 0.163021 0.418519 0.163542 0.417593 0.163542 0.416667 0.164062 0.415741 0.164062 0.414815 0.164583 0.413889 0.164583 0.412963 0.165104 0.412037 0.165104 0.410185 0.165625 0.409259 0.165625 0.408333 0.166146 0.407407 0.166146 0.406481 0.166667 0.405556 0.166667 0.404630 0.167187 0.403704 0.167187 0.402778 0.167708 0.401852 0.167708 0.400000 0.168229 0.399074 0.168229 0.398148 0.168750 0.397222 0.168750 0.396296 0.169271 0.395370 0.169271 0.394444 0.169792 0.393519 0.169792 0.391667 0.170313 0.390741 0.170313 0.389815 0.170833 0.388889 0.170833 0.387963 0.171354 0.387037 0.171354 0.386111 0.171875 0.385185 0.168750 0.390741 0.168229 0.390741 0.166667 0.393519 0.166146 0.393519 0.165625 0.394444 0.164583 0.394444 0.164062 0.395370 0.163542 0.394444 0.161458 0.394444 0.161458 0.396296 0.160938 0.397222 0.160938 0.398148 0.160417 0.399074 0.160417 0.400000 0.159896 0.400926 0.159896 0.401852 0.159375 0.402778 0.159375 0.403704 0.158854 0.404630 0.158854 0.405556 0.158333 0.406481 0.158333 0.407407 0.156771 0.410185 0.156250 0.410185 0.155729 0.411111 0.152083 0.411111 0.151562 0.410185 0.151042 0.410185 0.150521 0.409259 0.150000 0.409259 0.148958 0.407407 0.148438 0.407407 0.146354 0.403704 0.145833 0.403704 0.143229 0.399074 0.142708 0.399074 0.139063 0.392593 0.138542 0.392593 0.134375 0.385185 0.133854 0.385185 0.129688 0.377778 0.129167 0.377778 0.125000 0.370370 0.124479 0.370370 0.120833 0.363889 0.120313 0.363889 0.116667 0.357407 0.116146 0.357407 0.113021 0.351852 0.112500 0.351852 0.109375 0.346296 0.108854 0.346296 0.106250 0.341667 0.105729 0.341667 0.103125 0.337037 0.102604 0.337037 0.100521 0.333333 0.100000 0.333333 0.097917 0.329630 0.097396 0.329630 0.095312 0.325926 0.094792 0.325926 0.093229 0.323148 0.092708 0.323148 0.091146 0.320370 0.090625 0.320370 0.089583 0.318519 0.089063 0.318519 0.088021 0.316667 0.087500 0.316667
0 0.331250 0.393056 0.159375 0.158333 0.410417 0.313889 0.409896 0.314815 0.409375 0.314815 0.408854 0.315741 0.408333 0.315741 0.407813 0.316667 0.407292 0.316667 0.406771 0.317593 0.406250 0.317593 0.405208 0.319444 0.404687 0.319444 0.403125 0.322222 0.402604 0.322222 0.401042 0.325000 0.400521 0.325000 0.398958 0.327778 0.398438 0.327778 0.395833 0.332407 0.395313 0.332407 0.391146 0.339815 0.390625 0.339815 0.385417 0.349074 0.384896 0.349074 0.376563 0.363889 0.376042 0.363889 0.349479 0.411111 0.348958 0.411111 0.345313 0.417593 0.344792 0.417593 0.343750 0.419444 0.340625 0.419444 0.339583 0.417593 0.339062 0.417593 0.337500 0.414815 0.337500 0.413889 0.336979 0.412963 0.336979 0.412037 0.336458 0.411111 0.336458 0.406481 0.336979 0.405556 0.336979 0.400000 0.337500 0.399074 0.337500 0.397222 0.335938 0.400000 0.335417 0.400000 0.334375 0.401852 0.332813 0.401852 0.332292 0.402778 0.331771 0.402778 0.331250 0.401852 0.330208 0.401852 0.329167 0.400000 0.328646 0.400000 0.327604 0.398148 0.327083 0.398148 0.326562 0.397222 0.326562 0.400926 0.326042 0.401852 0.326042 0.406481 0.325521 0.407407 0.325521 0.412037 0.325000 0.412963 0.325000 0.417593 0.324479 0.418519 0.324479 0.423148 0.323958 0.424074 0.323958 0.425926 0.323437 0.426852 0.323437 0.427778 0.321354 0.431481 0.320312 0.431481 0.319792 0.432407 0.318229 0.432407 0.317708 0.431481 0.316667 0.431481 0.316146 0.430556 0.315625 0.430556 0.314583 0.428704 0.314063 0.428704 0.312500 0.425926 0.311979 0.425926 0.309375 0.421296 0.308854 0.421296 0.304167 0.412963 0.303646 0.412963 0.297917 0.402778 0.297396 0.402778 0.292187 0.393519 0.291667 0.393519 0.286458 0.384259 0.285938 0.384259 0.281771 0.376852 0.281250 0.376852 0.277083 0.369444 0.276562 0.369444 0.273438 0.363889 0.272917 0.363889 0.269792 0.358333 0.269271 0.358333 0.266667 0.353704 0.266146 0.353704 0.263542 0.349074 0.263021 0.349074 0.260937 0.345370 0.260417 0.345370 0.258854 0.342593 0.258333 0.342593 0.256771 0.339815 0.256250 0.339815 0.254688 0.337037 0.254167 0.337037 0.253125 0.335185 0.252604 0.335185 0.252083 0.334259 0.252083 0.336111 0.251563 0.337037 0.251563 0.338889 0.252083 0.339815 0.252083 0.341667 0.252604 0.342593 0.252604 0.343519 0.263021 0.362037 0.263542 0.362037 0.269792 0.373148 0.270313 0.373148 0.276042 0.383333 0.276562 0.383333 0.282292 0.393519 0.282813 0.393519 0.288542 0.403704 0.289062 0.403704 0.294792 0.413889 0.295312 0.413889 0.301042 0.424074 0.301563 0.424074 0.307292 0.434259 0.307812 0.434259 0.313542 0.444444 0.314063 0.444444 0.319792 0.454630 0.320312 0.454630 0.325000 0.462963 0.325521 0.462963 0.328125 0.467593 0.328646 0.467593 0.330208 0.470370 0.330729 0.470370 0.331250 0.471296 0.331771 0.471296 0.332292 0.472222 0.334375 0.472222 0.334896 0.471296 0.335417 0.471296 0.335938 0.470370 0.336458 0.470370 0.337500 0.468519 0.338021 0.468519 0.346875 0.452778 0.347396 0.452778 0.409375 0.342593 0.409375 0.341667 0.410417 0.339815 0.410417 0.338889 0.410938 0.337963 0.410938 0.313889
0 0.491667 0.386111 0.143750 0.144444 0.419792 0.313889 0.419792 0.328704 0.420312 0.329630 0.420312 0.330556 0.421354 0.332407 0.421354 0.333333 0.433854 0.355556 0.434375 0.355556 0.443229 0.371296 0.443750 0.371296 0.453125 0.387963 0.453646 0.387963 0.462500 0.403704 0.463021 0.403704 0.471875 0.419444 0.472396 0.419444 0.481250 0.435185 0.481771 0.435185 0.489583 0.449074 0.490104 0.449074 0.493229 0.454630 0.493750 0.454630 0.495312 0.457407 0.495833 0.457407 0.496354 0.458333 0.500000 0.458333 0.501042 0.456481 0.501563 0.456481 0.503125 0.453704 0.503646 0.453704 0.510417 0.441667 0.510938 0.441667 0.526563 0.413889 0.527083 0.413889 0.542708 0.386111 0.543229 0.386111 0.558854 0.358333 0.559375 0.358333 0.563542 0.350926 0.559896 0.357407 0.559375 0.357407 0.554688 0.365741 0.554167 0.365741 0.548438 0.375926 0.547917 0.375926 0.539062 0.391667 0.538542 0.391667 0.525521 0.414815 0.525000 0.414815 0.516667 0.429630 0.516146 0.429630 0.514062 0.433333 0.513542 0.433333 0.513021 0.434259 0.510417 0.434259 0.509375 0.432407 0.508854 0.432407 0.506771 0.428704 0.506771 0.427778 0.506250 0.426852 0.506250 0.424074 0.505729 0.423148 0.505729 0.417593 0.505208 0.416667 0.505208 0.411111 0.504687 0.410185 0.504687 0.406481 0.503646 0.408333 0.503125 0.408333 0.502083 0.410185 0.501563 0.410185 0.501042 0.411111 0.498958 0.411111 0.498437 0.410185 0.497917 0.410185 0.496875 0.408333 0.496354 0.408333 0.495312 0.406481 0.494792 0.406481 0.494792 0.409259 0.493750 0.411111 0.493750 0.412037 0.492708 0.413889 0.492188 0.413889 0.491667 0.414815 0.490625 0.414815 0.490104 0.415741 0.489063 0.415741 0.488542 0.414815 0.487500 0.414815 0.486979 0.413889 0.486458 0.413889 0.485938 0.412963 0.485417 0.412963 0.483854 0.410185 0.483333 0.410185 0.479167 0.402778 0.478646 0.402778 0.470313 0.387963 0.469792 0.387963 0.461458 0.373148 0.460938 0.373148 0.454167 0.361111 0.453646 0.361111 0.448437 0.351852 0.447917 0.351852 0.443750 0.344444 0.443229 0.344444 0.439583 0.337963 0.439063 0.337963 0.436458 0.333333 0.435937 0.333333 0.433854 0.329630 0.433333 0.329630 0.431250 0.325926 0.430729 0.325926 0.429167 0.323148 0.428646 0.323148 0.427604 0.321296 0.427083 0.321296 0.425521 0.318519 0.425000 0.318519 0.424479 0.317593 0.423958 0.317593 0.423438 0.316667 0.422917 0.316667 0.421875 0.314815 0.420833 0.314815 0.420312 0.313889
0 0.665625 0.395833 0.160417 0.141667 0.586458 0.325000 0.585938 0.325926 0.585417 0.325926 0.585938 0.326852 0.585938 0.328704 0.586458 0.329630 0.586458 0.331481 0.586979 0.332407 0.586979 0.334259 0.587500 0.335185 0.587500 0.336111 0.588021 0.337037 0.588021 0.337963 0.590104 0.341667 0.590104 0.342593 0.602604 0.364815 0.603125 0.364815 0.621875 0.398148 0.622396 0.398148 0.641667 0.432407 0.642188 0.432407 0.656771 0.458333 0.657292 0.458333 0.659896 0.462963 0.660417 0.462963 0.661458 0.464815 0.661979 0.464815 0.662500 0.465741 0.663021 0.465741 0.663542 0.466667 0.664583 0.466667 0.665104 0.465741 0.666146 0.465741 0.667188 0.463889 0.667708 0.463889 0.668750 0.462037 0.669271 0.462037 0.673438 0.454630 0.673958 0.454630 0.681250 0.441667 0.681771 0.441667 0.690625 0.425926 0.691146 0.425926 0.700000 0.410185 0.700521 0.410185 0.709375 0.394444 0.709896 0.394444 0.718229 0.379630 0.718750 0.379630 0.727604 0.363889 0.728125 0.363889 0.737500 0.347222 0.738021 0.347222 0.742708 0.338889 0.742708 0.337963 0.744792 0.334259 0.744792 0.333333 0.745313 0.332407 0.745313 0.331481 0.745833 0.330556 0.745833 0.328704 0.745313 0.327778 0.745313 0.325926 0.744271 0.325926 0.742708 0.328704 0.742188 0.328704 0.740104 0.332407 0.739583 0.332407 0.736979 0.337037 0.736458 0.337037 0.733854 0.341667 0.733333 0.341667 0.729688 0.348148 0.729167 0.348148 0.725521 0.354630 0.725000 0.354630 0.720313 0.362963 0.719792 0.362963 0.714063 0.373148 0.713542 0.373148 0.706771 0.385185 0.706250 0.385185 0.697917 0.400000 0.697396 0.400000 0.689583 0.413889 0.689063 0.413889 0.685417 0.420370 0.684896 0.420370 0.683854 0.422222 0.683333 0.422222 0.682813 0.423148 0.680208 0.423148 0.679167 0.421296 0.678646 0.421296 0.677083 0.418519 0.677083 0.417593 0.676562 0.416667 0.676562 0.415741 0.676042 0.414815 0.676042 0.413889 0.675521 0.412963 0.675521 0.412037 0.675000 0.411111 0.675000 0.410185 0.674479 0.409259 0.674479 0.408333 0.673958 0.409259 0.673438 0.409259 0.672396 0.411111 0.671354 0.411111 0.670833 0.412037 0.668750 0.412037 0.668229 0.411111 0.667708 0.411111 0.667188 0.410185 0.666667 0.410185 0.665104 0.407407 0.664583 0.407407 0.663021 0.404630 0.663021 0.405556 0.663542 0.406481 0.663542 0.407407 0.664062 0.408333 0.664062 0.409259 0.664583 0.410185 0.664583 0.412037 0.665104 0.412963 0.665104 0.413889 0.665625 0.414815 0.665625 0.415741 0.666146 0.416667 0.666146 0.417593 0.666667 0.418519 0.666667 0.423148 0.666146 0.424074 0.666146 0.425000 0.664062 0.428704 0.663542 0.428704 0.663021 0.429630 0.659375 0.429630 0.658854 0.428704 0.658333 0.428704 0.657292 0.426852 0.656771 0.426852 0.655208 0.424074 0.654687 0.424074 0.648438 0.412963 0.647917 0.412963 0.630729 0.382407 0.630208 0.382407 0.621354 0.366667 0.620833 0.366667 0.615104 0.356481 0.614583 0.356481 0.610938 0.350000 0.610417 0.350000 0.607292 0.344444 0.606771 0.344444 0.604167 0.339815 0.603646 0.339815 0.602083 0.337037 0.601562 0.337037 0.600000 0.334259 0.599479 0.334259 0.598437 0.332407 0.597917 0.332407 0.596875 0.330556 0.596354 0.330556 0.595833 0.329630 0.595313 0.329630 0.594271 0.327778 0.593229 0.327778 0.592708 0.326852 0.591667 0.326852 0.591146 0.325926 0.589063 0.325926 0.588542 0.325000
0 0.854167 0.344907 0.177083 0.317593 0.840625 0.186111 0.839583 0.187963 0.839063 0.187963 0.836458 0.192593 0.835938 0.192593 0.829167 0.204630 0.828646 0.204630 0.820833 0.218519 0.820312 0.218519 0.814063 0.229630 0.813542 0.229630 0.808333 0.238889 0.807813 0.238889 0.803646 0.246296 0.803125 0.246296 0.800000 0.251852 0.799479 0.251852 0.796875 0.256481 0.796354 0.256481 0.794271 0.260185 0.793750 0.260185 0.792188 0.262963 0.791667 0.262963 0.790104 0.265741 0.789583 0.265741 0.788542 0.267593 0.788021 0.267593 0.787500 0.268519 0.786979 0.268519 0.785937 0.270370 0.784896 0.270370 0.784375 0.271296 0.783854 0.271296 0.783333 0.272222 0.779687 0.272222 0.780208 0.273148 0.780208 0.274074 0.781771 0.276852 0.781771 0.277778 0.783333 0.280556 0.783333 0.281481 0.784896 0.284259 0.784896 0.285185 0.786458 0.287963 0.786458 0.288889 0.788021 0.291667 0.788021 0.292593 0.789583 0.295370 0.789583 0.296296 0.791146 0.299074 0.791146 0.300000 0.792708 0.302778 0.792708 0.303704 0.794271 0.306481 0.794271 0.307407 0.795833 0.310185 0.795833 0.311111 0.797396 0.313889 0.797396 0.314815 0.798958 0.317593 0.798958 0.318519 0.800521 0.321296 0.800521 0.322222 0.802083 0.325000 0.802083 0.325926 0.803646 0.328704 0.803646 0.329630 0.805208 0.332407 0.805208 0.333333 0.806771 0.336111 0.806771 0.337037 0.808333 0.339815 0.808333 0.340741 0.809896 0.343519 0.809896 0.344444 0.810937 0.346296 0.810937 0.347222 0.812500 0.350000 0.812500 0.350926 0.814063 0.353704 0.814063 0.354630 0.815625 0.357407 0.815625 0.358333 0.817187 0.361111 0.817187 0.362037 0.818750 0.364815 0.818750 0.365741 0.820312 0.368519 0.820312 0.369444 0.821875 0.372222 0.821875 0.373148 0.823438 0.375926 0.823438 0.376852 0.825000 0.379630 0.825000 0.380556 0.826562 0.383333 0.826562 0.384259 0.828125 0.387037 0.828125 0.387963 0.829688 0.390741 0.829688 0.391667 0.831250 0.394444 0.831250 0.395370 0.832812 0.398148 0.832812 0.399074 0.834375 0.401852 0.834375 0.402778 0.835417 0.404630 0.835417 0.405556 0.835938 0.406481 0.835938 0.407407 0.836458 0.408333 0.836458 0.411111 0.835938 0.412037 0.835938 0.412963 0.835417 0.413889 0.835417 0.414815 0.834375 0.416667 0.833854 0.416667 0.832812 0.418519 0.828646 0.418519 0.828125 0.417593 0.827604 0.417593 0.826042 0.414815 0.825521 0.414815 0.796354 0.362963 0.795833 0.362963 0.785417 0.344444 0.784896 0.344444 0.780208 0.336111 0.779687 0.336111 0.776563 0.330556 0.776042 0.330556 0.773438 0.325926 0.772917 0.325926 0.771354 0.323148 0.770833 0.323148 0.769271 0.320370 0.768750 0.320370 0.768229 0.319444 0.767708 0.319444 0.766667 0.317593 0.766146 0.317593 0.765625 0.316667 0.766146 0.317593 0.766146 0.318519 0.767188 0.320370 0.767188 0.321296 0.768229 0.323148 0.768229 0.324074 0.769271 0.325926 0.769271 0.326852 0.770312 0.328704 0.770312 0.329630 0.771354 0.331481 0.771354 0.332407 0.772917 0.335185 0.772917 0.336111 0.773958 0.337963 0.773958 0.338889 0.775000 0.340741 0.775000 0.341667 0.776042 0.343519 0.776042 0.344444 0.777083 0.346296 0.777083 0.347222 0.778125 0.349074 0.778125 0.350000 0.779167 0.351852 0.779167 0.352778 0.780729 0.355556 0.780729 0.356481 0.781771 0.358333 0.781771 0.359259 0.782813 0.361111 0.782813 0.362037 0.783854 0.363889 0.783854 0.364815 0.784896 0.366667 0.784896 0.367593 0.785937 0.369444 0.785937 0.370370 0.786979 0.372222 0.786979 0.373148 0.788542 0.375926 0.788542 0.376852 0.789583 0.378704 0.789583 0.379630 0.791667 0.383333 0.791667 0.384259 0.819792 0.434259 0.819792 0.435185 0.855208 0.498148 0.855729 0.498148 0.857812 0.501852 0.858333 0.501852 0.858854 0.502778 0.859375 0.502778 0.859896 0.503704 0.861979 0.503704 0.862500 0.502778 0.863021 0.502778 0.863542 0.501852 0.864062 0.501852 0.865625 0.499074 0.866146 0.499074 0.868750 0.494444 0.869271 0.494444 0.873437 0.487037 0.873958 0.487037 0.879687 0.476852 0.880208 0.476852 0.885938 0.466667 0.886458 0.466667 0.892188 0.456481 0.892708 0.456481 0.897917 0.447222 0.898438 0.447222 0.904167 0.437037 0.904687 0.437037 0.910417 0.426852 0.910937 0.426852 0.916667 0.416667 0.917188 0.416667 0.922917 0.406481 0.923438 0.406481 0.929167 0.396296 0.929688 0.396296 0.935937 0.385185 0.936458 0.385185 0.940625 0.377778 0.940625 0.376852 0.942187 0.374074 0.942187 0.373148 0.942708 0.372222 0.942708 0.368519 0.942187 0.367593 0.942187 0.366667 0.940104 0.362963 0.940104 0.362037 0.915104 0.317593 0.915104 0.316667 0.890104 0.272222 0.890104 0.271296 0.865104 0.226852 0.865104 0.225926 0.843229 0.187037 0.842708 0.187037 0.842187 0.186111
0 0.080729 0.260648 0.161458 0.310185 0.138021 0.105556 0.136979 0.107407 0.136458 0.107407 0.122396 0.132407 0.122396 0.133333 0.111979 0.151852 0.111979 0.152778 0.102083 0.170370 0.102083 0.171296 0.092188 0.188889 0.092188 0.189815 0.083333 0.205556 0.083333 0.206481 0.080729 0.211111 0.080729 0.212037 0.079167 0.214815 0.079167 0.215741 0.077604 0.218519 0.077604 0.219444 0.076042 0.222222 0.076042 0.223148 0.074479 0.225926 0.074479 0.226852 0.072396 0.230556 0.072396 0.231481 0.070833 0.234259 0.070833 0.235185 0.069271 0.237963 0.069271 0.238889 0.067708 0.241667 0.067708 0.242593 0.066146 0.245370 0.066146 0.246296 0.064583 0.249074 0.064583 0.250000 0.063021 0.252778 0.063021 0.253704 0.060937 0.257407 0.060937 0.258333 0.059375 0.261111 0.059375 0.262037 0.057813 0.264815 0.057813 0.265741 0.056250 0.268519 0.056250 0.269444 0.054688 0.272222 0.054688 0.273148 0.053125 0.275926 0.053125 0.276852 0.051562 0.279630 0.051562 0.280556 0.049479 0.284259 0.049479 0.285185 0.047917 0.287963 0.047917 0.288889 0.046354 0.291667 0.046354 0.292593 0.044792 0.295370 0.044792 0.296296 0.043229 0.299074 0.043229 0.300000 0.041667 0.302778 0.041667 0.303704 0.040104 0.306481 0.040104 0.307407 0.038021 0.311111 0.038021 0.312037 0.036458 0.314815 0.036458 0.315741 0.034896 0.318519 0.034896 0.319444 0.033333 0.322222 0.033333 0.323148 0.031771 0.325926 0.031771 0.326852 0.030208 0.329630 0.030208 0.330556 0.028646 0.333333 0.028646 0.334259 0.026562 0.337963 0.026562 0.338889 0.025000 0.341667 0.025000 0.342593 0.023438 0.345370 0.023438 0.346296 0.021875 0.349074 0.021875 0.350000 0.020313 0.352778 0.020313 0.353704 0.017708 0.358333 0.017708 0.359259 0.016146 0.362037 0.016146 0.362963 0.014063 0.366667 0.014063 0.367593 0.012500 0.370370 0.012500 0.371296 0.010937 0.374074 0.010937 0.375000 0.009375 0.377778 0.009375 0.378704 0.007812 0.381481 0.007812 0.382407 0.006250 0.385185 0.006250 0.386111 0.004687 0.388889 0.004687 0.389815 0.002604 0.393519 0.002604 0.394444 0.001042 0.397222 0.001042 0.398148 0.000000 0.400000 0.000000 0.411111 0.001042 0.412963 0.001563 0.412963 0.002083 0.413889 0.002604 0.413889 0.003125 0.414815 0.004167 0.414815 0.004687 0.415741 0.005208 0.414815 0.006250 0.414815 0.007812 0.412037 0.008333 0.412037 0.015625 0.399074 0.015625 0.398148 0.028125 0.375926 0.028125 0.375000 0.048438 0.338889 0.048958 0.338889 0.055208 0.327778 0.055729 0.327778 0.059375 0.321296 0.059896 0.321296 0.061979 0.317593 0.062500 0.317593 0.064062 0.314815 0.064583 0.314815 0.065625 0.312963 0.066146 0.312963 0.067187 0.311111 0.067708 0.311111 0.068229 0.310185 0.068750 0.310185 0.069271 0.309259 0.069792 0.309259 0.070312 0.308333 0.071354 0.308333 0.071875 0.307407 0.073958 0.307407 0.074479 0.306481 0.075521 0.306481 0.076042 0.307407 0.078646 0.307407 0.079167 0.308333 0.080208 0.308333 0.080729 0.309259 0.081771 0.309259 0.082292 0.310185 0.082812 0.310185 0.083333 0.311111 0.083854 0.311111 0.084896 0.312963 0.085417 0.312963 0.085938 0.313889 0.086458 0.313889 0.087500 0.315741 0.088021 0.315741 0.089063 0.317593 0.089583 0.317593 0.090625 0.319444 0.091146 0.319444 0.092708 0.322222 0.093229 0.322222 0.094792 0.325000 0.095312 0.325000 0.097396 0.328704 0.097917 0.328704 0.100000 0.332407 0.100521 0.332407 0.102604 0.336111 0.103125 0.336111 0.105729 0.340741 0.106250 0.340741 0.108854 0.345370 0.109375 0.345370 0.112500 0.350926 0.113021 0.350926 0.116146 0.356481 0.116667 0.356481 0.120313 0.362963 0.120833 0.362963 0.124479 0.369444 0.125000 0.369444 0.129167 0.376852 0.129688 0.376852 0.133854 0.384259 0.134375 0.384259 0.138542 0.391667 0.139063 0.391667 0.142708 0.398148 0.143229 0.398148 0.145833 0.402778 0.146354 0.402778 0.148438 0.406481 0.148958 0.406481 0.150000 0.408333 0.150521 0.408333 0.151042 0.409259 0.151562 0.409259 0.152083 0.410185 0.155729 0.410185 0.156250 0.409259 0.156771 0.409259 0.157812 0.407407 0.157812 0.406481 0.158333 0.405556 0.158333 0.404630 0.158854 0.403704 0.158854 0.402778 0.159375 0.401852 0.159375 0.400926 0.159896 0.400000 0.159896 0.399074 0.160417 0.398148 0.160417 0.397222 0.160938 0.396296 0.160938 0.394444 0.161458 0.393519 0.160938 0.393519 0.159896 0.391667 0.159375 0.391667 0.157292 0.387963 0.156771 0.387963 0.153646 0.382407 0.153125 0.382407 0.148958 0.375000 0.148438 0.375000 0.144271 0.367593 0.143750 0.367593 0.139063 0.359259 0.138542 0.359259 0.134375 0.351852 0.133854 0.351852 0.129167 0.343519 0.128646 0.343519 0.124479 0.336111 0.123958 0.336111 0.119271 0.327778 0.118750 0.327778 0.114062 0.319444 0.113542 0.319444 0.109375 0.312037 0.108854 0.312037 0.104167 0.303704 0.103646 0.303704 0.099479 0.296296 0.098958 0.296296 0.094271 0.287963 0.093750 0.287963 0.089063 0.279630 0.088542 0.279630 0.079167 0.262963 0.079167 0.262037 0.078646 0.261111 0.078646 0.260185 0.078125 0.259259 0.078125 0.255556 0.078646 0.254630 0.078646 0.253704 0.079167 0.252778 0.079167 0.251852 0.080729 0.249074 0.080729 0.248148 0.081771 0.246296 0.081771 0.245370 0.083333 0.242593 0.083333 0.241667 0.084896 0.238889 0.084896 0.237963 0.085938 0.236111 0.085938 0.235185 0.087500 0.232407 0.087500 0.231481 0.088542 0.229630 0.088542 0.228704 0.090104 0.225926 0.090104 0.225000 0.091667 0.222222 0.091667 0.221296 0.092708 0.219444 0.092708 0.218519 0.094271 0.215741 0.094271 0.214815 0.095312 0.212963 0.095312 0.212037 0.096875 0.209259 0.096875 0.208333 0.098437 0.205556 0.098437 0.204630 0.099479 0.202778 0.099479 0.201852 0.101042 0.199074 0.101042 0.198148 0.102083 0.196296 0.102083 0.195370 0.103646 0.192593 0.103646 0.191667 0.105208 0.188889 0.105208 0.187963 0.106250 0.186111 0.106250 0.185185 0.107813 0.182407 0.107813 0.181481 0.109375 0.178704 0.109375 0.177778 0.110417 0.175926 0.110417 0.175000 0.111979 0.172222 0.111979 0.171296 0.113021 0.169444 0.113021 0.168519 0.114583 0.165741 0.114583 0.164815 0.116146 0.162037 0.116146 0.161111 0.117188 0.159259 0.117188 0.158333 0.118750 0.155556 0.118750 0.154630 0.119792 0.152778 0.119792 0.151852 0.121354 0.149074 0.121354 0.148148 0.122917 0.145370 0.122917 0.144444 0.123958 0.142593 0.123958 0.141667 0.125521 0.138889 0.125521 0.137963 0.126562 0.136111 0.126562 0.135185 0.128125 0.132407 0.128125 0.131481 0.129688 0.128704 0.129688 0.127778 0.130729 0.125926 0.130729 0.125000 0.132292 0.122222 0.132292 0.121296 0.133333 0.119444 0.133333 0.118519 0.134896 0.115741 0.134896 0.114815 0.136458 0.112037 0.136458 0.111111 0.137500 0.109259 0.137500 0.108333 0.139063 0.105556
0 0.244010 0.277778 0.164062 0.316667 0.272396 0.119444 0.271875 0.120370 0.271354 0.120370 0.268229 0.125926 0.268229 0.127778 0.267708 0.128704 0.267708 0.130556 0.267188 0.131481 0.267188 0.132407 0.266667 0.133333 0.266667 0.135185 0.266146 0.136111 0.266146 0.137963 0.265625 0.138889 0.265625 0.139815 0.265104 0.140741 0.265104 0.142593 0.264583 0.143519 0.264583 0.145370 0.264062 0.146296 0.264062 0.147222 0.263542 0.148148 0.263542 0.150000 0.263021 0.150926 0.263021 0.152778 0.262500 0.153704 0.262500 0.154630 0.261979 0.155556 0.261979 0.157407 0.261458 0.158333 0.261458 0.160185 0.260937 0.161111 0.260937 0.162037 0.260417 0.162963 0.260417 0.164815 0.259896 0.165741 0.259896 0.167593 0.259375 0.168519 0.259375 0.169444 0.258854 0.170370 0.258854 0.172222 0.258333 0.173148 0.258333 0.175000 0.257812 0.175926 0.257812 0.176852 0.257292 0.177778 0.257292 0.179630 0.256771 0.180556 0.256771 0.182407 0.256250 0.183333 0.256250 0.184259 0.255729 0.185185 0.255729 0.187037 0.255208 0.187963 0.255208 0.189815 0.254688 0.190741 0.254688 0.191667 0.254167 0.192593 0.254167 0.194444 0.253646 0.195370 0.253646 0.197222 0.253125 0.198148 0.253125 0.199074 0.252604 0.200000 0.252604 0.201852 0.252083 0.202778 0.252083 0.204630 0.251563 0.205556 0.251563 0.206481 0.251042 0.207407 0.251042 0.209259 0.250521 0.210185 0.250521 0.212037 0.250000 0.212963 0.250000 0.213889 0.249479 0.214815 0.249479 0.216667 0.248958 0.217593 0.248958 0.219444 0.248438 0.220370 0.248438 0.221296 0.247917 0.222222 0.247917 0.224074 0.247396 0.225000 0.247396 0.226852 0.246875 0.227778 0.246875 0.228704 0.246354 0.229630 0.246354 0.231481 0.245833 0.232407 0.245833 0.234259 0.245312 0.235185 0.245312 0.236111 0.244792 0.237037 0.244792 0.238889 0.244271 0.239815 0.244271 0.241667 0.243750 0.242593 0.243750 0.243519 0.243229 0.244444 0.243229 0.246296 0.242708 0.247222 0.242708 0.249074 0.242188 0.250000 0.242188 0.250926 0.241667 0.251852 0.241667 0.253704 0.241146 0.254630 0.241146 0.256481 0.240625 0.257407 0.240625 0.258333 0.240104 0.259259 0.240104 0.260185 0.238542 0.262963 0.238542 0.263889 0.232292 0.275000 0.232292 0.275926 0.210417 0.314815 0.210417 0.315741 0.186979 0.357407 0.186979 0.358333 0.172396 0.384259 0.172396 0.385185 0.171875 0.386111 0.171875 0.387037 0.171354 0.387963 0.171354 0.388889 0.170833 0.389815 0.170833 0.390741 0.170313 0.391667 0.170313 0.393519 0.169792 0.394444 0.169792 0.395370 0.169271 0.396296 0.169271 0.397222 0.168750 0.398148 0.168750 0.399074 0.168229 0.400000 0.168229 0.401852 0.167708 0.402778 0.167708 0.403704 0.167187 0.404630 0.167187 0.405556 0.166667 0.406481 0.166667 0.407407 0.166146 0.408333 0.166146 0.409259 0.165625 0.410185 0.165625 0.412037 0.165104 0.412963 0.165104 0.413889 0.164583 0.414815 0.164583 0.415741 0.164062 0.416667 0.164062 0.417593 0.163542 0.418519 0.163542 0.419444 0.163021 0.420370 0.163021 0.422222 0.162500 0.423148 0.162500 0.424074 0.161979 0.425000 0.161979 0.426852 0.162500 0.427778 0.162500 0.429630 0.165625 0.435185 0.166667 0.435185 0.167187 0.436111 0.168750 0.436111 0.169271 0.435185 0.169792 0.435185 0.171875 0.431481 0.172396 0.431481 0.186458 0.406481 0.186458 0.405556 0.201042 0.379630 0.201563 0.379630 0.213542 0.358333 0.214062 0.358333 0.219271 0.349074 0.219792 0.349074 0.222917 0.343519 0.223438 0.343519 0.226042 0.338889 0.226562 0.338889 0.228125 0.336111 0.228646 0.336111 0.230208 0.333333 0.230729 0.333333 0.231771 0.331481 0.232292 0.331481 0.232813 0.330556 0.233333 0.330556 0.233854 0.329630 0.234375 0.329630 0.234896 0.328704 0.235417 0.328704 0.235937 0.327778 0.236458 0.327778 0.236979 0.326852 0.239063 0.326852 0.239583 0.325926 0.242708 0.325926 0.243229 0.326852 0.244792 0.326852 0.245312 0.327778 0.246354 0.327778 0.246875 0.328704 0.247396 0.328704 0.247917 0.329630 0.248438 0.329630 0.248958 0.330556 0.249479 0.330556 0.250000 0.331481 0.250521 0.331481 0.251042 0.332407 0.251563 0.332407 0.252604 0.334259 0.253125 0.334259 0.254167 0.336111 0.254688 0.336111 0.256250 0.338889 0.256771 0.338889 0.258333 0.341667 0.258854 0.341667 0.260417 0.344444 0.260937 0.344444 0.263021 0.348148 0.263542 0.348148 0.266146 0.352778 0.266667 0.352778 0.269271 0.357407 0.269792 0.357407 0.272917 0.362963 0.273438 0.362963 0.276562 0.368519 0.277083 0.368519 0.281250 0.375926 0.281771 0.375926 0.285938 0.383333 0.286458 0.383333 0.291667 0.392593 0.292187 0.392593 0.297396 0.401852 0.297917 0.401852 0.303646 0.412037 0.304167 0.412037 0.308854 0.420370 0.309375 0.420370 0.311979 0.425000 0.312500 0.425000 0.314063 0.427778 0.314583 0.427778 0.315625 0.429630 0.316146 0.429630 0.316667 0.430556 0.317708 0.430556 0.318229 0.431481 0.319792 0.431481 0.320312 0.430556 0.321354 0.430556 0.322917 0.427778 0.322917 0.426852 0.323437 0.425926 0.323437 0.424074 0.323958 0.423148 0.323958 0.418519 0.324479 0.417593 0.324479 0.412963 0.325000 0.412037 0.325000 0.407407 0.325521 0.406481 0.325521 0.401852 0.326042 0.400926 0.326042 0.396296 0.323958 0.392593 0.323437 0.392593 0.318229 0.383333 0.317708 0.383333 0.311458 0.372222 0.310937 0.372222 0.304688 0.361111 0.304167 0.361111 0.297396 0.349074 0.296875 0.349074 0.290625 0.337963 0.290104 0.337963 0.283854 0.326852 0.283333 0.326852 0.277083 0.315741 0.276562 0.315741 0.270313 0.304630 0.269792 0.304630 0.263542 0.293519 0.263021 0.293519 0.250000 0.270370 0.250000 0.269444 0.249479 0.268519 0.249479 0.262037 0.250000 0.261111 0.250000 0.259259 0.250521 0.258333 0.250521 0.257407 0.251042 0.256481 0.251042 0.254630 0.251563 0.253704 0.251563 0.251852 0.252083 0.250926 0.252083 0.249074 0.252604 0.248148 0.252604 0.247222 0.253125 0.246296 0.253125 0.244444 0.253646 0.243519 0.253646 0.241667 0.254167 0.240741 0.254167 0.238889 0.254688 0.237963 0.254688 0.237037 0.255208 0.236111 0.255208 0.234259 0.255729 0.233333 0.255729 0.231481 0.256250 0.230556 0.256250 0.228704 0.256771 0.227778 0.256771 0.226852 0.257292 0.225926 0.257292 0.224074 0.257812 0.223148 0.257812 0.221296 0.258333 0.220370 0.258333 0.218519 0.258854 0.217593 0.258854 0.216667 0.259375 0.215741 0.259375 0.213889 0.259896 0.212963 0.259896 0.211111 0.260417 0.210185 0.260417 0.208333 0.260937 0.207407 0.260937 0.206481 0.261458 0.205556 0.261458 0.203704 0.261979 0.202778 0.261979 0.200926 0.262500 0.200000 0.262500 0.198148 0.263021 0.197222 0.263021 0.196296 0.263542 0.195370 0.263542 0.193519 0.264062 0.192593 0.264062 0.190741 0.264583 0.189815 0.264583 0.187963 0.265104 0.187037 0.265104 0.186111 0.265625 0.185185 0.265625 0.183333 0.266146 0.182407 0.266146 0.180556 0.266667 0.179630 0.266667 0.177778 0.267188 0.176852 0.267188 0.175926 0.267708 0.175000 0.267708 0.173148 0.268229 0.172222 0.268229 0.170370 0.268750 0.169444 0.268750 0.167593 0.269271 0.166667 0.269271 0.165741 0.269792 0.164815 0.269792 0.162963 0.270313 0.162037 0.270313 0.160185 0.270833 0.159259 0.270833 0.157407 0.271354 0.156481 0.271354 0.155556 0.271875 0.154630 0.271875 0.152778 0.272396 0.151852 0.272396 0.150000 0.272917 0.149074 0.272917 0.147222 0.273438 0.146296 0.273438 0.145370 0.273958 0.144444 0.273958 0.142593 0.274479 0.141667 0.274479 0.139815 0.275000 0.138889 0.275000 0.137037 0.275521 0.136111 0.275521 0.135185 0.276042 0.134259 0.276042 0.132407 0.276562 0.131481 0.276562 0.129630 0.277083 0.128704 0.277083 0.126852 0.277604 0.125926 0.277604 0.125000 0.278125 0.124074 0.278125 0.123148 0.277083 0.121296 0.276562 0.121296 0.275521 0.119444
0 0.415625 0.265278 0.157292 0.306481 0.415104 0.112037 0.414583 0.112963 0.414062 0.112963 0.413542 0.113889 0.413021 0.113889 0.412500 0.114815 0.412500 0.145370 0.411979 0.146296 0.411979 0.195370 0.411458 0.196296 0.411458 0.244444 0.410938 0.245370 0.410938 0.265741 0.409896 0.267593 0.409896 0.268519 0.408333 0.271296 0.408333 0.272222 0.340104 0.393519 0.339583 0.393519 0.338021 0.396296 0.338021 0.399074 0.337500 0.400000 0.337500 0.405556 0.336979 0.406481 0.336979 0.411111 0.337500 0.412037 0.337500 0.412963 0.338021 0.413889 0.338021 0.414815 0.339062 0.416667 0.339583 0.416667 0.340625 0.418519 0.343750 0.418519 0.344792 0.416667 0.345313 0.416667 0.348958 0.410185 0.349479 0.410185 0.376042 0.362963 0.376563 0.362963 0.384896 0.348148 0.385417 0.348148 0.390625 0.338889 0.391146 0.338889 0.395313 0.331481 0.395833 0.331481 0.398438 0.326852 0.398958 0.326852 0.400521 0.324074 0.401042 0.324074 0.402604 0.321296 0.403125 0.321296 0.404687 0.318519 0.405208 0.318519 0.406250 0.316667 0.406771 0.316667 0.407292 0.315741 0.407813 0.315741 0.408333 0.314815 0.408854 0.314815 0.409375 0.313889 0.409896 0.313889 0.410417 0.312963 0.411458 0.312963 0.411979 0.312037 0.414062 0.312037 0.414583 0.311111 0.416146 0.311111 0.416667 0.312037 0.418750 0.312037 0.419271 0.312963 0.420312 0.312963 0.420833 0.313889 0.421875 0.313889 0.422917 0.315741 0.423438 0.315741 0.423958 0.316667 0.424479 0.316667 0.425000 0.317593 0.425521 0.317593 0.427083 0.320370 0.427604 0.320370 0.428646 0.322222 0.429167 0.322222 0.430729 0.325000 0.431250 0.325000 0.433333 0.328704 0.433854 0.328704 0.435937 0.332407 0.436458 0.332407 0.439063 0.337037 0.439583 0.337037 0.443229 0.343519 0.443750 0.343519 0.447917 0.350926 0.448437 0.350926 0.453646 0.360185 0.454167 0.360185 0.460938 0.372222 0.461458 0.372222 0.469792 0.387037 0.470313 0.387037 0.478646 0.401852 0.479167 0.401852 0.483333 0.409259 0.483854 0.409259 0.485417 0.412037 0.485938 0.412037 0.486458 0.412963 0.486979 0.412963 0.487500 0.413889 0.488542 0.413889 0.489063 0.414815 0.490104 0.414815 0.490625 0.413889 0.491667 0.413889 0.492188 0.412963 0.492708 0.412963 0.493229 0.412037 0.493229 0.411111 0.494271 0.409259 0.494271 0.405556 0.490104 0.398148 0.489583 0.398148 0.480729 0.382407 0.480208 0.382407 0.469792 0.363889 0.469271 0.363889 0.459375 0.346296 0.458854 0.346296 0.448958 0.328704 0.448437 0.328704 0.438542 0.311111 0.438021 0.311111 0.426563 0.290741 0.426042 0.290741 0.423438 0.286111 0.423438 0.285185 0.419792 0.278704 0.419792 0.277778 0.419271 0.276852 0.419271 0.275926 0.418750 0.275000 0.418750 0.113889 0.418229 0.112963 0.417708 0.112963 0.417187 0.112037
0 0.585677 0.275463 0.160938 0.315741 0.554688 0.117593 0.553646 0.119444 0.553125 0.119444 0.552604 0.120370 0.552604 0.121296 0.553125 0.122222 0.553125 0.124074 0.553646 0.125000 0.553646 0.126852 0.554167 0.127778 0.554167 0.129630 0.554688 0.130556 0.554688 0.131481 0.555208 0.132407 0.555208 0.134259 0.555729 0.135185 0.555729 0.137037 0.556250 0.137963 0.556250 0.139815 0.556771 0.140741 0.556771 0.142593 0.557292 0.143519 0.557292 0.145370 0.557813 0.146296 0.557813 0.148148 0.558333 0.149074 0.558333 0.150926 0.558854 0.151852 0.558854 0.153704 0.559375 0.154630 0.559375 0.156481 0.559896 0.157407 0.559896 0.159259 0.560417 0.160185 0.560417 0.162037 0.560937 0.162963 0.560937 0.164815 0.561458 0.165741 0.561458 0.166667 0.561979 0.167593 0.561979 0.169444 0.562500 0.170370 0.562500 0.172222 0.563021 0.173148 0.563021 0.175000 0.563542 0.175926 0.563542 0.177778 0.564063 0.178704 0.564063 0.180556 0.564583 0.181481 0.564583 0.183333 0.565104 0.184259 0.565104 0.186111 0.565625 0.187037 0.565625 0.188889 0.566146 0.189815 0.566146 0.191667 0.566667 0.192593 0.566667 0.194444 0.567187 0.195370 0.567187 0.197222 0.567708 0.198148 0.567708 0.200000 0.568229 0.200926 0.568229 0.201852 0.568750 0.202778 0.568750 0.204630 0.569271 0.205556 0.569271 0.207407 0.569792 0.208333 0.569792 0.210185 0.570312 0.211111 0.570312 0.212963 0.570833 0.213889 0.570833 0.215741 0.571354 0.216667 0.571354 0.218519 0.571875 0.219444 0.571875 0.221296 0.572396 0.222222 0.572396 0.224074 0.572917 0.225000 0.572917 0.226852 0.573438 0.227778 0.573438 0.229630 0.573958 0.230556 0.573958 0.232407 0.574479 0.233333 0.574479 0.235185 0.575000 0.236111 0.575000 0.237037 0.575521 0.237963 0.575521 0.239815 0.576042 0.240741 0.576042 0.242593 0.576562 0.243519 0.576562 0.245370 0.577083 0.246296 0.577083 0.248148 0.577604 0.249074 0.577604 0.250926 0.578125 0.251852 0.578125 0.253704 0.578646 0.254630 0.578646 0.256481 0.579167 0.257407 0.579167 0.259259 0.579688 0.260185 0.579688 0.262037 0.580208 0.262963 0.580208 0.264815 0.580729 0.265741 0.580729 0.267593 0.581250 0.268519 0.581250 0.272222 0.580729 0.273148 0.580729 0.274074 0.580208 0.275000 0.580208 0.275926 0.578125 0.279630 0.578125 0.280556 0.568229 0.298148 0.567708 0.298148 0.550000 0.329630 0.549479 0.329630 0.531250 0.362037 0.530729 0.362037 0.513021 0.393519 0.512500 0.393519 0.505729 0.405556 0.505208 0.405556 0.505208 0.410185 0.505729 0.411111 0.505729 0.416667 0.506250 0.417593 0.506250 0.423148 0.506771 0.424074 0.506771 0.426852 0.507292 0.427778 0.507292 0.428704 0.508854 0.431481 0.509375 0.431481 0.510417 0.433333 0.513021 0.433333 0.513542 0.432407 0.514062 0.432407 0.516146 0.428704 0.516667 0.428704 0.525000 0.413889 0.525521 0.413889 0.538542 0.390741 0.539062 0.390741 0.547917 0.375000 0.548438 0.375000 0.554167 0.364815 0.554688 0.364815 0.559375 0.356481 0.559896 0.356481 0.563542 0.350000 0.564063 0.350000 0.567187 0.344444 0.567708 0.344444 0.569792 0.340741 0.570312 0.340741 0.572396 0.337037 0.572917 0.337037 0.574479 0.334259 0.575000 0.334259 0.576042 0.332407 0.576562 0.332407 0.577604 0.330556 0.578125 0.330556 0.578646 0.329630 0.579167 0.329630 0.580208 0.327778 0.580729 0.327778 0.581250 0.326852 0.582292 0.326852 0.582812 0.325926 0.583333 0.325926 0.583854 0.325000 0.585938 0.325000 0.586458 0.324074 0.588542 0.324074 0.589063 0.325000 0.591146 0.325000 0.591667 0.325926 0.592708 0.325926 0.593229 0.326852 0.594271 0.326852 0.595313 0.328704 0.595833 0.328704 0.596354 0.329630 0.596875 0.329630 0.597917 0.331481 0.598437 0.331481 0.599479 0.333333 0.600000 0.333333 0.601562 0.336111 0.602083 0.336111 0.603646 0.338889 0.604167 0.338889 0.606771 0.343519 0.607292 0.343519 0.610417 0.349074 0.610938 0.349074 0.614583 0.355556 0.615104 0.355556 0.620833 0.365741 0.621354 0.365741 0.630208 0.381481 0.630729 0.381481 0.647917 0.412037 0.648438 0.412037 0.654687 0.423148 0.655208 0.423148 0.656771 0.425926 0.657292 0.425926 0.658333 0.427778 0.658854 0.427778 0.659375 0.428704 0.663021 0.428704 0.663542 0.427778 0.664062 0.427778 0.665625 0.425000 0.665625 0.424074 0.666146 0.423148 0.666146 0.418519 0.665625 0.417593 0.665625 0.416667 0.665104 0.415741 0.665104 0.414815 0.664583 0.413889 0.664583 0.412963 0.664062 0.412037 0.664062 0.410185 0.663542 0.409259 0.663542 0.408333 0.663021 0.407407 0.663021 0.406481 0.662500 0.405556 0.662500 0.403704 0.658333 0.396296 0.657813 0.396296 0.632812 0.351852 0.632292 0.351852 0.606250 0.305556 0.605729 0.305556 0.594792 0.286111 0.594792 0.285185 0.591667 0.279630 0.591667 0.278704 0.590625 0.276852 0.590625 0.275000 0.590104 0.274074 0.590104 0.272222 0.589583 0.271296 0.589583 0.270370 0.589063 0.269444 0.589063 0.267593 0.588542 0.266667 0.588542 0.264815 0.588021 0.263889 0.588021 0.262037 0.587500 0.261111 0.587500 0.259259 0.586979 0.258333 0.586979 0.256481 0.586458 0.255556 0.586458 0.254630 0.585938 0.253704 0.585938 0.251852 0.585417 0.250926 0.585417 0.249074 0.584896 0.248148 0.584896 0.246296 0.584375 0.245370 0.584375 0.243519 0.583854 0.242593 0.583854 0.240741 0.583333 0.239815 0.583333 0.238889 0.582812 0.237963 0.582812 0.236111 0.582292 0.235185 0.582292 0.233333 0.581771 0.232407 0.581771 0.230556 0.581250 0.229630 0.581250 0.227778 0.580729 0.226852 0.580729 0.225926 0.580208 0.225000 0.580208 0.223148 0.579688 0.222222 0.579688 0.220370 0.579167 0.219444 0.579167 0.217593 0.578646 0.216667 0.578646 0.214815 0.578125 0.213889 0.578125 0.212037 0.577604 0.211111 0.577604 0.210185 0.577083 0.209259 0.577083 0.207407 0.576562 0.206481 0.576562 0.204630 0.576042 0.203704 0.576042 0.201852 0.575521 0.200926 0.575521 0.199074 0.575000 0.198148 0.575000 0.196296 0.574479 0.195370 0.574479 0.194444 0.573958 0.193519 0.573958 0.191667 0.573438 0.190741 0.573438 0.188889 0.572917 0.187963 0.572917 0.186111 0.572396 0.185185 0.572396 0.183333 0.571875 0.182407 0.571875 0.180556 0.571354 0.179630 0.571354 0.178704 0.570833 0.177778 0.570833 0.175926 0.570312 0.175000 0.570312 0.173148 0.569792 0.172222 0.569792 0.170370 0.569271 0.169444 0.569271 0.167593 0.568750 0.166667 0.568750 0.164815 0.568229 0.163889 0.568229 0.162963 0.567708 0.162037 0.567708 0.160185 0.567187 0.159259 0.567187 0.157407 0.566667 0.156481 0.566667 0.154630 0.566146 0.153704 0.566146 0.151852 0.565625 0.150926 0.565625 0.149074 0.565104 0.148148 0.565104 0.147222 0.564583 0.146296 0.564583 0.144444 0.564063 0.143519 0.564063 0.141667 0.563542 0.140741 0.563542 0.138889 0.563021 0.137963 0.563021 0.136111 0.562500 0.135185 0.562500 0.133333 0.561979 0.132407 0.561979 0.131481 0.561458 0.130556 0.561458 0.128704 0.560937 0.127778 0.560937 0.125926 0.560417 0.125000 0.560417 0.123148 0.559896 0.122222 0.559896 0.121296 0.558854 0.119444 0.558333 0.119444 0.557292 0.117593
0 0.755469 0.264815 0.160938 0.314815 0.693229 0.107407 0.692708 0.108333 0.692187 0.108333 0.691667 0.109259 0.693229 0.112037 0.693229 0.112963 0.694271 0.114815 0.694271 0.115741 0.695312 0.117593 0.695312 0.118519 0.696354 0.120370 0.696354 0.121296 0.697917 0.124074 0.697917 0.125000 0.698958 0.126852 0.698958 0.127778 0.700000 0.129630 0.700000 0.130556 0.701562 0.133333 0.701562 0.134259 0.702604 0.136111 0.702604 0.137037 0.703646 0.138889 0.703646 0.139815 0.705208 0.142593 0.705208 0.143519 0.706250 0.145370 0.706250 0.146296 0.707292 0.148148 0.707292 0.149074 0.708333 0.150926 0.708333 0.151852 0.709896 0.154630 0.709896 0.155556 0.710938 0.157407 0.710938 0.158333 0.711979 0.160185 0.711979 0.161111 0.713542 0.163889 0.713542 0.164815 0.714583 0.166667 0.714583 0.167593 0.715625 0.169444 0.715625 0.170370 0.716667 0.172222 0.716667 0.173148 0.718229 0.175926 0.718229 0.176852 0.719271 0.178704 0.719271 0.179630 0.720313 0.181481 0.720313 0.182407 0.721875 0.185185 0.721875 0.186111 0.722917 0.187963 0.722917 0.188889 0.723958 0.190741 0.723958 0.191667 0.725521 0.194444 0.725521 0.195370 0.726562 0.197222 0.726562 0.198148 0.727604 0.200000 0.727604 0.200926 0.728646 0.202778 0.728646 0.203704 0.730208 0.206481 0.730208 0.207407 0.731250 0.209259 0.731250 0.210185 0.732292 0.212037 0.732292 0.212963 0.733854 0.215741 0.733854 0.216667 0.734896 0.218519 0.734896 0.219444 0.735938 0.221296 0.735938 0.222222 0.737500 0.225000 0.737500 0.225926 0.738542 0.227778 0.738542 0.228704 0.739583 0.230556 0.739583 0.231481 0.740625 0.233333 0.740625 0.234259 0.742188 0.237037 0.742188 0.237963 0.743229 0.239815 0.743229 0.240741 0.744271 0.242593 0.744271 0.243519 0.745833 0.246296 0.745833 0.247222 0.746875 0.249074 0.746875 0.250000 0.747917 0.251852 0.747917 0.252778 0.748958 0.254630 0.748958 0.255556 0.750521 0.258333 0.750521 0.259259 0.751563 0.261111 0.751563 0.262037 0.752604 0.263889 0.752604 0.264815 0.753646 0.266667 0.753646 0.268519 0.754167 0.269444 0.754167 0.271296 0.753646 0.272222 0.753646 0.273148 0.753125 0.274074 0.753125 0.275000 0.751563 0.277778 0.751563 0.278704 0.743750 0.292593 0.743229 0.292593 0.733333 0.310185 0.732812 0.310185 0.723437 0.326852 0.722917 0.326852 0.713542 0.343519 0.713021 0.343519 0.703646 0.360185 0.703125 0.360185 0.693750 0.376852 0.693229 0.376852 0.683854 0.393519 0.683333 0.393519 0.677083 0.404630 0.676562 0.404630 0.675000 0.407407 0.675000 0.409259 0.675521 0.410185 0.675521 0.411111 0.676042 0.412037 0.676042 0.412963 0.676562 0.413889 0.676562 0.414815 0.677083 0.415741 0.677083 0.416667 0.677604 0.417593 0.677604 0.418519 0.678646 0.420370 0.679167 0.420370 0.680208 0.422222 0.682813 0.422222 0.683333 0.421296 0.683854 0.421296 0.684896 0.419444 0.685417 0.419444 0.689063 0.412963 0.689583 0.412963 0.697396 0.399074 0.697917 0.399074 0.706250 0.384259 0.706771 0.384259 0.713542 0.372222 0.714063 0.372222 0.719792 0.362037 0.720313 0.362037 0.725000 0.353704 0.725521 0.353704 0.729167 0.347222 0.729688 0.347222 0.733333 0.340741 0.733854 0.340741 0.736458 0.336111 0.736979 0.336111 0.739583 0.331481 0.740104 0.331481 0.742188 0.327778 0.742708 0.327778 0.744271 0.325000 0.744792 0.325000 0.745833 0.323148 0.746354 0.323148 0.747917 0.320370 0.748437 0.320370 0.748958 0.319444 0.749479 0.319444 0.750521 0.317593 0.751042 0.317593 0.751563 0.316667 0.752083 0.316667 0.752604 0.315741 0.753646 0.315741 0.754167 0.314815 0.754687 0.314815 0.755208 0.313889 0.757292 0.313889 0.757812 0.312963 0.760938 0.312963 0.761458 0.313889 0.763021 0.313889 0.763542 0.314815 0.764583 0.314815 0.765104 0.315741 0.765625 0.315741 0.766146 0.316667 0.766667 0.316667 0.767708 0.318519 0.768229 0.318519 0.768750 0.319444 0.769271 0.319444 0.770833 0.322222 0.771354 0.322222 0.772917 0.325000 0.773438 0.325000 0.776042 0.329630 0.776563 0.329630 0.779687 0.335185 0.780208 0.335185 0.784896 0.343519 0.785417 0.343519 0.795833 0.362037 0.796354 0.362037 0.825521 0.413889 0.826042 0.413889 0.827604 0.416667 0.828125 0.416667 0.828646 0.417593 0.832812 0.417593 0.833854 0.415741 0.834375 0.415741 0.834896 0.414815 0.834896 0.413889 0.835417 0.412963 0.835417 0.412037 0.835938 0.411111 0.835938 0.408333 0.835417 0.407407 0.835417 0.406481 0.834896 0.405556 0.834896 0.404630 0.833854 0.402778 0.833854 0.401852 0.832292 0.399074 0.832292 0.398148 0.830729 0.395370 0.830729 0.394444 0.829167 0.391667 0.829167 0.390741 0.827604 0.387963 0.827604 0.387037 0.826042 0.384259 0.826042 0.383333 0.824479 0.380556 0.824479 0.379630 0.822917 0.376852 0.822917 0.375926 0.821354 0.373148 0.821354 0.372222 0.819792 0.369444 0.819792 0.368519 0.818229 0.365741 0.818229 0.364815 0.816667 0.362037 0.816667 0.361111 0.815104 0.358333 0.815104 0.357407 0.813542 0.354630 0.813542 0.353704 0.811979 0.350926 0.811979 0.350000 0.810417 0.347222 0.810417 0.346296 0.809375 0.344444 0.809375 0.343519 0.807813 0.340741 0.807813 0.339815 0.806250 0.337037 0.806250 0.336111 0.804688 0.333333 0.804688 0.332407 0.803125 0.329630 0.803125 0.328704 0.801562 0.325926 0.801562 0.325000 0.800000 0.322222 0.800000 0.321296 0.798438 0.318519 0.798438 0.317593 0.796875 0.314815 0.796875 0.313889 0.795312 0.311111 0.795312 0.310185 0.793750 0.307407 0.793750 0.306481 0.792188 0.303704 0.792188 0.302778 0.790625 0.300000 0.790625 0.299074 0.789062 0.296296 0.789062 0.295370 0.787500 0.292593 0.787500 0.291667 0.785937 0.288889 0.785937 0.287963 0.784375 0.285185 0.784375 0.284259 0.782813 0.281481 0.782813 0.280556 0.781250 0.277778 0.781250 0.276852 0.779687 0.274074 0.779687 0.273148 0.778125 0.270370 0.778125 0.269444 0.776563 0.266667 0.776563 0.265741 0.775000 0.262963 0.775000 0.262037 0.773438 0.259259 0.773438 0.258333 0.771875 0.255556 0.771875 0.254630 0.770312 0.251852 0.770312 0.250926 0.768750 0.248148 0.768750 0.247222 0.767188 0.244444 0.767188 0.243519 0.765625 0.240741 0.765625 0.239815 0.764062 0.237037 0.764062 0.236111 0.762500 0.233333 0.762500 0.232407 0.760938 0.229630 0.760938 0.228704 0.759375 0.225926 0.759375 0.225000 0.757812 0.222222 0.757812 0.221296 0.756250 0.218519 0.756250 0.217593 0.754687 0.214815 0.754687 0.213889 0.751563 0.208333 0.751563 0.207407 0.728125 0.165741 0.728125 0.164815 0.696875 0.109259 0.696354 0.109259 0.695833 0.108333 0.695312 0.108333 0.694792 0.107407