0 0.044531 0.599537 0.089063 0.162037 0.058333 0.518519 0.048438 0.536111 0.048438 0.537037 0.024479 0.579630 0.024479 0.580556 0.000000 0.624074 0.000000 0.673148 0.001042 0.675000 0.001563 0.675000 0.004167 0.679630 0.004687 0.679630 0.005208 0.680556 0.016667 0.680556 0.028646 0.659259 0.028646 0.658333 0.046875 0.625926 0.046875 0.625000 0.065104 0.592593 0.065104 0.591667 0.078125 0.568519 0.078125 0.567593 0.080729 0.562963 0.080729 0.562037 0.082292 0.559259 0.082292 0.558333 0.083854 0.555556 0.083854 0.554630 0.085938 0.550926 0.085938 0.550000 0.087500 0.547222 0.087500 0.546296 0.089063 0.543519 0.089063 0.541667 0.088542 0.540741 0.088021 0.540741 0.087500 0.539815 0.086979 0.539815 0.086458 0.538889 0.085938 0.538889 0.085417 0.537963 0.084896 0.537963 0.084375 0.537037 0.076563 0.537037 0.076042 0.537963 0.075521 0.537963 0.075000 0.538889 0.073958 0.538889 0.073438 0.539815 0.072917 0.539815 0.071875 0.541667 0.071354 0.541667 0.070312 0.543519 0.069792 0.543519 0.068750 0.545370 0.068229 0.545370 0.066667 0.548148 0.066146 0.548148 0.064062 0.551852 0.063542 0.551852 0.060937 0.556481 0.060417 0.556481 0.056250 0.563889 0.055729 0.563889 0.046875 0.579630 0.046354 0.579630 0.014583 0.636111 0.014063 0.636111 0.013542 0.637037 0.011458 0.637037 0.010937 0.636111 0.010417 0.636111 0.007292 0.630556 0.007292 0.624074 0.007812 0.623148 0.007812 0.622222 0.009896 0.618519 0.009896 0.617593 0.014063 0.610185 0.014063 0.609259 0.017708 0.602778 0.017708 0.601852 0.021354 0.595370 0.021354 0.594444 0.025000 0.587963 0.025000 0.587037 0.028646 0.580556 0.028646 0.579630 0.032292 0.573148 0.032292 0.572222 0.035937 0.565741 0.035937 0.564815 0.039583 0.558333 0.039583 0.557407 0.043229 0.550926 0.043229 0.550000 0.046875 0.543519 0.046875 0.542593 0.051042 0.535185 0.051042 0.534259 0.054688 0.527778 0.054688 0.526852 0.058333 0.520370
0 0.046354 0.501852 0.092708 0.244444 0.090104 0.379630 0.089583 0.380556 0.089583 0.381481 0.078646 0.400926 0.078646 0.401852 0.067187 0.422222 0.067187 0.423148 0.053646 0.447222 0.053646 0.448148 0.036979 0.477778 0.036979 0.478704 0.020313 0.508333 0.020313 0.509259 0.003646 0.538889 0.003125 0.538889 0.001563 0.541667 0.000521 0.541667 0.000000 0.542593 0.000000 0.624074 0.023958 0.581481 0.023958 0.580556 0.047917 0.537963 0.047917 0.537037 0.063542 0.509259 0.063542 0.508333 0.067187 0.501852 0.067187 0.500926 0.070833 0.494444 0.070833 0.493519 0.074479 0.487037 0.074479 0.486111 0.078125 0.479630 0.078125 0.478704 0.081771 0.472222 0.081771 0.471296 0.084896 0.465741 0.084375 0.465741 0.083854 0.464815 0.083333 0.464815 0.082812 0.463889 0.081771 0.463889 0.081250 0.462963 0.079167 0.462963 0.078646 0.462037 0.076563 0.462037 0.076042 0.462963 0.073958 0.462963 0.073438 0.463889 0.072917 0.463889 0.072396 0.464815 0.071354 0.464815 0.070833 0.465741 0.070312 0.465741 0.069271 0.467593 0.068750 0.467593 0.067708 0.469444 0.067187 0.469444 0.066146 0.471296 0.065625 0.471296 0.063542 0.475000 0.063021 0.475000 0.060417 0.479630 0.059896 0.479630 0.056250 0.486111 0.055729 0.486111 0.048958 0.498148 0.048438 0.498148 0.022396 0.544444 0.022396 0.545370 0.014063 0.560185 0.013542 0.560185 0.011458 0.563889 0.010937 0.563889 0.010417 0.564815 0.008854 0.564815 0.008333 0.563889 0.007812 0.563889 0.007292 0.562963 0.006771 0.562963 0.004167 0.558333 0.004167 0.557407 0.003646 0.556481 0.003646 0.550926 0.004687 0.549074 0.004687 0.548148 0.006771 0.544444 0.006771 0.543519 0.014583 0.529630 0.014583 0.528704 0.023958 0.512037 0.023958 0.511111 0.032813 0.495370 0.032813 0.494444 0.041667 0.478704 0.041667 0.477778 0.050521 0.462037 0.050521 0.461111 0.059896 0.444444 0.059896 0.443519 0.068750 0.427778 0.068750 0.426852 0.077604 0.411111 0.077604 0.410185 0.086458 0.394444 0.086458 0.393519 0.092708 0.382407 0.092708 0.381481 0.092188 0.380556 0.091667 0.380556 0.091146 0.379630
0 0.045052 0.450926 0.090104 0.181481 0.064062 0.360185 0.062500 0.362963 0.061979 0.362963 0.042188 0.398148 0.041667 0.398148 0.021875 0.433333 0.021354 0.433333 0.001563 0.468519 0.001042 0.468519 0.000000 0.470370 0.000000 0.541667 0.000521 0.540741 0.001563 0.540741 0.003125 0.537963 0.003646 0.537963 0.019792 0.509259 0.019792 0.508333 0.036458 0.478704 0.036458 0.477778 0.053125 0.448148 0.053125 0.447222 0.066667 0.423148 0.066667 0.422222 0.078125 0.401852 0.078125 0.400926 0.089063 0.381481 0.089063 0.380556 0.090104 0.378704 0.089583 0.377778 0.089063 0.377778 0.088542 0.376852 0.087500 0.376852 0.086979 0.375926 0.085938 0.375926 0.085417 0.375000 0.082812 0.375000 0.082292 0.374074 0.081771 0.374074 0.081250 0.375000 0.079167 0.375000 0.078646 0.375926 0.077604 0.375926 0.077083 0.376852 0.076563 0.376852 0.076042 0.377778 0.075521 0.377778 0.075000 0.378704 0.074479 0.378704 0.073438 0.380556 0.072917 0.380556 0.072396 0.381481 0.071875 0.381481 0.070312 0.384259 0.069792 0.384259 0.067708 0.387963 0.067187 0.387963 0.064062 0.393519 0.063542 0.393519 0.058333 0.402778 0.057813 0.402778 0.045833 0.424074 0.045833 0.425000 0.018229 0.474074 0.017708 0.474074 0.016146 0.476852 0.013021 0.476852 0.011979 0.475000 0.011458 0.475000 0.009375 0.471296 0.009375 0.470370 0.008854 0.469444 0.008854 0.463889 0.009375 0.462963 0.009375 0.462037 0.010417 0.460185 0.010417 0.459259 0.014063 0.452778 0.014063 0.451852 0.025000 0.432407 0.025000 0.431481 0.038021 0.408333 0.038021 0.407407 0.051042 0.384259 0.051042 0.383333
0 0.048958 0.380093 0.097917 0.178704 0.083854 0.290741 0.083333 0.291667 0.081771 0.291667 0.081250 0.292593 0.080729 0.292593 0.077083 0.299074 0.076563 0.299074 0.069792 0.311111 0.069271 0.311111 0.061979 0.324074 0.061458 0.324074 0.054167 0.337037 0.053646 0.337037 0.046354 0.350000 0.045833 0.350000 0.039062 0.362037 0.038542 0.362037 0.031250 0.375000 0.030729 0.375000 0.023438 0.387963 0.022917 0.387963 0.020313 0.392593 0.019792 0.392593 0.019271 0.393519 0.018750 0.393519 0.018229 0.394444 0.017708 0.393519 0.016667 0.393519 0.016146 0.392593 0.015625 0.392593 0.012500 0.387037 0.012500 0.385185 0.011979 0.384259 0.011979 0.381481 0.012500 0.380556 0.012500 0.379630 0.013542 0.377778 0.013542 0.376852 0.015625 0.373148 0.014063 0.375926 0.013542 0.375926 0.008333 0.385185 0.007812 0.385185 0.003125 0.393519 0.002604 0.393519 0.000000 0.398148 0.000000 0.469444 0.001042 0.467593 0.001563 0.467593 0.021354 0.432407 0.021875 0.432407 0.041667 0.397222 0.042188 0.397222 0.061979 0.362037 0.062500 0.362037 0.082292 0.326852 0.082812 0.326852 0.097917 0.300000 0.097396 0.300000 0.095833 0.297222 0.095312 0.297222 0.094792 0.296296 0.094271 0.296296 0.093750 0.295370 0.093229 0.295370 0.092188 0.293519 0.091146 0.293519 0.090625 0.292593 0.090104 0.292593 0.089583 0.291667 0.088021 0.291667 0.087500 0.290741
0 0.069792 0.271759 0.139583 0.250926 0.015104 0.146296 0.014583 0.147222 0.014063 0.147222 0.013021 0.149074 0.012500 0.149074 0.010937 0.151852 0.010417 0.151852 0.009375 0.153704 0.008854 0.153704 0.007812 0.155556 0.007292 0.155556 0.006250 0.157407 0.005729 0.157407 0.004687 0.159259 0.004167 0.159259 0.002604 0.162037 0.002083 0.162037 0.001042 0.163889 0.000521 0.163889 0.000000 0.164815 0.000000 0.397222 0.002604 0.392593 0.003125 0.392593 0.007812 0.384259 0.008333 0.384259 0.013542 0.375000 0.014063 0.375000 0.022917 0.359259 0.022917 0.358333 0.033333 0.339815 0.033333 0.338889 0.044271 0.319444 0.044271 0.318519 0.054688 0.300000 0.054688 0.299074 0.065625 0.279630 0.065625 0.278704 0.081250 0.250926 0.081771 0.250926 0.085938 0.243519 0.086458 0.243519 0.088021 0.240741 0.088021 0.238889 0.089063 0.237037 0.089063 0.236111 0.089583 0.235185 0.090104 0.235185 0.094271 0.227778 0.094792 0.227778 0.098958 0.220370 0.099479 0.220370 0.103646 0.212963 0.104167 0.212963 0.108333 0.205556 0.108854 0.205556 0.113021 0.198148 0.113542 0.198148 0.117708 0.190741 0.118229 0.190741 0.121875 0.184259 0.122396 0.184259 0.126562 0.176852 0.127083 0.176852 0.131250 0.169444 0.131771 0.169444 0.135937 0.162037 0.136458 0.162037 0.139583 0.156481 0.139583 0.152778 0.138542 0.150926 0.138542 0.150000 0.138021 0.149074 0.137500 0.149074 0.136458 0.147222 0.134375 0.147222 0.133854 0.148148 0.133333 0.148148 0.131250 0.151852 0.130729 0.151852 0.127604 0.157407 0.127083 0.157407 0.123958 0.162963 0.123438 0.162963 0.119792 0.169444 0.119271 0.169444 0.116146 0.175000 0.115625 0.175000 0.111979 0.181481 0.111458 0.181481 0.108333 0.187037 0.107813 0.187037 0.104688 0.192593 0.104167 0.192593 0.100521 0.199074 0.100000 0.199074 0.096875 0.204630 0.096354 0.204630 0.093229 0.210185 0.092708 0.210185 0.089063 0.216667 0.088542 0.216667 0.085417 0.222222 0.084896 0.222222 0.081771 0.227778 0.081250 0.227778 0.078125 0.233333 0.077083 0.233333 0.076563 0.232407 0.075521 0.232407 0.075000 0.231481 0.073958 0.231481 0.072917 0.229630 0.072396 0.229630 0.071875 0.228704 0.071354 0.228704 0.070312 0.226852 0.069792 0.226852 0.068750 0.225000 0.068229 0.225000 0.066667 0.222222 0.066146 0.222222 0.064062 0.218519 0.063542 0.218519 0.061458 0.214815 0.060937 0.214815 0.057813 0.209259 0.057292 0.209259 0.054167 0.203704 0.053646 0.203704 0.049479 0.196296 0.048958 0.196296 0.043750 0.187037 0.043229 0.187037 0.036979 0.175926 0.036458 0.175926 0.029687 0.163889 0.029167 0.163889 0.023438 0.153704 0.022917 0.153704 0.020833 0.150000 0.020313 0.150000 0.019271 0.148148 0.018750 0.148148 0.018229 0.147222 0.017708 0.147222 0.017188 0.146296
0 0.200521 0.230093 0.223958 0.297222 0.188542 0.081481 0.188021 0.082407 0.187500 0.082407 0.186979 0.083333 0.186458 0.083333 0.182292 0.090741 0.181771 0.090741 0.177604 0.098148 0.177083 0.098148 0.173437 0.104630 0.172917 0.104630 0.168750 0.112037 0.168229 0.112037 0.164062 0.119444 0.163542 0.119444 0.159375 0.126852 0.158854 0.126852 0.154688 0.134259 0.154167 0.134259 0.150000 0.141667 0.149479 0.141667 0.145833 0.148148 0.145313 0.148148 0.141146 0.155556 0.140625 0.155556 0.136458 0.162963 0.135937 0.162963 0.131771 0.170370 0.131250 0.170370 0.127083 0.177778 0.126562 0.177778 0.122396 0.185185 0.121875 0.185185 0.118229 0.191667 0.117708 0.191667 0.113542 0.199074 0.113021 0.199074 0.108854 0.206481 0.108333 0.206481 0.104167 0.213889 0.103646 0.213889 0.099479 0.221296 0.098958 0.221296 0.094792 0.228704 0.094271 0.228704 0.090104 0.236111 0.089583 0.236111 0.089583 0.237037 0.088542 0.238889 0.088542 0.243519 0.089063 0.244444 0.089063 0.245370 0.089583 0.246296 0.089583 0.247222 0.093229 0.253704 0.093229 0.254630 0.094271 0.256481 0.094792 0.256481 0.103646 0.272222 0.104167 0.272222 0.111979 0.286111 0.112500 0.286111 0.120313 0.300000 0.120833 0.300000 0.128125 0.312963 0.128646 0.312963 0.136458 0.326852 0.136979 0.326852 0.144792 0.340741 0.145313 0.340741 0.152604 0.353704 0.153125 0.353704 0.160417 0.366667 0.160938 0.366667 0.164583 0.373148 0.165104 0.373148 0.167187 0.376852 0.167708 0.376852 0.168229 0.377778 0.168750 0.377778 0.169271 0.378704 0.172396 0.378704 0.172917 0.377778 0.173437 0.377778 0.175000 0.375000 0.175521 0.375000 0.204687 0.323148 0.204687 0.322222 0.238542 0.262037 0.238542 0.261111 0.243229 0.252778 0.243229 0.251852 0.244792 0.249074 0.244792 0.248148 0.246875 0.244444 0.246875 0.243519 0.248438 0.240741 0.248438 0.239815 0.250521 0.236111 0.250521 0.235185 0.252083 0.232407 0.252083 0.231481 0.254167 0.227778 0.254167 0.226852 0.255729 0.224074 0.255729 0.223148 0.257292 0.220370 0.257292 0.219444 0.259375 0.215741 0.259375 0.214815 0.260937 0.212037 0.260937 0.211111 0.263021 0.207407 0.263021 0.206481 0.264583 0.203704 0.264583 0.202778 0.266146 0.200000 0.266146 0.199074 0.268229 0.195370 0.268229 0.194444 0.269792 0.191667 0.269792 0.190741 0.271875 0.187037 0.271875 0.186111 0.273438 0.183333 0.273438 0.182407 0.275521 0.178704 0.275521 0.177778 0.277083 0.175000 0.277083 0.174074 0.278646 0.171296 0.278646 0.170370 0.280729 0.166667 0.280729 0.165741 0.282292 0.162963 0.282292 0.162037 0.284375 0.158333 0.284375 0.157407 0.285938 0.154630 0.285938 0.153704 0.287500 0.150926 0.287500 0.150000 0.289583 0.146296 0.289583 0.145370 0.291146 0.142593 0.291146 0.141667 0.293229 0.137963 0.293229 0.137037 0.294792 0.134259 0.294792 0.133333 0.296875 0.129630 0.296875 0.128704 0.298438 0.125926 0.298438 0.125000 0.300000 0.122222 0.300000 0.121296 0.302083 0.117593 0.302083 0.116667 0.303646 0.113889 0.303646 0.112963 0.305729 0.109259 0.305729 0.108333 0.307292 0.105556 0.307292 0.104630 0.308854 0.101852 0.308854 0.100926 0.310937 0.097222 0.310937 0.096296 0.311979 0.094444 0.311979 0.093519 0.312500 0.092593 0.312500 0.087963 0.311979 0.087037 0.311979 0.086111 0.310417 0.083333 0.309896 0.083333 0.309375 0.082407 0.307292 0.082407 0.305729 0.085185 0.305208 0.085185 0.291146 0.110185 0.291146 0.111111 0.282813 0.125926 0.282292 0.125926 0.270833 0.146296 0.270313 0.146296 0.265625 0.154630 0.265104 0.154630 0.262500 0.159259 0.261979 0.159259 0.260417 0.162037 0.259896 0.162037 0.258854 0.163889 0.258333 0.163889 0.257292 0.165741 0.256771 0.165741 0.256250 0.166667 0.255729 0.166667 0.255208 0.167593 0.254167 0.167593 0.253646 0.168519 0.252083 0.168519 0.251563 0.169444 0.250521 0.169444 0.250000 0.168519 0.247917 0.168519 0.247396 0.167593 0.246354 0.167593 0.245833 0.166667 0.245312 0.166667 0.244792 0.165741 0.244271 0.165741 0.243229 0.163889 0.242708 0.163889 0.241667 0.162037 0.241146 0.162037 0.239583 0.159259 0.239063 0.159259 0.236979 0.155556 0.236458 0.155556 0.234375 0.151852 0.233854 0.151852 0.230729 0.146296 0.230208 0.146296 0.225521 0.137963 0.225000 0.137963 0.219271 0.127778 0.218750 0.127778 0.209375 0.111111 0.208854 0.111111 0.197917 0.091667 0.197396 0.091667 0.193750 0.085185 0.193229 0.085185 0.192188 0.083333 0.191667 0.083333 0.191146 0.082407 0.190625 0.082407 0.190104 0.081481
0 0.351302 0.243981 0.195312 0.299074 0.322917 0.094444 0.322396 0.095370 0.321875 0.095370 0.321354 0.096296 0.321354 0.097222 0.319792 0.100000 0.319792 0.100926 0.317708 0.104630 0.317708 0.105556 0.316146 0.108333 0.316146 0.109259 0.314583 0.112037 0.314583 0.112963 0.312500 0.116667 0.312500 0.117593 0.310937 0.120370 0.310937 0.121296 0.309375 0.124074 0.309375 0.125000 0.307812 0.127778 0.307812 0.128704 0.305729 0.132407 0.305729 0.133333 0.304167 0.136111 0.304167 0.137037 0.302604 0.139815 0.302604 0.140741 0.300521 0.144444 0.300521 0.145370 0.298958 0.148148 0.298958 0.149074 0.297396 0.151852 0.297396 0.152778 0.295833 0.155556 0.295833 0.156481 0.293750 0.160185 0.293750 0.161111 0.292187 0.163889 0.292187 0.164815 0.290625 0.167593 0.290625 0.168519 0.288542 0.172222 0.288542 0.173148 0.286979 0.175926 0.286979 0.176852 0.285417 0.179630 0.285417 0.180556 0.283854 0.183333 0.283854 0.184259 0.281771 0.187963 0.281771 0.188889 0.280208 0.191667 0.280208 0.192593 0.278646 0.195370 0.278646 0.196296 0.276562 0.200000 0.276562 0.200926 0.275000 0.203704 0.275000 0.204630 0.273438 0.207407 0.273438 0.208333 0.271875 0.211111 0.271875 0.212037 0.269792 0.215741 0.269792 0.216667 0.268229 0.219444 0.268229 0.220370 0.266667 0.223148 0.266667 0.224074 0.264583 0.227778 0.264583 0.228704 0.263021 0.231481 0.263021 0.232407 0.261458 0.235185 0.261458 0.236111 0.259375 0.239815 0.259375 0.240741 0.257812 0.243519 0.257812 0.244444 0.256250 0.247222 0.256250 0.248148 0.254688 0.250926 0.254688 0.251852 0.254167 0.252778 0.254167 0.253704 0.253646 0.254630 0.253646 0.256481 0.254167 0.257407 0.254167 0.259259 0.255208 0.261111 0.255208 0.262037 0.258333 0.267593 0.258333 0.268519 0.261979 0.275000 0.262500 0.275000 0.275000 0.297222 0.275521 0.297222 0.286979 0.317593 0.287500 0.317593 0.299479 0.338889 0.300000 0.338889 0.311979 0.360185 0.312500 0.360185 0.323437 0.379630 0.323958 0.379630 0.329167 0.388889 0.329688 0.388889 0.331250 0.391667 0.331771 0.391667 0.332813 0.393519 0.336458 0.393519 0.336979 0.392593 0.337500 0.392593 0.339062 0.389815 0.339583 0.389815 0.345833 0.378704 0.346354 0.378704 0.369792 0.337037 0.370312 0.337037 0.394792 0.293519 0.395313 0.293519 0.408854 0.269444 0.408854 0.268519 0.410938 0.264815 0.410938 0.263889 0.411458 0.262963 0.411458 0.262037 0.411979 0.261111 0.411979 0.260185 0.412500 0.259259 0.412500 0.257407 0.413021 0.256481 0.413021 0.255556 0.413542 0.254630 0.413542 0.252778 0.414062 0.251852 0.414062 0.250926 0.414583 0.250000 0.414583 0.249074 0.415104 0.248148 0.415104 0.246296 0.415625 0.245370 0.415625 0.244444 0.416146 0.243519 0.416146 0.241667 0.416667 0.240741 0.416667 0.239815 0.417187 0.238889 0.417187 0.237963 0.417708 0.237037 0.417708 0.235185 0.418229 0.234259 0.418229 0.233333 0.418750 0.232407 0.418750 0.231481 0.419271 0.230556 0.419271 0.228704 0.419792 0.227778 0.419792 0.226852 0.420312 0.225926 0.420312 0.224074 0.420833 0.223148 0.420833 0.222222 0.421354 0.221296 0.421354 0.220370 0.421875 0.219444 0.421875 0.217593 0.422396 0.216667 0.422396 0.215741 0.422917 0.214815 0.422917 0.212963 0.423438 0.212037 0.423438 0.211111 0.423958 0.210185 0.423958 0.209259 0.424479 0.208333 0.424479 0.206481 0.425000 0.205556 0.425000 0.204630 0.425521 0.203704 0.425521 0.201852 0.426042 0.200926 0.426042 0.200000 0.426563 0.199074 0.426563 0.198148 0.427083 0.197222 0.427083 0.195370 0.427604 0.194444 0.427604 0.193519 0.428125 0.192593 0.428125 0.190741 0.428646 0.189815 0.428646 0.188889 0.429167 0.187963 0.429167 0.187037 0.429688 0.186111 0.429688 0.184259 0.430208 0.183333 0.430208 0.182407 0.430729 0.181481 0.430729 0.179630 0.431250 0.178704 0.431250 0.177778 0.431771 0.176852 0.431771 0.175926 0.432292 0.175000 0.432292 0.173148 0.432812 0.172222 0.432812 0.171296 0.433333 0.170370 0.433333 0.168519 0.433854 0.167593 0.433854 0.166667 0.434375 0.165741 0.434375 0.164815 0.434896 0.163889 0.434896 0.162037 0.435417 0.161111 0.435417 0.160185 0.435937 0.159259 0.435937 0.157407 0.436458 0.156481 0.436458 0.155556 0.436979 0.154630 0.436979 0.153704 0.437500 0.152778 0.437500 0.150926 0.438021 0.150000 0.438021 0.149074 0.438542 0.148148 0.438542 0.146296 0.439063 0.145370 0.439063 0.144444 0.439583 0.143519 0.439583 0.142593 0.440104 0.141667 0.440104 0.139815 0.440625 0.138889 0.440625 0.137963 0.441146 0.137037 0.441146 0.135185 0.441667 0.134259 0.441667 0.133333 0.442188 0.132407 0.442188 0.131481 0.442708 0.130556 0.442708 0.128704 0.443229 0.127778 0.443229 0.126852 0.443750 0.125926 0.443750 0.124074 0.444271 0.123148 0.444271 0.122222 0.444792 0.121296 0.444792 0.120370 0.445312 0.119444 0.445312 0.117593 0.445833 0.116667 0.445833 0.115741 0.446354 0.114815 0.446354 0.113889 0.446875 0.112963 0.446875 0.111111 0.447396 0.110185 0.447396 0.109259 0.447917 0.108333 0.447917 0.106481 0.448437 0.105556 0.448437 0.103704 0.448958 0.102778 0.448437 0.101852 0.448437 0.100000 0.445833 0.095370 0.443229 0.095370 0.442188 0.097222 0.441667 0.097222 0.426563 0.124074 0.426042 0.124074 0.412500 0.148148 0.411979 0.148148 0.405729 0.159259 0.405208 0.159259 0.401562 0.165741 0.401042 0.165741 0.398438 0.170370 0.397917 0.170370 0.396354 0.173148 0.395833 0.173148 0.394271 0.175926 0.393750 0.175926 0.392708 0.177778 0.392188 0.177778 0.391667 0.178704 0.391146 0.178704 0.390625 0.179630 0.390104 0.179630 0.389583 0.180556 0.389062 0.180556 0.388542 0.181481 0.385937 0.181481 0.385417 0.182407 0.384896 0.182407 0.384375 0.181481 0.382292 0.181481 0.381771 0.180556 0.381250 0.180556 0.380729 0.179630 0.379688 0.179630 0.378646 0.177778 0.378125 0.177778 0.377604 0.176852 0.377083 0.176852 0.375521 0.174074 0.375000 0.174074 0.373437 0.171296 0.372917 0.171296 0.370833 0.167593 0.370312 0.167593 0.367188 0.162037 0.366667 0.162037 0.361979 0.153704 0.361458 0.153704 0.354167 0.140741 0.353646 0.140741 0.337500 0.112037 0.336979 0.112037 0.329167 0.098148 0.328646 0.098148 0.327083 0.095370 0.326562 0.095370 0.326042 0.094444
0 0.501302 0.256019 0.166146 0.308333 0.457813 0.101852 0.457292 0.102778 0.456250 0.102778 0.454688 0.105556 0.454688 0.107407 0.454167 0.108333 0.454167 0.109259 0.453646 0.110185 0.453646 0.112037 0.453125 0.112963 0.453125 0.113889 0.452604 0.114815 0.452604 0.116667 0.452083 0.117593 0.452083 0.118519 0.451562 0.119444 0.451562 0.121296 0.451042 0.122222 0.451042 0.123148 0.450521 0.124074 0.450521 0.125926 0.450000 0.126852 0.450000 0.127778 0.449479 0.128704 0.449479 0.130556 0.448958 0.131481 0.448958 0.132407 0.448437 0.133333 0.448437 0.135185 0.447917 0.136111 0.447917 0.137037 0.447396 0.137963 0.447396 0.139815 0.446875 0.140741 0.446875 0.141667 0.446354 0.142593 0.446354 0.144444 0.445833 0.145370 0.445833 0.146296 0.445312 0.147222 0.445312 0.149074 0.444792 0.150000 0.444792 0.150926 0.444271 0.151852 0.444271 0.153704 0.443750 0.154630 0.443750 0.155556 0.443229 0.156481 0.443229 0.158333 0.442708 0.159259 0.442708 0.160185 0.442188 0.161111 0.442188 0.162963 0.441667 0.163889 0.441667 0.164815 0.441146 0.165741 0.441146 0.167593 0.440625 0.168519 0.440625 0.169444 0.440104 0.170370 0.440104 0.172222 0.439583 0.173148 0.439583 0.174074 0.439063 0.175000 0.439063 0.176852 0.438542 0.177778 0.438542 0.178704 0.438021 0.179630 0.438021 0.181481 0.437500 0.182407 0.437500 0.184259 0.436979 0.185185 0.436979 0.186111 0.436458 0.187037 0.436458 0.188889 0.435937 0.189815 0.435937 0.190741 0.435417 0.191667 0.435417 0.193519 0.434896 0.194444 0.434896 0.195370 0.434375 0.196296 0.434375 0.198148 0.433854 0.199074 0.433854 0.200000 0.433333 0.200926 0.433333 0.202778 0.432812 0.203704 0.432812 0.204630 0.432292 0.205556 0.432292 0.207407 0.431771 0.208333 0.431771 0.209259 0.431250 0.210185 0.431250 0.212037 0.430729 0.212963 0.430729 0.213889 0.430208 0.214815 0.430208 0.216667 0.429688 0.217593 0.429688 0.218519 0.429167 0.219444 0.429167 0.221296 0.428646 0.222222 0.428646 0.223148 0.428125 0.224074 0.428125 0.225926 0.427604 0.226852 0.427604 0.227778 0.427083 0.228704 0.427083 0.230556 0.426563 0.231481 0.426563 0.232407 0.426042 0.233333 0.426042 0.235185 0.425521 0.236111 0.425521 0.237037 0.425000 0.237963 0.425000 0.239815 0.424479 0.240741 0.424479 0.241667 0.423958 0.242593 0.423958 0.244444 0.423438 0.245370 0.423438 0.246296 0.422917 0.247222 0.422917 0.249074 0.422396 0.250000 0.422396 0.250926 0.421875 0.251852 0.421875 0.253704 0.421354 0.254630 0.421354 0.255556 0.420833 0.256481 0.420833 0.258333 0.420312 0.259259 0.420312 0.261111 0.419792 0.262037 0.419792 0.262963 0.419271 0.263889 0.419271 0.265741 0.418750 0.266667 0.418750 0.267593 0.418229 0.268519 0.418229 0.270370 0.418750 0.271296 0.418750 0.273148 0.419271 0.274074 0.419271 0.275000 0.420833 0.277778 0.420833 0.278704 0.441667 0.315741 0.442188 0.315741 0.464583 0.355556 0.465104 0.355556 0.485938 0.392593 0.486458 0.392593 0.493750 0.405556 0.494271 0.405556 0.495833 0.408333 0.496354 0.408333 0.496875 0.409259 0.497396 0.409259 0.497917 0.410185 0.499479 0.410185 0.500000 0.409259 0.501042 0.409259 0.502083 0.407407 0.502604 0.407407 0.504687 0.403704 0.505208 0.403704 0.509896 0.395370 0.510417 0.395370 0.519271 0.379630 0.519792 0.379630 0.529167 0.362963 0.529687 0.362963 0.539062 0.346296 0.539583 0.346296 0.548958 0.329630 0.549479 0.329630 0.558854 0.312963 0.559375 0.312963 0.568750 0.296296 0.569271 0.296296 0.577604 0.281481 0.577604 0.280556 0.579167 0.277778 0.579167 0.276852 0.579688 0.275926 0.579688 0.266667 0.580208 0.265741 0.580208 0.250000 0.580729 0.249074 0.580729 0.232407 0.581250 0.231481 0.581250 0.214815 0.581771 0.213889 0.581771 0.197222 0.582292 0.196296 0.582292 0.180556 0.582812 0.179630 0.582812 0.162963 0.583333 0.162037 0.583333 0.145370 0.583854 0.144444 0.583854 0.127778 0.584375 0.126852 0.584375 0.108333 0.583854 0.107407 0.583854 0.106481 0.582812 0.104630 0.582292 0.104630 0.581771 0.103704 0.581250 0.103704 0.580729 0.102778 0.580208 0.102778 0.579688 0.103704 0.579167 0.103704 0.578646 0.104630 0.578125 0.104630 0.576042 0.108333 0.575521 0.108333 0.564583 0.127778 0.564063 0.127778 0.553646 0.146296 0.553125 0.146296 0.546875 0.157407 0.546354 0.157407 0.541667 0.165741 0.541146 0.165741 0.537500 0.172222 0.536979 0.172222 0.534375 0.176852 0.533854 0.176852 0.531771 0.180556 0.531250 0.180556 0.529687 0.183333 0.529167 0.183333 0.528125 0.185185 0.527604 0.185185 0.526563 0.187037 0.526042 0.187037 0.525521 0.187963 0.525000 0.187963 0.524479 0.188889 0.523958 0.188889 0.523438 0.189815 0.522396 0.189815 0.521875 0.190741 0.519792 0.190741 0.519271 0.191667 0.518750 0.190741 0.516146 0.190741 0.515625 0.189815 0.515104 0.189815 0.514583 0.188889 0.514062 0.188889 0.513542 0.187963 0.513021 0.187963 0.512500 0.187037 0.511979 0.187037 0.510938 0.185185 0.510417 0.185185 0.509375 0.183333 0.508854 0.183333 0.506771 0.179630 0.506250 0.179630 0.504167 0.175926 0.503646 0.175926 0.500000 0.169444 0.499479 0.169444 0.493229 0.158333 0.492708 0.158333 0.468229 0.114815 0.467708 0.114815 0.462500 0.105556 0.461979 0.105556 0.460938 0.103704 0.460417 0.103704 0.459896 0.102778 0.458854 0.102778 0.458333 0.101852
0 0.670052 0.260648 0.165104 0.315741 0.593750 0.102778 0.593229 0.103704 0.592708 0.103704 0.591146 0.106481 0.591146 0.113889 0.590625 0.114815 0.590625 0.137963 0.590104 0.138889 0.590104 0.161111 0.589583 0.162037 0.589583 0.185185 0.589063 0.186111 0.589063 0.208333 0.588542 0.209259 0.588542 0.231481 0.588021 0.232407 0.588021 0.255556 0.587500 0.256481 0.587500 0.279630 0.588021 0.280556 0.588021 0.281481 0.589583 0.284259 0.589583 0.285185 0.595313 0.295370 0.595313 0.296296 0.616146 0.333333 0.616667 0.333333 0.662500 0.414815 0.663021 0.414815 0.664583 0.417593 0.665104 0.417593 0.665625 0.418519 0.669271 0.418519 0.669792 0.417593 0.670312 0.417593 0.671875 0.414815 0.672396 0.414815 0.674479 0.411111 0.675000 0.411111 0.678646 0.404630 0.679167 0.404630 0.684896 0.394444 0.685417 0.394444 0.690625 0.385185 0.691146 0.385185 0.696875 0.375000 0.697396 0.375000 0.703125 0.364815 0.703646 0.364815 0.709375 0.354630 0.709896 0.354630 0.715625 0.344444 0.716146 0.344444 0.721875 0.334259 0.722396 0.334259 0.728125 0.324074 0.728646 0.324074 0.734375 0.313889 0.734896 0.313889 0.740625 0.303704 0.741146 0.303704 0.751563 0.285185 0.751563 0.284259 0.752083 0.283333 0.752083 0.282407 0.752604 0.281481 0.752604 0.278704 0.752083 0.277778 0.752083 0.275926 0.751563 0.275000 0.751563 0.273148 0.751042 0.272222 0.751042 0.270370 0.750521 0.269444 0.750521 0.266667 0.750000 0.265741 0.750000 0.263889 0.749479 0.262963 0.749479 0.261111 0.748958 0.260185 0.748958 0.257407 0.748437 0.256481 0.748437 0.254630 0.747917 0.253704 0.747917 0.251852 0.747396 0.250926 0.747396 0.248148 0.746875 0.247222 0.746875 0.245370 0.746354 0.244444 0.746354 0.242593 0.745833 0.241667 0.745833 0.239815 0.745313 0.238889 0.745313 0.236111 0.744792 0.235185 0.744792 0.233333 0.744271 0.232407 0.744271 0.230556 0.743750 0.229630 0.743750 0.226852 0.743229 0.225926 0.743229 0.224074 0.742708 0.223148 0.742708 0.221296 0.742188 0.220370 0.742188 0.217593 0.741667 0.216667 0.741667 0.214815 0.741146 0.213889 0.741146 0.212037 0.740625 0.211111 0.740625 0.209259 0.740104 0.208333 0.740104 0.205556 0.739583 0.204630 0.739583 0.202778 0.739062 0.201852 0.739062 0.200000 0.738542 0.199074 0.738542 0.196296 0.738021 0.195370 0.738021 0.193519 0.737500 0.192593 0.737500 0.190741 0.736979 0.189815 0.736979 0.187037 0.736458 0.186111 0.736458 0.184259 0.735938 0.183333 0.735938 0.181481 0.735417 0.180556 0.735417 0.178704 0.734896 0.177778 0.734896 0.175000 0.734375 0.174074 0.734375 0.172222 0.733854 0.171296 0.733854 0.169444 0.733333 0.168519 0.733333 0.165741 0.732812 0.164815 0.732812 0.162963 0.732292 0.162037 0.732292 0.160185 0.731771 0.159259 0.731771 0.156481 0.731250 0.155556 0.731250 0.153704 0.730729 0.152778 0.730729 0.150926 0.730208 0.150000 0.730208 0.148148 0.729688 0.147222 0.729688 0.144444 0.729167 0.143519 0.729167 0.141667 0.728646 0.140741 0.728646 0.138889 0.728125 0.137963 0.728125 0.135185 0.727604 0.134259 0.727604 0.132407 0.727083 0.131481 0.727083 0.129630 0.726562 0.128704 0.726562 0.126852 0.726042 0.125926 0.726042 0.123148 0.725521 0.122222 0.725521 0.120370 0.725000 0.119444 0.725000 0.117593 0.724479 0.116667 0.724479 0.113889 0.723958 0.112963 0.723958 0.111111 0.723437 0.110185 0.723437 0.108333 0.721354 0.104630 0.720833 0.104630 0.720313 0.103704 0.718750 0.103704 0.718229 0.104630 0.717708 0.104630 0.717187 0.105556 0.716667 0.105556 0.713021 0.112037 0.712500 0.112037 0.705208 0.125000 0.704688 0.125000 0.697396 0.137963 0.696875 0.137963 0.690625 0.149074 0.690104 0.149074 0.685417 0.157407 0.684896 0.157407 0.681250 0.163889 0.680729 0.163889 0.677083 0.170370 0.676562 0.170370 0.673958 0.175000 0.673438 0.175000 0.671354 0.178704 0.670833 0.178704 0.668750 0.182407 0.668229 0.182407 0.667188 0.184259 0.666667 0.184259 0.665104 0.187037 0.664583 0.187037 0.664062 0.187963 0.663542 0.187963 0.663021 0.188889 0.662500 0.188889 0.661458 0.190741 0.660417 0.190741 0.659896 0.191667 0.659375 0.191667 0.658854 0.192593 0.653125 0.192593 0.652604 0.191667 0.652083 0.191667 0.651563 0.190741 0.650521 0.190741 0.649479 0.188889 0.648958 0.188889 0.648438 0.187963 0.647917 0.187963 0.646354 0.185185 0.645833 0.185185 0.644271 0.182407 0.643750 0.182407 0.641146 0.177778 0.640625 0.177778 0.636458 0.170370 0.635938 0.170370 0.627604 0.155556 0.627083 0.155556 0.598958 0.105556 0.598437 0.105556 0.597396 0.103704 0.596875 0.103704 0.596354 0.102778
0 0.209896 0.589815 0.096875 0.137037 0.251563 0.521296 0.251042 0.522222 0.249479 0.522222 0.248958 0.523148 0.248438 0.523148 0.247917 0.524074 0.246875 0.524074 0.245833 0.525926 0.245312 0.525926 0.244792 0.526852 0.244271 0.526852 0.243229 0.528704 0.242708 0.528704 0.241667 0.530556 0.241146 0.530556 0.239583 0.533333 0.239063 0.533333 0.236979 0.537037 0.236458 0.537037 0.233854 0.541667 0.233333 0.541667 0.229687 0.548148 0.229167 0.548148 0.224479 0.556481 0.223958 0.556481 0.216146 0.570370 0.215625 0.570370 0.197396 0.602778 0.196875 0.602778 0.188021 0.618519 0.187500 0.618519 0.186458 0.620370 0.183333 0.620370 0.182292 0.618519 0.181771 0.618519 0.180208 0.615741 0.180208 0.614815 0.179167 0.612963 0.179167 0.608333 0.179688 0.607407 0.179688 0.606481 0.180729 0.604630 0.180729 0.603704 0.181250 0.602778 0.181250 0.601852 0.182292 0.600000 0.182292 0.599074 0.183333 0.597222 0.183333 0.596296 0.183854 0.595370 0.183854 0.594444 0.184896 0.592593 0.184896 0.591667 0.185938 0.589815 0.185938 0.588889 0.186458 0.587963 0.186458 0.587037 0.187500 0.585185 0.177604 0.602778 0.177083 0.602778 0.175521 0.605556 0.175000 0.605556 0.174479 0.606481 0.171875 0.606481 0.171875 0.607407 0.171354 0.608333 0.171354 0.609259 0.170313 0.611111 0.170313 0.612037 0.169271 0.613889 0.169271 0.614815 0.168229 0.616667 0.168229 0.617593 0.167708 0.618519 0.167708 0.619444 0.166667 0.621296 0.166667 0.622222 0.165625 0.624074 0.165625 0.625000 0.164583 0.626852 0.164583 0.627778 0.163542 0.629630 0.163542 0.630556 0.163021 0.631481 0.163021 0.632407 0.161979 0.634259 0.161979 0.635185 0.161458 0.636111 0.163542 0.639815 0.164062 0.639815 0.169792 0.650000 0.170313 0.650000 0.174479 0.657407 0.175000 0.657407 0.175521 0.658333 0.186458 0.658333 0.194792 0.643519 0.195312 0.643519 0.214583 0.609259 0.215104 0.609259 0.233854 0.575926 0.234375 0.575926 0.251563 0.545370 0.251563 0.544444 0.253125 0.541667 0.253125 0.540741 0.253646 0.539815 0.253646 0.538889 0.254167 0.537963 0.254167 0.537037 0.254688 0.536111 0.254688 0.535185 0.255208 0.534259 0.255208 0.533333 0.255729 0.532407 0.255729 0.531481 0.256250 0.530556 0.256250 0.529630 0.256771 0.528704 0.256771 0.527778 0.257292 0.526852 0.257292 0.525926 0.257812 0.525000 0.257812 0.524074 0.258333 0.523148 0.257812 0.523148 0.257292 0.522222 0.255729 0.522222 0.255208 0.521296
0 0.338021 0.594907 0.148958 0.130556 0.264583 0.529630 0.264583 0.530556 0.264062 0.531481 0.264062 0.532407 0.263542 0.533333 0.263542 0.536111 0.264062 0.537037 0.264062 0.537963 0.264583 0.538889 0.264583 0.539815 0.267708 0.545370 0.267708 0.546296 0.269271 0.549074 0.269792 0.549074 0.279167 0.565741 0.279687 0.565741 0.286979 0.578704 0.287500 0.578704 0.295312 0.592593 0.295833 0.592593 0.303646 0.606481 0.304167 0.606481 0.311979 0.620370 0.312500 0.620370 0.320312 0.634259 0.320833 0.634259 0.328646 0.648148 0.329167 0.648148 0.334375 0.657407 0.334896 0.657407 0.336458 0.660185 0.346875 0.660185 0.350000 0.654630 0.350521 0.654630 0.358854 0.639815 0.359375 0.639815 0.369271 0.622222 0.369792 0.622222 0.380208 0.603704 0.380729 0.603704 0.390625 0.586111 0.391146 0.586111 0.401042 0.568519 0.401562 0.568519 0.412500 0.549074 0.411979 0.549074 0.411458 0.550000 0.410417 0.550000 0.409896 0.550926 0.409375 0.550926 0.408854 0.551852 0.407813 0.551852 0.407292 0.552778 0.406771 0.552778 0.405729 0.554630 0.405208 0.554630 0.404687 0.555556 0.404167 0.555556 0.402604 0.558333 0.402083 0.558333 0.401042 0.560185 0.400521 0.560185 0.398958 0.562963 0.398438 0.562963 0.396354 0.566667 0.395833 0.566667 0.393750 0.570370 0.393229 0.570370 0.390104 0.575926 0.389583 0.575926 0.386458 0.581481 0.385937 0.581481 0.381771 0.588889 0.381250 0.588889 0.376042 0.598148 0.375521 0.598148 0.369271 0.609259 0.368750 0.609259 0.360417 0.624074 0.359896 0.624074 0.350521 0.640741 0.350000 0.640741 0.346354 0.647222 0.345833 0.647222 0.344792 0.649074 0.344271 0.649074 0.343750 0.650000 0.342187 0.650000 0.341667 0.649074 0.341146 0.649074 0.340625 0.648148 0.340104 0.648148 0.337500 0.643519 0.337500 0.641667 0.336979 0.640741 0.336979 0.637963 0.337500 0.637037 0.337500 0.636111 0.338021 0.635185 0.338021 0.633333 0.338542 0.632407 0.338542 0.631481 0.339062 0.630556 0.339062 0.628704 0.339583 0.627778 0.339583 0.626852 0.340104 0.625926 0.340104 0.624074 0.340625 0.623148 0.340625 0.622222 0.341146 0.621296 0.341146 0.619444 0.341667 0.618519 0.341667 0.616667 0.342187 0.615741 0.342187 0.614815 0.342708 0.613889 0.342708 0.612037 0.343229 0.611111 0.343229 0.610185 0.343750 0.609259 0.343750 0.607407 0.344271 0.606481 0.344271 0.605556 0.344792 0.604630 0.342708 0.608333 0.342187 0.608333 0.340104 0.612037 0.339583 0.612037 0.339062 0.612963 0.338542 0.612963 0.338021 0.613889 0.335417 0.613889 0.334896 0.612963 0.334375 0.612963 0.333854 0.612037 0.333333 0.612037 0.333333 0.612963 0.332813 0.613889 0.332813 0.615741 0.332292 0.616667 0.332292 0.617593 0.331771 0.618519 0.331771 0.619444 0.330208 0.622222 0.329688 0.622222 0.329167 0.623148 0.326042 0.623148 0.325521 0.622222 0.325000 0.622222 0.324479 0.621296 0.323958 0.621296 0.322917 0.619444 0.322396 0.619444 0.320312 0.615741 0.319792 0.615741 0.315625 0.608333 0.315104 0.608333 0.307812 0.595370 0.307292 0.595370 0.300521 0.583333 0.300000 0.583333 0.293750 0.572222 0.293229 0.572222 0.288542 0.563889 0.288021 0.563889 0.283854 0.556481 0.283333 0.556481 0.279687 0.550000 0.279167 0.550000 0.276562 0.545370 0.276042 0.545370 0.273438 0.540741 0.272917 0.540741 0.270833 0.537037 0.270313 0.537037 0.268229 0.533333 0.267708 0.533333 0.266667 0.531481 0.266146 0.531481 0.265104 0.529630
0 0.508594 0.606481 0.139063 0.127778 0.578125 0.542593 0.577604 0.543519 0.577083 0.543519 0.576562 0.544444 0.576042 0.544444 0.575521 0.545370 0.575000 0.545370 0.574479 0.546296 0.573958 0.546296 0.572917 0.548148 0.572396 0.548148 0.571354 0.550000 0.570833 0.550000 0.569792 0.551852 0.569271 0.551852 0.568229 0.553704 0.567708 0.553704 0.565625 0.557407 0.565104 0.557407 0.563542 0.560185 0.563021 0.560185 0.560937 0.563889 0.560417 0.563889 0.557813 0.568519 0.557292 0.568519 0.554688 0.573148 0.554167 0.573148 0.551042 0.578704 0.550521 0.578704 0.546875 0.585185 0.546354 0.585185 0.542188 0.592593 0.541667 0.592593 0.536979 0.600926 0.536458 0.600926 0.531250 0.610185 0.530729 0.610185 0.525000 0.620370 0.524479 0.620370 0.518750 0.630556 0.518229 0.630556 0.514583 0.637037 0.514062 0.637037 0.512500 0.639815 0.511979 0.639815 0.511458 0.640741 0.510417 0.640741 0.509896 0.641667 0.509375 0.640741 0.508333 0.640741 0.507812 0.639815 0.507292 0.639815 0.505208 0.636111 0.505208 0.635185 0.504687 0.634259 0.504687 0.633333 0.503125 0.636111 0.502604 0.636111 0.501042 0.638889 0.500521 0.638889 0.500000 0.639815 0.499479 0.639815 0.498958 0.640741 0.496354 0.640741 0.495833 0.639815 0.495312 0.639815 0.494792 0.638889 0.494792 0.640741 0.494271 0.641667 0.494271 0.646296 0.493750 0.647222 0.493750 0.648148 0.493229 0.649074 0.493229 0.650000 0.492708 0.650926 0.492188 0.650926 0.491146 0.652778 0.490104 0.652778 0.489583 0.653704 0.488542 0.653704 0.488021 0.652778 0.486979 0.652778 0.486458 0.651852 0.485938 0.651852 0.484896 0.650000 0.484375 0.650000 0.482812 0.647222 0.482292 0.647222 0.477083 0.637963 0.476562 0.637963 0.465625 0.618519 0.465104 0.618519 0.456250 0.602778 0.455729 0.602778 0.448958 0.590741 0.448437 0.590741 0.443750 0.582407 0.443229 0.582407 0.439063 0.575000 0.447396 0.589815 0.447917 0.589815 0.459375 0.610185 0.459896 0.610185 0.471875 0.631481 0.472396 0.631481 0.483854 0.651852 0.484375 0.651852 0.493229 0.667593 0.493750 0.667593 0.495312 0.670370 0.506250 0.670370 0.507292 0.668519 0.507812 0.668519 0.511979 0.661111 0.512500 0.661111 0.518229 0.650926 0.518750 0.650926 0.525000 0.639815 0.525521 0.639815 0.531250 0.629630 0.531771 0.629630 0.538021 0.618519 0.538542 0.618519 0.544271 0.608333 0.544792 0.608333 0.551042 0.597222 0.551562 0.597222 0.557292 0.587037 0.557813 0.587037 0.564063 0.575926 0.564583 0.575926 0.570833 0.564815 0.571354 0.564815 0.576042 0.556481 0.576042 0.555556 0.577604 0.552778 0.577604 0.551852 0.578125 0.550926
0 0.664062 0.606944 0.157292 0.163889 0.738021 0.525000 0.736979 0.526852 0.736458 0.526852 0.735417 0.528704 0.734896 0.528704 0.733854 0.530556 0.733333 0.530556 0.731771 0.533333 0.731250 0.533333 0.729688 0.536111 0.729167 0.536111 0.727083 0.539815 0.726562 0.539815 0.724479 0.543519 0.723958 0.543519 0.721354 0.548148 0.720833 0.548148 0.718229 0.552778 0.717708 0.552778 0.714063 0.559259 0.713542 0.559259 0.709375 0.566667 0.708854 0.566667 0.704167 0.575000 0.703646 0.575000 0.699479 0.582407 0.698958 0.582407 0.694271 0.590741 0.693750 0.590741 0.689583 0.598148 0.689063 0.598148 0.684896 0.605556 0.684375 0.605556 0.679688 0.613889 0.679167 0.613889 0.675000 0.621296 0.674479 0.621296 0.671354 0.626852 0.670833 0.626852 0.668750 0.630556 0.668229 0.630556 0.667188 0.632407 0.666667 0.632407 0.665625 0.634259 0.664062 0.634259 0.663542 0.635185 0.663021 0.634259 0.661979 0.634259 0.661458 0.633333 0.660937 0.633333 0.661458 0.634259 0.661458 0.637037 0.660937 0.637963 0.660937 0.639815 0.658854 0.643519 0.658333 0.643519 0.657813 0.644444 0.654167 0.644444 0.653646 0.643519 0.653125 0.643519 0.652083 0.641667 0.651563 0.641667 0.650000 0.638889 0.649479 0.638889 0.641146 0.624074 0.640625 0.624074 0.622917 0.592593 0.622396 0.592593 0.614583 0.578704 0.614062 0.578704 0.608854 0.569444 0.608333 0.569444 0.604688 0.562963 0.604167 0.562963 0.601042 0.557407 0.600521 0.557407 0.598437 0.553704 0.597917 0.553704 0.596354 0.550926 0.595833 0.550926 0.594271 0.548148 0.593750 0.548148 0.593229 0.547222 0.592708 0.547222 0.591667 0.545370 0.591146 0.545370 0.590625 0.544444 0.590104 0.544444 0.589583 0.543519 0.589063 0.543519 0.588542 0.542593 0.587500 0.542593 0.586979 0.541667 0.585417 0.541667 0.585417 0.558333 0.585938 0.559259 0.585938 0.560185 0.586458 0.561111 0.586458 0.562037 0.592187 0.572222 0.592187 0.573148 0.592708 0.574074 0.593229 0.574074 0.615104 0.612963 0.615625 0.612963 0.635938 0.649074 0.636458 0.649074 0.653125 0.678704 0.653646 0.678704 0.657813 0.686111 0.658333 0.686111 0.659375 0.687963 0.659896 0.687963 0.660417 0.688889 0.663021 0.688889 0.663542 0.687963 0.664062 0.687963 0.664583 0.687037 0.665104 0.687037 0.666146 0.685185 0.666667 0.685185 0.668750 0.681481 0.669271 0.681481 0.672396 0.675926 0.672917 0.675926 0.676562 0.669444 0.677083 0.669444 0.681250 0.662037 0.681771 0.662037 0.685937 0.654630 0.686458 0.654630 0.690625 0.647222 0.691146 0.647222 0.695312 0.639815 0.695833 0.639815 0.700000 0.632407 0.700521 0.632407 0.704688 0.625000 0.705208 0.625000 0.709375 0.617593 0.709896 0.617593 0.714063 0.610185 0.714583 0.610185 0.718750 0.602778 0.719271 0.602778 0.722917 0.596296 0.723437 0.596296 0.727604 0.588889 0.728125 0.588889 0.732292 0.581481 0.732812 0.581481 0.739062 0.570370 0.739583 0.570370 0.740104 0.569444 0.740104 0.568519 0.742188 0.564815 0.742188 0.563889 0.742708 0.562963 0.742708 0.557407 0.742188 0.556481 0.742188 0.552778 0.741667 0.551852 0.741667 0.548148 0.741146 0.547222 0.741146 0.544444 0.740625 0.543519 0.740625 0.539815 0.740104 0.538889 0.740104 0.535185 0.739583 0.534259 0.739583 0.530556 0.739062 0.529630 0.739062 0.526852 0.738542 0.525926 0.738542 0.525000
0 0.801562 0.603241 0.100000 0.171296 0.751563 0.517593 0.751563 0.518519 0.752083 0.519444 0.752083 0.522222 0.752604 0.523148 0.752604 0.525926 0.753125 0.526852 0.753125 0.530556 0.753646 0.531481 0.753646 0.534259 0.754167 0.535185 0.754167 0.537963 0.754687 0.538889 0.754687 0.541667 0.755208 0.542593 0.755208 0.545370 0.755729 0.546296 0.755729 0.550000 0.756250 0.550926 0.756250 0.553704 0.756771 0.554630 0.756771 0.557407 0.757292 0.558333 0.757292 0.561111 0.757812 0.562037 0.757812 0.563889 0.758854 0.565741 0.758854 0.566667 0.760938 0.570370 0.760938 0.571296 0.826042 0.687037 0.826562 0.687037 0.827604 0.688889 0.837500 0.688889 0.839063 0.686111 0.839583 0.686111 0.842187 0.681481 0.842708 0.681481 0.845833 0.675926 0.846354 0.675926 0.849479 0.670370 0.850000 0.670370 0.851562 0.667593 0.851042 0.667593 0.850521 0.666667 0.850000 0.666667 0.849479 0.665741 0.848958 0.665741 0.847396 0.662963 0.846875 0.662963 0.822396 0.619444 0.821875 0.619444 0.821354 0.620370 0.818750 0.620370 0.818229 0.619444 0.817708 0.619444 0.817187 0.618519 0.816667 0.618519 0.815625 0.616667 0.815104 0.616667 0.811979 0.611111 0.811458 0.611111 0.780729 0.556481 0.780208 0.556481 0.773438 0.544444 0.772917 0.544444 0.768750 0.537037 0.768229 0.537037 0.765625 0.532407 0.765104 0.532407 0.763021 0.528704 0.762500 0.528704 0.760938 0.525926 0.760417 0.525926 0.759375 0.524074 0.758854 0.524074 0.757812 0.522222 0.757292 0.522222 0.756771 0.521296 0.756250 0.521296 0.755729 0.520370 0.755208 0.520370 0.754687 0.519444 0.753646 0.519444 0.753125 0.518519 0.752083 0.518519
0 0.089323 0.553241 0.164062 0.173148 0.084896 0.466667 0.082292 0.471296 0.082292 0.472222 0.078646 0.478704 0.078646 0.479630 0.075000 0.486111 0.075000 0.487037 0.071354 0.493519 0.071354 0.494444 0.067708 0.500926 0.067708 0.501852 0.064062 0.508333 0.064062 0.509259 0.058854 0.518519 0.058854 0.519444 0.055208 0.525926 0.055208 0.526852 0.051562 0.533333 0.051562 0.534259 0.047396 0.541667 0.047396 0.542593 0.043750 0.549074 0.043750 0.550000 0.040104 0.556481 0.040104 0.557407 0.036458 0.563889 0.036458 0.564815 0.032813 0.571296 0.032813 0.572222 0.029167 0.578704 0.029167 0.579630 0.025521 0.586111 0.025521 0.587037 0.021875 0.593519 0.021875 0.594444 0.018229 0.600926 0.018229 0.601852 0.014583 0.608333 0.014583 0.609259 0.010417 0.616667 0.010417 0.617593 0.008333 0.621296 0.008333 0.622222 0.007292 0.624074 0.007292 0.629630 0.007812 0.630556 0.007812 0.631481 0.009896 0.635185 0.010417 0.635185 0.010937 0.636111 0.011458 0.636111 0.011979 0.637037 0.013021 0.637037 0.013542 0.636111 0.014063 0.636111 0.014583 0.635185 0.015104 0.635185 0.046875 0.578704 0.047396 0.578704 0.056250 0.562963 0.056771 0.562963 0.060937 0.555556 0.061458 0.555556 0.064062 0.550926 0.064583 0.550926 0.066667 0.547222 0.067187 0.547222 0.068750 0.544444 0.069271 0.544444 0.070312 0.542593 0.070833 0.542593 0.071875 0.540741 0.072396 0.540741 0.073438 0.538889 0.074479 0.538889 0.075000 0.537963 0.075521 0.537963 0.076042 0.537037 0.077083 0.537037 0.077604 0.536111 0.083333 0.536111 0.083854 0.537037 0.084896 0.537037 0.085417 0.537963 0.085938 0.537963 0.086458 0.538889 0.086979 0.538889 0.087500 0.539815 0.088021 0.539815 0.088542 0.540741 0.089063 0.540741 0.089583 0.541667 0.090104 0.541667 0.091146 0.543519 0.091667 0.543519 0.092708 0.545370 0.093229 0.545370 0.094271 0.547222 0.094792 0.547222 0.096354 0.550000 0.096875 0.550000 0.098958 0.553704 0.099479 0.553704 0.101562 0.557407 0.102083 0.557407 0.104167 0.561111 0.104688 0.561111 0.107292 0.565741 0.107813 0.565741 0.110937 0.571296 0.111458 0.571296 0.115104 0.577778 0.115625 0.577778 0.119271 0.584259 0.119792 0.584259 0.123958 0.591667 0.124479 0.591667 0.129167 0.600000 0.129688 0.600000 0.134896 0.609259 0.135417 0.609259 0.141146 0.619444 0.141667 0.619444 0.146354 0.627778 0.146875 0.627778 0.150000 0.633333 0.150521 0.633333 0.152083 0.636111 0.152604 0.636111 0.153646 0.637963 0.154167 0.637963 0.154688 0.638889 0.155208 0.638889 0.155729 0.639815 0.158333 0.639815 0.158854 0.638889 0.159375 0.638889 0.161458 0.635185 0.161458 0.634259 0.162500 0.632407 0.162500 0.631481 0.163021 0.630556 0.163021 0.629630 0.164062 0.627778 0.164062 0.626852 0.165104 0.625000 0.165104 0.624074 0.166146 0.622222 0.166146 0.621296 0.167187 0.619444 0.167187 0.618519 0.167708 0.617593 0.167708 0.616667 0.168750 0.614815 0.168750 0.613889 0.169792 0.612037 0.169792 0.611111 0.170833 0.609259 0.170833 0.608333 0.171354 0.607407 0.171354 0.606481 0.170833 0.605556 0.170313 0.605556 0.169792 0.604630 0.169271 0.604630 0.167708 0.601852 0.167187 0.601852 0.163542 0.595370 0.163021 0.595370 0.157812 0.586111 0.157292 0.586111 0.151562 0.575926 0.151042 0.575926 0.145313 0.565741 0.144792 0.565741 0.139063 0.555556 0.138542 0.555556 0.132292 0.544444 0.131771 0.544444 0.126042 0.534259 0.125521 0.534259 0.119792 0.524074 0.119271 0.524074 0.113021 0.512963 0.112500 0.512963 0.106771 0.502778 0.106250 0.502778 0.100000 0.491667 0.099479 0.491667 0.092708 0.479630 0.092708 0.478704 0.091667 0.476852 0.091667 0.475926 0.091146 0.475000 0.091146 0.474074 0.090625 0.473148 0.090625 0.472222 0.090104 0.471296 0.089583 0.471296 0.088542 0.469444 0.088021 0.469444 0.086979 0.467593 0.086458 0.467593 0.085938 0.466667
0 0.256250 0.541667 0.153125 0.161111 0.252604 0.461111 0.252604 0.462037 0.252083 0.462963 0.252083 0.463889 0.251042 0.465741 0.251042 0.466667 0.250521 0.467593 0.250521 0.468519 0.249479 0.470370 0.249479 0.471296 0.248958 0.472222 0.248958 0.473148 0.247917 0.475000 0.247917 0.475926 0.247396 0.476852 0.247396 0.477778 0.246354 0.479630 0.246354 0.480556 0.245833 0.481481 0.245833 0.482407 0.241667 0.489815 0.241667 0.490741 0.233333 0.505556 0.232813 0.505556 0.191146 0.579630 0.190625 0.579630 0.188021 0.584259 0.188021 0.585185 0.186979 0.587037 0.186979 0.587963 0.186458 0.588889 0.186458 0.589815 0.185417 0.591667 0.185417 0.592593 0.184375 0.594444 0.184375 0.595370 0.183854 0.596296 0.183854 0.597222 0.182812 0.599074 0.182812 0.600000 0.181771 0.601852 0.181771 0.602778 0.181250 0.603704 0.181250 0.604630 0.180208 0.606481 0.180208 0.607407 0.179688 0.608333 0.179688 0.612963 0.180729 0.614815 0.180729 0.615741 0.181771 0.617593 0.182292 0.617593 0.183333 0.619444 0.186458 0.619444 0.187500 0.617593 0.188021 0.617593 0.196875 0.601852 0.197396 0.601852 0.215625 0.569444 0.216146 0.569444 0.223958 0.555556 0.224479 0.555556 0.229167 0.547222 0.229687 0.547222 0.233333 0.540741 0.233854 0.540741 0.236458 0.536111 0.236979 0.536111 0.239063 0.532407 0.239583 0.532407 0.241146 0.529630 0.241667 0.529630 0.242708 0.527778 0.243229 0.527778 0.244271 0.525926 0.244792 0.525926 0.245312 0.525000 0.245833 0.525000 0.246875 0.523148 0.247917 0.523148 0.248438 0.522222 0.248958 0.522222 0.249479 0.521296 0.251042 0.521296 0.251563 0.520370 0.255208 0.520370 0.255729 0.521296 0.257292 0.521296 0.257812 0.522222 0.258854 0.522222 0.259375 0.523148 0.259896 0.523148 0.260417 0.524074 0.260937 0.524074 0.261458 0.525000 0.261979 0.525000 0.263021 0.526852 0.263542 0.526852 0.264062 0.527778 0.264583 0.527778 0.266146 0.530556 0.266667 0.530556 0.267708 0.532407 0.268229 0.532407 0.270313 0.536111 0.270833 0.536111 0.272917 0.539815 0.273438 0.539815 0.276042 0.544444 0.276562 0.544444 0.279167 0.549074 0.279687 0.549074 0.283333 0.555556 0.283854 0.555556 0.288021 0.562963 0.288542 0.562963 0.293229 0.571296 0.293750 0.571296 0.300000 0.582407 0.300521 0.582407 0.307292 0.594444 0.307812 0.594444 0.315104 0.607407 0.315625 0.607407 0.319792 0.614815 0.320312 0.614815 0.322396 0.618519 0.322917 0.618519 0.323958 0.620370 0.324479 0.620370 0.325000 0.621296 0.325521 0.621296 0.326042 0.622222 0.329167 0.622222 0.329688 0.621296 0.330208 0.621296 0.331250 0.619444 0.331250 0.618519 0.331771 0.617593 0.331771 0.616667 0.332292 0.615741 0.332292 0.613889 0.332813 0.612963 0.332813 0.611111 0.331771 0.609259 0.331250 0.609259 0.327604 0.602778 0.327083 0.602778 0.319271 0.588889 0.318750 0.588889 0.310417 0.574074 0.309896 0.574074 0.301563 0.559259 0.301042 0.559259 0.292708 0.544444 0.292187 0.544444 0.283854 0.529630 0.283333 0.529630 0.275000 0.514815 0.274479 0.514815 0.265625 0.499074 0.265104 0.499074 0.259375 0.488889 0.259375 0.487963 0.257292 0.484259 0.257292 0.483333 0.256771 0.482407 0.256771 0.476852 0.257292 0.475926 0.257292 0.475000 0.257812 0.474074 0.257812 0.473148 0.258854 0.471296 0.258854 0.470370 0.259375 0.469444 0.259375 0.468519 0.259896 0.467593 0.259375 0.466667 0.258854 0.466667 0.257812 0.464815 0.257292 0.464815 0.256771 0.463889 0.256250 0.463889 0.255729 0.462963 0.255208 0.462963 0.254688 0.462037 0.254167 0.462037 0.253646 0.461111
0 0.415885 0.556944 0.156771 0.191667 0.417708 0.461111 0.417187 0.462037 0.417187 0.463889 0.416667 0.464815 0.416667 0.466667 0.416146 0.467593 0.416146 0.469444 0.415625 0.470370 0.415625 0.473148 0.415104 0.474074 0.415104 0.475926 0.414583 0.476852 0.414583 0.478704 0.414062 0.479630 0.414062 0.481481 0.413542 0.482407 0.413542 0.484259 0.413021 0.485185 0.413021 0.487037 0.411979 0.488889 0.411979 0.489815 0.396354 0.517593 0.395833 0.517593 0.384375 0.537963 0.383854 0.537963 0.372396 0.558333 0.371875 0.558333 0.360938 0.577778 0.360417 0.577778 0.348958 0.598148 0.348438 0.598148 0.345313 0.603704 0.345313 0.604630 0.344792 0.605556 0.344792 0.606481 0.344271 0.607407 0.344271 0.609259 0.343750 0.610185 0.343750 0.611111 0.343229 0.612037 0.343229 0.613889 0.342708 0.614815 0.342708 0.615741 0.342187 0.616667 0.342187 0.618519 0.341667 0.619444 0.341667 0.621296 0.341146 0.622222 0.341146 0.623148 0.340625 0.624074 0.340625 0.625926 0.340104 0.626852 0.340104 0.627778 0.339583 0.628704 0.339583 0.630556 0.339062 0.631481 0.339062 0.632407 0.338542 0.633333 0.338542 0.635185 0.338021 0.636111 0.338021 0.637037 0.337500 0.637963 0.337500 0.640741 0.338021 0.641667 0.338021 0.643519 0.340104 0.647222 0.340625 0.647222 0.341146 0.648148 0.341667 0.648148 0.342187 0.649074 0.343750 0.649074 0.344271 0.648148 0.344792 0.648148 0.345833 0.646296 0.346354 0.646296 0.350000 0.639815 0.350521 0.639815 0.359896 0.623148 0.360417 0.623148 0.368750 0.608333 0.369271 0.608333 0.375521 0.597222 0.376042 0.597222 0.381250 0.587963 0.381771 0.587963 0.385937 0.580556 0.386458 0.580556 0.389583 0.575000 0.390104 0.575000 0.393229 0.569444 0.393750 0.569444 0.395833 0.565741 0.396354 0.565741 0.398438 0.562037 0.398958 0.562037 0.400521 0.559259 0.401042 0.559259 0.402083 0.557407 0.402604 0.557407 0.404167 0.554630 0.404687 0.554630 0.405208 0.553704 0.405729 0.553704 0.406771 0.551852 0.407292 0.551852 0.407813 0.550926 0.408854 0.550926 0.409375 0.550000 0.409896 0.550000 0.410417 0.549074 0.411458 0.549074 0.411979 0.548148 0.417708 0.548148 0.418229 0.549074 0.418750 0.549074 0.419271 0.550000 0.420312 0.550000 0.420833 0.550926 0.421354 0.550926 0.421875 0.551852 0.422396 0.551852 0.422917 0.552778 0.423438 0.552778 0.424479 0.554630 0.425000 0.554630 0.426042 0.556481 0.426563 0.556481 0.427604 0.558333 0.428125 0.558333 0.429688 0.561111 0.430208 0.561111 0.432292 0.564815 0.432812 0.564815 0.435417 0.569444 0.435937 0.569444 0.438542 0.574074 0.439063 0.574074 0.443229 0.581481 0.443750 0.581481 0.448437 0.589815 0.448958 0.589815 0.455729 0.601852 0.456250 0.601852 0.465104 0.617593 0.465625 0.617593 0.476562 0.637037 0.477083 0.637037 0.482292 0.646296 0.482812 0.646296 0.484375 0.649074 0.484896 0.649074 0.485938 0.650926 0.486458 0.650926 0.486979 0.651852 0.488021 0.651852 0.488542 0.652778 0.489583 0.652778 0.490104 0.651852 0.491146 0.651852 0.492188 0.650000 0.492708 0.650000 0.492708 0.649074 0.493229 0.648148 0.493229 0.647222 0.493750 0.646296 0.493750 0.641667 0.494271 0.640741 0.494271 0.638889 0.492188 0.635185 0.491667 0.635185 0.485417 0.624074 0.484896 0.624074 0.472917 0.602778 0.472396 0.602778 0.459896 0.580556 0.459375 0.580556 0.446875 0.558333 0.446354 0.558333 0.433854 0.536111 0.433333 0.536111 0.419271 0.511111 0.419271 0.510185 0.418229 0.508333 0.418229 0.507407 0.417708 0.506481 0.417708 0.504630 0.417187 0.503704 0.417187 0.502778 0.417708 0.501852 0.417708 0.500000 0.418229 0.499074 0.418229 0.497222 0.418750 0.496296 0.418750 0.493519 0.419271 0.492593 0.419271 0.490741 0.419792 0.489815 0.419792 0.487963 0.420312 0.487037 0.420312 0.485185 0.420833 0.484259 0.420833 0.482407 0.421354 0.481481 0.421354 0.478704 0.421875 0.477778 0.421875 0.475926 0.422396 0.475000 0.422396 0.473148 0.422917 0.472222 0.422917 0.470370 0.423438 0.469444 0.423438 0.467593 0.423958 0.466667 0.423958 0.464815 0.423438 0.464815 0.422917 0.463889 0.422396 0.463889 0.421875 0.462963 0.420833 0.462963 0.420312 0.462037 0.418229 0.462037
0 0.583073 0.549537 0.155729 0.187963 0.584375 0.455556 0.583854 0.456481 0.581250 0.456481 0.580729 0.457407 0.579688 0.457407 0.579688 0.462037 0.579167 0.462963 0.579167 0.482407 0.578646 0.483333 0.578646 0.502778 0.578125 0.503704 0.578125 0.511111 0.577083 0.512963 0.577083 0.513889 0.567187 0.531481 0.566667 0.531481 0.560417 0.542593 0.559896 0.542593 0.553646 0.553704 0.553125 0.553704 0.546875 0.564815 0.546354 0.564815 0.540104 0.575926 0.539583 0.575926 0.533333 0.587037 0.532813 0.587037 0.526563 0.598148 0.526042 0.598148 0.519792 0.609259 0.519271 0.609259 0.513021 0.620370 0.512500 0.620370 0.507292 0.629630 0.506771 0.629630 0.505208 0.632407 0.505208 0.634259 0.505729 0.635185 0.505729 0.636111 0.507292 0.638889 0.507812 0.638889 0.508333 0.639815 0.509375 0.639815 0.509896 0.640741 0.510417 0.639815 0.511458 0.639815 0.511979 0.638889 0.512500 0.638889 0.514062 0.636111 0.514583 0.636111 0.518229 0.629630 0.518750 0.629630 0.524479 0.619444 0.525000 0.619444 0.530729 0.609259 0.531250 0.609259 0.536458 0.600000 0.536979 0.600000 0.541667 0.591667 0.542188 0.591667 0.546354 0.584259 0.546875 0.584259 0.550521 0.577778 0.551042 0.577778 0.554167 0.572222 0.554688 0.572222 0.557292 0.567593 0.557813 0.567593 0.560417 0.562963 0.560937 0.562963 0.563021 0.559259 0.563542 0.559259 0.565104 0.556481 0.565625 0.556481 0.567708 0.552778 0.568229 0.552778 0.569271 0.550926 0.569792 0.550926 0.570833 0.549074 0.571354 0.549074 0.572396 0.547222 0.572917 0.547222 0.573958 0.545370 0.574479 0.545370 0.575000 0.544444 0.575521 0.544444 0.576042 0.543519 0.576562 0.543519 0.577083 0.542593 0.577604 0.542593 0.578125 0.541667 0.579167 0.541667 0.579688 0.540741 0.581771 0.540741 0.582292 0.539815 0.584375 0.539815 0.584896 0.540741 0.586979 0.540741 0.587500 0.541667 0.588542 0.541667 0.589063 0.542593 0.589583 0.542593 0.590104 0.543519 0.590625 0.543519 0.591146 0.544444 0.591667 0.544444 0.592708 0.546296 0.593229 0.546296 0.593750 0.547222 0.594271 0.547222 0.595833 0.550000 0.596354 0.550000 0.597917 0.552778 0.598437 0.552778 0.600521 0.556481 0.601042 0.556481 0.604167 0.562037 0.604688 0.562037 0.608333 0.568519 0.608854 0.568519 0.614062 0.577778 0.614583 0.577778 0.622396 0.591667 0.622917 0.591667 0.640625 0.623148 0.641146 0.623148 0.649479 0.637963 0.650000 0.637963 0.651563 0.640741 0.652083 0.640741 0.653125 0.642593 0.653646 0.642593 0.654167 0.643519 0.657813 0.643519 0.658333 0.642593 0.658854 0.642593 0.660417 0.639815 0.660417 0.637963 0.660937 0.637037 0.660937 0.634259 0.660417 0.633333 0.660417 0.632407 0.659896 0.631481 0.659375 0.631481 0.656250 0.625926 0.655729 0.625926 0.636458 0.591667 0.635938 0.591667 0.610417 0.546296 0.609896 0.546296 0.587500 0.506481 0.587500 0.505556 0.585938 0.502778 0.585938 0.501852 0.585417 0.500926 0.585417 0.500000 0.584896 0.499074 0.584896 0.491667 0.585417 0.490741 0.585417 0.464815 0.585938 0.463889 0.585938 0.456481 0.585417 0.456481 0.584896 0.455556
0 0.770052 0.545370 0.103646 0.148148 0.753646 0.471296 0.753125 0.472222 0.751042 0.472222 0.750521 0.473148 0.749479 0.473148 0.748958 0.474074 0.747917 0.474074 0.747396 0.475000 0.746875 0.475000 0.745833 0.476852 0.745313 0.476852 0.744792 0.477778 0.744271 0.477778 0.743750 0.478704 0.744271 0.479630 0.744271 0.482407 0.744792 0.483333 0.744792 0.487037 0.745313 0.487963 0.745313 0.490741 0.745833 0.491667 0.745833 0.495370 0.746354 0.496296 0.746354 0.499074 0.746875 0.500000 0.746875 0.503704 0.746354 0.504630 0.746354 0.505556 0.745833 0.506481 0.745833 0.507407 0.739062 0.519444 0.738542 0.519444 0.733854 0.527778 0.733333 0.527778 0.728646 0.536111 0.728125 0.536111 0.724479 0.542593 0.726562 0.538889 0.727083 0.538889 0.729167 0.535185 0.729688 0.535185 0.731250 0.532407 0.731771 0.532407 0.733333 0.529630 0.733854 0.529630 0.734896 0.527778 0.735417 0.527778 0.736458 0.525926 0.736979 0.525926 0.738021 0.524074 0.738542 0.524074 0.739583 0.522222 0.740104 0.522222 0.740625 0.521296 0.741146 0.521296 0.741667 0.520370 0.742188 0.520370 0.742708 0.519444 0.743229 0.519444 0.743750 0.518519 0.744792 0.518519 0.745313 0.517593 0.746875 0.517593 0.747396 0.516667 0.751563 0.516667 0.752083 0.517593 0.753125 0.517593 0.753646 0.518519 0.754687 0.518519 0.755208 0.519444 0.755729 0.519444 0.756250 0.520370 0.756771 0.520370 0.757292 0.521296 0.757812 0.521296 0.758854 0.523148 0.759375 0.523148 0.760417 0.525000 0.760938 0.525000 0.762500 0.527778 0.763021 0.527778 0.765104 0.531481 0.765625 0.531481 0.768229 0.536111 0.768750 0.536111 0.772917 0.543519 0.773438 0.543519 0.780208 0.555556 0.780729 0.555556 0.811458 0.610185 0.811979 0.610185 0.815104 0.615741 0.815625 0.615741 0.816667 0.617593 0.817187 0.617593 0.817708 0.618519 0.818229 0.618519 0.818750 0.619444 0.821354 0.619444 0.821875 0.618519 0.782292 0.548148 0.782292 0.547222 0.776563 0.537037 0.776563 0.536111 0.775521 0.534259 0.775521 0.533333 0.775000 0.532407 0.775000 0.530556 0.774479 0.529630 0.774479 0.527778 0.773958 0.526852 0.773958 0.524074 0.773438 0.523148 0.773438 0.520370 0.772917 0.519444 0.772917 0.516667 0.772396 0.515741 0.772396 0.513889 0.771875 0.512963 0.771875 0.510185 0.771354 0.509259 0.771354 0.506481 0.770833 0.505556 0.770833 0.502778 0.770312 0.501852 0.770312 0.500000 0.769792 0.499074 0.769792 0.496296 0.769271 0.495370 0.769271 0.492593 0.768750 0.491667 0.768750 0.488889 0.768229 0.487963 0.768229 0.486111 0.767708 0.485185 0.767708 0.482407 0.766667 0.480556 0.766146 0.480556 0.764583 0.477778 0.764062 0.477778 0.763542 0.476852 0.763021 0.476852 0.761979 0.475000 0.761458 0.475000 0.760938 0.474074 0.759896 0.474074 0.759375 0.473148 0.758854 0.473148 0.758333 0.472222 0.755729 0.472222 0.755208 0.471296
0 0.171875 0.532407 0.161458 0.146296 0.244792 0.459259 0.244271 0.460185 0.243750 0.460185 0.243229 0.461111 0.242188 0.461111 0.241667 0.462037 0.241146 0.462037 0.240625 0.462963 0.240104 0.462963 0.239063 0.464815 0.238542 0.464815 0.238021 0.465741 0.237500 0.465741 0.235937 0.468519 0.235417 0.468519 0.233854 0.471296 0.233333 0.471296 0.231250 0.475000 0.230729 0.475000 0.227604 0.480556 0.227083 0.480556 0.223438 0.487037 0.222917 0.487037 0.217188 0.497222 0.216667 0.497222 0.206771 0.514815 0.206250 0.514815 0.183333 0.555556 0.182812 0.555556 0.180729 0.559259 0.180208 0.559259 0.179688 0.560185 0.177083 0.560185 0.176563 0.559259 0.176042 0.559259 0.172917 0.553704 0.172917 0.552778 0.172396 0.551852 0.172396 0.549074 0.172917 0.548148 0.172917 0.547222 0.173437 0.546296 0.173437 0.545370 0.173958 0.544444 0.173958 0.543519 0.175521 0.540741 0.175521 0.539815 0.176563 0.537963 0.176563 0.537037 0.177604 0.535185 0.177604 0.534259 0.178646 0.532407 0.178646 0.531481 0.179688 0.529630 0.179688 0.528704 0.180729 0.526852 0.180729 0.525926 0.181771 0.524074 0.181771 0.523148 0.182812 0.521296 0.182812 0.520370 0.183854 0.518519 0.183854 0.517593 0.184896 0.515741 0.184896 0.514815 0.185938 0.512963 0.185938 0.512037 0.187500 0.509259 0.187500 0.508333 0.188542 0.506481 0.188542 0.505556 0.189583 0.503704 0.177604 0.525000 0.177083 0.525000 0.175521 0.527778 0.175000 0.527778 0.174479 0.528704 0.173437 0.528704 0.172917 0.529630 0.172396 0.528704 0.171875 0.529630 0.171875 0.530556 0.170833 0.532407 0.170833 0.533333 0.169792 0.535185 0.169792 0.536111 0.168750 0.537963 0.168750 0.538889 0.167187 0.541667 0.167187 0.542593 0.166146 0.544444 0.166146 0.545370 0.165104 0.547222 0.165104 0.548148 0.164062 0.550000 0.164062 0.550926 0.163021 0.552778 0.163021 0.553704 0.161458 0.556481 0.161458 0.557407 0.160417 0.559259 0.160417 0.560185 0.159375 0.562037 0.159375 0.562963 0.157292 0.566667 0.156250 0.566667 0.155729 0.567593 0.154167 0.567593 0.153646 0.566667 0.152604 0.566667 0.152083 0.565741 0.151562 0.565741 0.150521 0.563889 0.150000 0.563889 0.148438 0.561111 0.147917 0.561111 0.144792 0.555556 0.144271 0.555556 0.139583 0.547222 0.139063 0.547222 0.132812 0.536111 0.132292 0.536111 0.127083 0.526852 0.126562 0.526852 0.121354 0.517593 0.120833 0.517593 0.116146 0.509259 0.115625 0.509259 0.111979 0.502778 0.111458 0.502778 0.107813 0.496296 0.107292 0.496296 0.104688 0.491667 0.104167 0.491667 0.101562 0.487037 0.101042 0.487037 0.098437 0.482407 0.097917 0.482407 0.095833 0.478704 0.095312 0.478704 0.093750 0.475926 0.093229 0.475926 0.091667 0.473148 0.091146 0.473148 0.091667 0.474074 0.091667 0.475000 0.092188 0.475926 0.092188 0.476852 0.093229 0.478704 0.093229 0.479630 0.099479 0.490741 0.100000 0.490741 0.106250 0.501852 0.106771 0.501852 0.112500 0.512037 0.113021 0.512037 0.119271 0.523148 0.119792 0.523148 0.125521 0.533333 0.126042 0.533333 0.131771 0.543519 0.132292 0.543519 0.138542 0.554630 0.139063 0.554630 0.144792 0.564815 0.145313 0.564815 0.151042 0.575000 0.151562 0.575000 0.157292 0.585185 0.157812 0.585185 0.163021 0.594444 0.163542 0.594444 0.167187 0.600926 0.167708 0.600926 0.169271 0.603704 0.169792 0.603704 0.170313 0.604630 0.170833 0.604630 0.171354 0.605556 0.174479 0.605556 0.175000 0.604630 0.175521 0.604630 0.177083 0.601852 0.177604 0.601852 0.190625 0.578704 0.191146 0.578704 0.232813 0.504630 0.233333 0.504630 0.241146 0.490741 0.241146 0.489815 0.245312 0.482407 0.245312 0.481481 0.245833 0.480556 0.245833 0.479630 0.246875 0.477778 0.246875 0.476852 0.247396 0.475926 0.247396 0.475000 0.248438 0.473148 0.248438 0.472222 0.248958 0.471296 0.248958 0.470370 0.250000 0.468519 0.250000 0.467593 0.250521 0.466667 0.250521 0.465741 0.251563 0.463889 0.251563 0.462963 0.252083 0.462037 0.252083 0.461111 0.252604 0.460185 0.251563 0.460185 0.251042 0.459259
0 0.337240 0.537037 0.159896 0.151852 0.416146 0.461111 0.415625 0.462037 0.413542 0.462037 0.413021 0.462963 0.411979 0.462963 0.411458 0.463889 0.410938 0.463889 0.410417 0.464815 0.409896 0.464815 0.409375 0.465741 0.408854 0.465741 0.408333 0.466667 0.407813 0.466667 0.406771 0.468519 0.406250 0.468519 0.405208 0.470370 0.404687 0.470370 0.403125 0.473148 0.402604 0.473148 0.401042 0.475926 0.400521 0.475926 0.398438 0.479630 0.397917 0.479630 0.395313 0.484259 0.394792 0.484259 0.392188 0.488889 0.391667 0.488889 0.387500 0.496296 0.386979 0.496296 0.382292 0.504630 0.381771 0.504630 0.375521 0.515741 0.375000 0.515741 0.365625 0.532407 0.365104 0.532407 0.354167 0.551852 0.353646 0.551852 0.348958 0.560185 0.348438 0.560185 0.347396 0.562037 0.346354 0.562037 0.345833 0.562963 0.345313 0.562963 0.344792 0.562037 0.343750 0.562037 0.342708 0.560185 0.342187 0.560185 0.341146 0.558333 0.341146 0.557407 0.340104 0.555556 0.340104 0.553704 0.339583 0.552778 0.339583 0.551852 0.340104 0.550926 0.340104 0.549074 0.340625 0.548148 0.340625 0.547222 0.341146 0.546296 0.341146 0.544444 0.341667 0.543519 0.341667 0.542593 0.342187 0.541667 0.342187 0.540741 0.342708 0.539815 0.342708 0.537963 0.343229 0.537037 0.343229 0.536111 0.343750 0.535185 0.343750 0.534259 0.344271 0.533333 0.344271 0.531481 0.344792 0.530556 0.344792 0.529630 0.345313 0.528704 0.345313 0.527778 0.345833 0.526852 0.345833 0.525000 0.346354 0.524074 0.346354 0.523148 0.346875 0.522222 0.346875 0.521296 0.347396 0.520370 0.347396 0.518519 0.347917 0.517593 0.347917 0.516667 0.344271 0.523148 0.343750 0.523148 0.342187 0.525926 0.341667 0.525926 0.341146 0.526852 0.338021 0.526852 0.337500 0.525926 0.336979 0.525926 0.335938 0.524074 0.335938 0.525000 0.335417 0.525926 0.335417 0.526852 0.334896 0.527778 0.334896 0.528704 0.334375 0.529630 0.334375 0.531481 0.333854 0.532407 0.333854 0.533333 0.333333 0.534259 0.333333 0.535185 0.332813 0.536111 0.332813 0.537963 0.332292 0.538889 0.332292 0.539815 0.331771 0.540741 0.331771 0.541667 0.331250 0.542593 0.331250 0.544444 0.330729 0.545370 0.330729 0.546296 0.330208 0.547222 0.330208 0.549074 0.329688 0.550000 0.329688 0.550926 0.329167 0.551852 0.329167 0.552778 0.328646 0.553704 0.328646 0.555556 0.328125 0.556481 0.328125 0.557407 0.327604 0.558333 0.327604 0.559259 0.326562 0.561111 0.326042 0.561111 0.325000 0.562963 0.321354 0.562963 0.320833 0.562037 0.320312 0.562037 0.319271 0.560185 0.318750 0.560185 0.317188 0.557407 0.316667 0.557407 0.313021 0.550926 0.312500 0.550926 0.305208 0.537963 0.304688 0.537963 0.296875 0.524074 0.296354 0.524074 0.289583 0.512037 0.289062 0.512037 0.283854 0.502778 0.283333 0.502778 0.278646 0.494444 0.278125 0.494444 0.275000 0.488889 0.274479 0.488889 0.271354 0.483333 0.270833 0.483333 0.268229 0.478704 0.267708 0.478704 0.265625 0.475000 0.265104 0.475000 0.263021 0.471296 0.262500 0.471296 0.261458 0.469444 0.260937 0.469444 0.260417 0.468519 0.259896 0.468519 0.259896 0.469444 0.259375 0.470370 0.259375 0.471296 0.258333 0.473148 0.258333 0.474074 0.257812 0.475000 0.257812 0.475926 0.257292 0.476852 0.257292 0.482407 0.257812 0.483333 0.257812 0.484259 0.259896 0.487963 0.259896 0.488889 0.265104 0.498148 0.265625 0.498148 0.274479 0.513889 0.275000 0.513889 0.283333 0.528704 0.283854 0.528704 0.292187 0.543519 0.292708 0.543519 0.301042 0.558333 0.301563 0.558333 0.309896 0.573148 0.310417 0.573148 0.318750 0.587963 0.319271 0.587963 0.327083 0.601852 0.327604 0.601852 0.331250 0.608333 0.331771 0.608333 0.333333 0.611111 0.333854 0.611111 0.334375 0.612037 0.334896 0.612037 0.335417 0.612963 0.338021 0.612963 0.338542 0.612037 0.339062 0.612037 0.339583 0.611111 0.340104 0.611111 0.342187 0.607407 0.342708 0.607407 0.348438 0.597222 0.348958 0.597222 0.360417 0.576852 0.360938 0.576852 0.371875 0.557407 0.372396 0.557407 0.383854 0.537037 0.384375 0.537037 0.395833 0.516667 0.396354 0.516667 0.411458 0.489815 0.411458 0.488889 0.412500 0.487037 0.412500 0.485185 0.413021 0.484259 0.413021 0.482407 0.413542 0.481481 0.413542 0.479630 0.414062 0.478704 0.414062 0.476852 0.414583 0.475926 0.414583 0.474074 0.415104 0.473148 0.415104 0.470370 0.415625 0.469444 0.415625 0.467593 0.416146 0.466667 0.416146 0.464815 0.416667 0.463889 0.416667 0.462037 0.417187 0.461111
0 0.498437 0.549074 0.161458 0.181481 0.578646 0.458333 0.578125 0.459259 0.577604 0.459259 0.577083 0.460185 0.576562 0.460185 0.576042 0.461111 0.575521 0.461111 0.574479 0.462963 0.573958 0.462963 0.573438 0.463889 0.572917 0.463889 0.571354 0.466667 0.570833 0.466667 0.569792 0.468519 0.569271 0.468519 0.567187 0.472222 0.566667 0.472222 0.565104 0.475000 0.564583 0.475000 0.561979 0.479630 0.561458 0.479630 0.559375 0.483333 0.558854 0.483333 0.555729 0.488889 0.555208 0.488889 0.551562 0.495370 0.551042 0.495370 0.546875 0.502778 0.546354 0.502778 0.541667 0.511111 0.541146 0.511111 0.535937 0.520370 0.535417 0.520370 0.529167 0.531481 0.528646 0.531481 0.522396 0.542593 0.521875 0.542593 0.516667 0.551852 0.516146 0.551852 0.514583 0.554630 0.514062 0.554630 0.513021 0.556481 0.509896 0.556481 0.508854 0.554630 0.508333 0.554630 0.506771 0.551852 0.506771 0.550926 0.506250 0.550000 0.506250 0.549074 0.505729 0.548148 0.505729 0.545370 0.506250 0.544444 0.506250 0.539815 0.506771 0.538889 0.506771 0.534259 0.507292 0.533333 0.507292 0.528704 0.507812 0.527778 0.507812 0.525926 0.505729 0.529630 0.505208 0.529630 0.504167 0.531481 0.503646 0.531481 0.502604 0.533333 0.499479 0.533333 0.498958 0.532407 0.498437 0.532407 0.498437 0.533333 0.497917 0.534259 0.497917 0.537963 0.497396 0.538889 0.497396 0.543519 0.496875 0.544444 0.496875 0.549074 0.496354 0.550000 0.496354 0.553704 0.495833 0.554630 0.495833 0.559259 0.495312 0.560185 0.495312 0.561111 0.493229 0.564815 0.492708 0.564815 0.492188 0.565741 0.489583 0.565741 0.489063 0.564815 0.488021 0.564815 0.486979 0.562963 0.486458 0.562963 0.484896 0.560185 0.484375 0.560185 0.480208 0.552778 0.479687 0.552778 0.467187 0.530556 0.466667 0.530556 0.456771 0.512963 0.456250 0.512963 0.449479 0.500926 0.448958 0.500926 0.444271 0.492593 0.443750 0.492593 0.440104 0.486111 0.439583 0.486111 0.436458 0.480556 0.435937 0.480556 0.433854 0.476852 0.433333 0.476852 0.431250 0.473148 0.430729 0.473148 0.429167 0.470370 0.428646 0.470370 0.427604 0.468519 0.427083 0.468519 0.426042 0.466667 0.425521 0.466667 0.425000 0.465741 0.424479 0.465741 0.424479 0.466667 0.423958 0.467593 0.423958 0.469444 0.423438 0.470370 0.423438 0.472222 0.422917 0.473148 0.422917 0.475000 0.422396 0.475926 0.422396 0.477778 0.421875 0.478704 0.421875 0.481481 0.421354 0.482407 0.421354 0.484259 0.420833 0.485185 0.420833 0.487037 0.420312 0.487963 0.420312 0.489815 0.419792 0.490741 0.419792 0.492593 0.419271 0.493519 0.419271 0.496296 0.418750 0.497222 0.418750 0.499074 0.418229 0.500000 0.418229 0.501852 0.417708 0.502778 0.417708 0.503704 0.418229 0.504630 0.418229 0.506481 0.418750 0.507407 0.418750 0.508333 0.419792 0.510185 0.419792 0.511111 0.433333 0.535185 0.433854 0.535185 0.446354 0.557407 0.446875 0.557407 0.459375 0.579630 0.459896 0.579630 0.472396 0.601852 0.472917 0.601852 0.484896 0.623148 0.485417 0.623148 0.491667 0.634259 0.492188 0.634259 0.494271 0.637963 0.494792 0.637963 0.495312 0.638889 0.495833 0.638889 0.496354 0.639815 0.498958 0.639815 0.499479 0.638889 0.500000 0.638889 0.500521 0.637963 0.501042 0.637963 0.502604 0.635185 0.503125 0.635185 0.506771 0.628704 0.507292 0.628704 0.512500 0.619444 0.513021 0.619444 0.519271 0.608333 0.519792 0.608333 0.526042 0.597222 0.526563 0.597222 0.532813 0.586111 0.533333 0.586111 0.539583 0.575000 0.540104 0.575000 0.546354 0.563889 0.546875 0.563889 0.553125 0.552778 0.553646 0.552778 0.559896 0.541667 0.560417 0.541667 0.566667 0.530556 0.567187 0.530556 0.576562 0.513889 0.576562 0.512963 0.577604 0.511111 0.577604 0.503704 0.578125 0.502778 0.578125 0.483333 0.578646 0.482407 0.578646 0.462963 0.579167 0.462037 0.579167 0.458333
0 0.665885 0.545370 0.160938 0.177778 0.586458 0.456481 0.586458 0.463889 0.585938 0.464815 0.585938 0.490741 0.585417 0.491667 0.585417 0.499074 0.585938 0.500000 0.585938 0.500926 0.586458 0.501852 0.586458 0.502778 0.588021 0.505556 0.588021 0.506481 0.609896 0.545370 0.610417 0.545370 0.635938 0.590741 0.636458 0.590741 0.655729 0.625000 0.656250 0.625000 0.659375 0.630556 0.659896 0.630556 0.660937 0.632407 0.661458 0.632407 0.661979 0.633333 0.663021 0.633333 0.663542 0.634259 0.664062 0.633333 0.665625 0.633333 0.666667 0.631481 0.667188 0.631481 0.668229 0.629630 0.668750 0.629630 0.670833 0.625926 0.671354 0.625926 0.674479 0.620370 0.675000 0.620370 0.679167 0.612963 0.679688 0.612963 0.684375 0.604630 0.684896 0.604630 0.689063 0.597222 0.689583 0.597222 0.693750 0.589815 0.694271 0.589815 0.698958 0.581481 0.699479 0.581481 0.703646 0.574074 0.704167 0.574074 0.708854 0.565741 0.709375 0.565741 0.713542 0.558333 0.714063 0.558333 0.718750 0.550000 0.719271 0.550000 0.723437 0.542593 0.723958 0.542593 0.728125 0.535185 0.728646 0.535185 0.733333 0.526852 0.733854 0.526852 0.738542 0.518519 0.739062 0.518519 0.745313 0.507407 0.745313 0.506481 0.745833 0.505556 0.745833 0.504630 0.746354 0.503704 0.746354 0.500000 0.745833 0.499074 0.745833 0.496296 0.745313 0.495370 0.745313 0.491667 0.744792 0.490741 0.744792 0.487963 0.744271 0.487037 0.744271 0.483333 0.743750 0.482407 0.743750 0.479630 0.743229 0.478704 0.742188 0.480556 0.741667 0.480556 0.740625 0.482407 0.740104 0.482407 0.738542 0.485185 0.738021 0.485185 0.736458 0.487963 0.735938 0.487963 0.734375 0.490741 0.733854 0.490741 0.731771 0.494444 0.731250 0.494444 0.729167 0.498148 0.728646 0.498148 0.726562 0.501852 0.726042 0.501852 0.723437 0.506481 0.722917 0.506481 0.720313 0.511111 0.719792 0.511111 0.716667 0.516667 0.716146 0.516667 0.712500 0.523148 0.711979 0.523148 0.708854 0.528704 0.708333 0.528704 0.704167 0.536111 0.703646 0.536111 0.699479 0.543519 0.698958 0.543519 0.694271 0.551852 0.693750 0.551852 0.689063 0.560185 0.688542 0.560185 0.684896 0.566667 0.684375 0.566667 0.681771 0.571296 0.681250 0.571296 0.679688 0.574074 0.679167 0.574074 0.678646 0.575000 0.676562 0.575000 0.676042 0.574074 0.675521 0.574074 0.675000 0.573148 0.674479 0.573148 0.672917 0.570370 0.672917 0.569444 0.671875 0.567593 0.671875 0.562963 0.671354 0.562037 0.671354 0.553704 0.670833 0.552778 0.670833 0.545370 0.670312 0.544444 0.670312 0.536111 0.669792 0.535185 0.669792 0.526852 0.669271 0.525926 0.669271 0.520370 0.668750 0.520370 0.666667 0.524074 0.666146 0.524074 0.665625 0.525000 0.665104 0.525000 0.664583 0.525926 0.663542 0.525926 0.663021 0.526852 0.662500 0.526852 0.661979 0.525926 0.660937 0.525926 0.660937 0.530556 0.661458 0.531481 0.661458 0.541667 0.661979 0.542593 0.661979 0.554630 0.659375 0.559259 0.658333 0.559259 0.657813 0.560185 0.656250 0.560185 0.655729 0.559259 0.654687 0.559259 0.654167 0.558333 0.653646 0.558333 0.652604 0.556481 0.652083 0.556481 0.648958 0.550926 0.648438 0.550926 0.628125 0.514815 0.627604 0.514815 0.616667 0.495370 0.616146 0.495370 0.610417 0.485185 0.609896 0.485185 0.605729 0.477778 0.605208 0.477778 0.602604 0.473148 0.602083 0.473148 0.599479 0.468519 0.598958 0.468519 0.597396 0.465741 0.596875 0.465741 0.595313 0.462963 0.594792 0.462963 0.594271 0.462037 0.593750 0.462037 0.592708 0.460185 0.592187 0.460185 0.591667 0.459259 0.591146 0.459259 0.590625 0.458333 0.590104 0.458333 0.589583 0.457407 0.588542 0.457407 0.588021 0.456481
0 0.853125 0.569907 0.169792 0.193519 0.920312 0.473148 0.919792 0.474074 0.919271 0.474074 0.915625 0.480556 0.915104 0.480556 0.911458 0.487037 0.910937 0.487037 0.907813 0.492593 0.907292 0.492593 0.903646 0.499074 0.903125 0.499074 0.899479 0.505556 0.898958 0.505556 0.895833 0.511111 0.895312 0.511111 0.891667 0.517593 0.891146 0.517593 0.887500 0.524074 0.886979 0.524074 0.883333 0.530556 0.882812 0.530556 0.879687 0.536111 0.879167 0.536111 0.875521 0.542593 0.875000 0.542593 0.871354 0.549074 0.870833 0.549074 0.867708 0.554630 0.867188 0.554630 0.864062 0.560185 0.863542 0.560185 0.861458 0.563889 0.860938 0.563889 0.859375 0.566667 0.858854 0.566667 0.857812 0.568519 0.856771 0.568519 0.856250 0.569444 0.854167 0.569444 0.853646 0.568519 0.853125 0.568519 0.852083 0.566667 0.851562 0.566667 0.847917 0.560185 0.847396 0.560185 0.839063 0.545370 0.839063 0.544444 0.822396 0.514815 0.822396 0.515741 0.822917 0.516667 0.822917 0.518519 0.823438 0.519444 0.823438 0.521296 0.823958 0.522222 0.823958 0.524074 0.824479 0.525000 0.824479 0.526852 0.825000 0.527778 0.825000 0.528704 0.825521 0.529630 0.825521 0.531481 0.826042 0.532407 0.826042 0.534259 0.826562 0.535185 0.826562 0.537037 0.827083 0.537963 0.827083 0.539815 0.827604 0.540741 0.827604 0.542593 0.828125 0.543519 0.828125 0.545370 0.828646 0.546296 0.828646 0.547222 0.829167 0.548148 0.829167 0.550000 0.829688 0.550926 0.829688 0.552778 0.830208 0.553704 0.830208 0.555556 0.830729 0.556481 0.830729 0.558333 0.831250 0.559259 0.831250 0.561111 0.831771 0.562037 0.831771 0.562963 0.832292 0.563889 0.832292 0.565741 0.832812 0.566667 0.832812 0.571296 0.832292 0.572222 0.832292 0.573148 0.830208 0.576852 0.829688 0.576852 0.829167 0.577778 0.825521 0.577778 0.825000 0.576852 0.824479 0.576852 0.823438 0.575000 0.822917 0.575000 0.821354 0.572222 0.820833 0.572222 0.787500 0.512963 0.786979 0.512963 0.779167 0.499074 0.778646 0.499074 0.774479 0.491667 0.773958 0.491667 0.771354 0.487037 0.770833 0.487037 0.768750 0.483333 0.768229 0.483333 0.768229 0.485185 0.768750 0.486111 0.768750 0.487963 0.769271 0.488889 0.769271 0.491667 0.769792 0.492593 0.769792 0.495370 0.770312 0.496296 0.770312 0.499074 0.770833 0.500000 0.770833 0.501852 0.771354 0.502778 0.771354 0.505556 0.771875 0.506481 0.771875 0.509259 0.772396 0.510185 0.772396 0.512963 0.772917 0.513889 0.772917 0.515741 0.773438 0.516667 0.773438 0.519444 0.773958 0.520370 0.773958 0.523148 0.774479 0.524074 0.774479 0.526852 0.775000 0.527778 0.775000 0.529630 0.775521 0.530556 0.775521 0.532407 0.776042 0.533333 0.776042 0.534259 0.777083 0.536111 0.777083 0.537037 0.782813 0.547222 0.782813 0.548148 0.846875 0.662037 0.847396 0.662037 0.848958 0.664815 0.849479 0.664815 0.850000 0.665741 0.850521 0.665741 0.851042 0.666667 0.852604 0.666667 0.853125 0.665741 0.854167 0.665741 0.854688 0.664815 0.855208 0.664815 0.856771 0.662037 0.857292 0.662037 0.858854 0.659259 0.859375 0.659259 0.861979 0.654630 0.862500 0.654630 0.865104 0.650000 0.865625 0.650000 0.868750 0.644444 0.869271 0.644444 0.872917 0.637963 0.873437 0.637963 0.876563 0.632407 0.877083 0.632407 0.880208 0.626852 0.880729 0.626852 0.883854 0.621296 0.884375 0.621296 0.887500 0.615741 0.888021 0.615741 0.891667 0.609259 0.892188 0.609259 0.895312 0.603704 0.895833 0.603704 0.898958 0.598148 0.899479 0.598148 0.902604 0.592593 0.903125 0.592593 0.906250 0.587037 0.906771 0.587037 0.910417 0.580556 0.910937 0.580556 0.914062 0.575000 0.914583 0.575000 0.917708 0.569444 0.918229 0.569444 0.921354 0.563889 0.921875 0.563889 0.925000 0.558333 0.925521 0.558333 0.929167 0.551852 0.929688 0.551852 0.934375 0.543519 0.934896 0.543519 0.935937 0.541667 0.935937 0.540741 0.937500 0.537963 0.937500 0.537037 0.938021 0.536111 0.938021 0.530556 0.936979 0.528704 0.936979 0.527778 0.936458 0.526852 0.936458 0.525926 0.935937 0.525000 0.935937 0.524074 0.935417 0.523148 0.935417 0.522222 0.934896 0.521296 0.934896 0.520370 0.934375 0.519444 0.934375 0.518519 0.933854 0.517593 0.933854 0.516667 0.933333 0.515741 0.933333 0.514815 0.932292 0.512963 0.932292 0.512037 0.931771 0.511111 0.931771 0.510185 0.931250 0.509259 0.931250 0.508333 0.930729 0.507407 0.930729 0.506481 0.930208 0.505556 0.930208 0.504630 0.929688 0.503704 0.929688 0.502778 0.929167 0.501852 0.929167 0.500926 0.928646 0.500000 0.928646 0.499074 0.927604 0.497222 0.927604 0.496296 0.927083 0.495370 0.927083 0.494444 0.926562 0.493519 0.926562 0.492593 0.926042 0.491667 0.926042 0.490741 0.925521 0.489815 0.925521 0.488889 0.925000 0.487963 0.925000 0.487037 0.924479 0.486111 0.924479 0.485185 0.923958 0.484259 0.923958 0.483333 0.922917 0.481481 0.922917 0.480556 0.922396 0.479630 0.922396 0.478704 0.921875 0.477778 0.921875 0.476852 0.921354 0.475926 0.921354 0.475000 0.920833 0.474074 0.920833 0.473148
0 0.088021 0.474537 0.167708 0.184259 0.093229 0.382407 0.086979 0.393519 0.086979 0.394444 0.078125 0.410185 0.078125 0.411111 0.069271 0.426852 0.069271 0.427778 0.060417 0.443519 0.060417 0.444444 0.051042 0.461111 0.051042 0.462037 0.042188 0.477778 0.042188 0.478704 0.033333 0.494444 0.033333 0.495370 0.024479 0.511111 0.024479 0.512037 0.015104 0.528704 0.015104 0.529630 0.007292 0.543519 0.007292 0.544444 0.005208 0.548148 0.005208 0.549074 0.004167 0.550926 0.004167 0.556481 0.004687 0.557407 0.004687 0.558333 0.006771 0.562037 0.007292 0.562037 0.007812 0.562963 0.008333 0.562963 0.008854 0.563889 0.010417 0.563889 0.010937 0.562963 0.011458 0.562963 0.013542 0.559259 0.014063 0.559259 0.021875 0.545370 0.021875 0.544444 0.048438 0.497222 0.048958 0.497222 0.055729 0.485185 0.056250 0.485185 0.059896 0.478704 0.060417 0.478704 0.063021 0.474074 0.063542 0.474074 0.065625 0.470370 0.066146 0.470370 0.067187 0.468519 0.067708 0.468519 0.068750 0.466667 0.069271 0.466667 0.070312 0.464815 0.070833 0.464815 0.071354 0.463889 0.072396 0.463889 0.072917 0.462963 0.073438 0.462963 0.073958 0.462037 0.076042 0.462037 0.076563 0.461111 0.078646 0.461111 0.079167 0.462037 0.081250 0.462037 0.081771 0.462963 0.082812 0.462963 0.083333 0.463889 0.083854 0.463889 0.084375 0.464815 0.084896 0.464815 0.085417 0.465741 0.085938 0.465741 0.086458 0.466667 0.086979 0.466667 0.088021 0.468519 0.088542 0.468519 0.089583 0.470370 0.090104 0.470370 0.091146 0.472222 0.091667 0.472222 0.093229 0.475000 0.093750 0.475000 0.095312 0.477778 0.095833 0.477778 0.097917 0.481481 0.098437 0.481481 0.101042 0.486111 0.101562 0.486111 0.104167 0.490741 0.104688 0.490741 0.107292 0.495370 0.107813 0.495370 0.111458 0.501852 0.111979 0.501852 0.115625 0.508333 0.116146 0.508333 0.120833 0.516667 0.121354 0.516667 0.126562 0.525926 0.127083 0.525926 0.132292 0.535185 0.132812 0.535185 0.139063 0.546296 0.139583 0.546296 0.144271 0.554630 0.144792 0.554630 0.147917 0.560185 0.148438 0.560185 0.150000 0.562963 0.150521 0.562963 0.151562 0.564815 0.152083 0.564815 0.152604 0.565741 0.153646 0.565741 0.154167 0.566667 0.155729 0.566667 0.156250 0.565741 0.157292 0.565741 0.158854 0.562963 0.158854 0.562037 0.159896 0.560185 0.159896 0.559259 0.160938 0.557407 0.160938 0.556481 0.162500 0.553704 0.162500 0.552778 0.163542 0.550926 0.163542 0.550000 0.164583 0.548148 0.164583 0.547222 0.165625 0.545370 0.165625 0.544444 0.166667 0.542593 0.166667 0.541667 0.168229 0.538889 0.168229 0.537963 0.169271 0.536111 0.169271 0.535185 0.170313 0.533333 0.170313 0.532407 0.171354 0.530556 0.171354 0.529630 0.171875 0.528704 0.170833 0.528704 0.169792 0.526852 0.169271 0.526852 0.167708 0.524074 0.167187 0.524074 0.164062 0.518519 0.163542 0.518519 0.157812 0.508333 0.157292 0.508333 0.150521 0.496296 0.150000 0.496296 0.143750 0.485185 0.143229 0.485185 0.136458 0.473148 0.135937 0.473148 0.129688 0.462037 0.129167 0.462037 0.122917 0.450926 0.122396 0.450926 0.115625 0.438889 0.115104 0.438889 0.108854 0.427778 0.108333 0.427778 0.101562 0.415741 0.101042 0.415741 0.092708 0.400926 0.092708 0.400000 0.091146 0.397222 0.091146 0.395370 0.090625 0.394444 0.090625 0.392593 0.091146 0.391667 0.091146 0.389815 0.094271 0.384259 0.094271 0.383333 0.093750 0.382407
0 0.254167 0.478241 0.162500 0.167593 0.248958 0.394444 0.248438 0.395370 0.248438 0.396296 0.247917 0.397222 0.247917 0.398148 0.246875 0.400000 0.246875 0.400926 0.245833 0.402778 0.245833 0.403704 0.242708 0.409259 0.242708 0.410185 0.206771 0.474074 0.206250 0.474074 0.190104 0.502778 0.190104 0.503704 0.189062 0.505556 0.189062 0.506481 0.188021 0.508333 0.188021 0.509259 0.186458 0.512037 0.186458 0.512963 0.185417 0.514815 0.185417 0.515741 0.184375 0.517593 0.184375 0.518519 0.183333 0.520370 0.183333 0.521296 0.182292 0.523148 0.182292 0.524074 0.181250 0.525926 0.181250 0.526852 0.180208 0.528704 0.180208 0.529630 0.179167 0.531481 0.179167 0.532407 0.178125 0.534259 0.178125 0.535185 0.177083 0.537037 0.177083 0.537963 0.176042 0.539815 0.176042 0.540741 0.174479 0.543519 0.174479 0.544444 0.173958 0.545370 0.173958 0.546296 0.173437 0.547222 0.173437 0.548148 0.172917 0.549074 0.172917 0.551852 0.173437 0.552778 0.173437 0.553704 0.176042 0.558333 0.176563 0.558333 0.177083 0.559259 0.179688 0.559259 0.180208 0.558333 0.180729 0.558333 0.182812 0.554630 0.183333 0.554630 0.206250 0.513889 0.206771 0.513889 0.216667 0.496296 0.217188 0.496296 0.222917 0.486111 0.223438 0.486111 0.227083 0.479630 0.227604 0.479630 0.230729 0.474074 0.231250 0.474074 0.233333 0.470370 0.233854 0.470370 0.235417 0.467593 0.235937 0.467593 0.237500 0.464815 0.238021 0.464815 0.238542 0.463889 0.239063 0.463889 0.240104 0.462037 0.240625 0.462037 0.241146 0.461111 0.241667 0.461111 0.242188 0.460185 0.243229 0.460185 0.243750 0.459259 0.244271 0.459259 0.244792 0.458333 0.251042 0.458333 0.251563 0.459259 0.252604 0.459259 0.253125 0.460185 0.253646 0.460185 0.254167 0.461111 0.254688 0.461111 0.255208 0.462037 0.255729 0.462037 0.256250 0.462963 0.256771 0.462963 0.257292 0.463889 0.257812 0.463889 0.258854 0.465741 0.259375 0.465741 0.260937 0.468519 0.261458 0.468519 0.262500 0.470370 0.263021 0.470370 0.265104 0.474074 0.265625 0.474074 0.267708 0.477778 0.268229 0.477778 0.270833 0.482407 0.271354 0.482407 0.274479 0.487963 0.275000 0.487963 0.278125 0.493519 0.278646 0.493519 0.283333 0.501852 0.283854 0.501852 0.289062 0.511111 0.289583 0.511111 0.296354 0.523148 0.296875 0.523148 0.304688 0.537037 0.305208 0.537037 0.312500 0.550000 0.313021 0.550000 0.316667 0.556481 0.317188 0.556481 0.318750 0.559259 0.319271 0.559259 0.320312 0.561111 0.320833 0.561111 0.321354 0.562037 0.325000 0.562037 0.326042 0.560185 0.326562 0.560185 0.327083 0.559259 0.327083 0.558333 0.327604 0.557407 0.327604 0.556481 0.328125 0.555556 0.328125 0.553704 0.328646 0.552778 0.328646 0.551852 0.329167 0.550926 0.329167 0.550000 0.329688 0.549074 0.329688 0.547222 0.330208 0.546296 0.330208 0.545370 0.330729 0.544444 0.330729 0.542593 0.331250 0.541667 0.331250 0.540741 0.331771 0.539815 0.331771 0.538889 0.332292 0.537963 0.332292 0.536111 0.332813 0.535185 0.332813 0.534259 0.333333 0.533333 0.333333 0.532407 0.333854 0.531481 0.333854 0.529630 0.334375 0.528704 0.334375 0.527778 0.334896 0.526852 0.334896 0.525926 0.335417 0.525000 0.335417 0.523148 0.334896 0.523148 0.332292 0.518519 0.331771 0.518519 0.324479 0.505556 0.323958 0.505556 0.319792 0.498148 0.318750 0.498148 0.318229 0.497222 0.317708 0.497222 0.317188 0.496296 0.316667 0.496296 0.316146 0.495370 0.315625 0.495370 0.314063 0.492593 0.313542 0.492593 0.309375 0.485185 0.308854 0.485185 0.301042 0.471296 0.300521 0.471296 0.292187 0.456481 0.291667 0.456481 0.284896 0.444444 0.284375 0.444444 0.279167 0.435185 0.278646 0.435185 0.273958 0.426852 0.273438 0.426852 0.269792 0.420370 0.269271 0.420370 0.266667 0.415741 0.266146 0.415741 0.263021 0.410185 0.262500 0.410185 0.260937 0.407407 0.260417 0.407407 0.258333 0.403704 0.257812 0.403704 0.256771 0.401852 0.256250 0.401852 0.254688 0.399074 0.254167 0.399074 0.253646 0.398148 0.253125 0.398148 0.252083 0.396296 0.251563 0.396296 0.251042 0.395370 0.250521 0.395370 0.250000 0.394444
0 0.419010 0.485185 0.157812 0.159259 0.412500 0.405556 0.411979 0.406481 0.411979 0.407407 0.405729 0.418519 0.405208 0.418519 0.390625 0.444444 0.390104 0.444444 0.376042 0.469444 0.375521 0.469444 0.360938 0.495370 0.360417 0.495370 0.348438 0.516667 0.348438 0.517593 0.347917 0.518519 0.347917 0.520370 0.347396 0.521296 0.347396 0.522222 0.346875 0.523148 0.346875 0.524074 0.346354 0.525000 0.346354 0.526852 0.345833 0.527778 0.345833 0.528704 0.345313 0.529630 0.345313 0.530556 0.344792 0.531481 0.344792 0.533333 0.344271 0.534259 0.344271 0.535185 0.343750 0.536111 0.343750 0.537037 0.343229 0.537963 0.343229 0.539815 0.342708 0.540741 0.342708 0.541667 0.342187 0.542593 0.342187 0.543519 0.341667 0.544444 0.341667 0.546296 0.341146 0.547222 0.341146 0.548148 0.340625 0.549074 0.340625 0.550926 0.340104 0.551852 0.340104 0.552778 0.340625 0.553704 0.340625 0.555556 0.341667 0.557407 0.341667 0.558333 0.342187 0.559259 0.342708 0.559259 0.343750 0.561111 0.344792 0.561111 0.345313 0.562037 0.345833 0.562037 0.346354 0.561111 0.347396 0.561111 0.348438 0.559259 0.348958 0.559259 0.353646 0.550926 0.354167 0.550926 0.365104 0.531481 0.365625 0.531481 0.375000 0.514815 0.375521 0.514815 0.381771 0.503704 0.382292 0.503704 0.386979 0.495370 0.387500 0.495370 0.391667 0.487963 0.392188 0.487963 0.394792 0.483333 0.395313 0.483333 0.397917 0.478704 0.398438 0.478704 0.400521 0.475000 0.401042 0.475000 0.402604 0.472222 0.403125 0.472222 0.404687 0.469444 0.405208 0.469444 0.406250 0.467593 0.406771 0.467593 0.407813 0.465741 0.408333 0.465741 0.408854 0.464815 0.409375 0.464815 0.409896 0.463889 0.410417 0.463889 0.410938 0.462963 0.411458 0.462963 0.411979 0.462037 0.413021 0.462037 0.413542 0.461111 0.415625 0.461111 0.416146 0.460185 0.417708 0.460185 0.418229 0.461111 0.420312 0.461111 0.420833 0.462037 0.421875 0.462037 0.422396 0.462963 0.422917 0.462963 0.423438 0.463889 0.423958 0.463889 0.424479 0.464815 0.425000 0.464815 0.425521 0.465741 0.426042 0.465741 0.427083 0.467593 0.427604 0.467593 0.428646 0.469444 0.429167 0.469444 0.430729 0.472222 0.431250 0.472222 0.433333 0.475926 0.433854 0.475926 0.435937 0.479630 0.436458 0.479630 0.439583 0.485185 0.440104 0.485185 0.443750 0.491667 0.444271 0.491667 0.448958 0.500000 0.449479 0.500000 0.456250 0.512037 0.456771 0.512037 0.466667 0.529630 0.467187 0.529630 0.479687 0.551852 0.480208 0.551852 0.484375 0.559259 0.484896 0.559259 0.486458 0.562037 0.486979 0.562037 0.488021 0.563889 0.489063 0.563889 0.489583 0.564815 0.492188 0.564815 0.492708 0.563889 0.493229 0.563889 0.494792 0.561111 0.494792 0.560185 0.495312 0.559259 0.495312 0.554630 0.495833 0.553704 0.495833 0.550000 0.496354 0.549074 0.496354 0.544444 0.496875 0.543519 0.496875 0.538889 0.497396 0.537963 0.497396 0.534259 0.497917 0.533333 0.497917 0.531481 0.496875 0.529630 0.496354 0.529630 0.492708 0.523148 0.492188 0.523148 0.485417 0.511111 0.484896 0.511111 0.483854 0.509259 0.483333 0.509259 0.480208 0.503704 0.479687 0.503704 0.468229 0.483333 0.467708 0.483333 0.455729 0.462037 0.455208 0.462037 0.447396 0.448148 0.446875 0.448148 0.441667 0.438889 0.441146 0.438889 0.436979 0.431481 0.436458 0.431481 0.433333 0.425926 0.432812 0.425926 0.430729 0.422222 0.430208 0.422222 0.428125 0.418519 0.427604 0.418519 0.426042 0.415741 0.425521 0.415741 0.424479 0.413889 0.423958 0.413889 0.422917 0.412037 0.422396 0.412037 0.421354 0.410185 0.420833 0.410185 0.420312 0.409259 0.419792 0.409259 0.419271 0.408333 0.418750 0.408333 0.418229 0.407407 0.417187 0.407407 0.416667 0.406481 0.414583 0.406481 0.414062 0.405556
0 0.583854 0.469907 0.155208 0.178704 0.583333 0.380556 0.582812 0.381481 0.581250 0.381481 0.580729 0.382407 0.580208 0.382407 0.580208 0.392593 0.579688 0.393519 0.579688 0.404630 0.579167 0.405556 0.579167 0.406481 0.577604 0.409259 0.577604 0.410185 0.570312 0.423148 0.569792 0.423148 0.562500 0.436111 0.561979 0.436111 0.554167 0.450000 0.553646 0.450000 0.546354 0.462963 0.545833 0.462963 0.538542 0.475926 0.538021 0.475926 0.530729 0.488889 0.530208 0.488889 0.522917 0.501852 0.522396 0.501852 0.515104 0.514815 0.514583 0.514815 0.508854 0.525000 0.508333 0.525000 0.508333 0.527778 0.507812 0.528704 0.507812 0.533333 0.507292 0.534259 0.507292 0.538889 0.506771 0.539815 0.506771 0.544444 0.506250 0.545370 0.506250 0.548148 0.506771 0.549074 0.506771 0.550000 0.507292 0.550926 0.507292 0.551852 0.508333 0.553704 0.508854 0.553704 0.509896 0.555556 0.513021 0.555556 0.514062 0.553704 0.514583 0.553704 0.516146 0.550926 0.516667 0.550926 0.521875 0.541667 0.522396 0.541667 0.528646 0.530556 0.529167 0.530556 0.535417 0.519444 0.535937 0.519444 0.541146 0.510185 0.541667 0.510185 0.546354 0.501852 0.546875 0.501852 0.551042 0.494444 0.551562 0.494444 0.555208 0.487963 0.555729 0.487963 0.558854 0.482407 0.559375 0.482407 0.561458 0.478704 0.561979 0.478704 0.564583 0.474074 0.565104 0.474074 0.566667 0.471296 0.567187 0.471296 0.569271 0.467593 0.569792 0.467593 0.570833 0.465741 0.571354 0.465741 0.572917 0.462963 0.573438 0.462963 0.573958 0.462037 0.574479 0.462037 0.575521 0.460185 0.576042 0.460185 0.576562 0.459259 0.577083 0.459259 0.577604 0.458333 0.578125 0.458333 0.578646 0.457407 0.579167 0.457407 0.579688 0.456481 0.580729 0.456481 0.581250 0.455556 0.583854 0.455556 0.584375 0.454630 0.584896 0.454630 0.585417 0.455556 0.588021 0.455556 0.588542 0.456481 0.589583 0.456481 0.590104 0.457407 0.590625 0.457407 0.591146 0.458333 0.591667 0.458333 0.592187 0.459259 0.592708 0.459259 0.593750 0.461111 0.594271 0.461111 0.594792 0.462037 0.595313 0.462037 0.596875 0.464815 0.597396 0.464815 0.598958 0.467593 0.599479 0.467593 0.602083 0.472222 0.602604 0.472222 0.605208 0.476852 0.605729 0.476852 0.609896 0.484259 0.610417 0.484259 0.616146 0.494444 0.616667 0.494444 0.627604 0.513889 0.628125 0.513889 0.648438 0.550000 0.648958 0.550000 0.652083 0.555556 0.652604 0.555556 0.653646 0.557407 0.654167 0.557407 0.654687 0.558333 0.655729 0.558333 0.656250 0.559259 0.657813 0.559259 0.658333 0.558333 0.659375 0.558333 0.661458 0.554630 0.661458 0.542593 0.660937 0.541667 0.660937 0.531481 0.660417 0.530556 0.660417 0.525000 0.659896 0.524074 0.659375 0.524074 0.657292 0.520370 0.656771 0.520370 0.632812 0.477778 0.632292 0.477778 0.588542 0.400000 0.588542 0.399074 0.586979 0.396296 0.586979 0.395370 0.586458 0.394444 0.586458 0.380556
0 0.751042 0.481019 0.162500 0.191667 0.752083 0.385185 0.751563 0.386111 0.750000 0.386111 0.749479 0.387037 0.748958 0.387037 0.748437 0.387963 0.747396 0.387963 0.746354 0.389815 0.745833 0.389815 0.745313 0.390741 0.744792 0.390741 0.744271 0.391667 0.743750 0.391667 0.743750 0.393519 0.744271 0.394444 0.744271 0.396296 0.743750 0.397222 0.743750 0.398148 0.743229 0.399074 0.743229 0.400000 0.732812 0.418519 0.732292 0.418519 0.727604 0.426852 0.727083 0.426852 0.721875 0.436111 0.721354 0.436111 0.716667 0.444444 0.716146 0.444444 0.710938 0.453704 0.710417 0.453704 0.705208 0.462963 0.704688 0.462963 0.700000 0.471296 0.699479 0.471296 0.694271 0.480556 0.693750 0.480556 0.689063 0.488889 0.688542 0.488889 0.683333 0.498148 0.682813 0.498148 0.678125 0.506481 0.677604 0.506481 0.672917 0.514815 0.672396 0.514815 0.669792 0.519444 0.669792 0.525926 0.670312 0.526852 0.670312 0.535185 0.670833 0.536111 0.670833 0.544444 0.671354 0.545370 0.671354 0.552778 0.671875 0.553704 0.671875 0.562037 0.672396 0.562963 0.672396 0.567593 0.673438 0.569444 0.673438 0.570370 0.674479 0.572222 0.675000 0.572222 0.675521 0.573148 0.676042 0.573148 0.676562 0.574074 0.678646 0.574074 0.679167 0.573148 0.679688 0.573148 0.681250 0.570370 0.681771 0.570370 0.684375 0.565741 0.684896 0.565741 0.688542 0.559259 0.689063 0.559259 0.693750 0.550926 0.694271 0.550926 0.698958 0.542593 0.699479 0.542593 0.703646 0.535185 0.704167 0.535185 0.708333 0.527778 0.708854 0.527778 0.711979 0.522222 0.712500 0.522222 0.716146 0.515741 0.716667 0.515741 0.719792 0.510185 0.720313 0.510185 0.722917 0.505556 0.723437 0.505556 0.726042 0.500926 0.726562 0.500926 0.728646 0.497222 0.729167 0.497222 0.731250 0.493519 0.731771 0.493519 0.733854 0.489815 0.734375 0.489815 0.735938 0.487037 0.736458 0.487037 0.738021 0.484259 0.738542 0.484259 0.740104 0.481481 0.740625 0.481481 0.741667 0.479630 0.742188 0.479630 0.743229 0.477778 0.743750 0.477778 0.744271 0.476852 0.744792 0.476852 0.745313 0.475926 0.745833 0.475926 0.746875 0.474074 0.747396 0.474074 0.747917 0.473148 0.748958 0.473148 0.749479 0.472222 0.750521 0.472222 0.751042 0.471296 0.753125 0.471296 0.753646 0.470370 0.755208 0.470370 0.755729 0.471296 0.758333 0.471296 0.758854 0.472222 0.759375 0.472222 0.759896 0.473148 0.760938 0.473148 0.761458 0.474074 0.761979 0.474074 0.763021 0.475926 0.763542 0.475926 0.764062 0.476852 0.764583 0.476852 0.766146 0.479630 0.766667 0.479630 0.768229 0.482407 0.768750 0.482407 0.770833 0.486111 0.771354 0.486111 0.773958 0.490741 0.774479 0.490741 0.778646 0.498148 0.779167 0.498148 0.786979 0.512037 0.787500 0.512037 0.820833 0.571296 0.821354 0.571296 0.822917 0.574074 0.823438 0.574074 0.824479 0.575926 0.825000 0.575926 0.825521 0.576852 0.829167 0.576852 0.829688 0.575926 0.830208 0.575926 0.831771 0.573148 0.831771 0.572222 0.832292 0.571296 0.832292 0.566667 0.831771 0.565741 0.831771 0.563889 0.831250 0.562963 0.831250 0.562037 0.830729 0.561111 0.830729 0.559259 0.830208 0.558333 0.830208 0.556481 0.829688 0.555556 0.829688 0.553704 0.829167 0.552778 0.829167 0.550926 0.828646 0.550000 0.828646 0.548148 0.828125 0.547222 0.828125 0.546296 0.827604 0.545370 0.827604 0.543519 0.827083 0.542593 0.827083 0.540741 0.826562 0.539815 0.826562 0.537963 0.826042 0.537037 0.826042 0.535185 0.825521 0.534259 0.825521 0.532407 0.825000 0.531481 0.825000 0.529630 0.824479 0.528704 0.824479 0.527778 0.823958 0.526852 0.823958 0.525000 0.823438 0.524074 0.823438 0.522222 0.822917 0.521296 0.822917 0.519444 0.822396 0.518519 0.822396 0.516667 0.821875 0.515741 0.821875 0.513889 0.801042 0.476852 0.801042 0.475926 0.783854 0.445370 0.783854 0.444444 0.781771 0.440741 0.781771 0.439815 0.781250 0.438889 0.781250 0.437963 0.780729 0.437037 0.780729 0.435185 0.780208 0.434259 0.780208 0.432407 0.779687 0.431481 0.779687 0.429630 0.779167 0.428704 0.779167 0.425926 0.778646 0.425000 0.778646 0.423148 0.778125 0.422222 0.778125 0.420370 0.777604 0.419444 0.777604 0.417593 0.777083 0.416667 0.777083 0.413889 0.776563 0.412963 0.776563 0.411111 0.776042 0.410185 0.776042 0.408333 0.773958 0.404630 0.773438 0.404630 0.770312 0.399074 0.769792 0.399074 0.768229 0.396296 0.767708 0.396296 0.766146 0.393519 0.765625 0.393519 0.764062 0.390741 0.763542 0.390741 0.763021 0.389815 0.762500 0.389815 0.761458 0.387963 0.760417 0.387963 0.759896 0.387037 0.759375 0.387037 0.758854 0.386111 0.757812 0.386111 0.757292 0.385185
0 0.170052 0.456481 0.157812 0.144444 0.094792 0.384259 0.091667 0.389815 0.091667 0.391667 0.091146 0.392593 0.091146 0.394444 0.091667 0.395370 0.091667 0.397222 0.093229 0.400000 0.093229 0.400926 0.101042 0.414815 0.101562 0.414815 0.108333 0.426852 0.108854 0.426852 0.115104 0.437963 0.115625 0.437963 0.122396 0.450000 0.122917 0.450000 0.129167 0.461111 0.129688 0.461111 0.135937 0.472222 0.136458 0.472222 0.143229 0.484259 0.143750 0.484259 0.150000 0.495370 0.150521 0.495370 0.157292 0.507407 0.157812 0.507407 0.163542 0.517593 0.164062 0.517593 0.167187 0.523148 0.167708 0.523148 0.169271 0.525926 0.169792 0.525926 0.170833 0.527778 0.172396 0.527778 0.172917 0.528704 0.173437 0.527778 0.174479 0.527778 0.175000 0.526852 0.175521 0.526852 0.177083 0.524074 0.177604 0.524074 0.206250 0.473148 0.206771 0.473148 0.242188 0.410185 0.242188 0.409259 0.245312 0.403704 0.245312 0.402778 0.246354 0.400926 0.246354 0.400000 0.247396 0.398148 0.247396 0.397222 0.247917 0.396296 0.247917 0.395370 0.248958 0.393519 0.247917 0.393519 0.247396 0.392593 0.245312 0.392593 0.244792 0.391667 0.242708 0.391667 0.242188 0.392593 0.240104 0.392593 0.239583 0.393519 0.239063 0.393519 0.238542 0.394444 0.237500 0.394444 0.236979 0.395370 0.236458 0.395370 0.235417 0.397222 0.234896 0.397222 0.234375 0.398148 0.233854 0.398148 0.232813 0.400000 0.232292 0.400000 0.230729 0.402778 0.230208 0.402778 0.228125 0.406481 0.227604 0.406481 0.225000 0.411111 0.224479 0.411111 0.221354 0.416667 0.220833 0.416667 0.215625 0.425926 0.215104 0.425926 0.206771 0.440741 0.206250 0.440741 0.177604 0.491667 0.177083 0.491667 0.175521 0.494444 0.175000 0.494444 0.174479 0.495370 0.171875 0.495370 0.171354 0.494444 0.170833 0.494444 0.167708 0.488889 0.167708 0.487037 0.167187 0.486111 0.167187 0.483333 0.167708 0.482407 0.167708 0.481481 0.168750 0.479630 0.168750 0.478704 0.170313 0.475926 0.170313 0.475000 0.171354 0.473148 0.171354 0.472222 0.172917 0.469444 0.172917 0.468519 0.174479 0.465741 0.174479 0.464815 0.175521 0.462963 0.175521 0.462037 0.177083 0.459259 0.177083 0.458333 0.178646 0.455556 0.178646 0.454630 0.179688 0.452778 0.179688 0.451852 0.181250 0.449074 0.181250 0.448148 0.182812 0.445370 0.182812 0.444444 0.184375 0.441667 0.184375 0.440741 0.185417 0.438889 0.185417 0.437963 0.186979 0.435185 0.186979 0.434259 0.188542 0.431481 0.188542 0.430556 0.189583 0.428704 0.189583 0.427778 0.191146 0.425000 0.191146 0.424074 0.192708 0.421296 0.192708 0.420370 0.194271 0.417593 0.194271 0.416667 0.195312 0.414815 0.184896 0.433333 0.184375 0.433333 0.179688 0.441667 0.179167 0.441667 0.178646 0.442593 0.178125 0.442593 0.177604 0.443519 0.176563 0.443519 0.175000 0.446296 0.175000 0.447222 0.173437 0.450000 0.173437 0.450926 0.171875 0.453704 0.171875 0.454630 0.170313 0.457407 0.170313 0.458333 0.168750 0.461111 0.168750 0.462037 0.167187 0.464815 0.167187 0.465741 0.165625 0.468519 0.165625 0.469444 0.164062 0.472222 0.164062 0.473148 0.162500 0.475926 0.162500 0.476852 0.161979 0.477778 0.161458 0.477778 0.160938 0.478704 0.160417 0.478704 0.159896 0.479630 0.157812 0.479630 0.157292 0.478704 0.156771 0.478704 0.156250 0.477778 0.155729 0.477778 0.155208 0.476852 0.154688 0.476852 0.153125 0.474074 0.152604 0.474074 0.150000 0.469444 0.149479 0.469444 0.144792 0.461111 0.144271 0.461111 0.137500 0.449074 0.136979 0.449074 0.131250 0.438889 0.130729 0.438889 0.125000 0.428704 0.124479 0.428704 0.119792 0.420370 0.119271 0.420370 0.115104 0.412963 0.114583 0.412963 0.111458 0.407407 0.110937 0.407407 0.107813 0.401852 0.107292 0.401852 0.104688 0.397222 0.104167 0.397222 0.101562 0.392593 0.101042 0.392593 0.099479 0.389815 0.098958 0.389815 0.097396 0.387037 0.096875 0.387037 0.095312 0.384259
0 0.366146 0.465741 0.091667 0.120370 0.411979 0.405556 0.411458 0.406481 0.409375 0.406481 0.408854 0.407407 0.407813 0.407407 0.407292 0.408333 0.406771 0.408333 0.406250 0.409259 0.405729 0.409259 0.405208 0.410185 0.404687 0.410185 0.404167 0.411111 0.403646 0.411111 0.402604 0.412963 0.402083 0.412963 0.401042 0.414815 0.400521 0.414815 0.398958 0.417593 0.398438 0.417593 0.396875 0.420370 0.396354 0.420370 0.394271 0.424074 0.393750 0.424074 0.391146 0.428704 0.390625 0.428704 0.387500 0.434259 0.386979 0.434259 0.382812 0.441667 0.382292 0.441667 0.376563 0.451852 0.376042 0.451852 0.368750 0.464815 0.368229 0.464815 0.357292 0.484259 0.356771 0.484259 0.345833 0.503704 0.345313 0.503704 0.342708 0.508333 0.342187 0.508333 0.341667 0.509259 0.341146 0.509259 0.340625 0.510185 0.339062 0.510185 0.338542 0.509259 0.338021 0.509259 0.337500 0.508333 0.336979 0.508333 0.334896 0.504630 0.334896 0.503704 0.334375 0.502778 0.334375 0.501852 0.333854 0.500926 0.333854 0.498148 0.334375 0.497222 0.334375 0.496296 0.334896 0.495370 0.334896 0.494444 0.335417 0.493519 0.335417 0.491667 0.335938 0.490741 0.335938 0.489815 0.336458 0.488889 0.336458 0.487963 0.336979 0.487037 0.336979 0.486111 0.337500 0.485185 0.337500 0.484259 0.338021 0.483333 0.338021 0.481481 0.338542 0.480556 0.338542 0.479630 0.339062 0.478704 0.339062 0.477778 0.339583 0.476852 0.339583 0.475926 0.340104 0.475000 0.340104 0.474074 0.340625 0.473148 0.340625 0.471296 0.341146 0.470370 0.341146 0.469444 0.341667 0.468519 0.341667 0.467593 0.342187 0.466667 0.342187 0.465741 0.342708 0.464815 0.342708 0.463889 0.343229 0.462963 0.343229 0.461111 0.343750 0.460185 0.343750 0.459259 0.344271 0.458333 0.344271 0.457407 0.344792 0.456481 0.344792 0.455556 0.345313 0.454630 0.345313 0.453704 0.345833 0.452778 0.341667 0.460185 0.341146 0.460185 0.339583 0.462963 0.339062 0.462963 0.338021 0.464815 0.334896 0.464815 0.334375 0.463889 0.333854 0.463889 0.333333 0.462963 0.332292 0.462963 0.332292 0.463889 0.331771 0.464815 0.331771 0.465741 0.331250 0.466667 0.331250 0.467593 0.330729 0.468519 0.330729 0.469444 0.330208 0.470370 0.330208 0.472222 0.329688 0.473148 0.329688 0.474074 0.329167 0.475000 0.329167 0.475926 0.328646 0.476852 0.328646 0.477778 0.328125 0.478704 0.328125 0.479630 0.327604 0.480556 0.327604 0.481481 0.327083 0.482407 0.327083 0.484259 0.326562 0.485185 0.326562 0.486111 0.326042 0.487037 0.326042 0.487963 0.325521 0.488889 0.325521 0.489815 0.325000 0.490741 0.325000 0.491667 0.324479 0.492593 0.324479 0.493519 0.322396 0.497222 0.321875 0.497222 0.321354 0.498148 0.320312 0.498148 0.323958 0.504630 0.324479 0.504630 0.331771 0.517593 0.332292 0.517593 0.334896 0.522222 0.335417 0.522222 0.336979 0.525000 0.337500 0.525000 0.338021 0.525926 0.341146 0.525926 0.341667 0.525000 0.342187 0.525000 0.343750 0.522222 0.344271 0.522222 0.347917 0.515741 0.348438 0.515741 0.360417 0.494444 0.360938 0.494444 0.375521 0.468519 0.376042 0.468519 0.390104 0.443519 0.390625 0.443519 0.405208 0.417593 0.405729 0.417593 0.411458 0.407407 0.411458 0.406481
0 0.533073 0.457407 0.093229 0.150000 0.579688 0.382407 0.579167 0.383333 0.578646 0.383333 0.578125 0.384259 0.577604 0.384259 0.576562 0.386111 0.576042 0.386111 0.575521 0.387037 0.575000 0.387037 0.573958 0.388889 0.573438 0.388889 0.572396 0.390741 0.571875 0.390741 0.570312 0.393519 0.569792 0.393519 0.568229 0.396296 0.567708 0.396296 0.565625 0.400000 0.565104 0.400000 0.563021 0.403704 0.562500 0.403704 0.559896 0.408333 0.559375 0.408333 0.555729 0.414815 0.555208 0.414815 0.551562 0.421296 0.551042 0.421296 0.546354 0.429630 0.545833 0.429630 0.540625 0.438889 0.540104 0.438889 0.533854 0.450000 0.533333 0.450000 0.526042 0.462963 0.525521 0.462963 0.519271 0.474074 0.518750 0.474074 0.515625 0.479630 0.515104 0.479630 0.514062 0.481481 0.513542 0.481481 0.513021 0.482407 0.510417 0.482407 0.509375 0.480556 0.508854 0.480556 0.507292 0.477778 0.507292 0.476852 0.506771 0.475926 0.506771 0.475000 0.506250 0.474074 0.506250 0.469444 0.506771 0.468519 0.506771 0.464815 0.507292 0.463889 0.507292 0.459259 0.507812 0.458333 0.507812 0.453704 0.508333 0.452778 0.508333 0.451852 0.506250 0.455556 0.505729 0.455556 0.504167 0.458333 0.503646 0.458333 0.503125 0.459259 0.502083 0.459259 0.501563 0.460185 0.501042 0.460185 0.500521 0.459259 0.499479 0.459259 0.498958 0.458333 0.498437 0.458333 0.498437 0.462963 0.497917 0.463889 0.497917 0.467593 0.497396 0.468519 0.497396 0.472222 0.496875 0.473148 0.496875 0.477778 0.496354 0.478704 0.496354 0.482407 0.495833 0.483333 0.495833 0.487037 0.495312 0.487963 0.495312 0.492593 0.494792 0.493519 0.494792 0.497222 0.494271 0.498148 0.494271 0.501852 0.493750 0.502778 0.493750 0.506481 0.493229 0.507407 0.493229 0.508333 0.491146 0.512037 0.490625 0.512037 0.490104 0.512963 0.486979 0.512963 0.486458 0.512037 0.492188 0.522222 0.492708 0.522222 0.496354 0.528704 0.496875 0.528704 0.498437 0.531481 0.498958 0.531481 0.499479 0.532407 0.502604 0.532407 0.503646 0.530556 0.504167 0.530556 0.505208 0.528704 0.505729 0.528704 0.508333 0.524074 0.508854 0.524074 0.514583 0.513889 0.515104 0.513889 0.522396 0.500926 0.522917 0.500926 0.530208 0.487963 0.530729 0.487963 0.538021 0.475000 0.538542 0.475000 0.545833 0.462037 0.546354 0.462037 0.553646 0.449074 0.554167 0.449074 0.561979 0.435185 0.562500 0.435185 0.569792 0.422222 0.570312 0.422222 0.577083 0.410185 0.577083 0.409259 0.578646 0.406481 0.578646 0.405556 0.579167 0.404630 0.579167 0.393519 0.579688 0.392593
0 0.665365 0.453241 0.156771 0.145370 0.586979 0.380556 0.586979 0.394444 0.587500 0.395370 0.587500 0.396296 0.589063 0.399074 0.589063 0.400000 0.632292 0.476852 0.632812 0.476852 0.656771 0.519444 0.657292 0.519444 0.659375 0.523148 0.659896 0.523148 0.660937 0.525000 0.661979 0.525000 0.662500 0.525926 0.663021 0.525926 0.663542 0.525000 0.664583 0.525000 0.665104 0.524074 0.665625 0.524074 0.666146 0.523148 0.666667 0.523148 0.668750 0.519444 0.669271 0.519444 0.672396 0.513889 0.672917 0.513889 0.677604 0.505556 0.678125 0.505556 0.682813 0.497222 0.683333 0.497222 0.688542 0.487963 0.689063 0.487963 0.693750 0.479630 0.694271 0.479630 0.699479 0.470370 0.700000 0.470370 0.704688 0.462037 0.705208 0.462037 0.710417 0.452778 0.710938 0.452778 0.716146 0.443519 0.716667 0.443519 0.721354 0.435185 0.721875 0.435185 0.727083 0.425926 0.727604 0.425926 0.732292 0.417593 0.732812 0.417593 0.742708 0.400000 0.742708 0.399074 0.743229 0.398148 0.743229 0.397222 0.743750 0.396296 0.743750 0.394444 0.743229 0.393519 0.743229 0.392593 0.742708 0.393519 0.742188 0.393519 0.741146 0.395370 0.740625 0.395370 0.739583 0.397222 0.739062 0.397222 0.737500 0.400000 0.736979 0.400000 0.734896 0.403704 0.734375 0.403704 0.732812 0.406481 0.732292 0.406481 0.730208 0.410185 0.729688 0.410185 0.727083 0.414815 0.726562 0.414815 0.723958 0.419444 0.723437 0.419444 0.720313 0.425000 0.719792 0.425000 0.716667 0.430556 0.716146 0.430556 0.712500 0.437037 0.711979 0.437037 0.707812 0.444444 0.707292 0.444444 0.703125 0.451852 0.702604 0.451852 0.697917 0.460185 0.697396 0.460185 0.692187 0.469444 0.691667 0.469444 0.686979 0.477778 0.686458 0.477778 0.682813 0.484259 0.682292 0.484259 0.680729 0.487037 0.680208 0.487037 0.679688 0.487963 0.679167 0.487963 0.678646 0.488889 0.676562 0.488889 0.676042 0.487963 0.675521 0.487963 0.672917 0.483333 0.672917 0.482407 0.672396 0.481481 0.672396 0.479630 0.671875 0.478704 0.671875 0.471296 0.671354 0.470370 0.671354 0.469444 0.670833 0.469444 0.669271 0.472222 0.668750 0.472222 0.667708 0.474074 0.667188 0.474074 0.666667 0.475000 0.663542 0.475000 0.663021 0.474074 0.663021 0.479630 0.661979 0.481481 0.661979 0.482407 0.661458 0.483333 0.660937 0.483333 0.659896 0.485185 0.656250 0.485185 0.655729 0.484259 0.655208 0.484259 0.654687 0.483333 0.654167 0.483333 0.653125 0.481481 0.652604 0.481481 0.647396 0.472222 0.646875 0.472222 0.620833 0.425926 0.620313 0.425926 0.613021 0.412963 0.612500 0.412963 0.607812 0.404630 0.607292 0.404630 0.603646 0.398148 0.603125 0.398148 0.601042 0.394444 0.600521 0.394444 0.598437 0.390741 0.597917 0.390741 0.596875 0.388889 0.596354 0.388889 0.594792 0.386111 0.594271 0.386111 0.593750 0.385185 0.593229 0.385185 0.592708 0.384259 0.592187 0.384259 0.591667 0.383333 0.591146 0.383333 0.590625 0.382407 0.590104 0.382407 0.589583 0.381481 0.588021 0.381481 0.587500 0.380556
0 0.857812 0.488889 0.162500 0.159259 0.776563 0.409259 0.776563 0.410185 0.777083 0.411111 0.777083 0.412963 0.777604 0.413889 0.777604 0.416667 0.778125 0.417593 0.778125 0.419444 0.778646 0.420370 0.778646 0.422222 0.779167 0.423148 0.779167 0.425000 0.779687 0.425926 0.779687 0.428704 0.780208 0.429630 0.780208 0.431481 0.780729 0.432407 0.780729 0.434259 0.781250 0.435185 0.781250 0.437037 0.781771 0.437963 0.781771 0.438889 0.782292 0.439815 0.782292 0.440741 0.784375 0.444444 0.784375 0.445370 0.801562 0.475926 0.801562 0.476852 0.839583 0.544444 0.839583 0.545370 0.847396 0.559259 0.847917 0.559259 0.851562 0.565741 0.852083 0.565741 0.853125 0.567593 0.853646 0.567593 0.854167 0.568519 0.856250 0.568519 0.856771 0.567593 0.857812 0.567593 0.858854 0.565741 0.859375 0.565741 0.860938 0.562963 0.861458 0.562963 0.863542 0.559259 0.864062 0.559259 0.867188 0.553704 0.867708 0.553704 0.870833 0.548148 0.871354 0.548148 0.875000 0.541667 0.875521 0.541667 0.879167 0.535185 0.879687 0.535185 0.882812 0.529630 0.883333 0.529630 0.886979 0.523148 0.887500 0.523148 0.891146 0.516667 0.891667 0.516667 0.895312 0.510185 0.895833 0.510185 0.898958 0.504630 0.899479 0.504630 0.903125 0.498148 0.903646 0.498148 0.907292 0.491667 0.907813 0.491667 0.910937 0.486111 0.911458 0.486111 0.915104 0.479630 0.915625 0.479630 0.919271 0.473148 0.919792 0.473148 0.923438 0.466667 0.923958 0.466667 0.927083 0.461111 0.927604 0.461111 0.931771 0.453704 0.932292 0.453704 0.938021 0.443519 0.938021 0.442593 0.938542 0.441667 0.938542 0.440741 0.939063 0.439815 0.939063 0.437963 0.938542 0.437037 0.938542 0.435185 0.938021 0.434259 0.938021 0.433333 0.936979 0.431481 0.936979 0.430556 0.936458 0.429630 0.936458 0.428704 0.935417 0.426852 0.935417 0.425926 0.934375 0.425926 0.930729 0.432407 0.930208 0.432407 0.926562 0.438889 0.926042 0.438889 0.922917 0.444444 0.922396 0.444444 0.918750 0.450926 0.918229 0.450926 0.914583 0.457407 0.914062 0.457407 0.910417 0.463889 0.909896 0.463889 0.906250 0.470370 0.905729 0.470370 0.902083 0.476852 0.901563 0.476852 0.898438 0.482407 0.897917 0.482407 0.894271 0.488889 0.893750 0.488889 0.890104 0.495370 0.889583 0.495370 0.885938 0.501852 0.885417 0.501852 0.881771 0.508333 0.881250 0.508333 0.878646 0.512963 0.878125 0.512963 0.875521 0.517593 0.875000 0.517593 0.873437 0.520370 0.872917 0.520370 0.871875 0.522222 0.870833 0.522222 0.870313 0.523148 0.867708 0.523148 0.866667 0.521296 0.866146 0.521296 0.864583 0.518519 0.864062 0.518519 0.844792 0.484259 0.844792 0.483333 0.825521 0.449074 0.825521 0.450000 0.826042 0.450926 0.826042 0.452778 0.826562 0.453704 0.826562 0.454630 0.827083 0.455556 0.827083 0.457407 0.827604 0.458333 0.827604 0.460185 0.828125 0.461111 0.828125 0.462037 0.828646 0.462963 0.828646 0.464815 0.829167 0.465741 0.829167 0.467593 0.829688 0.468519 0.829688 0.469444 0.830208 0.470370 0.830208 0.472222 0.830729 0.473148 0.830729 0.474074 0.831250 0.475000 0.831250 0.476852 0.831771 0.477778 0.831771 0.479630 0.832292 0.480556 0.832292 0.485185 0.831771 0.486111 0.831771 0.487037 0.829688 0.490741 0.829167 0.490741 0.828646 0.491667 0.825521 0.491667 0.825000 0.490741 0.824479 0.490741 0.823958 0.489815 0.823438 0.489815 0.822396 0.487963 0.821875 0.487963 0.786979 0.425926 0.786458 0.425926 0.778646 0.412037 0.778125 0.412037
0 0.092708 0.392130 0.166667 0.173148 0.095312 0.305556 0.082812 0.327778 0.082292 0.327778 0.064583 0.359259 0.064583 0.360185 0.051562 0.383333 0.051562 0.384259 0.038542 0.407407 0.038542 0.408333 0.025521 0.431481 0.025521 0.432407 0.014583 0.451852 0.014583 0.452778 0.010937 0.459259 0.010937 0.460185 0.009896 0.462037 0.009896 0.462963 0.009375 0.463889 0.009375 0.469444 0.009896 0.470370 0.009896 0.471296 0.011458 0.474074 0.011979 0.474074 0.013021 0.475926 0.016146 0.475926 0.017708 0.473148 0.018229 0.473148 0.045312 0.425000 0.045312 0.424074 0.057813 0.401852 0.058333 0.401852 0.063542 0.392593 0.064062 0.392593 0.067187 0.387037 0.067708 0.387037 0.069792 0.383333 0.070312 0.383333 0.071875 0.380556 0.072396 0.380556 0.072917 0.379630 0.073438 0.379630 0.074479 0.377778 0.075000 0.377778 0.075521 0.376852 0.076042 0.376852 0.076563 0.375926 0.077083 0.375926 0.077604 0.375000 0.078646 0.375000 0.079167 0.374074 0.081250 0.374074 0.081771 0.373148 0.082292 0.373148 0.082812 0.374074 0.085417 0.374074 0.085938 0.375000 0.086979 0.375000 0.087500 0.375926 0.088542 0.375926 0.089063 0.376852 0.089583 0.376852 0.090625 0.378704 0.091146 0.378704 0.091667 0.379630 0.092188 0.379630 0.093229 0.381481 0.093750 0.381481 0.094792 0.383333 0.095312 0.383333 0.096875 0.386111 0.097396 0.386111 0.098958 0.388889 0.099479 0.388889 0.101042 0.391667 0.101562 0.391667 0.104167 0.396296 0.104688 0.396296 0.107292 0.400926 0.107813 0.400926 0.110937 0.406481 0.111458 0.406481 0.114583 0.412037 0.115104 0.412037 0.119271 0.419444 0.119792 0.419444 0.124479 0.427778 0.125000 0.427778 0.130729 0.437963 0.131250 0.437963 0.136979 0.448148 0.137500 0.448148 0.144271 0.460185 0.144792 0.460185 0.149479 0.468519 0.150000 0.468519 0.152604 0.473148 0.153125 0.473148 0.154688 0.475926 0.155208 0.475926 0.155729 0.476852 0.156250 0.476852 0.156771 0.477778 0.157292 0.477778 0.157812 0.478704 0.159896 0.478704 0.160417 0.477778 0.160938 0.477778 0.161458 0.476852 0.161979 0.476852 0.161979 0.475926 0.163542 0.473148 0.163542 0.472222 0.165104 0.469444 0.165104 0.468519 0.166667 0.465741 0.166667 0.464815 0.168229 0.462037 0.168229 0.461111 0.169792 0.458333 0.169792 0.457407 0.171354 0.454630 0.171354 0.453704 0.172917 0.450926 0.172917 0.450000 0.174479 0.447222 0.174479 0.446296 0.176042 0.443519 0.175000 0.443519 0.174479 0.442593 0.173958 0.442593 0.173437 0.441667 0.172917 0.441667 0.171354 0.438889 0.170833 0.438889 0.167187 0.432407 0.166667 0.432407 0.160417 0.421296 0.159896 0.421296 0.152604 0.408333 0.152083 0.408333 0.144792 0.395370 0.144271 0.395370 0.137500 0.383333 0.136979 0.383333 0.129688 0.370370 0.129167 0.370370 0.121875 0.357407 0.121354 0.357407 0.114062 0.344444 0.113542 0.344444 0.106250 0.331481 0.105729 0.331481 0.096354 0.314815 0.096354 0.313889 0.095312 0.312037 0.095312 0.310185 0.094792 0.309259 0.094792 0.306481
0 0.250000 0.407870 0.164583 0.178704 0.248438 0.318519 0.247396 0.320370 0.247396 0.321296 0.199479 0.406481 0.199479 0.407407 0.195833 0.413889 0.195833 0.414815 0.194792 0.416667 0.194792 0.417593 0.193229 0.420370 0.193229 0.421296 0.191667 0.424074 0.191667 0.425000 0.190104 0.427778 0.190104 0.428704 0.189062 0.430556 0.189062 0.431481 0.187500 0.434259 0.187500 0.435185 0.185938 0.437963 0.185938 0.438889 0.184896 0.440741 0.184896 0.441667 0.183333 0.444444 0.183333 0.445370 0.181771 0.448148 0.181771 0.449074 0.180208 0.451852 0.180208 0.452778 0.179167 0.454630 0.179167 0.455556 0.177604 0.458333 0.177604 0.459259 0.176042 0.462037 0.176042 0.462963 0.175000 0.464815 0.175000 0.465741 0.173437 0.468519 0.173437 0.469444 0.171875 0.472222 0.171875 0.473148 0.170833 0.475000 0.170833 0.475926 0.169271 0.478704 0.169271 0.479630 0.168229 0.481481 0.168229 0.482407 0.167708 0.483333 0.167708 0.486111 0.168229 0.487037 0.168229 0.488889 0.170833 0.493519 0.171354 0.493519 0.171875 0.494444 0.174479 0.494444 0.175000 0.493519 0.175521 0.493519 0.177083 0.490741 0.177604 0.490741 0.206250 0.439815 0.206771 0.439815 0.215104 0.425000 0.215625 0.425000 0.220833 0.415741 0.221354 0.415741 0.224479 0.410185 0.225000 0.410185 0.227604 0.405556 0.228125 0.405556 0.230208 0.401852 0.230729 0.401852 0.232292 0.399074 0.232813 0.399074 0.233854 0.397222 0.234375 0.397222 0.234896 0.396296 0.235417 0.396296 0.236458 0.394444 0.236979 0.394444 0.237500 0.393519 0.238542 0.393519 0.239063 0.392593 0.239583 0.392593 0.240104 0.391667 0.242188 0.391667 0.242708 0.390741 0.244792 0.390741 0.245312 0.391667 0.247396 0.391667 0.247917 0.392593 0.248958 0.392593 0.249479 0.393519 0.250000 0.393519 0.250521 0.394444 0.251042 0.394444 0.251563 0.395370 0.252083 0.395370 0.253125 0.397222 0.253646 0.397222 0.254167 0.398148 0.254688 0.398148 0.256250 0.400926 0.256771 0.400926 0.257812 0.402778 0.258333 0.402778 0.260417 0.406481 0.260937 0.406481 0.262500 0.409259 0.263021 0.409259 0.266146 0.414815 0.266667 0.414815 0.269271 0.419444 0.269792 0.419444 0.273438 0.425926 0.273958 0.425926 0.278646 0.434259 0.279167 0.434259 0.284375 0.443519 0.284896 0.443519 0.291667 0.455556 0.292187 0.455556 0.300521 0.470370 0.301042 0.470370 0.308854 0.484259 0.309375 0.484259 0.313542 0.491667 0.314063 0.491667 0.315625 0.494444 0.316146 0.494444 0.316667 0.495370 0.317188 0.495370 0.317708 0.496296 0.318229 0.496296 0.318750 0.497222 0.321354 0.497222 0.321875 0.496296 0.322396 0.496296 0.323958 0.493519 0.323958 0.492593 0.324479 0.491667 0.324479 0.490741 0.325000 0.489815 0.325000 0.488889 0.325521 0.487963 0.325521 0.487037 0.326042 0.486111 0.326042 0.485185 0.326562 0.484259 0.326562 0.482407 0.327083 0.481481 0.327083 0.480556 0.327604 0.479630 0.327604 0.478704 0.328125 0.477778 0.328125 0.476852 0.328646 0.475926 0.328646 0.475000 0.329167 0.474074 0.329167 0.473148 0.329688 0.472222 0.329688 0.470370 0.330208 0.469444 0.330208 0.468519 0.330729 0.467593 0.330729 0.466667 0.331250 0.465741 0.331250 0.464815 0.331771 0.463889 0.331771 0.462963 0.332292 0.462037 0.330729 0.459259 0.330208 0.459259 0.324479 0.449074 0.323958 0.449074 0.313542 0.430556 0.313021 0.430556 0.302604 0.412037 0.302083 0.412037 0.291667 0.393519 0.291146 0.393519 0.280729 0.375000 0.280208 0.375000 0.269792 0.356481 0.269271 0.356481 0.257812 0.336111 0.257812 0.335185 0.256250 0.332407 0.256250 0.331481 0.255729 0.330556 0.255729 0.326852 0.255208 0.325926 0.254688 0.325926 0.253125 0.323148 0.252604 0.323148 0.252083 0.322222 0.251563 0.322222 0.250521 0.320370 0.250000 0.320370 0.249479 0.319444 0.248958 0.319444
0 0.416146 0.410648 0.163542 0.202778 0.418229 0.309259 0.418229 0.311111 0.417708 0.312037 0.417708 0.312963 0.417187 0.313889 0.417187 0.315741 0.416667 0.316667 0.416667 0.318519 0.416146 0.319444 0.416146 0.320370 0.415625 0.321296 0.415625 0.323148 0.415104 0.324074 0.415104 0.325926 0.414583 0.326852 0.414583 0.327778 0.414062 0.328704 0.414062 0.330556 0.413542 0.331481 0.413542 0.332407 0.413021 0.333333 0.413021 0.335185 0.411979 0.337037 0.411979 0.337963 0.408854 0.343519 0.408854 0.344444 0.404167 0.352778 0.403646 0.352778 0.385417 0.385185 0.384896 0.385185 0.367188 0.416667 0.366667 0.416667 0.348958 0.448148 0.348438 0.448148 0.346354 0.451852 0.346354 0.452778 0.345833 0.453704 0.345833 0.454630 0.345313 0.455556 0.345313 0.456481 0.344792 0.457407 0.344792 0.458333 0.344271 0.459259 0.344271 0.460185 0.343750 0.461111 0.343750 0.462963 0.343229 0.463889 0.343229 0.464815 0.342708 0.465741 0.342708 0.466667 0.342187 0.467593 0.342187 0.468519 0.341667 0.469444 0.341667 0.470370 0.341146 0.471296 0.341146 0.473148 0.340625 0.474074 0.340625 0.475000 0.340104 0.475926 0.340104 0.476852 0.339583 0.477778 0.339583 0.478704 0.339062 0.479630 0.339062 0.480556 0.338542 0.481481 0.338542 0.483333 0.338021 0.484259 0.338021 0.485185 0.337500 0.486111 0.337500 0.487037 0.336979 0.487963 0.336979 0.488889 0.336458 0.489815 0.336458 0.490741 0.335938 0.491667 0.335938 0.493519 0.335417 0.494444 0.335417 0.495370 0.334896 0.496296 0.334896 0.497222 0.334375 0.498148 0.334375 0.500926 0.334896 0.501852 0.334896 0.502778 0.335417 0.503704 0.335417 0.504630 0.336979 0.507407 0.337500 0.507407 0.338021 0.508333 0.338542 0.508333 0.339062 0.509259 0.340625 0.509259 0.341146 0.508333 0.341667 0.508333 0.342187 0.507407 0.342708 0.507407 0.345313 0.502778 0.345833 0.502778 0.356771 0.483333 0.357292 0.483333 0.368229 0.463889 0.368750 0.463889 0.376042 0.450926 0.376563 0.450926 0.382292 0.440741 0.382812 0.440741 0.386979 0.433333 0.387500 0.433333 0.390625 0.427778 0.391146 0.427778 0.393750 0.423148 0.394271 0.423148 0.396354 0.419444 0.396875 0.419444 0.398438 0.416667 0.398958 0.416667 0.400521 0.413889 0.401042 0.413889 0.402083 0.412037 0.402604 0.412037 0.403646 0.410185 0.404167 0.410185 0.404687 0.409259 0.405208 0.409259 0.405729 0.408333 0.406250 0.408333 0.406771 0.407407 0.407292 0.407407 0.407813 0.406481 0.408854 0.406481 0.409375 0.405556 0.411458 0.405556 0.411979 0.404630 0.414062 0.404630 0.414583 0.405556 0.416667 0.405556 0.417187 0.406481 0.418229 0.406481 0.418750 0.407407 0.419271 0.407407 0.419792 0.408333 0.420312 0.408333 0.420833 0.409259 0.421354 0.409259 0.422396 0.411111 0.422917 0.411111 0.423958 0.412963 0.424479 0.412963 0.425521 0.414815 0.426042 0.414815 0.427604 0.417593 0.428125 0.417593 0.430208 0.421296 0.430729 0.421296 0.432812 0.425000 0.433333 0.425000 0.436458 0.430556 0.436979 0.430556 0.441146 0.437963 0.441667 0.437963 0.446875 0.447222 0.447396 0.447222 0.455208 0.461111 0.455729 0.461111 0.467708 0.482407 0.468229 0.482407 0.479687 0.502778 0.480208 0.502778 0.483333 0.508333 0.483854 0.508333 0.484896 0.510185 0.485417 0.510185 0.485938 0.511111 0.486458 0.511111 0.486979 0.512037 0.490104 0.512037 0.490625 0.511111 0.491146 0.511111 0.492708 0.508333 0.492708 0.507407 0.493229 0.506481 0.493229 0.502778 0.493750 0.501852 0.493750 0.498148 0.494271 0.497222 0.494271 0.493519 0.494792 0.492593 0.494792 0.487963 0.495312 0.487037 0.495312 0.483333 0.495833 0.482407 0.495833 0.478704 0.496354 0.477778 0.496354 0.473148 0.496875 0.472222 0.496875 0.468519 0.497396 0.467593 0.497396 0.463889 0.497917 0.462963 0.497917 0.457407 0.496875 0.455556 0.496354 0.455556 0.489583 0.443519 0.489063 0.443519 0.470313 0.410185 0.469792 0.410185 0.450521 0.375926 0.450000 0.375926 0.424479 0.330556 0.424479 0.329630 0.423438 0.327778 0.423438 0.326852 0.422917 0.325926 0.422917 0.321296 0.423438 0.320370 0.423438 0.318519 0.423958 0.317593 0.423958 0.315741 0.424479 0.314815 0.424479 0.312963 0.423958 0.312037 0.423438 0.312037 0.422917 0.311111 0.421875 0.311111 0.421354 0.310185 0.420833 0.310185 0.420312 0.309259
0 0.584635 0.406481 0.155729 0.155556 0.583854 0.328704 0.583333 0.329630 0.581250 0.329630 0.580729 0.330556 0.580208 0.330556 0.578125 0.334259 0.578125 0.335185 0.570833 0.348148 0.570312 0.348148 0.561458 0.363889 0.560937 0.363889 0.552604 0.378704 0.552083 0.378704 0.543750 0.393519 0.543229 0.393519 0.534896 0.408333 0.534375 0.408333 0.526042 0.423148 0.525521 0.423148 0.517188 0.437963 0.516667 0.437963 0.509896 0.450000 0.509375 0.450000 0.508854 0.450926 0.508854 0.452778 0.508333 0.453704 0.508333 0.458333 0.507812 0.459259 0.507812 0.463889 0.507292 0.464815 0.507292 0.468519 0.506771 0.469444 0.506771 0.474074 0.507292 0.475000 0.507292 0.475926 0.507812 0.476852 0.507812 0.477778 0.508854 0.479630 0.509375 0.479630 0.510417 0.481481 0.513021 0.481481 0.513542 0.480556 0.514062 0.480556 0.515104 0.478704 0.515625 0.478704 0.518750 0.473148 0.519271 0.473148 0.525521 0.462037 0.526042 0.462037 0.533333 0.449074 0.533854 0.449074 0.540104 0.437963 0.540625 0.437963 0.545833 0.428704 0.546354 0.428704 0.551042 0.420370 0.551562 0.420370 0.555208 0.413889 0.555729 0.413889 0.559375 0.407407 0.559896 0.407407 0.562500 0.402778 0.563021 0.402778 0.565104 0.399074 0.565625 0.399074 0.567708 0.395370 0.568229 0.395370 0.569792 0.392593 0.570312 0.392593 0.571875 0.389815 0.572396 0.389815 0.573438 0.387963 0.573958 0.387963 0.575000 0.386111 0.575521 0.386111 0.576042 0.385185 0.576562 0.385185 0.577604 0.383333 0.578125 0.383333 0.578646 0.382407 0.579167 0.382407 0.579688 0.381481 0.580729 0.381481 0.581250 0.380556 0.582812 0.380556 0.583333 0.379630 0.587500 0.379630 0.588021 0.380556 0.589583 0.380556 0.590104 0.381481 0.590625 0.381481 0.591146 0.382407 0.591667 0.382407 0.592187 0.383333 0.592708 0.383333 0.593229 0.384259 0.593750 0.384259 0.594271 0.385185 0.594792 0.385185 0.596354 0.387963 0.596875 0.387963 0.597917 0.389815 0.598437 0.389815 0.600521 0.393519 0.601042 0.393519 0.603125 0.397222 0.603646 0.397222 0.607292 0.403704 0.607812 0.403704 0.612500 0.412037 0.613021 0.412037 0.620313 0.425000 0.620833 0.425000 0.646875 0.471296 0.647396 0.471296 0.652604 0.480556 0.653125 0.480556 0.654167 0.482407 0.654687 0.482407 0.655208 0.483333 0.655729 0.483333 0.656250 0.484259 0.659896 0.484259 0.660937 0.482407 0.661458 0.482407 0.661458 0.481481 0.662500 0.479630 0.662500 0.474074 0.661458 0.472222 0.660937 0.472222 0.655729 0.462963 0.655208 0.462963 0.588542 0.344444 0.588542 0.343519 0.587500 0.341667 0.587500 0.340741 0.586979 0.339815 0.586979 0.338889 0.586458 0.337963 0.586458 0.328704
0 0.751823 0.407870 0.159896 0.165741 0.755729 0.325000 0.755208 0.325926 0.754167 0.325926 0.753646 0.326852 0.753125 0.326852 0.752604 0.327778 0.751563 0.327778 0.751042 0.328704 0.750521 0.328704 0.749479 0.330556 0.748958 0.330556 0.748437 0.331481 0.747917 0.331481 0.747396 0.332407 0.747396 0.333333 0.747917 0.334259 0.747917 0.337037 0.748437 0.337963 0.748437 0.341667 0.747917 0.342593 0.747917 0.343519 0.747396 0.344444 0.747396 0.345370 0.738542 0.361111 0.738021 0.361111 0.732812 0.370370 0.732292 0.370370 0.726562 0.380556 0.726042 0.380556 0.720833 0.389815 0.720313 0.389815 0.715104 0.399074 0.714583 0.399074 0.709375 0.408333 0.708854 0.408333 0.703646 0.417593 0.703125 0.417593 0.697917 0.426852 0.697396 0.426852 0.691667 0.437037 0.691146 0.437037 0.685937 0.446296 0.685417 0.446296 0.680208 0.455556 0.679688 0.455556 0.675000 0.463889 0.674479 0.463889 0.671875 0.468519 0.671875 0.470370 0.672396 0.471296 0.672396 0.478704 0.672917 0.479630 0.672917 0.481481 0.673438 0.482407 0.673438 0.483333 0.675521 0.487037 0.676042 0.487037 0.676562 0.487963 0.678646 0.487963 0.679167 0.487037 0.679688 0.487037 0.680208 0.486111 0.680729 0.486111 0.682292 0.483333 0.682813 0.483333 0.686458 0.476852 0.686979 0.476852 0.691667 0.468519 0.692187 0.468519 0.697396 0.459259 0.697917 0.459259 0.702604 0.450926 0.703125 0.450926 0.707292 0.443519 0.707812 0.443519 0.711979 0.436111 0.712500 0.436111 0.716146 0.429630 0.716667 0.429630 0.719792 0.424074 0.720313 0.424074 0.723437 0.418519 0.723958 0.418519 0.726562 0.413889 0.727083 0.413889 0.729688 0.409259 0.730208 0.409259 0.732292 0.405556 0.732812 0.405556 0.734375 0.402778 0.734896 0.402778 0.736979 0.399074 0.737500 0.399074 0.739062 0.396296 0.739583 0.396296 0.740625 0.394444 0.741146 0.394444 0.742188 0.392593 0.742708 0.392593 0.743750 0.390741 0.744271 0.390741 0.744792 0.389815 0.745313 0.389815 0.745833 0.388889 0.746354 0.388889 0.747396 0.387037 0.748437 0.387037 0.748958 0.386111 0.749479 0.386111 0.750000 0.385185 0.751563 0.385185 0.752083 0.384259 0.757292 0.384259 0.757812 0.385185 0.758854 0.385185 0.759375 0.386111 0.759896 0.386111 0.760417 0.387037 0.761458 0.387037 0.762500 0.388889 0.763021 0.388889 0.763542 0.389815 0.764062 0.389815 0.765625 0.392593 0.766146 0.392593 0.767708 0.395370 0.768229 0.395370 0.769792 0.398148 0.770312 0.398148 0.773438 0.403704 0.773958 0.403704 0.778125 0.411111 0.778646 0.411111 0.786458 0.425000 0.786979 0.425000 0.821875 0.487037 0.822396 0.487037 0.823438 0.488889 0.823958 0.488889 0.824479 0.489815 0.825000 0.489815 0.825521 0.490741 0.828646 0.490741 0.829167 0.489815 0.829688 0.489815 0.831250 0.487037 0.831250 0.486111 0.831771 0.485185 0.831771 0.480556 0.831250 0.479630 0.831250 0.477778 0.830729 0.476852 0.830729 0.475000 0.830208 0.474074 0.830208 0.473148 0.829688 0.472222 0.829688 0.470370 0.829167 0.469444 0.829167 0.468519 0.828646 0.467593 0.828646 0.465741 0.828125 0.464815 0.828125 0.462963 0.827604 0.462037 0.827604 0.461111 0.827083 0.460185 0.827083 0.458333 0.826562 0.457407 0.826562 0.455556 0.826042 0.454630 0.826042 0.453704 0.825521 0.452778 0.825521 0.450926 0.825000 0.450000 0.825000 0.448148 0.818229 0.436111 0.818229 0.435185 0.798958 0.400926 0.798958 0.400000 0.795833 0.394444 0.795833 0.393519 0.794271 0.390741 0.794271 0.388889 0.793750 0.387963 0.793750 0.386111 0.793229 0.385185 0.793229 0.383333 0.792708 0.382407 0.792708 0.380556 0.792188 0.379630 0.792188 0.378704 0.791667 0.377778 0.791667 0.375926 0.791146 0.375000 0.791146 0.373148 0.790625 0.372222 0.790625 0.370370 0.790104 0.369444 0.790104 0.367593 0.789583 0.366667 0.789583 0.364815 0.789062 0.363889 0.789062 0.362037 0.786458 0.357407 0.785937 0.357407 0.780208 0.347222 0.779687 0.347222 0.776563 0.341667 0.776042 0.341667 0.773438 0.337037 0.772917 0.337037 0.771354 0.334259 0.770833 0.334259 0.769271 0.331481 0.768750 0.331481 0.768229 0.330556 0.767708 0.330556 0.766667 0.328704 0.766146 0.328704 0.765625 0.327778 0.765104 0.327778 0.764583 0.326852 0.763542 0.326852 0.763021 0.325926 0.762500 0.325926 0.761979 0.325000
0 0.171615 0.371759 0.152604 0.141667 0.097917 0.300926 0.095833 0.304630 0.095833 0.305556 0.095312 0.306481 0.095312 0.309259 0.095833 0.310185 0.095833 0.312037 0.096875 0.313889 0.096875 0.314815 0.105729 0.330556 0.106250 0.330556 0.113542 0.343519 0.114062 0.343519 0.121354 0.356481 0.121875 0.356481 0.129167 0.369444 0.129688 0.369444 0.136979 0.382407 0.137500 0.382407 0.144271 0.394444 0.144792 0.394444 0.152083 0.407407 0.152604 0.407407 0.159896 0.420370 0.160417 0.420370 0.166667 0.431481 0.167187 0.431481 0.170833 0.437963 0.171354 0.437963 0.172917 0.440741 0.173437 0.440741 0.173958 0.441667 0.174479 0.441667 0.175000 0.442593 0.177604 0.442593 0.178125 0.441667 0.178646 0.441667 0.179167 0.440741 0.179688 0.440741 0.184375 0.432407 0.184896 0.432407 0.198958 0.407407 0.198958 0.406481 0.246875 0.321296 0.246875 0.320370 0.247917 0.318519 0.247396 0.318519 0.246875 0.317593 0.246354 0.317593 0.245833 0.316667 0.242708 0.316667 0.242188 0.315741 0.241667 0.316667 0.239063 0.316667 0.238542 0.317593 0.238021 0.317593 0.237500 0.318519 0.236458 0.318519 0.235937 0.319444 0.235417 0.319444 0.234896 0.320370 0.234375 0.320370 0.233333 0.322222 0.232813 0.322222 0.232292 0.323148 0.231771 0.323148 0.230208 0.325926 0.229687 0.325926 0.228125 0.328704 0.227604 0.328704 0.225000 0.333333 0.224479 0.333333 0.220833 0.339815 0.220312 0.339815 0.215625 0.348148 0.215104 0.348148 0.205729 0.364815 0.205208 0.364815 0.174479 0.419444 0.173958 0.419444 0.173437 0.420370 0.172917 0.420370 0.172396 0.421296 0.170313 0.421296 0.169792 0.420370 0.169271 0.420370 0.166146 0.414815 0.166146 0.413889 0.165625 0.412963 0.165625 0.408333 0.166146 0.407407 0.166146 0.406481 0.167187 0.404630 0.167187 0.403704 0.169271 0.400000 0.169271 0.399074 0.171354 0.395370 0.171354 0.394444 0.173437 0.390741 0.173437 0.389815 0.175000 0.387037 0.175000 0.386111 0.177083 0.382407 0.177083 0.381481 0.179167 0.377778 0.179167 0.376852 0.181250 0.373148 0.181250 0.372222 0.182812 0.369444 0.182812 0.368519 0.184896 0.364815 0.184896 0.363889 0.186979 0.360185 0.186979 0.359259 0.189062 0.355556 0.189062 0.354630 0.191146 0.350926 0.191146 0.350000 0.192708 0.347222 0.192708 0.346296 0.194792 0.342593 0.194792 0.341667 0.196875 0.337963 0.175521 0.375926 0.175000 0.375926 0.173437 0.378704 0.172917 0.378704 0.172396 0.379630 0.171354 0.379630 0.169792 0.382407 0.169792 0.383333 0.167708 0.387037 0.167708 0.387963 0.165625 0.391667 0.165625 0.392593 0.164583 0.394444 0.164062 0.394444 0.163542 0.395370 0.162500 0.395370 0.161979 0.396296 0.161458 0.396296 0.160938 0.395370 0.159375 0.395370 0.158333 0.393519 0.157812 0.393519 0.156771 0.391667 0.156250 0.391667 0.154167 0.387963 0.153646 0.387963 0.148958 0.379630 0.148438 0.379630 0.141667 0.367593 0.141146 0.367593 0.134375 0.355556 0.133854 0.355556 0.128125 0.345370 0.127604 0.345370 0.122396 0.336111 0.121875 0.336111 0.117708 0.328704 0.117188 0.328704 0.113542 0.322222 0.113021 0.322222 0.109896 0.316667 0.109375 0.316667 0.106771 0.312037 0.106250 0.312037 0.104167 0.308333 0.103646 0.308333 0.101562 0.304630 0.101042 0.304630 0.099479 0.301852 0.098958 0.301852 0.098437 0.300926
0 0.336979 0.386574 0.161458 0.154630 0.414062 0.309259 0.413542 0.310185 0.413021 0.310185 0.412500 0.311111 0.411458 0.311111 0.410938 0.312037 0.410417 0.312037 0.409896 0.312963 0.409375 0.312963 0.408854 0.313889 0.408333 0.313889 0.407292 0.315741 0.406771 0.315741 0.405729 0.317593 0.405208 0.317593 0.403646 0.320370 0.403125 0.320370 0.401562 0.323148 0.401042 0.323148 0.398958 0.326852 0.398438 0.326852 0.395313 0.332407 0.394792 0.332407 0.391667 0.337963 0.391146 0.337963 0.386458 0.346296 0.385937 0.346296 0.378646 0.359259 0.378125 0.359259 0.367188 0.378704 0.366667 0.378704 0.351562 0.405556 0.351042 0.405556 0.347917 0.411111 0.347396 0.411111 0.346875 0.412037 0.346354 0.412037 0.345833 0.412963 0.344792 0.412963 0.344271 0.412037 0.343750 0.412037 0.343229 0.411111 0.342708 0.411111 0.340104 0.406481 0.340104 0.405556 0.339583 0.404630 0.339583 0.400000 0.340104 0.399074 0.340104 0.398148 0.340625 0.397222 0.340625 0.396296 0.341146 0.395370 0.341146 0.394444 0.341667 0.393519 0.341667 0.392593 0.342187 0.391667 0.342187 0.390741 0.342708 0.389815 0.342708 0.388889 0.343229 0.387963 0.343229 0.387037 0.343750 0.386111 0.343750 0.385185 0.344271 0.384259 0.344271 0.383333 0.344792 0.382407 0.344792 0.381481 0.339583 0.390741 0.339062 0.390741 0.337500 0.393519 0.336979 0.393519 0.336458 0.394444 0.332813 0.394444 0.331771 0.392593 0.330729 0.392593 0.330729 0.393519 0.330208 0.394444 0.330208 0.395370 0.329688 0.396296 0.329688 0.397222 0.329167 0.398148 0.329167 0.399074 0.328646 0.400000 0.328646 0.400926 0.328125 0.401852 0.328125 0.402778 0.327604 0.403704 0.327604 0.404630 0.327083 0.405556 0.327083 0.406481 0.326562 0.407407 0.326562 0.408333 0.326042 0.409259 0.326042 0.410185 0.325521 0.411111 0.325521 0.412037 0.325000 0.412963 0.325000 0.413889 0.324479 0.414815 0.324479 0.415741 0.323958 0.416667 0.323958 0.417593 0.323437 0.418519 0.323437 0.419444 0.321875 0.422222 0.321354 0.422222 0.320833 0.423148 0.319792 0.423148 0.319271 0.424074 0.318750 0.423148 0.317188 0.423148 0.316667 0.422222 0.316146 0.422222 0.315625 0.421296 0.315104 0.421296 0.314063 0.419444 0.313542 0.419444 0.310937 0.414815 0.310417 0.414815 0.303125 0.401852 0.302604 0.401852 0.292708 0.384259 0.292187 0.384259 0.284375 0.370370 0.283854 0.370370 0.278125 0.360185 0.277604 0.360185 0.272917 0.351852 0.272396 0.351852 0.268750 0.345370 0.268229 0.345370 0.265104 0.339815 0.264583 0.339815 0.261979 0.335185 0.261458 0.335185 0.259375 0.331481 0.258854 0.331481 0.256771 0.327778 0.256250 0.327778 0.256250 0.330556 0.256771 0.331481 0.256771 0.332407 0.258333 0.335185 0.258333 0.336111 0.269271 0.355556 0.269792 0.355556 0.280208 0.374074 0.280729 0.374074 0.291146 0.392593 0.291667 0.392593 0.302083 0.411111 0.302604 0.411111 0.313021 0.429630 0.313542 0.429630 0.323958 0.448148 0.324479 0.448148 0.330208 0.458333 0.330729 0.458333 0.332813 0.462037 0.333333 0.462037 0.333854 0.462963 0.334375 0.462963 0.334896 0.463889 0.338021 0.463889 0.339062 0.462037 0.339583 0.462037 0.341146 0.459259 0.341667 0.459259 0.348438 0.447222 0.348958 0.447222 0.366667 0.415741 0.367188 0.415741 0.384896 0.384259 0.385417 0.384259 0.403646 0.351852 0.404167 0.351852 0.408333 0.344444 0.408333 0.343519 0.411458 0.337963 0.411458 0.337037 0.412500 0.335185 0.412500 0.333333 0.413021 0.332407 0.413021 0.331481 0.413542 0.330556 0.413542 0.328704 0.414062 0.327778 0.414062 0.326852 0.414583 0.325926 0.414583 0.324074 0.415104 0.323148 0.415104 0.321296 0.415625 0.320370 0.415625 0.319444 0.416146 0.318519 0.416146 0.316667 0.416667 0.315741 0.416667 0.313889 0.417187 0.312963 0.417187 0.312037 0.417708 0.311111 0.417708 0.309259
0 0.501302 0.386111 0.155729 0.146296 0.425000 0.312963 0.425000 0.314815 0.424479 0.315741 0.424479 0.317593 0.423958 0.318519 0.423958 0.320370 0.423438 0.321296 0.423438 0.325926 0.423958 0.326852 0.423958 0.327778 0.425000 0.329630 0.425000 0.330556 0.450000 0.375000 0.450521 0.375000 0.469792 0.409259 0.470313 0.409259 0.489063 0.442593 0.489583 0.442593 0.496354 0.454630 0.496875 0.454630 0.498437 0.457407 0.498958 0.457407 0.499479 0.458333 0.500521 0.458333 0.501042 0.459259 0.501563 0.459259 0.502083 0.458333 0.503125 0.458333 0.503646 0.457407 0.504167 0.457407 0.505729 0.454630 0.506250 0.454630 0.509375 0.449074 0.509896 0.449074 0.516667 0.437037 0.517188 0.437037 0.525521 0.422222 0.526042 0.422222 0.534375 0.407407 0.534896 0.407407 0.543229 0.392593 0.543750 0.392593 0.552083 0.377778 0.552604 0.377778 0.560937 0.362963 0.561458 0.362963 0.570312 0.347222 0.570833 0.347222 0.577604 0.335185 0.577604 0.334259 0.579167 0.331481 0.578646 0.331481 0.578125 0.332407 0.577604 0.332407 0.576562 0.334259 0.576042 0.334259 0.575521 0.335185 0.575000 0.335185 0.573958 0.337037 0.573438 0.337037 0.572396 0.338889 0.571875 0.338889 0.570312 0.341667 0.569792 0.341667 0.568229 0.344444 0.567708 0.344444 0.565625 0.348148 0.565104 0.348148 0.562500 0.352778 0.561979 0.352778 0.559375 0.357407 0.558854 0.357407 0.555729 0.362963 0.555208 0.362963 0.551042 0.370370 0.550521 0.370370 0.545833 0.378704 0.545312 0.378704 0.540104 0.387963 0.539583 0.387963 0.532813 0.400000 0.532292 0.400000 0.524479 0.413889 0.523958 0.413889 0.516667 0.426852 0.516146 0.426852 0.513021 0.432407 0.512500 0.432407 0.511458 0.434259 0.510417 0.434259 0.509896 0.435185 0.509375 0.435185 0.508854 0.434259 0.507812 0.434259 0.506250 0.431481 0.505729 0.431481 0.505208 0.430556 0.505208 0.429630 0.504167 0.427778 0.504167 0.425926 0.503646 0.425000 0.503646 0.423148 0.504167 0.422222 0.504167 0.418519 0.504687 0.417593 0.504687 0.413889 0.505208 0.412963 0.505208 0.408333 0.505729 0.407407 0.505729 0.403704 0.506250 0.402778 0.505208 0.404630 0.504687 0.404630 0.502604 0.408333 0.502083 0.408333 0.501042 0.410185 0.500000 0.410185 0.499479 0.411111 0.497917 0.411111 0.497396 0.410185 0.496875 0.410185 0.496354 0.409259 0.495312 0.411111 0.495312 0.412037 0.494792 0.412963 0.494271 0.412963 0.493229 0.414815 0.489583 0.414815 0.489063 0.413889 0.488542 0.413889 0.487500 0.412037 0.486979 0.412037 0.485417 0.409259 0.484896 0.409259 0.479167 0.399074 0.478646 0.399074 0.461458 0.368519 0.460938 0.368519 0.451562 0.351852 0.451042 0.351852 0.445312 0.341667 0.444792 0.341667 0.440625 0.334259 0.440104 0.334259 0.436979 0.328704 0.436458 0.328704 0.433854 0.324074 0.433333 0.324074 0.431250 0.320370 0.430729 0.320370 0.429688 0.318519 0.429167 0.318519 0.427604 0.315741 0.427083 0.315741 0.426563 0.314815 0.426042 0.314815
0 0.667448 0.401389 0.160938 0.145370 0.586979 0.328704 0.586979 0.337963 0.587500 0.338889 0.587500 0.339815 0.588021 0.340741 0.588021 0.341667 0.589063 0.343519 0.589063 0.344444 0.655208 0.462037 0.655729 0.462037 0.660937 0.471296 0.661458 0.471296 0.662500 0.473148 0.663021 0.473148 0.663542 0.474074 0.666667 0.474074 0.667188 0.473148 0.667708 0.473148 0.668750 0.471296 0.669271 0.471296 0.670833 0.468519 0.671354 0.468519 0.674479 0.462963 0.675000 0.462963 0.679688 0.454630 0.680208 0.454630 0.685417 0.445370 0.685937 0.445370 0.691146 0.436111 0.691667 0.436111 0.697396 0.425926 0.697917 0.425926 0.703125 0.416667 0.703646 0.416667 0.708854 0.407407 0.709375 0.407407 0.714583 0.398148 0.715104 0.398148 0.720313 0.388889 0.720833 0.388889 0.726042 0.379630 0.726562 0.379630 0.732292 0.369444 0.732812 0.369444 0.738021 0.360185 0.738542 0.360185 0.746875 0.345370 0.746875 0.344444 0.747396 0.343519 0.747396 0.342593 0.747917 0.341667 0.747917 0.337963 0.747396 0.337037 0.747396 0.334259 0.746875 0.333333 0.746354 0.333333 0.745313 0.335185 0.744792 0.335185 0.743750 0.337037 0.743229 0.337037 0.741667 0.339815 0.741146 0.339815 0.739583 0.342593 0.739062 0.342593 0.736979 0.346296 0.736458 0.346296 0.734375 0.350000 0.733854 0.350000 0.731771 0.353704 0.731250 0.353704 0.728125 0.359259 0.727604 0.359259 0.724479 0.364815 0.723958 0.364815 0.720833 0.370370 0.720313 0.370370 0.716667 0.376852 0.716146 0.376852 0.711979 0.384259 0.711458 0.384259 0.706771 0.392593 0.706250 0.392593 0.701042 0.401852 0.700521 0.401852 0.695312 0.411111 0.694792 0.411111 0.689583 0.420370 0.689063 0.420370 0.685417 0.426852 0.684896 0.426852 0.683333 0.429630 0.682813 0.429630 0.681771 0.431481 0.678646 0.431481 0.677604 0.429630 0.677083 0.429630 0.675521 0.426852 0.675521 0.425926 0.675000 0.425000 0.675000 0.424074 0.674479 0.423148 0.674479 0.418519 0.673958 0.417593 0.673958 0.412963 0.672396 0.415741 0.671875 0.415741 0.670312 0.418519 0.669792 0.418519 0.669271 0.419444 0.665625 0.419444 0.665104 0.418519 0.665104 0.424074 0.665625 0.425000 0.665625 0.430556 0.665104 0.431481 0.665104 0.432407 0.663021 0.436111 0.662500 0.436111 0.661979 0.437037 0.660937 0.437037 0.660417 0.437963 0.659896 0.437037 0.658333 0.437037 0.657813 0.436111 0.657292 0.436111 0.656771 0.435185 0.656250 0.435185 0.654687 0.432407 0.654167 0.432407 0.643229 0.412963 0.642708 0.412963 0.619271 0.371296 0.618750 0.371296 0.611979 0.359259 0.611458 0.359259 0.607292 0.351852 0.606771 0.351852 0.603646 0.346296 0.603125 0.346296 0.600521 0.341667 0.600000 0.341667 0.598437 0.338889 0.597917 0.338889 0.596354 0.336111 0.595833 0.336111 0.595313 0.335185 0.594792 0.335185 0.593750 0.333333 0.593229 0.333333 0.592708 0.332407 0.592187 0.332407 0.591667 0.331481 0.591146 0.331481 0.590625 0.330556 0.589583 0.330556 0.589063 0.329630 0.587500 0.329630
0 0.871875 0.361111 0.164583 0.322222 0.883333 0.200000 0.882812 0.200926 0.882292 0.200926 0.880729 0.203704 0.880208 0.203704 0.877083 0.209259 0.876563 0.209259 0.872396 0.216667 0.871875 0.216667 0.866667 0.225926 0.866146 0.225926 0.861979 0.233333 0.861458 0.233333 0.857292 0.240741 0.856771 0.240741 0.853125 0.247222 0.852604 0.247222 0.849479 0.252778 0.848958 0.252778 0.846354 0.257407 0.845833 0.257407 0.842708 0.262963 0.842187 0.262963 0.840104 0.266667 0.839583 0.266667 0.837500 0.270370 0.836979 0.270370 0.835417 0.273148 0.834896 0.273148 0.833333 0.275926 0.832812 0.275926 0.831771 0.277778 0.831250 0.277778 0.830208 0.279630 0.829688 0.279630 0.829167 0.280556 0.828646 0.280556 0.827604 0.282407 0.827083 0.282407 0.826562 0.283333 0.825521 0.283333 0.825000 0.284259 0.823958 0.284259 0.823438 0.285185 0.818750 0.285185 0.818229 0.284259 0.817708 0.284259 0.817187 0.283333 0.816146 0.283333 0.815625 0.282407 0.815104 0.282407 0.814063 0.280556 0.813542 0.280556 0.812500 0.278704 0.811979 0.278704 0.810417 0.275926 0.809896 0.275926 0.806771 0.270370 0.806250 0.270370 0.801562 0.262037 0.801042 0.262037 0.800521 0.261111 0.801042 0.262037 0.801042 0.262963 0.801562 0.263889 0.801562 0.265741 0.802083 0.266667 0.802083 0.267593 0.802604 0.268519 0.802604 0.270370 0.803125 0.271296 0.803125 0.272222 0.803646 0.273148 0.803646 0.274074 0.804167 0.275000 0.804167 0.276852 0.804688 0.277778 0.804688 0.278704 0.805208 0.279630 0.805208 0.281481 0.805729 0.282407 0.805729 0.283333 0.806250 0.284259 0.806250 0.286111 0.806771 0.287037 0.806771 0.287963 0.807292 0.288889 0.807292 0.289815 0.807813 0.290741 0.807813 0.292593 0.808333 0.293519 0.808333 0.294444 0.808854 0.295370 0.808854 0.297222 0.809375 0.298148 0.809375 0.299074 0.809896 0.300000 0.809896 0.301852 0.810417 0.302778 0.810417 0.303704 0.810937 0.304630 0.810937 0.305556 0.811458 0.306481 0.811458 0.308333 0.811979 0.309259 0.811979 0.310185 0.812500 0.311111 0.812500 0.312963 0.813021 0.313889 0.813021 0.314815 0.813542 0.315741 0.813542 0.317593 0.814063 0.318519 0.814063 0.319444 0.814583 0.320370 0.814583 0.321296 0.815104 0.322222 0.815104 0.324074 0.815625 0.325000 0.815625 0.325926 0.816146 0.326852 0.816146 0.328704 0.816667 0.329630 0.816667 0.330556 0.817187 0.331481 0.817187 0.333333 0.817708 0.334259 0.817708 0.335185 0.818229 0.336111 0.818229 0.337037 0.818750 0.337963 0.818750 0.339815 0.819271 0.340741 0.819271 0.341667 0.819792 0.342593 0.819792 0.344444 0.820312 0.345370 0.820312 0.346296 0.820833 0.347222 0.820833 0.348148 0.821354 0.349074 0.821354 0.350926 0.821875 0.351852 0.821875 0.352778 0.822396 0.353704 0.822396 0.355556 0.822917 0.356481 0.822917 0.357407 0.823438 0.358333 0.823438 0.360185 0.823958 0.361111 0.823958 0.362037 0.824479 0.362963 0.824479 0.363889 0.825000 0.364815 0.825000 0.366667 0.825521 0.367593 0.825521 0.368519 0.826042 0.369444 0.826042 0.371296 0.826562 0.372222 0.826562 0.373148 0.827083 0.374074 0.827083 0.375926 0.827604 0.376852 0.827604 0.377778 0.828125 0.378704 0.828125 0.379630 0.828646 0.380556 0.828646 0.382407 0.829167 0.383333 0.829167 0.384259 0.829688 0.385185 0.829688 0.387037 0.830208 0.387963 0.830208 0.388889 0.830729 0.389815 0.830729 0.391667 0.831250 0.392593 0.831250 0.393519 0.831771 0.394444 0.831771 0.395370 0.832292 0.396296 0.832292 0.398148 0.832812 0.399074 0.832812 0.400000 0.833333 0.400926 0.833333 0.402778 0.833854 0.403704 0.833854 0.404630 0.834375 0.405556 0.834375 0.407407 0.834896 0.408333 0.834896 0.409259 0.835417 0.410185 0.835417 0.411111 0.835938 0.412037 0.835938 0.413889 0.836458 0.414815 0.836458 0.415741 0.836979 0.416667 0.836979 0.418519 0.837500 0.419444 0.837500 0.420370 0.838021 0.421296 0.838021 0.423148 0.838542 0.424074 0.838542 0.426852 0.838021 0.427778 0.838021 0.428704 0.835417 0.433333 0.834896 0.433333 0.834375 0.434259 0.831250 0.434259 0.830729 0.433333 0.830208 0.433333 0.829688 0.432407 0.829167 0.432407 0.827604 0.429630 0.827083 0.429630 0.789583 0.362963 0.789583 0.363889 0.790104 0.364815 0.790104 0.366667 0.790625 0.367593 0.790625 0.369444 0.791146 0.370370 0.791146 0.372222 0.791667 0.373148 0.791667 0.375000 0.792188 0.375926 0.792188 0.377778 0.792708 0.378704 0.792708 0.379630 0.793229 0.380556 0.793229 0.382407 0.793750 0.383333 0.793750 0.385185 0.794271 0.386111 0.794271 0.387963 0.794792 0.388889 0.794792 0.390741 0.796354 0.393519 0.796354 0.394444 0.799479 0.400000 0.799479 0.400926 0.818750 0.435185 0.818750 0.436111 0.845313 0.483333 0.845313 0.484259 0.864062 0.517593 0.864583 0.517593 0.866146 0.520370 0.866667 0.520370 0.867708 0.522222 0.870313 0.522222 0.870833 0.521296 0.871875 0.521296 0.872917 0.519444 0.873437 0.519444 0.875000 0.516667 0.875521 0.516667 0.878125 0.512037 0.878646 0.512037 0.881250 0.507407 0.881771 0.507407 0.885417 0.500926 0.885938 0.500926 0.889583 0.494444 0.890104 0.494444 0.893750 0.487963 0.894271 0.487963 0.897917 0.481481 0.898438 0.481481 0.901563 0.475926 0.902083 0.475926 0.905729 0.469444 0.906250 0.469444 0.909896 0.462963 0.910417 0.462963 0.914062 0.456481 0.914583 0.456481 0.918229 0.450000 0.918750 0.450000 0.922396 0.443519 0.922917 0.443519 0.926042 0.437963 0.926562 0.437963 0.930208 0.431481 0.930729 0.431481 0.934375 0.425000 0.934896 0.425000 0.938542 0.418519 0.939063 0.418519 0.942708 0.412037 0.943229 0.412037 0.947396 0.404630 0.947917 0.404630 0.952604 0.396296 0.952604 0.395370 0.953646 0.393519 0.953646 0.392593 0.954167 0.391667 0.954167 0.388889 0.953646 0.387963 0.953646 0.387037 0.953125 0.386111 0.953125 0.385185 0.952083 0.383333 0.952083 0.382407 0.951042 0.380556 0.951042 0.379630 0.950521 0.378704 0.950521 0.377778 0.949479 0.375926 0.949479 0.375000 0.948438 0.373148 0.948438 0.372222 0.947396 0.370370 0.947396 0.369444 0.946875 0.368519 0.946875 0.367593 0.945833 0.365741 0.945833 0.364815 0.944792 0.362963 0.944792 0.362037 0.943750 0.360185 0.943750 0.359259 0.942708 0.357407 0.942708 0.356481 0.942187 0.355556 0.942187 0.354630 0.941146 0.352778 0.941146 0.351852 0.940104 0.350000 0.940104 0.349074 0.939063 0.347222 0.939063 0.346296 0.938542 0.345370 0.938542 0.344444 0.937500 0.342593 0.937500 0.341667 0.936458 0.339815 0.936458 0.338889 0.935417 0.337037 0.935417 0.336111 0.934896 0.335185 0.934896 0.334259 0.933854 0.332407 0.933854 0.331481 0.932813 0.329630 0.932813 0.328704 0.931771 0.326852 0.931771 0.325926 0.930729 0.324074 0.930729 0.323148 0.930208 0.322222 0.930208 0.321296 0.929167 0.319444 0.929167 0.318519 0.928125 0.316667 0.928125 0.315741 0.927083 0.313889 0.927083 0.312963 0.926562 0.312037 0.926562 0.311111 0.925521 0.309259 0.925521 0.308333 0.924479 0.306481 0.924479 0.305556 0.923438 0.303704 0.923438 0.302778 0.922917 0.301852 0.922917 0.300926 0.921875 0.299074 0.921875 0.298148 0.920833 0.296296 0.920833 0.295370 0.919792 0.293519 0.919792 0.292593 0.918750 0.290741 0.918750 0.289815 0.918229 0.288889 0.918229 0.287963 0.917188 0.286111 0.917188 0.285185 0.916146 0.283333 0.916146 0.282407 0.915104 0.280556 0.915104 0.279630 0.914583 0.278704 0.914583 0.277778 0.913542 0.275926 0.913542 0.275000 0.912500 0.273148 0.912500 0.272222 0.911458 0.270370 0.911458 0.269444 0.910417 0.267593 0.910417 0.266667 0.909896 0.265741 0.909896 0.264815 0.908854 0.262963 0.908854 0.262037 0.907813 0.260185 0.907813 0.259259 0.906771 0.257407 0.906771 0.256481 0.906250 0.255556 0.906250 0.254630 0.905208 0.252778 0.905208 0.251852 0.904167 0.250000 0.904167 0.249074 0.903125 0.247222 0.903125 0.246296 0.902604 0.245370 0.902604 0.244444 0.901563 0.242593 0.901563 0.241667 0.900521 0.239815 0.900521 0.238889 0.899479 0.237037 0.899479 0.236111 0.898438 0.234259 0.898438 0.233333 0.897917 0.232407 0.897917 0.231481 0.896875 0.229630 0.896875 0.228704 0.895833 0.226852 0.895833 0.225926 0.894792 0.224074 0.894792 0.223148 0.894271 0.222222 0.894271 0.221296 0.893229 0.219444 0.893229 0.218519 0.892188 0.216667 0.892188 0.215741 0.891146 0.213889 0.891146 0.212963 0.890625 0.212037 0.890625 0.211111 0.889583 0.209259 0.889583 0.208333 0.888542 0.206481 0.888542 0.205556 0.887500 0.203704 0.887500 0.202778 0.886458 0.200926 0.885938 0.200926 0.885417 0.200000
0 0.091667 0.318519 0.158333 0.153704 0.088021 0.241667 0.086458 0.244444 0.085938 0.244444 0.081771 0.251852 0.081250 0.251852 0.066146 0.278704 0.066146 0.279630 0.055208 0.299074 0.055208 0.300000 0.044792 0.318519 0.044792 0.319444 0.033854 0.338889 0.033854 0.339815 0.023438 0.358333 0.023438 0.359259 0.016146 0.372222 0.016146 0.373148 0.014063 0.376852 0.014063 0.377778 0.013021 0.379630 0.013021 0.380556 0.012500 0.381481 0.012500 0.384259 0.013021 0.385185 0.013021 0.387037 0.015625 0.391667 0.016146 0.391667 0.016667 0.392593 0.017708 0.392593 0.018229 0.393519 0.018750 0.392593 0.019271 0.392593 0.019792 0.391667 0.020313 0.391667 0.022917 0.387037 0.023438 0.387037 0.030729 0.374074 0.031250 0.374074 0.038542 0.361111 0.039062 0.361111 0.045833 0.349074 0.046354 0.349074 0.053646 0.336111 0.054167 0.336111 0.061458 0.323148 0.061979 0.323148 0.069271 0.310185 0.069792 0.310185 0.076563 0.298148 0.077083 0.298148 0.080729 0.291667 0.081250 0.291667 0.081771 0.290741 0.083333 0.290741 0.083854 0.289815 0.087500 0.289815 0.088021 0.290741 0.089583 0.290741 0.090104 0.291667 0.090625 0.291667 0.091146 0.292593 0.092188 0.292593 0.093229 0.294444 0.093750 0.294444 0.094271 0.295370 0.094792 0.295370 0.095312 0.296296 0.095833 0.296296 0.097396 0.299074 0.097917 0.299074 0.098958 0.300926 0.099479 0.300926 0.101042 0.303704 0.101562 0.303704 0.103646 0.307407 0.104167 0.307407 0.106250 0.311111 0.106771 0.311111 0.109375 0.315741 0.109896 0.315741 0.113021 0.321296 0.113542 0.321296 0.117188 0.327778 0.117708 0.327778 0.121875 0.335185 0.122396 0.335185 0.127604 0.344444 0.128125 0.344444 0.133854 0.354630 0.134375 0.354630 0.141146 0.366667 0.141667 0.366667 0.148438 0.378704 0.148958 0.378704 0.153646 0.387037 0.154167 0.387037 0.156250 0.390741 0.156771 0.390741 0.157812 0.392593 0.158333 0.392593 0.159375 0.394444 0.160938 0.394444 0.161458 0.395370 0.161979 0.395370 0.162500 0.394444 0.163542 0.394444 0.164062 0.393519 0.164583 0.393519 0.165104 0.392593 0.165104 0.391667 0.167187 0.387963 0.167187 0.387037 0.169271 0.383333 0.169271 0.382407 0.170833 0.379630 0.169271 0.379630 0.168750 0.378704 0.168229 0.378704 0.167708 0.377778 0.167187 0.377778 0.165104 0.374074 0.164583 0.374074 0.160938 0.367593 0.160417 0.367593 0.153125 0.354630 0.152604 0.354630 0.145313 0.341667 0.144792 0.341667 0.136979 0.327778 0.136458 0.327778 0.128646 0.313889 0.128125 0.313889 0.120833 0.300926 0.120313 0.300926 0.112500 0.287037 0.111979 0.287037 0.104167 0.273148 0.103646 0.273148 0.094792 0.257407 0.094271 0.257407 0.092708 0.254630 0.092708 0.253704 0.089063 0.247222 0.089063 0.246296 0.088542 0.245370 0.088542 0.244444 0.088021 0.243519
0 0.248438 0.268056 0.164583 0.310185 0.309896 0.112963 0.309375 0.113889 0.308854 0.113889 0.308333 0.114815 0.307812 0.114815 0.303646 0.122222 0.303125 0.122222 0.298958 0.129630 0.298958 0.130556 0.288021 0.150000 0.288021 0.150926 0.286458 0.153704 0.286458 0.154630 0.284896 0.157407 0.284896 0.158333 0.282813 0.162037 0.282813 0.162963 0.281250 0.165741 0.281250 0.166667 0.279167 0.170370 0.279167 0.171296 0.277604 0.174074 0.277604 0.175000 0.276042 0.177778 0.276042 0.178704 0.273958 0.182407 0.273958 0.183333 0.272396 0.186111 0.272396 0.187037 0.270313 0.190741 0.270313 0.191667 0.268750 0.194444 0.268750 0.195370 0.266667 0.199074 0.266667 0.200000 0.265104 0.202778 0.265104 0.203704 0.263542 0.206481 0.263542 0.207407 0.261458 0.211111 0.261458 0.212037 0.259896 0.214815 0.259896 0.215741 0.257812 0.219444 0.257812 0.220370 0.256250 0.223148 0.256250 0.224074 0.254688 0.226852 0.254688 0.227778 0.252604 0.231481 0.252604 0.232407 0.251042 0.235185 0.251042 0.236111 0.248958 0.239815 0.248958 0.240741 0.247396 0.243519 0.247396 0.244444 0.245312 0.248148 0.245312 0.249074 0.243750 0.251852 0.243750 0.252778 0.239063 0.261111 0.239063 0.262037 0.205208 0.322222 0.205208 0.323148 0.197396 0.337037 0.197396 0.337963 0.195312 0.341667 0.195312 0.342593 0.193229 0.346296 0.193229 0.347222 0.191667 0.350000 0.191667 0.350926 0.189583 0.354630 0.189583 0.355556 0.187500 0.359259 0.187500 0.360185 0.185417 0.363889 0.185417 0.364815 0.183333 0.368519 0.183333 0.369444 0.181771 0.372222 0.181771 0.373148 0.179688 0.376852 0.179688 0.377778 0.177604 0.381481 0.177604 0.382407 0.175521 0.386111 0.175521 0.387037 0.173958 0.389815 0.173958 0.390741 0.171875 0.394444 0.171875 0.395370 0.169792 0.399074 0.169792 0.400000 0.167708 0.403704 0.167708 0.404630 0.166667 0.406481 0.166667 0.407407 0.166146 0.408333 0.166146 0.412963 0.166667 0.413889 0.166667 0.414815 0.169271 0.419444 0.169792 0.419444 0.170313 0.420370 0.172396 0.420370 0.172917 0.419444 0.173437 0.419444 0.173958 0.418519 0.174479 0.418519 0.205208 0.363889 0.205729 0.363889 0.215104 0.347222 0.215625 0.347222 0.220312 0.338889 0.220833 0.338889 0.224479 0.332407 0.225000 0.332407 0.227604 0.327778 0.228125 0.327778 0.229687 0.325000 0.230208 0.325000 0.231771 0.322222 0.232292 0.322222 0.232813 0.321296 0.233333 0.321296 0.234375 0.319444 0.234896 0.319444 0.235417 0.318519 0.235937 0.318519 0.236458 0.317593 0.237500 0.317593 0.238021 0.316667 0.238542 0.316667 0.239063 0.315741 0.241667 0.315741 0.242188 0.314815 0.242708 0.315741 0.245833 0.315741 0.246354 0.316667 0.246875 0.316667 0.247396 0.317593 0.248438 0.317593 0.248958 0.318519 0.249479 0.318519 0.250000 0.319444 0.250521 0.319444 0.251563 0.321296 0.252083 0.321296 0.252604 0.322222 0.253125 0.322222 0.254688 0.325000 0.255208 0.325000 0.256250 0.326852 0.256771 0.326852 0.258854 0.330556 0.259375 0.330556 0.261458 0.334259 0.261979 0.334259 0.264583 0.338889 0.265104 0.338889 0.268229 0.344444 0.268750 0.344444 0.272396 0.350926 0.272917 0.350926 0.277604 0.359259 0.278125 0.359259 0.283854 0.369444 0.284375 0.369444 0.292187 0.383333 0.292708 0.383333 0.302604 0.400926 0.303125 0.400926 0.310417 0.413889 0.310937 0.413889 0.313542 0.418519 0.314063 0.418519 0.315104 0.420370 0.315625 0.420370 0.316146 0.421296 0.316667 0.421296 0.317188 0.422222 0.318750 0.422222 0.319271 0.423148 0.319792 0.422222 0.320833 0.422222 0.321354 0.421296 0.321875 0.421296 0.322917 0.419444 0.322917 0.418519 0.323437 0.417593 0.323437 0.416667 0.323958 0.415741 0.323958 0.414815 0.324479 0.413889 0.324479 0.412963 0.325000 0.412037 0.325000 0.411111 0.325521 0.410185 0.325521 0.409259 0.326042 0.408333 0.326042 0.407407 0.326562 0.406481 0.326562 0.405556 0.327083 0.404630 0.327083 0.403704 0.327604 0.402778 0.327604 0.401852 0.328125 0.400926 0.328125 0.400000 0.328646 0.399074 0.328646 0.398148 0.329167 0.397222 0.329167 0.396296 0.329688 0.395370 0.329688 0.394444 0.330208 0.393519 0.330208 0.392593 0.330729 0.391667 0.329688 0.389815 0.329167 0.389815 0.323958 0.380556 0.323437 0.380556 0.312500 0.361111 0.311979 0.361111 0.300000 0.339815 0.299479 0.339815 0.287500 0.318519 0.286979 0.318519 0.275521 0.298148 0.275000 0.298148 0.262500 0.275926 0.261979 0.275926 0.257812 0.268519 0.257812 0.267593 0.254688 0.262037 0.254688 0.261111 0.253646 0.259259 0.253646 0.257407 0.253125 0.256481 0.253125 0.254630 0.253646 0.253704 0.253646 0.252778 0.254167 0.251852 0.254167 0.250926 0.255729 0.248148 0.255729 0.247222 0.257292 0.244444 0.257292 0.243519 0.258854 0.240741 0.258854 0.239815 0.260937 0.236111 0.260937 0.235185 0.262500 0.232407 0.262500 0.231481 0.264062 0.228704 0.264062 0.227778 0.266146 0.224074 0.266146 0.223148 0.267708 0.220370 0.267708 0.219444 0.269271 0.216667 0.269271 0.215741 0.271354 0.212037 0.271354 0.211111 0.272917 0.208333 0.272917 0.207407 0.274479 0.204630 0.274479 0.203704 0.276042 0.200926 0.276042 0.200000 0.278125 0.196296 0.278125 0.195370 0.279687 0.192593 0.279687 0.191667 0.281250 0.188889 0.281250 0.187963 0.283333 0.184259 0.283333 0.183333 0.284896 0.180556 0.284896 0.179630 0.286458 0.176852 0.286458 0.175926 0.288021 0.173148 0.288021 0.172222 0.290104 0.168519 0.290104 0.167593 0.291667 0.164815 0.291667 0.163889 0.293229 0.161111 0.293229 0.160185 0.295312 0.156481 0.295312 0.155556 0.296875 0.152778 0.296875 0.151852 0.298438 0.149074 0.298438 0.148148 0.300000 0.145370 0.300000 0.144444 0.302083 0.140741 0.302083 0.139815 0.303646 0.137037 0.303646 0.136111 0.305208 0.133333 0.305208 0.132407 0.307292 0.128704 0.307292 0.127778 0.308854 0.125000 0.308854 0.124074 0.310417 0.121296 0.310417 0.120370 0.311979 0.117593 0.311979 0.116667 0.313021 0.114815 0.312500 0.114815 0.311979 0.113889 0.311458 0.113889 0.310937 0.112963
0 0.417969 0.262037 0.155729 0.303704 0.453125 0.110185 0.452604 0.111111 0.451562 0.111111 0.451042 0.112037 0.450521 0.112037 0.449479 0.113889 0.448958 0.113889 0.445312 0.120370 0.445312 0.121296 0.444792 0.122222 0.444792 0.123148 0.444271 0.124074 0.444271 0.125926 0.443750 0.126852 0.443750 0.127778 0.443229 0.128704 0.443229 0.130556 0.442708 0.131481 0.442708 0.132407 0.442188 0.133333 0.442188 0.134259 0.441667 0.135185 0.441667 0.137037 0.441146 0.137963 0.441146 0.138889 0.440625 0.139815 0.440625 0.141667 0.440104 0.142593 0.440104 0.143519 0.439583 0.144444 0.439583 0.145370 0.439063 0.146296 0.439063 0.148148 0.438542 0.149074 0.438542 0.150000 0.438021 0.150926 0.438021 0.152778 0.437500 0.153704 0.437500 0.154630 0.436979 0.155556 0.436979 0.156481 0.436458 0.157407 0.436458 0.159259 0.435937 0.160185 0.435937 0.161111 0.435417 0.162037 0.435417 0.163889 0.434896 0.164815 0.434896 0.165741 0.434375 0.166667 0.434375 0.167593 0.433854 0.168519 0.433854 0.170370 0.433333 0.171296 0.433333 0.172222 0.432812 0.173148 0.432812 0.175000 0.432292 0.175926 0.432292 0.176852 0.431771 0.177778 0.431771 0.178704 0.431250 0.179630 0.431250 0.181481 0.430729 0.182407 0.430729 0.183333 0.430208 0.184259 0.430208 0.186111 0.429688 0.187037 0.429688 0.187963 0.429167 0.188889 0.429167 0.189815 0.428646 0.190741 0.428646 0.192593 0.428125 0.193519 0.428125 0.194444 0.427604 0.195370 0.427604 0.197222 0.427083 0.198148 0.427083 0.199074 0.426563 0.200000 0.426563 0.200926 0.426042 0.201852 0.426042 0.203704 0.425521 0.204630 0.425521 0.205556 0.425000 0.206481 0.425000 0.208333 0.424479 0.209259 0.424479 0.210185 0.423958 0.211111 0.423958 0.212037 0.423438 0.212963 0.423438 0.214815 0.422917 0.215741 0.422917 0.216667 0.422396 0.217593 0.422396 0.219444 0.421875 0.220370 0.421875 0.221296 0.421354 0.222222 0.421354 0.223148 0.420833 0.224074 0.420833 0.225926 0.420312 0.226852 0.420312 0.227778 0.419792 0.228704 0.419792 0.230556 0.419271 0.231481 0.419271 0.232407 0.418750 0.233333 0.418750 0.234259 0.418229 0.235185 0.418229 0.237037 0.417708 0.237963 0.417708 0.238889 0.417187 0.239815 0.417187 0.240741 0.416667 0.241667 0.416667 0.243519 0.416146 0.244444 0.416146 0.245370 0.415625 0.246296 0.415625 0.248148 0.415104 0.249074 0.415104 0.250000 0.414583 0.250926 0.414583 0.251852 0.414062 0.252778 0.414062 0.254630 0.413542 0.255556 0.413542 0.256481 0.413021 0.257407 0.413021 0.259259 0.412500 0.260185 0.412500 0.261111 0.411979 0.262037 0.411979 0.262963 0.411458 0.263889 0.411458 0.264815 0.409375 0.268519 0.409375 0.269444 0.395313 0.294444 0.394792 0.294444 0.370312 0.337963 0.369792 0.337963 0.346354 0.379630 0.345833 0.379630 0.345313 0.380556 0.345313 0.382407 0.344792 0.383333 0.344792 0.384259 0.344271 0.385185 0.344271 0.386111 0.343750 0.387037 0.343750 0.387963 0.343229 0.388889 0.343229 0.389815 0.342708 0.390741 0.342708 0.391667 0.342187 0.392593 0.342187 0.393519 0.341667 0.394444 0.341667 0.395370 0.341146 0.396296 0.341146 0.397222 0.340625 0.398148 0.340625 0.399074 0.340104 0.400000 0.340104 0.404630 0.340625 0.405556 0.340625 0.406481 0.342708 0.410185 0.343229 0.410185 0.343750 0.411111 0.344271 0.411111 0.344792 0.412037 0.345833 0.412037 0.346354 0.411111 0.346875 0.411111 0.347396 0.410185 0.347917 0.410185 0.351042 0.404630 0.351562 0.404630 0.366667 0.377778 0.367188 0.377778 0.378125 0.358333 0.378646 0.358333 0.385937 0.345370 0.386458 0.345370 0.391146 0.337037 0.391667 0.337037 0.394792 0.331481 0.395313 0.331481 0.398438 0.325926 0.398958 0.325926 0.401042 0.322222 0.401562 0.322222 0.403125 0.319444 0.403646 0.319444 0.405208 0.316667 0.405729 0.316667 0.406771 0.314815 0.407292 0.314815 0.408333 0.312963 0.408854 0.312963 0.409375 0.312037 0.409896 0.312037 0.410417 0.311111 0.410938 0.311111 0.411458 0.310185 0.412500 0.310185 0.413021 0.309259 0.413542 0.309259 0.414062 0.308333 0.420312 0.308333 0.420833 0.309259 0.421354 0.309259 0.421875 0.310185 0.422917 0.310185 0.423438 0.311111 0.423958 0.311111 0.424479 0.312037 0.425000 0.312037 0.426042 0.313889 0.426563 0.313889 0.427083 0.314815 0.427604 0.314815 0.429167 0.317593 0.429688 0.317593 0.430729 0.319444 0.431250 0.319444 0.433333 0.323148 0.433854 0.323148 0.436458 0.327778 0.436979 0.327778 0.440104 0.333333 0.440625 0.333333 0.444792 0.340741 0.445312 0.340741 0.451042 0.350926 0.451562 0.350926 0.460938 0.367593 0.461458 0.367593 0.478646 0.398148 0.479167 0.398148 0.484896 0.408333 0.485417 0.408333 0.486979 0.411111 0.487500 0.411111 0.488542 0.412963 0.489063 0.412963 0.489583 0.413889 0.493229 0.413889 0.494271 0.412037 0.494792 0.412037 0.494792 0.411111 0.495833 0.409259 0.494271 0.406481 0.493750 0.406481 0.486458 0.393519 0.485938 0.393519 0.465104 0.356481 0.464583 0.356481 0.442188 0.316667 0.441667 0.316667 0.420312 0.278704 0.420312 0.277778 0.418750 0.275000 0.418750 0.274074 0.418229 0.273148 0.418229 0.271296 0.417708 0.270370 0.417708 0.268519 0.418229 0.267593 0.418229 0.266667 0.418750 0.265741 0.418750 0.263889 0.419271 0.262963 0.419271 0.262037 0.419792 0.261111 0.419792 0.259259 0.420312 0.258333 0.420312 0.256481 0.420833 0.255556 0.420833 0.254630 0.421354 0.253704 0.421354 0.251852 0.421875 0.250926 0.421875 0.250000 0.422396 0.249074 0.422396 0.247222 0.422917 0.246296 0.422917 0.245370 0.423438 0.244444 0.423438 0.242593 0.423958 0.241667 0.423958 0.240741 0.424479 0.239815 0.424479 0.237963 0.425000 0.237037 0.425000 0.236111 0.425521 0.235185 0.425521 0.233333 0.426042 0.232407 0.426042 0.231481 0.426563 0.230556 0.426563 0.228704 0.427083 0.227778 0.427083 0.226852 0.427604 0.225926 0.427604 0.224074 0.428125 0.223148 0.428125 0.222222 0.428646 0.221296 0.428646 0.219444 0.429167 0.218519 0.429167 0.217593 0.429688 0.216667 0.429688 0.214815 0.430208 0.213889 0.430208 0.212963 0.430729 0.212037 0.430729 0.210185 0.431250 0.209259 0.431250 0.208333 0.431771 0.207407 0.431771 0.205556 0.432292 0.204630 0.432292 0.203704 0.432812 0.202778 0.432812 0.200926 0.433333 0.200000 0.433333 0.199074 0.433854 0.198148 0.433854 0.196296 0.434375 0.195370 0.434375 0.194444 0.434896 0.193519 0.434896 0.191667 0.435417 0.190741 0.435417 0.189815 0.435937 0.188889 0.435937 0.187037 0.436458 0.186111 0.436458 0.185185 0.436979 0.184259 0.436979 0.182407 0.437500 0.181481 0.437500 0.179630 0.438021 0.178704 0.438021 0.177778 0.438542 0.176852 0.438542 0.175000 0.439063 0.174074 0.439063 0.173148 0.439583 0.172222 0.439583 0.170370 0.440104 0.169444 0.440104 0.168519 0.440625 0.167593 0.440625 0.165741 0.441146 0.164815 0.441146 0.163889 0.441667 0.162963 0.441667 0.161111 0.442188 0.160185 0.442188 0.159259 0.442708 0.158333 0.442708 0.156481 0.443229 0.155556 0.443229 0.154630 0.443750 0.153704 0.443750 0.151852 0.444271 0.150926 0.444271 0.150000 0.444792 0.149074 0.444792 0.147222 0.445312 0.146296 0.445312 0.145370 0.445833 0.144444 0.445833 0.142593 0.446354 0.141667 0.446354 0.140741 0.446875 0.139815 0.446875 0.137963 0.447396 0.137037 0.447396 0.136111 0.447917 0.135185 0.447917 0.133333 0.448437 0.132407 0.448437 0.131481 0.448958 0.130556 0.448958 0.128704 0.449479 0.127778 0.449479 0.126852 0.450000 0.125926 0.450000 0.124074 0.450521 0.123148 0.450521 0.122222 0.451042 0.121296 0.451042 0.119444 0.451562 0.118519 0.451562 0.117593 0.452083 0.116667 0.452083 0.114815 0.452604 0.113889 0.452604 0.112963 0.453125 0.112037
0 0.584635 0.278704 0.160938 0.316667 0.589583 0.120370 0.589063 0.121296 0.588542 0.121296 0.588021 0.122222 0.587500 0.122222 0.585417 0.125926 0.584896 0.125926 0.584896 0.126852 0.584375 0.127778 0.584375 0.144444 0.583854 0.145370 0.583854 0.162037 0.583333 0.162963 0.583333 0.179630 0.582812 0.180556 0.582812 0.196296 0.582292 0.197222 0.582292 0.213889 0.581771 0.214815 0.581771 0.231481 0.581250 0.232407 0.581250 0.249074 0.580729 0.250000 0.580729 0.265741 0.580208 0.266667 0.580208 0.275926 0.579688 0.276852 0.579688 0.277778 0.578125 0.280556 0.578125 0.281481 0.569271 0.297222 0.568750 0.297222 0.559375 0.313889 0.558854 0.313889 0.549479 0.330556 0.548958 0.330556 0.539583 0.347222 0.539062 0.347222 0.529687 0.363889 0.529167 0.363889 0.519792 0.380556 0.519271 0.380556 0.510417 0.396296 0.509896 0.396296 0.506771 0.401852 0.506771 0.402778 0.506250 0.403704 0.506250 0.407407 0.505729 0.408333 0.505729 0.412963 0.505208 0.413889 0.505208 0.417593 0.504687 0.418519 0.504687 0.422222 0.504167 0.423148 0.504167 0.425000 0.504687 0.425926 0.504687 0.427778 0.505729 0.429630 0.505729 0.430556 0.506250 0.430556 0.507812 0.433333 0.508854 0.433333 0.509375 0.434259 0.509896 0.434259 0.510417 0.433333 0.511458 0.433333 0.512500 0.431481 0.513021 0.431481 0.516146 0.425926 0.516667 0.425926 0.523958 0.412963 0.524479 0.412963 0.532292 0.399074 0.532813 0.399074 0.539583 0.387037 0.540104 0.387037 0.545312 0.377778 0.545833 0.377778 0.550521 0.369444 0.551042 0.369444 0.555208 0.362037 0.555729 0.362037 0.558854 0.356481 0.559375 0.356481 0.561979 0.351852 0.562500 0.351852 0.565104 0.347222 0.565625 0.347222 0.567708 0.343519 0.568229 0.343519 0.569792 0.340741 0.570312 0.340741 0.571875 0.337963 0.572396 0.337963 0.573438 0.336111 0.573958 0.336111 0.575000 0.334259 0.575521 0.334259 0.576042 0.333333 0.576562 0.333333 0.577604 0.331481 0.578125 0.331481 0.578646 0.330556 0.579688 0.330556 0.580208 0.329630 0.580729 0.329630 0.581250 0.328704 0.583333 0.328704 0.583854 0.327778 0.586979 0.327778 0.587500 0.328704 0.589063 0.328704 0.589583 0.329630 0.590625 0.329630 0.591146 0.330556 0.591667 0.330556 0.592187 0.331481 0.592708 0.331481 0.593229 0.332407 0.593750 0.332407 0.594792 0.334259 0.595313 0.334259 0.595833 0.335185 0.596354 0.335185 0.597917 0.337963 0.598437 0.337963 0.600000 0.340741 0.600521 0.340741 0.603125 0.345370 0.603646 0.345370 0.606771 0.350926 0.607292 0.350926 0.611458 0.358333 0.611979 0.358333 0.618750 0.370370 0.619271 0.370370 0.642708 0.412037 0.643229 0.412037 0.654167 0.431481 0.654687 0.431481 0.656250 0.434259 0.656771 0.434259 0.657292 0.435185 0.657813 0.435185 0.658333 0.436111 0.659896 0.436111 0.660417 0.437037 0.660937 0.436111 0.661979 0.436111 0.662500 0.435185 0.663021 0.435185 0.664583 0.432407 0.664583 0.431481 0.665104 0.430556 0.665104 0.425000 0.664583 0.424074 0.664583 0.418519 0.663021 0.415741 0.662500 0.415741 0.616667 0.334259 0.616146 0.334259 0.594792 0.296296 0.594792 0.295370 0.589063 0.285185 0.589063 0.284259 0.587500 0.281481 0.587500 0.280556 0.586979 0.279630 0.586979 0.256481 0.587500 0.255556 0.587500 0.232407 0.588021 0.231481 0.588021 0.209259 0.588542 0.208333 0.588542 0.186111 0.589063 0.185185 0.589063 0.162037 0.589583 0.161111 0.589583 0.138889 0.590104 0.137963 0.590104 0.120370
0 0.756250 0.274074 0.163542 0.318519 0.728646 0.114815 0.728125 0.115741 0.727604 0.115741 0.727083 0.116667 0.726562 0.116667 0.725521 0.118519 0.725521 0.119444 0.726042 0.120370 0.726042 0.122222 0.726562 0.123148 0.726562 0.125926 0.727083 0.126852 0.727083 0.128704 0.727604 0.129630 0.727604 0.131481 0.728125 0.132407 0.728125 0.134259 0.728646 0.135185 0.728646 0.137963 0.729167 0.138889 0.729167 0.140741 0.729688 0.141667 0.729688 0.143519 0.730208 0.144444 0.730208 0.147222 0.730729 0.148148 0.730729 0.150000 0.731250 0.150926 0.731250 0.152778 0.731771 0.153704 0.731771 0.155556 0.732292 0.156481 0.732292 0.159259 0.732812 0.160185 0.732812 0.162037 0.733333 0.162963 0.733333 0.164815 0.733854 0.165741 0.733854 0.168519 0.734375 0.169444 0.734375 0.171296 0.734896 0.172222 0.734896 0.174074 0.735417 0.175000 0.735417 0.177778 0.735938 0.178704 0.735938 0.180556 0.736458 0.181481 0.736458 0.183333 0.736979 0.184259 0.736979 0.186111 0.737500 0.187037 0.737500 0.189815 0.738021 0.190741 0.738021 0.192593 0.738542 0.193519 0.738542 0.195370 0.739062 0.196296 0.739062 0.199074 0.739583 0.200000 0.739583 0.201852 0.740104 0.202778 0.740104 0.204630 0.740625 0.205556 0.740625 0.208333 0.741146 0.209259 0.741146 0.211111 0.741667 0.212037 0.741667 0.213889 0.742188 0.214815 0.742188 0.216667 0.742708 0.217593 0.742708 0.220370 0.743229 0.221296 0.743229 0.223148 0.743750 0.224074 0.743750 0.225926 0.744271 0.226852 0.744271 0.229630 0.744792 0.230556 0.744792 0.232407 0.745313 0.233333 0.745313 0.235185 0.745833 0.236111 0.745833 0.238889 0.746354 0.239815 0.746354 0.241667 0.746875 0.242593 0.746875 0.244444 0.747396 0.245370 0.747396 0.247222 0.747917 0.248148 0.747917 0.250926 0.748437 0.251852 0.748437 0.253704 0.748958 0.254630 0.748958 0.256481 0.749479 0.257407 0.749479 0.260185 0.750000 0.261111 0.750000 0.262963 0.750521 0.263889 0.750521 0.265741 0.751042 0.266667 0.751042 0.269444 0.751563 0.270370 0.751563 0.272222 0.752083 0.273148 0.752083 0.275000 0.752604 0.275926 0.752604 0.277778 0.753125 0.278704 0.753125 0.281481 0.752604 0.282407 0.752604 0.283333 0.752083 0.284259 0.752083 0.285185 0.741146 0.304630 0.740625 0.304630 0.734896 0.314815 0.734375 0.314815 0.728646 0.325000 0.728125 0.325000 0.722396 0.335185 0.721875 0.335185 0.716146 0.345370 0.715625 0.345370 0.709896 0.355556 0.709375 0.355556 0.703646 0.365741 0.703125 0.365741 0.697396 0.375926 0.696875 0.375926 0.691146 0.386111 0.690625 0.386111 0.685417 0.395370 0.684896 0.395370 0.679167 0.405556 0.678646 0.405556 0.675000 0.412037 0.674479 0.412037 0.674479 0.417593 0.675000 0.418519 0.675000 0.423148 0.675521 0.424074 0.675521 0.425000 0.676042 0.425926 0.676042 0.426852 0.677083 0.428704 0.677604 0.428704 0.678646 0.430556 0.681771 0.430556 0.682813 0.428704 0.683333 0.428704 0.684896 0.425926 0.685417 0.425926 0.689063 0.419444 0.689583 0.419444 0.694792 0.410185 0.695312 0.410185 0.700521 0.400926 0.701042 0.400926 0.706250 0.391667 0.706771 0.391667 0.711458 0.383333 0.711979 0.383333 0.716146 0.375926 0.716667 0.375926 0.720313 0.369444 0.720833 0.369444 0.723958 0.363889 0.724479 0.363889 0.727604 0.358333 0.728125 0.358333 0.731250 0.352778 0.731771 0.352778 0.733854 0.349074 0.734375 0.349074 0.736458 0.345370 0.736979 0.345370 0.739062 0.341667 0.739583 0.341667 0.741146 0.338889 0.741667 0.338889 0.743229 0.336111 0.743750 0.336111 0.744792 0.334259 0.745313 0.334259 0.746354 0.332407 0.746875 0.332407 0.747917 0.330556 0.748437 0.330556 0.748958 0.329630 0.749479 0.329630 0.750521 0.327778 0.751042 0.327778 0.751563 0.326852 0.752604 0.326852 0.753125 0.325926 0.753646 0.325926 0.754167 0.325000 0.755208 0.325000 0.755729 0.324074 0.761979 0.324074 0.762500 0.325000 0.763021 0.325000 0.763542 0.325926 0.764583 0.325926 0.765104 0.326852 0.765625 0.326852 0.766146 0.327778 0.766667 0.327778 0.767708 0.329630 0.768229 0.329630 0.768750 0.330556 0.769271 0.330556 0.770833 0.333333 0.771354 0.333333 0.772917 0.336111 0.773438 0.336111 0.776042 0.340741 0.776563 0.340741 0.779687 0.346296 0.780208 0.346296 0.785937 0.356481 0.786458 0.356481 0.827083 0.428704 0.827604 0.428704 0.829167 0.431481 0.829688 0.431481 0.830208 0.432407 0.830729 0.432407 0.831250 0.433333 0.834375 0.433333 0.834896 0.432407 0.835417 0.432407 0.837500 0.428704 0.837500 0.427778 0.838021 0.426852 0.838021 0.424074 0.837500 0.423148 0.837500 0.421296 0.836979 0.420370 0.836979 0.419444 0.836458 0.418519 0.836458 0.416667 0.835938 0.415741 0.835938 0.414815 0.835417 0.413889 0.835417 0.412037 0.834896 0.411111 0.834896 0.410185 0.834375 0.409259 0.834375 0.408333 0.833854 0.407407 0.833854 0.405556 0.833333 0.404630 0.833333 0.403704 0.832812 0.402778 0.832812 0.400926 0.832292 0.400000 0.832292 0.399074 0.831771 0.398148 0.831771 0.396296 0.831250 0.395370 0.831250 0.394444 0.830729 0.393519 0.830729 0.392593 0.830208 0.391667 0.830208 0.389815 0.829688 0.388889 0.829688 0.387963 0.829167 0.387037 0.829167 0.385185 0.828646 0.384259 0.828646 0.383333 0.828125 0.382407 0.828125 0.380556 0.827604 0.379630 0.827604 0.378704 0.827083 0.377778 0.827083 0.376852 0.826562 0.375926 0.826562 0.374074 0.826042 0.373148 0.826042 0.372222 0.825521 0.371296 0.825521 0.369444 0.825000 0.368519 0.825000 0.367593 0.824479 0.366667 0.824479 0.364815 0.823958 0.363889 0.823958 0.362963 0.823438 0.362037 0.823438 0.361111 0.822917 0.360185 0.822917 0.358333 0.822396 0.357407 0.822396 0.356481 0.821875 0.355556 0.821875 0.353704 0.821354 0.352778 0.821354 0.351852 0.820833 0.350926 0.820833 0.349074 0.820312 0.348148 0.820312 0.347222 0.819792 0.346296 0.819792 0.345370 0.819271 0.344444 0.819271 0.342593 0.818750 0.341667 0.818750 0.340741 0.818229 0.339815 0.818229 0.337963 0.817708 0.337037 0.817708 0.336111 0.817187 0.335185 0.817187 0.334259 0.816667 0.333333 0.816667 0.331481 0.816146 0.330556 0.816146 0.329630 0.815625 0.328704 0.815625 0.326852 0.815104 0.325926 0.815104 0.325000 0.814583 0.324074 0.814583 0.322222 0.814063 0.321296 0.814063 0.320370 0.813542 0.319444 0.813542 0.318519 0.813021 0.317593 0.813021 0.315741 0.812500 0.314815 0.812500 0.313889 0.811979 0.312963 0.811979 0.311111 0.811458 0.310185 0.811458 0.309259 0.810937 0.308333 0.810937 0.306481 0.810417 0.305556 0.810417 0.304630 0.809896 0.303704 0.809896 0.302778 0.809375 0.301852 0.809375 0.300000 0.808854 0.299074 0.808854 0.298148 0.808333 0.297222 0.808333 0.295370 0.807813 0.294444 0.807813 0.293519 0.807292 0.292593 0.807292 0.290741 0.806771 0.289815 0.806771 0.288889 0.806250 0.287963 0.806250 0.287037 0.805729 0.286111 0.805729 0.284259 0.805208 0.283333 0.805208 0.282407 0.804688 0.281481 0.804688 0.279630 0.804167 0.278704 0.804167 0.277778 0.803646 0.276852 0.803646 0.275000 0.803125 0.274074 0.803125 0.273148 0.802604 0.272222 0.802604 0.271296 0.802083 0.270370 0.802083 0.268519 0.801562 0.267593 0.801562 0.266667 0.801042 0.265741 0.801042 0.263889 0.800521 0.262963 0.800521 0.262037 0.800000 0.261111 0.800000 0.259259 0.799479 0.258333 0.799479 0.257407 0.798958 0.256481 0.798958 0.255556 0.798438 0.254630 0.798438 0.252778 0.797917 0.251852 0.797917 0.250926 0.797396 0.250000 0.797396 0.248148 0.796875 0.247222 0.796875 0.246296 0.796354 0.245370 0.796354 0.243519 0.795833 0.242593 0.795833 0.241667 0.795312 0.240741 0.795312 0.239815 0.794792 0.238889 0.794792 0.237037 0.794271 0.236111 0.794271 0.235185 0.793750 0.234259 0.793750 0.232407 0.793229 0.231481 0.793229 0.230556 0.792708 0.229630 0.792708 0.228704 0.792188 0.227778 0.792188 0.226852 0.791667 0.225926 0.791667 0.225000 0.788542 0.219444 0.788542 0.218519 0.775000 0.194444 0.775000 0.193519 0.758854 0.164815 0.758854 0.163889 0.742188 0.134259 0.742188 0.133333 0.734375 0.119444 0.733854 0.119444 0.731771 0.115741 0.731250 0.115741 0.730729 0.114815