0 0.114844 0.607870 0.130729 0.125000 0.174479 0.545370 0.173958 0.546296 0.173437 0.546296 0.172917 0.547222 0.172396 0.547222 0.171875 0.548148 0.171354 0.548148 0.170833 0.549074 0.170313 0.549074 0.169271 0.550926 0.168750 0.550926 0.167187 0.553704 0.166667 0.553704 0.165104 0.556481 0.164583 0.556481 0.161458 0.562037 0.160938 0.562037 0.154688 0.573148 0.154167 0.573148 0.130208 0.615741 0.130208 0.616667 0.123958 0.627778 0.123438 0.627778 0.121354 0.631481 0.119271 0.631481 0.118750 0.630556 0.118229 0.630556 0.116146 0.626852 0.116146 0.621296 0.116667 0.620370 0.116667 0.619444 0.117708 0.617593 0.117708 0.616667 0.118229 0.615741 0.118229 0.614815 0.119271 0.612963 0.119271 0.612037 0.120313 0.610185 0.120313 0.609259 0.121354 0.607407 0.121354 0.606481 0.121875 0.605556 0.121875 0.604630 0.122917 0.602778 0.122917 0.601852 0.123958 0.600000 0.123958 0.599074 0.124479 0.598148 0.124479 0.597222 0.125521 0.595370 0.125521 0.593519 0.115625 0.611111 0.115625 0.612037 0.110937 0.620370 0.110417 0.620370 0.107292 0.625926 0.103646 0.625926 0.102083 0.623148 0.101562 0.623148 0.099479 0.619444 0.098958 0.619444 0.095833 0.613889 0.095312 0.613889 0.092188 0.608333 0.091667 0.608333 0.088021 0.601852 0.087500 0.601852 0.083854 0.595370 0.083333 0.595370 0.079687 0.588889 0.079167 0.588889 0.075521 0.582407 0.075000 0.582407 0.071354 0.575926 0.070833 0.575926 0.067187 0.569444 0.066667 0.569444 0.063021 0.562963 0.062500 0.562963 0.058854 0.556481 0.058333 0.556481 0.057292 0.554630 0.055729 0.554630 0.055729 0.555556 0.052604 0.561111 0.052604 0.562037 0.050000 0.566667 0.050000 0.567593 0.049479 0.568519 0.049479 0.574074 0.050000 0.575000 0.050000 0.575926 0.052083 0.579630 0.052604 0.579630 0.054167 0.582407 0.054167 0.583333 0.055208 0.585185 0.055729 0.585185 0.059375 0.591667 0.059896 0.591667 0.063021 0.597222 0.063542 0.597222 0.066667 0.602778 0.067187 0.602778 0.070312 0.608333 0.070833 0.608333 0.073958 0.613889 0.074479 0.613889 0.077604 0.619444 0.078125 0.619444 0.081250 0.625000 0.081771 0.625000 0.084896 0.630556 0.085417 0.630556 0.088542 0.636111 0.089063 0.636111 0.092188 0.641667 0.092708 0.641667 0.095833 0.647222 0.096354 0.647222 0.098958 0.651852 0.099479 0.651852 0.102604 0.657407 0.103125 0.657407 0.106250 0.662963 0.106771 0.662963 0.109375 0.667593 0.109896 0.667593 0.111458 0.670370 0.119271 0.670370 0.119792 0.669444 0.121354 0.669444 0.130208 0.653704 0.130208 0.652778 0.142187 0.631481 0.142187 0.630556 0.154688 0.608333 0.154688 0.607407 0.166667 0.586111 0.166667 0.585185 0.173437 0.573148 0.173437 0.572222 0.175000 0.569444 0.175000 0.568519 0.176042 0.566667 0.176042 0.565741 0.176563 0.564815 0.176563 0.562963 0.177083 0.562037 0.177083 0.561111 0.177604 0.560185 0.177604 0.559259 0.178125 0.558333 0.178125 0.556481 0.178646 0.555556 0.178646 0.554630 0.179167 0.553704 0.179167 0.551852 0.179688 0.550926 0.179688 0.550000 0.180208 0.549074 0.180208 0.546296 0.179688 0.545370
0 0.107292 0.556019 0.137500 0.139815 0.172917 0.486111 0.172396 0.487037 0.171875 0.487037 0.171354 0.487963 0.170833 0.487963 0.170313 0.488889 0.169792 0.488889 0.168750 0.490741 0.168229 0.490741 0.167708 0.491667 0.167187 0.491667 0.165104 0.495370 0.164583 0.495370 0.162500 0.499074 0.161979 0.499074 0.157812 0.506481 0.157292 0.506481 0.120833 0.571296 0.120313 0.571296 0.119792 0.572222 0.119271 0.572222 0.118750 0.573148 0.118229 0.573148 0.117708 0.572222 0.117188 0.572222 0.116667 0.571296 0.116146 0.571296 0.114062 0.567593 0.114062 0.565741 0.113542 0.564815 0.113542 0.563889 0.114062 0.562963 0.114062 0.562037 0.114583 0.561111 0.114583 0.560185 0.115625 0.558333 0.115625 0.557407 0.117188 0.554630 0.117188 0.553704 0.118229 0.551852 0.118229 0.550926 0.119792 0.548148 0.119792 0.547222 0.120833 0.545370 0.120833 0.544444 0.122396 0.541667 0.122396 0.540741 0.123438 0.538889 0.123438 0.537963 0.125000 0.535185 0.125000 0.534259 0.126042 0.532407 0.126042 0.531481 0.127604 0.528704 0.127604 0.527778 0.128646 0.525926 0.128646 0.525000 0.130208 0.522222 0.130208 0.521296 0.131771 0.518519 0.131771 0.517593 0.132812 0.515741 0.132812 0.514815 0.134375 0.512037 0.117708 0.541667 0.117708 0.542593 0.106250 0.562963 0.105729 0.562963 0.104167 0.565741 0.103125 0.565741 0.102604 0.566667 0.102083 0.565741 0.101042 0.565741 0.100521 0.564815 0.100000 0.564815 0.099479 0.563889 0.098958 0.563889 0.096875 0.560185 0.096354 0.560185 0.093229 0.554630 0.092708 0.554630 0.089063 0.548148 0.088542 0.548148 0.084375 0.540741 0.083854 0.540741 0.080208 0.534259 0.079687 0.534259 0.075521 0.526852 0.075000 0.526852 0.071354 0.520370 0.070833 0.520370 0.067187 0.513889 0.066667 0.513889 0.062500 0.506481 0.061979 0.506481 0.058333 0.500000 0.057813 0.500000 0.053646 0.492593 0.051042 0.497222 0.050521 0.497222 0.040625 0.514815 0.040104 0.514815 0.039062 0.516667 0.039062 0.517593 0.038542 0.518519 0.038542 0.523148 0.039062 0.524074 0.039062 0.525000 0.044792 0.535185 0.045312 0.535185 0.049479 0.542593 0.050000 0.542593 0.053646 0.549074 0.054167 0.549074 0.057813 0.555556 0.058333 0.555556 0.061979 0.562037 0.062500 0.562037 0.066146 0.568519 0.066667 0.568519 0.070312 0.575000 0.070833 0.575000 0.074479 0.581481 0.075000 0.581481 0.078646 0.587963 0.079167 0.587963 0.082812 0.594444 0.083333 0.594444 0.086979 0.600926 0.087500 0.600926 0.091146 0.607407 0.091667 0.607407 0.094792 0.612963 0.095312 0.612963 0.098437 0.618519 0.098958 0.618519 0.101042 0.622222 0.101562 0.622222 0.103125 0.625000 0.103646 0.625000 0.104167 0.625926 0.106771 0.625926 0.107292 0.625000 0.107813 0.625000 0.110937 0.619444 0.111458 0.619444 0.115104 0.612963 0.115104 0.612037 0.133854 0.578704 0.133854 0.577778 0.152604 0.544444 0.152604 0.543519 0.163542 0.524074 0.163542 0.523148 0.165104 0.520370 0.165104 0.519444 0.166146 0.517593 0.166146 0.516667 0.166667 0.515741 0.166667 0.514815 0.167187 0.513889 0.167187 0.512963 0.168229 0.511111 0.168229 0.510185 0.168750 0.509259 0.168750 0.508333 0.169792 0.506481 0.169792 0.505556 0.170313 0.504630 0.170313 0.503704 0.170833 0.502778 0.170833 0.501852 0.171875 0.500000 0.171875 0.499074 0.172396 0.498148 0.172396 0.497222 0.173437 0.495370 0.173437 0.494444 0.173958 0.493519 0.173958 0.492593 0.175000 0.490741 0.175000 0.489815 0.175521 0.488889 0.175521 0.487963 0.176042 0.487037 0.176042 0.486111
0 0.106771 0.493056 0.139583 0.145370 0.174479 0.420370 0.173958 0.421296 0.172917 0.421296 0.172396 0.422222 0.171875 0.422222 0.171354 0.423148 0.170833 0.423148 0.169792 0.425000 0.169271 0.425000 0.168229 0.426852 0.167708 0.426852 0.166146 0.429630 0.165625 0.429630 0.163021 0.434259 0.162500 0.434259 0.157812 0.442593 0.157292 0.442593 0.121875 0.505556 0.121354 0.505556 0.120833 0.506481 0.119271 0.506481 0.118750 0.505556 0.118229 0.505556 0.115625 0.500926 0.115625 0.495370 0.116667 0.493519 0.116667 0.492593 0.118750 0.488889 0.118750 0.487963 0.121354 0.483333 0.121354 0.482407 0.123438 0.478704 0.123438 0.477778 0.126042 0.473148 0.126042 0.472222 0.128125 0.468519 0.128125 0.467593 0.130729 0.462963 0.130729 0.462037 0.132812 0.458333 0.132812 0.457407 0.135417 0.452778 0.135417 0.451852 0.137500 0.448148 0.137500 0.447222 0.140104 0.442593 0.130729 0.459259 0.130729 0.460185 0.114583 0.488889 0.114583 0.489815 0.098437 0.518519 0.098437 0.519444 0.092708 0.529630 0.092188 0.529630 0.090104 0.533333 0.089583 0.533333 0.089063 0.534259 0.088021 0.534259 0.087500 0.535185 0.086979 0.534259 0.085938 0.534259 0.084896 0.532407 0.084375 0.532407 0.083333 0.530556 0.082812 0.530556 0.079687 0.525000 0.079167 0.525000 0.076042 0.519444 0.075521 0.519444 0.071354 0.512037 0.070833 0.512037 0.067187 0.505556 0.066667 0.505556 0.062500 0.498148 0.061979 0.498148 0.058333 0.491667 0.057813 0.491667 0.053646 0.484259 0.053125 0.484259 0.049479 0.477778 0.048958 0.477778 0.044792 0.470370 0.044271 0.470370 0.040625 0.463889 0.040104 0.463889 0.037500 0.459259 0.036979 0.460185 0.036979 0.463889 0.037500 0.464815 0.037500 0.465741 0.044271 0.477778 0.044792 0.477778 0.048958 0.485185 0.049479 0.485185 0.053125 0.491667 0.053646 0.491667 0.057813 0.499074 0.058333 0.499074 0.061979 0.505556 0.062500 0.505556 0.066667 0.512963 0.067187 0.512963 0.070833 0.519444 0.071354 0.519444 0.075000 0.525926 0.075521 0.525926 0.079687 0.533333 0.080208 0.533333 0.083854 0.539815 0.084375 0.539815 0.088542 0.547222 0.089063 0.547222 0.092708 0.553704 0.093229 0.553704 0.096354 0.559259 0.096875 0.559259 0.098958 0.562963 0.099479 0.562963 0.100000 0.563889 0.100521 0.563889 0.101042 0.564815 0.102083 0.564815 0.102604 0.565741 0.103125 0.564815 0.104167 0.564815 0.105729 0.562037 0.106250 0.562037 0.117188 0.542593 0.117188 0.541667 0.134375 0.511111 0.134375 0.510185 0.151562 0.479630 0.151562 0.478704 0.159375 0.464815 0.159375 0.463889 0.160938 0.461111 0.160938 0.460185 0.161979 0.458333 0.161979 0.457407 0.163021 0.455556 0.163021 0.454630 0.164583 0.451852 0.164583 0.450926 0.165625 0.449074 0.165625 0.448148 0.166667 0.446296 0.166667 0.445370 0.167708 0.443519 0.167708 0.442593 0.169271 0.439815 0.169271 0.438889 0.170313 0.437037 0.170313 0.436111 0.171354 0.434259 0.171354 0.433333 0.172917 0.430556 0.172917 0.429630 0.173958 0.427778 0.173958 0.426852 0.175000 0.425000 0.175000 0.424074 0.176563 0.421296 0.176563 0.420370
0 0.100000 0.445833 0.159375 0.176852 0.175000 0.357407 0.174479 0.358333 0.173958 0.358333 0.173437 0.359259 0.172396 0.359259 0.171875 0.360185 0.171354 0.360185 0.170313 0.362037 0.169792 0.362037 0.168750 0.363889 0.168229 0.363889 0.166146 0.367593 0.165625 0.367593 0.163021 0.372222 0.162500 0.372222 0.157292 0.381481 0.156771 0.381481 0.132812 0.424074 0.132812 0.425000 0.123958 0.440741 0.123438 0.440741 0.122396 0.442593 0.119792 0.442593 0.118750 0.440741 0.118229 0.440741 0.117188 0.438889 0.117188 0.437963 0.116667 0.437037 0.116667 0.432407 0.117188 0.431481 0.117188 0.430556 0.118229 0.428704 0.118229 0.427778 0.125000 0.415741 0.125000 0.414815 0.130729 0.404630 0.130208 0.404630 0.129167 0.402778 0.128125 0.402778 0.121354 0.414815 0.121354 0.415741 0.105729 0.443519 0.105729 0.444444 0.090104 0.472222 0.090104 0.473148 0.080729 0.489815 0.080208 0.489815 0.078646 0.492593 0.078125 0.492593 0.077604 0.493519 0.076042 0.493519 0.075521 0.492593 0.075000 0.492593 0.074479 0.491667 0.073958 0.491667 0.072917 0.489815 0.072396 0.489815 0.070312 0.486111 0.069792 0.486111 0.066667 0.480556 0.066146 0.480556 0.061979 0.473148 0.061458 0.473148 0.057813 0.466667 0.057292 0.466667 0.053125 0.459259 0.052604 0.459259 0.048958 0.452778 0.048438 0.452778 0.044271 0.445370 0.043750 0.445370 0.040104 0.438889 0.039583 0.438889 0.035417 0.431481 0.034896 0.431481 0.031250 0.425000 0.030729 0.425000 0.026562 0.417593 0.025521 0.417593 0.023958 0.420370 0.023438 0.420370 0.022396 0.422222 0.021875 0.422222 0.020833 0.424074 0.020833 0.425000 0.020313 0.425926 0.020313 0.429630 0.021354 0.431481 0.021354 0.432407 0.026562 0.441667 0.027083 0.441667 0.031250 0.449074 0.031771 0.449074 0.035417 0.455556 0.035937 0.455556 0.040104 0.462963 0.040625 0.462963 0.044271 0.469444 0.044792 0.469444 0.048958 0.476852 0.049479 0.476852 0.053125 0.483333 0.053646 0.483333 0.057813 0.490741 0.058333 0.490741 0.061979 0.497222 0.062500 0.497222 0.066667 0.504630 0.067187 0.504630 0.070833 0.511111 0.071354 0.511111 0.075521 0.518519 0.076042 0.518519 0.079167 0.524074 0.079687 0.524074 0.082812 0.529630 0.083333 0.529630 0.084375 0.531481 0.084896 0.531481 0.085938 0.533333 0.086979 0.533333 0.087500 0.534259 0.088021 0.533333 0.089063 0.533333 0.089583 0.532407 0.090104 0.532407 0.092188 0.528704 0.092708 0.528704 0.097917 0.519444 0.097917 0.518519 0.114062 0.489815 0.114062 0.488889 0.130208 0.460185 0.130208 0.459259 0.143750 0.435185 0.143750 0.434259 0.146875 0.428704 0.146875 0.427778 0.149479 0.423148 0.149479 0.422222 0.151562 0.418519 0.151562 0.417593 0.154167 0.412963 0.154167 0.412037 0.156250 0.408333 0.156250 0.407407 0.158854 0.402778 0.158854 0.401852 0.160938 0.398148 0.160938 0.397222 0.163542 0.392593 0.163542 0.391667 0.165625 0.387963 0.165625 0.387037 0.168229 0.382407 0.168229 0.381481 0.170313 0.377778 0.170313 0.376852 0.172917 0.372222 0.172917 0.371296 0.175000 0.367593 0.175000 0.366667 0.177604 0.362037 0.177604 0.361111 0.179688 0.357407
0 0.092448 0.398148 0.168229 0.188889 0.172396 0.303704 0.170313 0.307407 0.169792 0.307407 0.154688 0.334259 0.154167 0.334259 0.137500 0.363889 0.136979 0.363889 0.133854 0.369444 0.133333 0.369444 0.132292 0.371296 0.131771 0.371296 0.131250 0.372222 0.130729 0.372222 0.130208 0.373148 0.128125 0.373148 0.127604 0.374074 0.127083 0.373148 0.125000 0.373148 0.124479 0.372222 0.123438 0.372222 0.122917 0.371296 0.122396 0.371296 0.121875 0.370370 0.121354 0.370370 0.120313 0.368519 0.119792 0.368519 0.118750 0.366667 0.118229 0.366667 0.116667 0.363889 0.116146 0.363889 0.114062 0.360185 0.113542 0.360185 0.111458 0.356481 0.110937 0.356481 0.108333 0.351852 0.107813 0.351852 0.104688 0.346296 0.104167 0.346296 0.100521 0.339815 0.100000 0.339815 0.095833 0.332407 0.095312 0.332407 0.090625 0.324074 0.090104 0.324074 0.085417 0.315741 0.084896 0.315741 0.081771 0.310185 0.081250 0.310185 0.080208 0.308333 0.079687 0.308333 0.079167 0.307407 0.076563 0.307407 0.076042 0.308333 0.075521 0.308333 0.075000 0.309259 0.074479 0.309259 0.073438 0.311111 0.072917 0.311111 0.071875 0.312963 0.071354 0.312963 0.070833 0.313889 0.070312 0.313889 0.069271 0.315741 0.068750 0.315741 0.068229 0.316667 0.067708 0.316667 0.066667 0.318519 0.066146 0.318519 0.065625 0.319444 0.065104 0.319444 0.064062 0.321296 0.063542 0.321296 0.062500 0.323148 0.061979 0.323148 0.061458 0.324074 0.060937 0.324074 0.059896 0.325926 0.059375 0.325926 0.058854 0.326852 0.058333 0.326852 0.057292 0.328704 0.056771 0.328704 0.056250 0.329630 0.055729 0.329630 0.054688 0.331481 0.054167 0.331481 0.053125 0.333333 0.052604 0.333333 0.052083 0.334259 0.051562 0.334259 0.050521 0.336111 0.050000 0.336111 0.049479 0.337037 0.048958 0.337037 0.047917 0.338889 0.047396 0.338889 0.046354 0.340741 0.045833 0.340741 0.045312 0.341667 0.044792 0.341667 0.043750 0.343519 0.043229 0.343519 0.042708 0.344444 0.042188 0.344444 0.041146 0.346296 0.040625 0.346296 0.040104 0.347222 0.039583 0.347222 0.038542 0.349074 0.038021 0.349074 0.036979 0.350926 0.036458 0.350926 0.035937 0.351852 0.035417 0.351852 0.034375 0.353704 0.033854 0.353704 0.033333 0.354630 0.032813 0.354630 0.031771 0.356481 0.031250 0.356481 0.030729 0.357407 0.030208 0.357407 0.029167 0.359259 0.028646 0.359259 0.027604 0.361111 0.027083 0.361111 0.026562 0.362037 0.026042 0.362037 0.025000 0.363889 0.024479 0.363889 0.023958 0.364815 0.023438 0.364815 0.022396 0.366667 0.021875 0.366667 0.020833 0.368519 0.020313 0.368519 0.019792 0.369444 0.019271 0.369444 0.018229 0.371296 0.017708 0.371296 0.017188 0.372222 0.016667 0.372222 0.015625 0.374074 0.015104 0.374074 0.014583 0.375000 0.014063 0.375000 0.013021 0.376852 0.012500 0.376852 0.011458 0.378704 0.010937 0.378704 0.010417 0.379630 0.009896 0.379630 0.009375 0.380556 0.009375 0.381481 0.008854 0.382407 0.008854 0.383333 0.008333 0.384259 0.008333 0.385185 0.008854 0.386111 0.008854 0.387963 0.017188 0.402778 0.017708 0.402778 0.021354 0.409259 0.021875 0.409259 0.026042 0.416667 0.026562 0.416667 0.030729 0.424074 0.031250 0.424074 0.034896 0.430556 0.035417 0.430556 0.039583 0.437963 0.040104 0.437963 0.043750 0.444444 0.044271 0.444444 0.048438 0.451852 0.048958 0.451852 0.052604 0.458333 0.053125 0.458333 0.057292 0.465741 0.057813 0.465741 0.061458 0.472222 0.061979 0.472222 0.066146 0.479630 0.066667 0.479630 0.069792 0.485185 0.070312 0.485185 0.072396 0.488889 0.072917 0.488889 0.073958 0.490741 0.074479 0.490741 0.075000 0.491667 0.075521 0.491667 0.076042 0.492593 0.077604 0.492593 0.078125 0.491667 0.078646 0.491667 0.080208 0.488889 0.080729 0.488889 0.089583 0.473148 0.089583 0.472222 0.105208 0.444444 0.105208 0.443519 0.120833 0.415741 0.120833 0.414815 0.136458 0.387037 0.136458 0.386111 0.150521 0.361111 0.150521 0.360185 0.165104 0.334259 0.165104 0.333333 0.174479 0.316667 0.174479 0.315741 0.176042 0.312963 0.176042 0.312037 0.176563 0.311111 0.176563 0.308333 0.176042 0.307407 0.176042 0.306481 0.175000 0.304630 0.174479 0.304630 0.173958 0.303704
0 0.245052 0.337963 0.128646 0.170370 0.305208 0.252778 0.304688 0.253704 0.304167 0.253704 0.291667 0.275926 0.291667 0.276852 0.282813 0.292593 0.282292 0.292593 0.273958 0.307407 0.273438 0.307407 0.270313 0.312963 0.269792 0.312963 0.268229 0.315741 0.267708 0.315741 0.266667 0.317593 0.266146 0.317593 0.265625 0.318519 0.265104 0.318519 0.264583 0.319444 0.264062 0.319444 0.263542 0.320370 0.261979 0.320370 0.261458 0.321296 0.260937 0.321296 0.260417 0.320370 0.258333 0.320370 0.257812 0.319444 0.257292 0.319444 0.256771 0.318519 0.256250 0.318519 0.255729 0.317593 0.255208 0.317593 0.254167 0.315741 0.253646 0.315741 0.252604 0.313889 0.252083 0.313889 0.250000 0.310185 0.249479 0.310185 0.247396 0.306481 0.246875 0.306481 0.243750 0.300926 0.243229 0.300926 0.239063 0.293519 0.238542 0.293519 0.233333 0.284259 0.232813 0.284259 0.225000 0.270370 0.224479 0.270370 0.218750 0.260185 0.218229 0.260185 0.216146 0.256481 0.215625 0.256481 0.215104 0.255556 0.211979 0.255556 0.209375 0.260185 0.209375 0.261111 0.202083 0.274074 0.202083 0.275000 0.194271 0.288889 0.194271 0.289815 0.186458 0.303704 0.186458 0.304630 0.181250 0.313889 0.181250 0.314815 0.180729 0.315741 0.180729 0.318519 0.181250 0.319444 0.181250 0.320370 0.182292 0.322222 0.182292 0.323148 0.188021 0.333333 0.188542 0.333333 0.195312 0.345370 0.195833 0.345370 0.202604 0.357407 0.203125 0.357407 0.209375 0.368519 0.209896 0.368519 0.216146 0.379630 0.216667 0.379630 0.223438 0.391667 0.223958 0.391667 0.230208 0.402778 0.230729 0.402778 0.236458 0.412963 0.236979 0.412963 0.240625 0.419444 0.241146 0.419444 0.242188 0.421296 0.242708 0.421296 0.243229 0.422222 0.243750 0.422222 0.244271 0.423148 0.245312 0.423148 0.245833 0.422222 0.246354 0.422222 0.246875 0.421296 0.247396 0.421296 0.272917 0.375926 0.272917 0.375000 0.292708 0.339815 0.292708 0.338889 0.302083 0.322222 0.302083 0.321296 0.303646 0.318519 0.303646 0.317593 0.304167 0.316667 0.304167 0.313889 0.304688 0.312963 0.304688 0.307407 0.305208 0.306481 0.305208 0.301852 0.305729 0.300926 0.305729 0.296296 0.306250 0.295370 0.306250 0.289815 0.306771 0.288889 0.306771 0.284259 0.307292 0.283333 0.307292 0.277778 0.307812 0.276852 0.307812 0.272222 0.308333 0.271296 0.308333 0.266667 0.308854 0.265741 0.308854 0.260185 0.309375 0.259259 0.309375 0.257407 0.308854 0.256481 0.308854 0.255556 0.307812 0.253704 0.307292 0.253704 0.306771 0.252778
0 0.372135 0.342593 0.121354 0.168519 0.408333 0.258333 0.381771 0.305556 0.381250 0.305556 0.376042 0.314815 0.375521 0.314815 0.373437 0.318519 0.372917 0.318519 0.371354 0.321296 0.370833 0.321296 0.369792 0.323148 0.369271 0.323148 0.368750 0.324074 0.368229 0.324074 0.367708 0.325000 0.367188 0.325000 0.366667 0.325926 0.363021 0.325926 0.362500 0.325000 0.361458 0.325000 0.360938 0.324074 0.360417 0.324074 0.359896 0.323148 0.359375 0.323148 0.358333 0.321296 0.357812 0.321296 0.356771 0.319444 0.356250 0.319444 0.354167 0.315741 0.353646 0.315741 0.351562 0.312037 0.351042 0.312037 0.347396 0.305556 0.346875 0.305556 0.341146 0.295370 0.340625 0.295370 0.331250 0.278704 0.330729 0.278704 0.322917 0.264815 0.322396 0.264815 0.320833 0.262037 0.320312 0.262037 0.319792 0.261111 0.317188 0.261111 0.315625 0.263889 0.315625 0.269444 0.315104 0.270370 0.315104 0.276852 0.314583 0.277778 0.314583 0.284259 0.314063 0.285185 0.314063 0.290741 0.313542 0.291667 0.313542 0.298148 0.313021 0.299074 0.313021 0.305556 0.312500 0.306481 0.312500 0.312963 0.311979 0.313889 0.311979 0.320370 0.311458 0.321296 0.311458 0.322222 0.311979 0.323148 0.311979 0.325000 0.313021 0.326852 0.313021 0.327778 0.322396 0.344444 0.322917 0.344444 0.333333 0.362963 0.333854 0.362963 0.343750 0.380556 0.344271 0.380556 0.354687 0.399074 0.355208 0.399074 0.364583 0.415741 0.365104 0.415741 0.369271 0.423148 0.369792 0.423148 0.371354 0.425926 0.371875 0.425926 0.372396 0.426852 0.373958 0.426852 0.374479 0.425926 0.375000 0.425926 0.376042 0.424074 0.376563 0.424074 0.400521 0.381481 0.400521 0.380556 0.426563 0.334259 0.426563 0.333333 0.431250 0.325000 0.431250 0.324074 0.432292 0.322222 0.432292 0.320370 0.432812 0.319444 0.432292 0.318519 0.432292 0.316667 0.431771 0.315741 0.431771 0.314815 0.430729 0.312963 0.430729 0.312037 0.429688 0.310185 0.429688 0.309259 0.428646 0.307407 0.428646 0.306481 0.427604 0.304630 0.427604 0.303704 0.426563 0.301852 0.426563 0.300926 0.426042 0.300000 0.426042 0.299074 0.425000 0.297222 0.425000 0.296296 0.423958 0.294444 0.423958 0.293519 0.422917 0.291667 0.422917 0.290741 0.421875 0.288889 0.421875 0.287963 0.420833 0.286111 0.420833 0.285185 0.420312 0.284259 0.420312 0.283333 0.419271 0.281481 0.419271 0.280556 0.418229 0.278704 0.418229 0.277778 0.417187 0.275926 0.417187 0.275000 0.416146 0.273148 0.416146 0.272222 0.415104 0.270370 0.415104 0.269444 0.414583 0.268519 0.414583 0.267593 0.413542 0.265741 0.413542 0.264815 0.412500 0.262963 0.412500 0.262037 0.410417 0.258333
0 0.489583 0.343056 0.141667 0.169444 0.510938 0.258333 0.509375 0.261111 0.508854 0.261111 0.498958 0.278704 0.498958 0.279630 0.492708 0.290741 0.492188 0.290741 0.481250 0.310185 0.480729 0.310185 0.477083 0.316667 0.476562 0.316667 0.474479 0.320370 0.473958 0.320370 0.472917 0.322222 0.472396 0.322222 0.471354 0.324074 0.470313 0.324074 0.469792 0.325000 0.469271 0.325000 0.468750 0.325926 0.465104 0.325926 0.464583 0.325000 0.464062 0.325000 0.463542 0.324074 0.463021 0.324074 0.462500 0.323148 0.461979 0.323148 0.461458 0.322222 0.460938 0.322222 0.459896 0.320370 0.459375 0.320370 0.457292 0.316667 0.456771 0.316667 0.454167 0.312037 0.453646 0.312037 0.449479 0.304630 0.448958 0.304630 0.440104 0.288889 0.439583 0.288889 0.425521 0.263889 0.425000 0.263889 0.423958 0.262037 0.423438 0.262037 0.422917 0.261111 0.422396 0.261111 0.421875 0.260185 0.421354 0.260185 0.420833 0.261111 0.420312 0.261111 0.418750 0.263889 0.418750 0.266667 0.419271 0.267593 0.419271 0.268519 0.420312 0.270370 0.420312 0.271296 0.421354 0.273148 0.421354 0.274074 0.422396 0.275926 0.422396 0.276852 0.423438 0.278704 0.423438 0.279630 0.424479 0.281481 0.424479 0.282407 0.425521 0.284259 0.425521 0.285185 0.426563 0.287037 0.426563 0.287963 0.427604 0.289815 0.427604 0.290741 0.428646 0.292593 0.428646 0.293519 0.429688 0.295370 0.429688 0.296296 0.430729 0.298148 0.430729 0.299074 0.431771 0.300926 0.431771 0.301852 0.432812 0.303704 0.432812 0.304630 0.433854 0.306481 0.433854 0.307407 0.434896 0.309259 0.434896 0.310185 0.435937 0.312037 0.435937 0.312963 0.436979 0.314815 0.436979 0.315741 0.438021 0.317593 0.438021 0.318519 0.439063 0.320370 0.439063 0.321296 0.440104 0.323148 0.440104 0.324074 0.441667 0.326852 0.441667 0.327778 0.444271 0.332407 0.444271 0.333333 0.450521 0.344444 0.451042 0.344444 0.473438 0.384259 0.473958 0.384259 0.493750 0.419444 0.494271 0.419444 0.497917 0.425926 0.498437 0.425926 0.498958 0.426852 0.499479 0.426852 0.500000 0.427778 0.501563 0.427778 0.502083 0.426852 0.502604 0.426852 0.504167 0.424074 0.504687 0.424074 0.531250 0.376852 0.531250 0.375926 0.557813 0.328704 0.557813 0.327778 0.559896 0.324074 0.559896 0.323148 0.560417 0.322222 0.560417 0.318519 0.559896 0.317593 0.559896 0.316667 0.558333 0.313889 0.557813 0.313889 0.556250 0.311111 0.555729 0.311111 0.554688 0.309259 0.554167 0.309259 0.553125 0.307407 0.552604 0.307407 0.551562 0.305556 0.551042 0.305556 0.549479 0.302778 0.548958 0.302778 0.547917 0.300926 0.547396 0.300926 0.546354 0.299074 0.545833 0.299074 0.544792 0.297222 0.544271 0.297222 0.543229 0.295370 0.542708 0.295370 0.541146 0.292593 0.540625 0.292593 0.539583 0.290741 0.539062 0.290741 0.538021 0.288889 0.537500 0.288889 0.536458 0.287037 0.535937 0.287037 0.534896 0.285185 0.534375 0.285185 0.532813 0.282407 0.532292 0.282407 0.531250 0.280556 0.530729 0.280556 0.529687 0.278704 0.529167 0.278704 0.528125 0.276852 0.527604 0.276852 0.526042 0.274074 0.525521 0.274074 0.524479 0.272222 0.523958 0.272222 0.522917 0.270370 0.522396 0.270370 0.521354 0.268519 0.520833 0.268519 0.519792 0.266667 0.519271 0.266667 0.517708 0.263889 0.517188 0.263889 0.516146 0.262037 0.515625 0.262037 0.514583 0.260185 0.514062 0.260185 0.513021 0.258333
0 0.605208 0.337500 0.166667 0.171296 0.613542 0.251852 0.593750 0.287037 0.593229 0.287037 0.583854 0.303704 0.583333 0.303704 0.579688 0.310185 0.579167 0.310185 0.577083 0.313889 0.576562 0.313889 0.576042 0.312963 0.575521 0.312963 0.574479 0.311111 0.573958 0.311111 0.572917 0.309259 0.572396 0.309259 0.571354 0.307407 0.570833 0.307407 0.569792 0.305556 0.569271 0.305556 0.568229 0.303704 0.567708 0.303704 0.566667 0.301852 0.566146 0.301852 0.565625 0.300926 0.565104 0.300926 0.564063 0.299074 0.563542 0.299074 0.562500 0.297222 0.561979 0.297222 0.560937 0.295370 0.560417 0.295370 0.559375 0.293519 0.558854 0.293519 0.557813 0.291667 0.557292 0.291667 0.556250 0.289815 0.555729 0.289815 0.554688 0.287963 0.554167 0.287963 0.553125 0.286111 0.552604 0.286111 0.551562 0.284259 0.551042 0.284259 0.550000 0.282407 0.549479 0.282407 0.548438 0.280556 0.547917 0.280556 0.546875 0.278704 0.546354 0.278704 0.545312 0.276852 0.544792 0.276852 0.544271 0.275926 0.543750 0.275926 0.542708 0.274074 0.542188 0.274074 0.541146 0.272222 0.540625 0.272222 0.539583 0.270370 0.539062 0.270370 0.538021 0.268519 0.537500 0.268519 0.536458 0.266667 0.535937 0.266667 0.534896 0.264815 0.534375 0.264815 0.533333 0.262963 0.532813 0.262963 0.531771 0.261111 0.531250 0.261111 0.530208 0.259259 0.529687 0.259259 0.528646 0.257407 0.528125 0.257407 0.527083 0.255556 0.526563 0.255556 0.526042 0.254630 0.523438 0.254630 0.521875 0.257407 0.521875 0.260185 0.522396 0.261111 0.522396 0.262037 0.522917 0.262963 0.522917 0.263889 0.534375 0.284259 0.534896 0.284259 0.535937 0.286111 0.536458 0.286111 0.537500 0.287963 0.538021 0.287963 0.539062 0.289815 0.539583 0.289815 0.540625 0.291667 0.541146 0.291667 0.542708 0.294444 0.543229 0.294444 0.544271 0.296296 0.544792 0.296296 0.545833 0.298148 0.546354 0.298148 0.547396 0.300000 0.547917 0.300000 0.548958 0.301852 0.549479 0.301852 0.551042 0.304630 0.551562 0.304630 0.552604 0.306481 0.553125 0.306481 0.554167 0.308333 0.554688 0.308333 0.555729 0.310185 0.556250 0.310185 0.557813 0.312963 0.558333 0.312963 0.560417 0.316667 0.560417 0.317593 0.560937 0.318519 0.560937 0.319444 0.561979 0.321296 0.562500 0.321296 0.564063 0.324074 0.564583 0.324074 0.566146 0.326852 0.566667 0.326852 0.567708 0.328704 0.568229 0.328704 0.570312 0.332407 0.570833 0.332407 0.605729 0.394444 0.606250 0.394444 0.607812 0.397222 0.608333 0.397222 0.609896 0.400000 0.610417 0.400000 0.611979 0.402778 0.612500 0.402778 0.614583 0.406481 0.615104 0.406481 0.616667 0.409259 0.617188 0.409259 0.618750 0.412037 0.619271 0.412037 0.620833 0.414815 0.621354 0.414815 0.622917 0.417593 0.623437 0.417593 0.625000 0.420370 0.625521 0.420370 0.626563 0.422222 0.627604 0.422222 0.628125 0.423148 0.628646 0.422222 0.629687 0.422222 0.630729 0.420370 0.631250 0.420370 0.685937 0.323148 0.685937 0.322222 0.688021 0.318519 0.688021 0.317593 0.688542 0.316667 0.688542 0.312963 0.688021 0.312037 0.688021 0.311111 0.686458 0.308333 0.685937 0.308333 0.685417 0.307407 0.684896 0.307407 0.684375 0.306481 0.683333 0.306481 0.682813 0.305556 0.682292 0.305556 0.681771 0.304630 0.681250 0.304630 0.680729 0.303704 0.680208 0.303704 0.679688 0.302778 0.678646 0.302778 0.678125 0.301852 0.677604 0.301852 0.677083 0.300926 0.676562 0.300926 0.676042 0.300000 0.675521 0.300000 0.675000 0.299074 0.673958 0.299074 0.673438 0.298148 0.672917 0.298148 0.672396 0.297222 0.671875 0.297222 0.671354 0.296296 0.670833 0.296296 0.670312 0.295370 0.669271 0.295370 0.668750 0.294444 0.668229 0.294444 0.667708 0.293519 0.667188 0.293519 0.666667 0.292593 0.666146 0.292593 0.665625 0.291667 0.665104 0.291667 0.664583 0.290741 0.663542 0.290741 0.663021 0.289815 0.662500 0.289815 0.661979 0.288889 0.661458 0.288889 0.660937 0.287963 0.660417 0.287963 0.659896 0.287037 0.658854 0.287037 0.658333 0.286111 0.657813 0.286111 0.657292 0.285185 0.656771 0.285185 0.656250 0.284259 0.655729 0.284259 0.655208 0.283333 0.654167 0.283333 0.653646 0.282407 0.653125 0.282407 0.652604 0.281481 0.652083 0.281481 0.651563 0.280556 0.651042 0.280556 0.650521 0.279630 0.649479 0.279630 0.648958 0.278704 0.648438 0.278704 0.647917 0.277778 0.647396 0.277778 0.646875 0.276852 0.646354 0.276852 0.645833 0.275926 0.644792 0.275926 0.644271 0.275000 0.643750 0.275000 0.643229 0.274074 0.642708 0.274074 0.642188 0.273148 0.641667 0.273148 0.641146 0.272222 0.640104 0.272222 0.639583 0.271296 0.639062 0.271296 0.638542 0.270370 0.638021 0.270370 0.637500 0.269444 0.636979 0.269444 0.636458 0.268519 0.635417 0.268519 0.634896 0.267593 0.634375 0.267593 0.633854 0.266667 0.633333 0.266667 0.632812 0.265741 0.632292 0.265741 0.631771 0.264815 0.631250 0.264815 0.630729 0.263889 0.629687 0.263889 0.629167 0.262963 0.628646 0.262963 0.628125 0.262037 0.627604 0.262037 0.627083 0.261111 0.626563 0.261111 0.626042 0.260185 0.625000 0.260185 0.624479 0.259259 0.623958 0.259259 0.623437 0.258333 0.622917 0.258333 0.622396 0.257407 0.621875 0.257407 0.621354 0.256481 0.620313 0.256481 0.619792 0.255556 0.619271 0.255556 0.618750 0.254630 0.618229 0.254630 0.617708 0.253704 0.617188 0.253704 0.616667 0.252778 0.615625 0.252778 0.615104 0.251852
0 0.247135 0.590278 0.120313 0.115741 0.306250 0.532407 0.305729 0.533333 0.305208 0.533333 0.304688 0.534259 0.304167 0.534259 0.303646 0.535185 0.303125 0.535185 0.302083 0.537037 0.301563 0.537037 0.300000 0.539815 0.299479 0.539815 0.296875 0.544444 0.296354 0.544444 0.292708 0.550926 0.292187 0.550926 0.284375 0.564815 0.283854 0.564815 0.266667 0.595370 0.266667 0.596296 0.257812 0.612037 0.257292 0.612037 0.255729 0.614815 0.253125 0.614815 0.252604 0.613889 0.252083 0.613889 0.250521 0.611111 0.250521 0.610185 0.250000 0.609259 0.250000 0.603704 0.250521 0.602778 0.250521 0.600000 0.251042 0.599074 0.251042 0.598148 0.250521 0.598148 0.248958 0.600926 0.248438 0.600926 0.247917 0.601852 0.245833 0.601852 0.245312 0.600926 0.244271 0.600926 0.244271 0.603704 0.243750 0.604630 0.243750 0.607407 0.243229 0.608333 0.243229 0.611111 0.242708 0.612037 0.242708 0.614815 0.242188 0.615741 0.242188 0.618519 0.241667 0.619444 0.241667 0.620370 0.241146 0.621296 0.241146 0.622222 0.240104 0.624074 0.239583 0.624074 0.239063 0.625000 0.236458 0.625000 0.235937 0.624074 0.235417 0.624074 0.234896 0.623148 0.234375 0.623148 0.233333 0.621296 0.232813 0.621296 0.230729 0.617593 0.230208 0.617593 0.226042 0.610185 0.225521 0.610185 0.220833 0.601852 0.220312 0.601852 0.216146 0.594444 0.215625 0.594444 0.211458 0.587037 0.210938 0.587037 0.207292 0.580556 0.206771 0.580556 0.203646 0.575000 0.203125 0.575000 0.200521 0.570370 0.200000 0.570370 0.197396 0.565741 0.196875 0.565741 0.194792 0.562037 0.194271 0.562037 0.192708 0.559259 0.192188 0.559259 0.190625 0.556481 0.190104 0.556481 0.188542 0.553704 0.188021 0.553704 0.186979 0.551852 0.186979 0.554630 0.188021 0.556481 0.188021 0.557407 0.192188 0.564815 0.192708 0.564815 0.197917 0.574074 0.198437 0.574074 0.203646 0.583333 0.204167 0.583333 0.208854 0.591667 0.209375 0.591667 0.214583 0.600926 0.215104 0.600926 0.219792 0.609259 0.220312 0.609259 0.225521 0.618519 0.226042 0.618519 0.230729 0.626852 0.231250 0.626852 0.235937 0.635185 0.236458 0.635185 0.241146 0.643519 0.241667 0.643519 0.244271 0.648148 0.253125 0.648148 0.291146 0.580556 0.291146 0.579630 0.305729 0.553704 0.305729 0.552778 0.306771 0.550926 0.306771 0.550000 0.307292 0.549074 0.307292 0.532407
0 0.373698 0.587500 0.117188 0.106481 0.315104 0.534259 0.315104 0.547222 0.315625 0.548148 0.315625 0.549074 0.324479 0.564815 0.325000 0.564815 0.331250 0.575926 0.331771 0.575926 0.338021 0.587037 0.338542 0.587037 0.344792 0.598148 0.345313 0.598148 0.352083 0.610185 0.352604 0.610185 0.358854 0.621296 0.359375 0.621296 0.365625 0.632407 0.366146 0.632407 0.370312 0.639815 0.370833 0.639815 0.371354 0.640741 0.373958 0.640741 0.374479 0.639815 0.379167 0.639815 0.401042 0.600926 0.401042 0.600000 0.429167 0.550000 0.429167 0.549074 0.431771 0.544444 0.431771 0.543519 0.432292 0.542593 0.431771 0.543519 0.431250 0.543519 0.430208 0.545370 0.429688 0.545370 0.428125 0.548148 0.427604 0.548148 0.425000 0.552778 0.424479 0.552778 0.420312 0.560185 0.419792 0.560185 0.410938 0.575926 0.410417 0.575926 0.384896 0.621296 0.384375 0.621296 0.383854 0.622222 0.381771 0.622222 0.381250 0.621296 0.380729 0.621296 0.379167 0.618519 0.379167 0.617593 0.378646 0.616667 0.378646 0.613889 0.378125 0.612963 0.378125 0.607407 0.377604 0.606481 0.377604 0.600926 0.377083 0.600000 0.377083 0.597222 0.376563 0.598148 0.376042 0.598148 0.375521 0.599074 0.374479 0.599074 0.373958 0.598148 0.373437 0.598148 0.372917 0.597222 0.372396 0.597222 0.370833 0.594444 0.370312 0.594444 0.369792 0.593519 0.369792 0.595370 0.370312 0.596296 0.370312 0.603704 0.369792 0.604630 0.369792 0.605556 0.368750 0.607407 0.368229 0.607407 0.367708 0.608333 0.365104 0.608333 0.364583 0.607407 0.364063 0.607407 0.363542 0.606481 0.363021 0.606481 0.360417 0.601852 0.359896 0.601852 0.355208 0.593519 0.354687 0.593519 0.348438 0.582407 0.347917 0.582407 0.342708 0.573148 0.342187 0.573148 0.337500 0.564815 0.336979 0.564815 0.332813 0.557407 0.332292 0.557407 0.329688 0.552778 0.329167 0.552778 0.326562 0.548148 0.326042 0.548148 0.323958 0.544444 0.323437 0.544444 0.321875 0.541667 0.321354 0.541667 0.319792 0.538889 0.319271 0.538889 0.318229 0.537037 0.317708 0.537037 0.316667 0.535185 0.316146 0.535185 0.315625 0.534259
0 0.496875 0.585185 0.116667 0.103704 0.554167 0.533333 0.553125 0.535185 0.552604 0.535185 0.550521 0.538889 0.550000 0.538889 0.546875 0.544444 0.546354 0.544444 0.540625 0.554630 0.540104 0.554630 0.511979 0.604630 0.511458 0.604630 0.509375 0.608333 0.508333 0.608333 0.507812 0.609259 0.507292 0.608333 0.506771 0.608333 0.506250 0.607407 0.505729 0.607407 0.504167 0.604630 0.504167 0.603704 0.501563 0.603704 0.501042 0.602778 0.500521 0.602778 0.499479 0.600926 0.498958 0.600926 0.494271 0.592593 0.494792 0.593519 0.494792 0.594444 0.495312 0.595370 0.495312 0.596296 0.495833 0.597222 0.495833 0.598148 0.496354 0.599074 0.496354 0.600000 0.496875 0.600926 0.496875 0.601852 0.497396 0.602778 0.497396 0.603704 0.497917 0.604630 0.497917 0.605556 0.498437 0.606481 0.498437 0.607407 0.498958 0.608333 0.498958 0.610185 0.498437 0.611111 0.498437 0.612037 0.496354 0.615741 0.493229 0.615741 0.492708 0.614815 0.492188 0.614815 0.491146 0.612963 0.490625 0.612963 0.486979 0.606481 0.486458 0.606481 0.477083 0.589815 0.476562 0.589815 0.468750 0.575926 0.468229 0.575926 0.463021 0.566667 0.462500 0.566667 0.458333 0.559259 0.457813 0.559259 0.455208 0.554630 0.454688 0.554630 0.452083 0.550000 0.451562 0.550000 0.450000 0.547222 0.449479 0.547222 0.447917 0.544444 0.447396 0.544444 0.446354 0.542593 0.445833 0.542593 0.445312 0.541667 0.444792 0.541667 0.444271 0.540741 0.443750 0.540741 0.443229 0.539815 0.442708 0.539815 0.442188 0.538889 0.440104 0.538889 0.439583 0.537963 0.438542 0.537963 0.438542 0.538889 0.439063 0.539815 0.439063 0.541667 0.439583 0.542593 0.439583 0.543519 0.440104 0.544444 0.440104 0.545370 0.440625 0.546296 0.440625 0.547222 0.450521 0.564815 0.451042 0.564815 0.460938 0.582407 0.461458 0.582407 0.471354 0.600000 0.471875 0.600000 0.481771 0.617593 0.482292 0.617593 0.491146 0.633333 0.491667 0.633333 0.493750 0.637037 0.499479 0.637037 0.500000 0.636111 0.502083 0.636111 0.551042 0.549074 0.551042 0.548148 0.554688 0.541667 0.554688 0.540741 0.555208 0.539815 0.555208 0.535185
0 0.618490 0.576852 0.120313 0.120370 0.668229 0.516667 0.628125 0.587963 0.627604 0.587963 0.626563 0.589815 0.626042 0.589815 0.625521 0.590741 0.623958 0.590741 0.623437 0.589815 0.622917 0.589815 0.621354 0.587037 0.620833 0.587037 0.604688 0.558333 0.604167 0.558333 0.589583 0.532407 0.594271 0.540741 0.594271 0.541667 0.598437 0.549074 0.598437 0.550000 0.603125 0.558333 0.603125 0.559259 0.607292 0.566667 0.607292 0.567593 0.611979 0.575926 0.611979 0.576852 0.616146 0.584259 0.616146 0.585185 0.619271 0.590741 0.619271 0.591667 0.620313 0.593519 0.620313 0.598148 0.618229 0.601852 0.617708 0.601852 0.617188 0.602778 0.615625 0.602778 0.615104 0.601852 0.614583 0.601852 0.614062 0.600926 0.613542 0.600926 0.611979 0.598148 0.611458 0.598148 0.598958 0.575926 0.598437 0.575926 0.586979 0.555556 0.586458 0.555556 0.581250 0.546296 0.580729 0.546296 0.577604 0.540741 0.577083 0.540741 0.574479 0.536111 0.573958 0.536111 0.572396 0.533333 0.571875 0.533333 0.570833 0.531481 0.570312 0.531481 0.569271 0.529630 0.568750 0.529630 0.568229 0.528704 0.567708 0.528704 0.567187 0.527778 0.566146 0.527778 0.565625 0.526852 0.560417 0.526852 0.559896 0.527778 0.559375 0.527778 0.558854 0.528704 0.558333 0.528704 0.559896 0.531481 0.559896 0.532407 0.561458 0.535185 0.561458 0.536111 0.563542 0.539815 0.563542 0.540741 0.565625 0.544444 0.565625 0.545370 0.578646 0.568519 0.579167 0.568519 0.601562 0.608333 0.602083 0.608333 0.616146 0.633333 0.616667 0.633333 0.618229 0.636111 0.618750 0.636111 0.619271 0.637037 0.621354 0.637037 0.621875 0.636111 0.622396 0.636111 0.625000 0.631481 0.625521 0.631481 0.676562 0.540741 0.676562 0.539815 0.678125 0.537037 0.678125 0.536111 0.678646 0.535185 0.678646 0.532407 0.678125 0.531481 0.678125 0.530556 0.676042 0.526852 0.675521 0.526852 0.672917 0.522222 0.672396 0.522222 0.669792 0.517593 0.669271 0.517593 0.668750 0.516667
0 0.714583 0.567593 0.091667 0.122222 0.676562 0.506481 0.676042 0.507407 0.675000 0.507407 0.673958 0.509259 0.673438 0.509259 0.672917 0.510185 0.672396 0.510185 0.670833 0.512963 0.670312 0.512963 0.668750 0.515741 0.669271 0.516667 0.669792 0.516667 0.672396 0.521296 0.672917 0.521296 0.675521 0.525926 0.676042 0.525926 0.678646 0.530556 0.678646 0.531481 0.679167 0.532407 0.679167 0.535185 0.678646 0.536111 0.678646 0.537037 0.677083 0.539815 0.677604 0.539815 0.679688 0.543519 0.680208 0.543519 0.682292 0.547222 0.682813 0.547222 0.685417 0.551852 0.685937 0.551852 0.688021 0.555556 0.688542 0.555556 0.690625 0.559259 0.691146 0.559259 0.693750 0.563889 0.694271 0.563889 0.696354 0.567593 0.696875 0.567593 0.698958 0.571296 0.699479 0.571296 0.702083 0.575926 0.702604 0.575926 0.704688 0.579630 0.705208 0.579630 0.707812 0.584259 0.708333 0.584259 0.710417 0.587963 0.710938 0.587963 0.713021 0.591667 0.713542 0.591667 0.716146 0.596296 0.716667 0.596296 0.718750 0.600000 0.719271 0.600000 0.721354 0.603704 0.721875 0.603704 0.724479 0.608333 0.725000 0.608333 0.727083 0.612037 0.727604 0.612037 0.730208 0.616667 0.730729 0.616667 0.732812 0.620370 0.733333 0.620370 0.735417 0.624074 0.735938 0.624074 0.738542 0.628704 0.739062 0.627778 0.745833 0.627778 0.760417 0.601852 0.759896 0.601852 0.758854 0.600000 0.758333 0.600000 0.756771 0.597222 0.756250 0.597222 0.754687 0.594444 0.754167 0.594444 0.752604 0.591667 0.752083 0.591667 0.750521 0.588889 0.750000 0.588889 0.748437 0.586111 0.747917 0.586111 0.746354 0.583333 0.745833 0.583333 0.744271 0.580556 0.743750 0.580556 0.742188 0.577778 0.741667 0.577778 0.740104 0.575000 0.739583 0.575000 0.737500 0.571296 0.736979 0.571296 0.735417 0.568519 0.734896 0.568519 0.733333 0.565741 0.732812 0.565741 0.731250 0.562963 0.730729 0.562963 0.729167 0.560185 0.729688 0.561111 0.729688 0.562037 0.733333 0.568519 0.733333 0.569444 0.733854 0.570370 0.733854 0.571296 0.734375 0.572222 0.734375 0.574074 0.733854 0.575000 0.733854 0.575926 0.731771 0.579630 0.728646 0.579630 0.727604 0.577778 0.727083 0.577778 0.725000 0.574074 0.724479 0.574074 0.722917 0.571296 0.722396 0.571296 0.720313 0.567593 0.719792 0.567593 0.717708 0.563889 0.717187 0.563889 0.715625 0.561111 0.715104 0.561111 0.713021 0.557407 0.712500 0.557407 0.710417 0.553704 0.709896 0.553704 0.708333 0.550926 0.707812 0.550926 0.705729 0.547222 0.705208 0.547222 0.703125 0.543519 0.702604 0.543519 0.700521 0.539815 0.700000 0.539815 0.698438 0.537037 0.697917 0.537037 0.694271 0.530556 0.693750 0.530556 0.692187 0.527778 0.691667 0.527778 0.690104 0.525000 0.689583 0.525000 0.687500 0.521296 0.686979 0.521296 0.685417 0.518519 0.684896 0.518519 0.683333 0.515741 0.682813 0.515741 0.681250 0.512963 0.680729 0.512963 0.678646 0.509259 0.678125 0.509259
0 0.180208 0.558796 0.128125 0.145370 0.176563 0.486111 0.176563 0.487037 0.176042 0.487963 0.176042 0.488889 0.175521 0.489815 0.175521 0.490741 0.174479 0.492593 0.174479 0.493519 0.173958 0.494444 0.173958 0.495370 0.172917 0.497222 0.172917 0.498148 0.172396 0.499074 0.172396 0.500000 0.171354 0.501852 0.171354 0.502778 0.170833 0.503704 0.170833 0.504630 0.170313 0.505556 0.170313 0.506481 0.169271 0.508333 0.169271 0.509259 0.168750 0.510185 0.168750 0.511111 0.167708 0.512963 0.167708 0.513889 0.167187 0.514815 0.167187 0.515741 0.166667 0.516667 0.166667 0.517593 0.165625 0.519444 0.165625 0.520370 0.164062 0.523148 0.164062 0.524074 0.153125 0.543519 0.153125 0.544444 0.134375 0.577778 0.134375 0.578704 0.126042 0.593519 0.126042 0.594444 0.125000 0.596296 0.125000 0.597222 0.124479 0.598148 0.124479 0.599074 0.123438 0.600926 0.123438 0.601852 0.122396 0.603704 0.122396 0.604630 0.121875 0.605556 0.121875 0.606481 0.120833 0.608333 0.120833 0.609259 0.119792 0.611111 0.119792 0.612037 0.118750 0.613889 0.118750 0.614815 0.118229 0.615741 0.118229 0.616667 0.117188 0.618519 0.117188 0.619444 0.116146 0.621296 0.116146 0.625926 0.116667 0.626852 0.116667 0.627778 0.117708 0.629630 0.118229 0.629630 0.118750 0.630556 0.119271 0.630556 0.119792 0.631481 0.120833 0.631481 0.121354 0.630556 0.121875 0.630556 0.123958 0.626852 0.124479 0.626852 0.129688 0.617593 0.129688 0.616667 0.154688 0.572222 0.155208 0.572222 0.161458 0.561111 0.161979 0.561111 0.165104 0.555556 0.165625 0.555556 0.167187 0.552778 0.167708 0.552778 0.169271 0.550000 0.169792 0.550000 0.170833 0.548148 0.171354 0.548148 0.171875 0.547222 0.172396 0.547222 0.172917 0.546296 0.173437 0.546296 0.173958 0.545370 0.175521 0.545370 0.176042 0.544444 0.179167 0.544444 0.179688 0.545370 0.180729 0.545370 0.181250 0.546296 0.182292 0.546296 0.182812 0.547222 0.183333 0.547222 0.183854 0.548148 0.184375 0.548148 0.184896 0.549074 0.185417 0.549074 0.186458 0.550926 0.186979 0.550926 0.188021 0.552778 0.188542 0.552778 0.190104 0.555556 0.190625 0.555556 0.192188 0.558333 0.192708 0.558333 0.194271 0.561111 0.194792 0.561111 0.196875 0.564815 0.197396 0.564815 0.200000 0.569444 0.200521 0.569444 0.203125 0.574074 0.203646 0.574074 0.206771 0.579630 0.207292 0.579630 0.210938 0.586111 0.211458 0.586111 0.215625 0.593519 0.216146 0.593519 0.220312 0.600926 0.220833 0.600926 0.225521 0.609259 0.226042 0.609259 0.230208 0.616667 0.230729 0.616667 0.232813 0.620370 0.233333 0.620370 0.234375 0.622222 0.234896 0.622222 0.235417 0.623148 0.235937 0.623148 0.236458 0.624074 0.239063 0.624074 0.239583 0.623148 0.240104 0.623148 0.240625 0.622222 0.240625 0.621296 0.241146 0.620370 0.241146 0.619444 0.241667 0.618519 0.241667 0.615741 0.242188 0.614815 0.242188 0.612037 0.242708 0.611111 0.242708 0.608333 0.243229 0.607407 0.243229 0.604630 0.243750 0.603704 0.243750 0.600926 0.244271 0.600000 0.243750 0.599074 0.243229 0.599074 0.240625 0.594444 0.240104 0.594444 0.235937 0.587037 0.235417 0.587037 0.230729 0.578704 0.230208 0.578704 0.225521 0.570370 0.225000 0.570370 0.219792 0.561111 0.219271 0.561111 0.214583 0.552778 0.214062 0.552778 0.208854 0.543519 0.208333 0.543519 0.203646 0.535185 0.203125 0.535185 0.198437 0.526852 0.197917 0.526852 0.192708 0.517593 0.192188 0.517593 0.183333 0.501852 0.183333 0.500926 0.182812 0.500000 0.182812 0.495370 0.183333 0.494444 0.183333 0.493519 0.183854 0.492593 0.183854 0.491667 0.184375 0.490741 0.183854 0.490741 0.183333 0.489815 0.182812 0.489815 0.182292 0.488889 0.181771 0.488889 0.181250 0.487963 0.180729 0.487963 0.180208 0.487037 0.179167 0.487037 0.178646 0.486111
0 0.310156 0.546296 0.119271 0.135185 0.307292 0.478704 0.307292 0.488889 0.306771 0.489815 0.306771 0.495370 0.306250 0.496296 0.306250 0.497222 0.304688 0.500000 0.304688 0.500926 0.290625 0.525926 0.290625 0.526852 0.266146 0.570370 0.266146 0.571296 0.251563 0.597222 0.251563 0.599074 0.251042 0.600000 0.251042 0.602778 0.250521 0.603704 0.250521 0.609259 0.251042 0.610185 0.251042 0.611111 0.252083 0.612963 0.252604 0.612963 0.253125 0.613889 0.255729 0.613889 0.257292 0.611111 0.257812 0.611111 0.266146 0.596296 0.266146 0.595370 0.283854 0.563889 0.284375 0.563889 0.292187 0.550000 0.292708 0.550000 0.296354 0.543519 0.296875 0.543519 0.299479 0.538889 0.300000 0.538889 0.301563 0.536111 0.302083 0.536111 0.303125 0.534259 0.303646 0.534259 0.304167 0.533333 0.304688 0.533333 0.305208 0.532407 0.305729 0.532407 0.306250 0.531481 0.307812 0.531481 0.308333 0.530556 0.311979 0.530556 0.312500 0.531481 0.313021 0.531481 0.313542 0.532407 0.314583 0.532407 0.315104 0.533333 0.315625 0.533333 0.316146 0.534259 0.316667 0.534259 0.317708 0.536111 0.318229 0.536111 0.319271 0.537963 0.319792 0.537963 0.321354 0.540741 0.321875 0.540741 0.323437 0.543519 0.323958 0.543519 0.326042 0.547222 0.326562 0.547222 0.329167 0.551852 0.329688 0.551852 0.332292 0.556481 0.332813 0.556481 0.336979 0.563889 0.337500 0.563889 0.342187 0.572222 0.342708 0.572222 0.347917 0.581481 0.348438 0.581481 0.354687 0.592593 0.355208 0.592593 0.359896 0.600926 0.360417 0.600926 0.363021 0.605556 0.363542 0.605556 0.364063 0.606481 0.364583 0.606481 0.365104 0.607407 0.367708 0.607407 0.368229 0.606481 0.368750 0.606481 0.369271 0.605556 0.369271 0.604630 0.369792 0.603704 0.369792 0.596296 0.369271 0.595370 0.369271 0.592593 0.366146 0.587037 0.365625 0.587037 0.358854 0.575000 0.358333 0.575000 0.351562 0.562963 0.351042 0.562963 0.343750 0.550000 0.343229 0.550000 0.336458 0.537963 0.335938 0.537963 0.328646 0.525000 0.328125 0.525000 0.320833 0.512037 0.320312 0.512037 0.315104 0.502778 0.315104 0.501852 0.313542 0.499074 0.313542 0.485185 0.314063 0.484259 0.314063 0.481481 0.313542 0.481481 0.313021 0.480556 0.311979 0.480556 0.311458 0.479630 0.310417 0.479630 0.309896 0.478704
0 0.438021 0.548148 0.120833 0.146296 0.434375 0.475000 0.433854 0.475926 0.433333 0.475926 0.432812 0.476852 0.432292 0.476852 0.431771 0.477778 0.431250 0.477778 0.431771 0.478704 0.431771 0.480556 0.432292 0.481481 0.432292 0.482407 0.432812 0.483333 0.432812 0.485185 0.433333 0.486111 0.433333 0.487037 0.433854 0.487963 0.433854 0.489815 0.434375 0.490741 0.434375 0.493519 0.433854 0.494444 0.433854 0.495370 0.432812 0.497222 0.432812 0.498148 0.420833 0.519444 0.420833 0.520370 0.386458 0.581481 0.386458 0.582407 0.381771 0.590741 0.381250 0.590741 0.377604 0.597222 0.377604 0.600000 0.378125 0.600926 0.378125 0.606481 0.378646 0.607407 0.378646 0.612963 0.379167 0.613889 0.379167 0.616667 0.379688 0.617593 0.379688 0.618519 0.380729 0.620370 0.381250 0.620370 0.381771 0.621296 0.383854 0.621296 0.384375 0.620370 0.384896 0.620370 0.410417 0.575000 0.410938 0.575000 0.419792 0.559259 0.420312 0.559259 0.424479 0.551852 0.425000 0.551852 0.427604 0.547222 0.428125 0.547222 0.429688 0.544444 0.430208 0.544444 0.431250 0.542593 0.431771 0.542593 0.432812 0.540741 0.433333 0.540741 0.433854 0.539815 0.434375 0.539815 0.434896 0.538889 0.435417 0.538889 0.435937 0.537963 0.438021 0.537963 0.438542 0.537037 0.439583 0.537037 0.440104 0.537963 0.442188 0.537963 0.442708 0.538889 0.443229 0.538889 0.443750 0.539815 0.444271 0.539815 0.444792 0.540741 0.445312 0.540741 0.445833 0.541667 0.446354 0.541667 0.447396 0.543519 0.447917 0.543519 0.449479 0.546296 0.450000 0.546296 0.451562 0.549074 0.452083 0.549074 0.454688 0.553704 0.455208 0.553704 0.457813 0.558333 0.458333 0.558333 0.462500 0.565741 0.463021 0.565741 0.468229 0.575000 0.468750 0.575000 0.476562 0.588889 0.477083 0.588889 0.486458 0.605556 0.486979 0.605556 0.490625 0.612037 0.491146 0.612037 0.492188 0.613889 0.492708 0.613889 0.493229 0.614815 0.496354 0.614815 0.497917 0.612037 0.497917 0.611111 0.498437 0.610185 0.498437 0.608333 0.497917 0.607407 0.497917 0.606481 0.497396 0.605556 0.497396 0.604630 0.496875 0.603704 0.496875 0.602778 0.496354 0.601852 0.496354 0.600926 0.495833 0.600000 0.495833 0.599074 0.495312 0.598148 0.495312 0.597222 0.494792 0.596296 0.494792 0.595370 0.494271 0.594444 0.494271 0.593519 0.482292 0.572222 0.481771 0.572222 0.470313 0.551852 0.469792 0.551852 0.458333 0.531481 0.457813 0.531481 0.443229 0.505556 0.443229 0.504630 0.442188 0.502778 0.442188 0.500926 0.441667 0.500000 0.441667 0.499074 0.441146 0.498148 0.441146 0.497222 0.440625 0.496296 0.440625 0.494444 0.440104 0.493519 0.440104 0.492593 0.439583 0.491667 0.439583 0.489815 0.439063 0.488889 0.439063 0.487963 0.438542 0.487037 0.438542 0.486111 0.438021 0.485185 0.438021 0.483333 0.437500 0.482407 0.437500 0.481481 0.436979 0.480556 0.436979 0.479630 0.436458 0.478704 0.436458 0.476852 0.435937 0.475926 0.435937 0.475000
0 0.561979 0.538426 0.115625 0.139815 0.554688 0.468519 0.554167 0.469444 0.553646 0.469444 0.552604 0.471296 0.552083 0.471296 0.552083 0.472222 0.553646 0.475000 0.553646 0.475926 0.558333 0.484259 0.558333 0.485185 0.561979 0.491667 0.561979 0.492593 0.562500 0.493519 0.562500 0.494444 0.563021 0.495370 0.563021 0.497222 0.562500 0.498148 0.562500 0.499074 0.561979 0.500000 0.561979 0.500926 0.551562 0.519444 0.551562 0.520370 0.506250 0.600926 0.505729 0.600926 0.504687 0.602778 0.504167 0.602778 0.504687 0.603704 0.504687 0.604630 0.505729 0.606481 0.506250 0.606481 0.506771 0.607407 0.507292 0.607407 0.507812 0.608333 0.508333 0.607407 0.509375 0.607407 0.511458 0.603704 0.511979 0.603704 0.540104 0.553704 0.540625 0.553704 0.546354 0.543519 0.546875 0.543519 0.550000 0.537963 0.550521 0.537963 0.552604 0.534259 0.553125 0.534259 0.554688 0.531481 0.555208 0.531481 0.556250 0.529630 0.556771 0.529630 0.557813 0.527778 0.558854 0.527778 0.559375 0.526852 0.559896 0.526852 0.560417 0.525926 0.565625 0.525926 0.566146 0.526852 0.567187 0.526852 0.567708 0.527778 0.568229 0.527778 0.568750 0.528704 0.569271 0.528704 0.570312 0.530556 0.570833 0.530556 0.571875 0.532407 0.572396 0.532407 0.573958 0.535185 0.574479 0.535185 0.577083 0.539815 0.577604 0.539815 0.580729 0.545370 0.581250 0.545370 0.586458 0.554630 0.586979 0.554630 0.598437 0.575000 0.598958 0.575000 0.611458 0.597222 0.611979 0.597222 0.613542 0.600000 0.614062 0.600000 0.614583 0.600926 0.615104 0.600926 0.615625 0.601852 0.617188 0.601852 0.617708 0.600926 0.618229 0.600926 0.619792 0.598148 0.619792 0.593519 0.618750 0.591667 0.618750 0.590741 0.615625 0.585185 0.615625 0.584259 0.611458 0.576852 0.611458 0.575926 0.606771 0.567593 0.606771 0.566667 0.602604 0.559259 0.602604 0.558333 0.597917 0.550000 0.597917 0.549074 0.593750 0.541667 0.593750 0.540741 0.589063 0.532407 0.589063 0.531481 0.566667 0.491667 0.566667 0.490741 0.561979 0.482407 0.561979 0.481481 0.557813 0.474074 0.557813 0.473148 0.555208 0.468519
0 0.702344 0.525463 0.063021 0.106481 0.681771 0.476852 0.684375 0.481481 0.684375 0.483333 0.684896 0.484259 0.684375 0.485185 0.684375 0.487037 0.683333 0.488889 0.683333 0.489815 0.670833 0.512037 0.672396 0.509259 0.672917 0.509259 0.673438 0.508333 0.673958 0.508333 0.675000 0.506481 0.676042 0.506481 0.676562 0.505556 0.678125 0.508333 0.678646 0.508333 0.680729 0.512037 0.681250 0.512037 0.682813 0.514815 0.683333 0.514815 0.684896 0.517593 0.685417 0.517593 0.686979 0.520370 0.687500 0.520370 0.689583 0.524074 0.690104 0.524074 0.691667 0.526852 0.692187 0.526852 0.693750 0.529630 0.694271 0.529630 0.697917 0.536111 0.698438 0.536111 0.700000 0.538889 0.700521 0.538889 0.702604 0.542593 0.703125 0.542593 0.705208 0.546296 0.705729 0.546296 0.707812 0.550000 0.708333 0.550000 0.709896 0.552778 0.710417 0.552778 0.712500 0.556481 0.713021 0.556481 0.715104 0.560185 0.715625 0.560185 0.717187 0.562963 0.717708 0.562963 0.719792 0.566667 0.720313 0.566667 0.722396 0.570370 0.722917 0.570370 0.724479 0.573148 0.725000 0.573148 0.727083 0.576852 0.727604 0.576852 0.728646 0.578704 0.731771 0.578704 0.733333 0.575926 0.733333 0.575000 0.733854 0.574074 0.733854 0.572222 0.733333 0.571296 0.733333 0.570370 0.732812 0.569444 0.732812 0.568519 0.729167 0.562037 0.729167 0.561111 0.692187 0.495370 0.692187 0.494444 0.685417 0.482407 0.684896 0.482407
0 0.245052 0.540278 0.123438 0.121296 0.305208 0.479630 0.304688 0.480556 0.304167 0.480556 0.303646 0.481481 0.302604 0.481481 0.301563 0.483333 0.301042 0.483333 0.300000 0.485185 0.299479 0.485185 0.297917 0.487963 0.297396 0.487963 0.294792 0.492593 0.294271 0.492593 0.289583 0.500926 0.289062 0.500926 0.254688 0.562037 0.254167 0.562037 0.253125 0.563889 0.251042 0.563889 0.250000 0.562037 0.249479 0.562037 0.248438 0.560185 0.248438 0.559259 0.247917 0.558333 0.247917 0.557407 0.247396 0.556481 0.247396 0.554630 0.247917 0.553704 0.247917 0.551852 0.248438 0.550926 0.248438 0.548148 0.248958 0.547222 0.248958 0.544444 0.249479 0.543519 0.249479 0.540741 0.250000 0.539815 0.250000 0.537963 0.250521 0.537037 0.249479 0.538889 0.248958 0.538889 0.247917 0.540741 0.247396 0.540741 0.246875 0.541667 0.245833 0.541667 0.245312 0.540741 0.244271 0.540741 0.243750 0.539815 0.243750 0.542593 0.243229 0.543519 0.243229 0.545370 0.242708 0.546296 0.242708 0.548148 0.242188 0.549074 0.242188 0.551852 0.241667 0.552778 0.241667 0.554630 0.241146 0.555556 0.241146 0.558333 0.240625 0.559259 0.240625 0.561111 0.240104 0.562037 0.240104 0.562963 0.239063 0.564815 0.238542 0.564815 0.238021 0.565741 0.237500 0.565741 0.236979 0.566667 0.235937 0.566667 0.235417 0.565741 0.234375 0.565741 0.233333 0.563889 0.232813 0.563889 0.231771 0.562037 0.231250 0.562037 0.228125 0.556481 0.227604 0.556481 0.223438 0.549074 0.222917 0.549074 0.217708 0.539815 0.217188 0.539815 0.213021 0.532407 0.212500 0.532407 0.208333 0.525000 0.207813 0.525000 0.204167 0.518519 0.203646 0.518519 0.200521 0.512963 0.200000 0.512963 0.197396 0.508333 0.196875 0.508333 0.194271 0.503704 0.193750 0.503704 0.191667 0.500000 0.191146 0.500000 0.189583 0.497222 0.189062 0.497222 0.187500 0.494444 0.186979 0.494444 0.185938 0.492593 0.185417 0.492593 0.184896 0.491667 0.184375 0.491667 0.184375 0.492593 0.183854 0.493519 0.183854 0.494444 0.183333 0.495370 0.183333 0.500000 0.183854 0.500926 0.183854 0.501852 0.192188 0.516667 0.192708 0.516667 0.197917 0.525926 0.198437 0.525926 0.203125 0.534259 0.203646 0.534259 0.208333 0.542593 0.208854 0.542593 0.214062 0.551852 0.214583 0.551852 0.219271 0.560185 0.219792 0.560185 0.225000 0.569444 0.225521 0.569444 0.230208 0.577778 0.230729 0.577778 0.235417 0.586111 0.235937 0.586111 0.240104 0.593519 0.240625 0.593519 0.243229 0.598148 0.243750 0.598148 0.244792 0.600000 0.245312 0.600000 0.245833 0.600926 0.247917 0.600926 0.248438 0.600000 0.248958 0.600000 0.250521 0.597222 0.251042 0.597222 0.265625 0.571296 0.265625 0.570370 0.290104 0.526852 0.290104 0.525926 0.304167 0.500926 0.304167 0.500000 0.305729 0.497222 0.305729 0.496296 0.306250 0.495370 0.306250 0.489815 0.306771 0.488889 0.306771 0.479630
0 0.373958 0.538426 0.119792 0.119444 0.430729 0.478704 0.430208 0.479630 0.429688 0.479630 0.429167 0.480556 0.428646 0.480556 0.426563 0.484259 0.426042 0.484259 0.423958 0.487963 0.423438 0.487963 0.419271 0.495370 0.418750 0.495370 0.410417 0.510185 0.409896 0.510185 0.383333 0.557407 0.382812 0.557407 0.382292 0.558333 0.381250 0.558333 0.380729 0.557407 0.380208 0.557407 0.379688 0.556481 0.379167 0.556481 0.378125 0.554630 0.378125 0.553704 0.377604 0.552778 0.377604 0.551852 0.377083 0.550926 0.377083 0.545370 0.376563 0.544444 0.376563 0.539815 0.376042 0.538889 0.376042 0.533333 0.375521 0.534259 0.375000 0.534259 0.374479 0.535185 0.372917 0.535185 0.372396 0.534259 0.371875 0.534259 0.370312 0.531481 0.369792 0.531481 0.368229 0.528704 0.368229 0.532407 0.368750 0.533333 0.368750 0.537963 0.369271 0.538889 0.369271 0.544444 0.369792 0.545370 0.369792 0.552778 0.369271 0.553704 0.369271 0.554630 0.368229 0.556481 0.367708 0.556481 0.367188 0.557407 0.364583 0.557407 0.364063 0.556481 0.363542 0.556481 0.363021 0.555556 0.362500 0.555556 0.360417 0.551852 0.359896 0.551852 0.355208 0.543519 0.354687 0.543519 0.347917 0.531481 0.347396 0.531481 0.341146 0.520370 0.340625 0.520370 0.335938 0.512037 0.335417 0.512037 0.331250 0.504630 0.330729 0.504630 0.327604 0.499074 0.327083 0.499074 0.324479 0.494444 0.323958 0.494444 0.321875 0.490741 0.321354 0.490741 0.319792 0.487963 0.319271 0.487963 0.318229 0.486111 0.317708 0.486111 0.316667 0.484259 0.316146 0.484259 0.315104 0.482407 0.314583 0.482407 0.314583 0.484259 0.314063 0.485185 0.314063 0.499074 0.315625 0.501852 0.315625 0.502778 0.320312 0.511111 0.320833 0.511111 0.328125 0.524074 0.328646 0.524074 0.335938 0.537037 0.336458 0.537037 0.343229 0.549074 0.343750 0.549074 0.351042 0.562037 0.351562 0.562037 0.358333 0.574074 0.358854 0.574074 0.365625 0.586111 0.366146 0.586111 0.370312 0.593519 0.370833 0.593519 0.372396 0.596296 0.372917 0.596296 0.373437 0.597222 0.373958 0.597222 0.374479 0.598148 0.375521 0.598148 0.376042 0.597222 0.376563 0.597222 0.377083 0.596296 0.377604 0.596296 0.381250 0.589815 0.381771 0.589815 0.385937 0.582407 0.385937 0.581481 0.420312 0.520370 0.420312 0.519444 0.432292 0.498148 0.432292 0.497222 0.433333 0.495370 0.433333 0.494444 0.433854 0.493519 0.433854 0.490741 0.433333 0.489815 0.433333 0.487963 0.432812 0.487037 0.432812 0.486111 0.432292 0.485185 0.432292 0.483333 0.431771 0.482407 0.431771 0.481481 0.431250 0.480556 0.431250 0.478704
0 0.499479 0.537500 0.126042 0.130556 0.551562 0.472222 0.550521 0.474074 0.550000 0.474074 0.547396 0.478704 0.546875 0.478704 0.542708 0.486111 0.542188 0.486111 0.534375 0.500000 0.533854 0.500000 0.508333 0.545370 0.507812 0.545370 0.507292 0.546296 0.504687 0.546296 0.502604 0.542593 0.502604 0.541667 0.501563 0.539815 0.501563 0.538889 0.501042 0.537963 0.501042 0.537037 0.500000 0.535185 0.500000 0.534259 0.499479 0.533333 0.499479 0.532407 0.498958 0.531481 0.498958 0.530556 0.495833 0.530556 0.495312 0.529630 0.494792 0.529630 0.492708 0.525926 0.492188 0.525926 0.488021 0.518519 0.488542 0.519444 0.488542 0.520370 0.489063 0.521296 0.489063 0.522222 0.490104 0.524074 0.490104 0.525000 0.490625 0.525926 0.490625 0.526852 0.491667 0.528704 0.491667 0.529630 0.492188 0.530556 0.492188 0.531481 0.492708 0.532407 0.492708 0.533333 0.493750 0.535185 0.493750 0.536111 0.494271 0.537037 0.494271 0.537963 0.494792 0.538889 0.494792 0.539815 0.495833 0.541667 0.495833 0.542593 0.496354 0.543519 0.496354 0.547222 0.495833 0.548148 0.495833 0.549074 0.494792 0.550926 0.494271 0.550926 0.493750 0.551852 0.490625 0.551852 0.490104 0.550926 0.489583 0.550926 0.488021 0.548148 0.487500 0.548148 0.481771 0.537963 0.481250 0.537963 0.469792 0.517593 0.469271 0.517593 0.462500 0.505556 0.461979 0.505556 0.457292 0.497222 0.456771 0.497222 0.453646 0.491667 0.453125 0.491667 0.450521 0.487037 0.450000 0.487037 0.447917 0.483333 0.447396 0.483333 0.446354 0.481481 0.445833 0.481481 0.444792 0.479630 0.444271 0.479630 0.443229 0.477778 0.442708 0.477778 0.442188 0.476852 0.441667 0.476852 0.441146 0.475926 0.440104 0.475926 0.439583 0.475000 0.436458 0.475000 0.436458 0.475926 0.436979 0.476852 0.436979 0.478704 0.437500 0.479630 0.437500 0.480556 0.438021 0.481481 0.438021 0.482407 0.438542 0.483333 0.438542 0.485185 0.439063 0.486111 0.439063 0.487037 0.439583 0.487963 0.439583 0.488889 0.440104 0.489815 0.440104 0.491667 0.440625 0.492593 0.440625 0.493519 0.441146 0.494444 0.441146 0.496296 0.441667 0.497222 0.441667 0.498148 0.442188 0.499074 0.442188 0.500000 0.442708 0.500926 0.442708 0.502778 0.443750 0.504630 0.443750 0.505556 0.457813 0.530556 0.458333 0.530556 0.469792 0.550926 0.470313 0.550926 0.481771 0.571296 0.482292 0.571296 0.493750 0.591667 0.494271 0.591667 0.498958 0.600000 0.499479 0.600000 0.500521 0.601852 0.501042 0.601852 0.501563 0.602778 0.503646 0.602778 0.504167 0.601852 0.504687 0.601852 0.505729 0.600000 0.506250 0.600000 0.551042 0.520370 0.551042 0.519444 0.561458 0.500926 0.561458 0.500000 0.561979 0.499074 0.561979 0.498148 0.562500 0.497222 0.562500 0.495370 0.561979 0.494444 0.561979 0.493519 0.561458 0.492593 0.561458 0.491667 0.557813 0.485185 0.557813 0.484259 0.553125 0.475926 0.553125 0.475000
0 0.619792 0.519907 0.129167 0.139815 0.574479 0.450000 0.573958 0.450926 0.573438 0.450926 0.572917 0.451852 0.583333 0.470370 0.583854 0.470370 0.615104 0.525926 0.615104 0.526852 0.617188 0.530556 0.617188 0.531481 0.617708 0.532407 0.617708 0.536111 0.617188 0.537037 0.617188 0.537963 0.615625 0.540741 0.611979 0.540741 0.610938 0.538889 0.610417 0.538889 0.606250 0.531481 0.605729 0.531481 0.585938 0.496296 0.585417 0.496296 0.579167 0.485185 0.578646 0.485185 0.575000 0.478704 0.574479 0.478704 0.572396 0.475000 0.571875 0.475000 0.570312 0.472222 0.569792 0.472222 0.568229 0.469444 0.567708 0.469444 0.567187 0.468519 0.566667 0.468519 0.565625 0.466667 0.564583 0.466667 0.564063 0.465741 0.563542 0.465741 0.563021 0.464815 0.559375 0.464815 0.558854 0.465741 0.557813 0.465741 0.557292 0.466667 0.556250 0.466667 0.555729 0.467593 0.555208 0.467593 0.558333 0.473148 0.558333 0.474074 0.562500 0.481481 0.562500 0.482407 0.567187 0.490741 0.567187 0.491667 0.604167 0.557407 0.604688 0.557407 0.620833 0.586111 0.621354 0.586111 0.622917 0.588889 0.623437 0.588889 0.623958 0.589815 0.625521 0.589815 0.626042 0.588889 0.626563 0.588889 0.627604 0.587037 0.628125 0.587037 0.682813 0.489815 0.682813 0.488889 0.683854 0.487037 0.683854 0.485185 0.684375 0.484259 0.683854 0.483333 0.683854 0.481481 0.681250 0.476852 0.680729 0.476852 0.679688 0.475000 0.679167 0.475000 0.678125 0.473148 0.677604 0.473148 0.677083 0.474074 0.676562 0.474074 0.673438 0.479630 0.672917 0.479630 0.667708 0.488889 0.667188 0.488889 0.654167 0.512037 0.653646 0.512037 0.635938 0.543519 0.635417 0.543519 0.634896 0.544444 0.632812 0.544444 0.627604 0.535185 0.627083 0.535185 0.617188 0.517593 0.614583 0.517593 0.614062 0.516667 0.613542 0.516667 0.609375 0.509259 0.608854 0.509259 0.583854 0.464815 0.583333 0.464815 0.575000 0.450000
0 0.749740 0.532870 0.142187 0.137963 0.684375 0.463889 0.683333 0.465741 0.682813 0.465741 0.681771 0.467593 0.681250 0.467593 0.679688 0.470370 0.679167 0.470370 0.678646 0.471296 0.678646 0.472222 0.679688 0.474074 0.680208 0.474074 0.681250 0.475926 0.681771 0.475926 0.684896 0.481481 0.685417 0.481481 0.692708 0.494444 0.692708 0.495370 0.728646 0.559259 0.729167 0.559259 0.730729 0.562037 0.731250 0.562037 0.732812 0.564815 0.733333 0.564815 0.734896 0.567593 0.735417 0.567593 0.736979 0.570370 0.737500 0.570370 0.739583 0.574074 0.740104 0.574074 0.741667 0.576852 0.742188 0.576852 0.743750 0.579630 0.744271 0.579630 0.745833 0.582407 0.746354 0.582407 0.747917 0.585185 0.748437 0.585185 0.750000 0.587963 0.750521 0.587963 0.752083 0.590741 0.752604 0.590741 0.754167 0.593519 0.754687 0.593519 0.756250 0.596296 0.756771 0.596296 0.758333 0.599074 0.758854 0.599074 0.759896 0.600926 0.760417 0.600926 0.760938 0.601852 0.762500 0.601852 0.763021 0.600926 0.763542 0.600926 0.764583 0.599074 0.765104 0.599074 0.783333 0.566667 0.783854 0.566667 0.819271 0.503704 0.819271 0.502778 0.820833 0.500000 0.820833 0.494444 0.818750 0.490741 0.818229 0.490741 0.817708 0.489815 0.817187 0.489815 0.816667 0.488889 0.816146 0.488889 0.815625 0.487963 0.815104 0.487963 0.814583 0.487037 0.814063 0.487037 0.813542 0.486111 0.813021 0.486111 0.811979 0.484259 0.811458 0.484259 0.810937 0.483333 0.810417 0.483333 0.809896 0.482407 0.809375 0.482407 0.808854 0.481481 0.808333 0.481481 0.807813 0.480556 0.807292 0.480556 0.806771 0.479630 0.806250 0.479630 0.805729 0.478704 0.805208 0.478704 0.804167 0.476852 0.803646 0.476852 0.803125 0.475926 0.802604 0.475926 0.802083 0.475000 0.801562 0.475000 0.801042 0.474074 0.800521 0.474074 0.800000 0.473148 0.799479 0.473148 0.798958 0.472222 0.798438 0.472222 0.797917 0.471296 0.797396 0.471296 0.796354 0.469444 0.777604 0.502778 0.777083 0.502778 0.756771 0.538889 0.756250 0.538889 0.755208 0.540741 0.752604 0.540741 0.751563 0.538889 0.751042 0.538889 0.750000 0.537037 0.749479 0.537037 0.748437 0.535185 0.747917 0.535185 0.746875 0.533333 0.746354 0.533333 0.745833 0.532407 0.745833 0.533333 0.745313 0.534259 0.745313 0.535185 0.743750 0.537963 0.743229 0.537963 0.742708 0.538889 0.740625 0.538889 0.740104 0.537963 0.739583 0.537963 0.738542 0.536111 0.738021 0.536111 0.736979 0.534259 0.736458 0.534259 0.735417 0.532407 0.734896 0.532407 0.733333 0.529630 0.732812 0.529630 0.731771 0.527778 0.731250 0.527778 0.729688 0.525000 0.729167 0.525000 0.728125 0.523148 0.727604 0.523148 0.714063 0.499074 0.713542 0.499074 0.711979 0.496296 0.711458 0.496296 0.710417 0.494444 0.709896 0.494444 0.708854 0.492593 0.708333 0.492593 0.706771 0.489815 0.706250 0.489815 0.705208 0.487963 0.704688 0.487963 0.703646 0.486111 0.703125 0.486111 0.702083 0.484259 0.701562 0.484259 0.700000 0.481481 0.699479 0.481481 0.698438 0.479630 0.697917 0.479630 0.696875 0.477778 0.696354 0.477778 0.695312 0.475926 0.694792 0.475926 0.693229 0.473148 0.692708 0.473148 0.691667 0.471296 0.691146 0.471296 0.690104 0.469444 0.689583 0.469444 0.688542 0.467593 0.688021 0.467593 0.686458 0.464815 0.685937 0.464815 0.685417 0.463889
0 0.178646 0.496296 0.129167 0.151852 0.177083 0.420370 0.177083 0.421296 0.175521 0.424074 0.175521 0.425000 0.174479 0.426852 0.174479 0.427778 0.173437 0.429630 0.173437 0.430556 0.171875 0.433333 0.171875 0.434259 0.170833 0.436111 0.170833 0.437037 0.169792 0.438889 0.169792 0.439815 0.168229 0.442593 0.168229 0.443519 0.167187 0.445370 0.167187 0.446296 0.166146 0.448148 0.166146 0.449074 0.165104 0.450926 0.165104 0.451852 0.163542 0.454630 0.163542 0.455556 0.162500 0.457407 0.162500 0.458333 0.161458 0.460185 0.161458 0.461111 0.159896 0.463889 0.159896 0.464815 0.152083 0.478704 0.152083 0.479630 0.135937 0.508333 0.135937 0.509259 0.134896 0.511111 0.134896 0.512037 0.133333 0.514815 0.133333 0.515741 0.132292 0.517593 0.132292 0.518519 0.130729 0.521296 0.130729 0.522222 0.129167 0.525000 0.129167 0.525926 0.128125 0.527778 0.128125 0.528704 0.126562 0.531481 0.126562 0.532407 0.125521 0.534259 0.125521 0.535185 0.123958 0.537963 0.123958 0.538889 0.122917 0.540741 0.122917 0.541667 0.121354 0.544444 0.121354 0.545370 0.120313 0.547222 0.120313 0.548148 0.118750 0.550926 0.118750 0.551852 0.117708 0.553704 0.117708 0.554630 0.116146 0.557407 0.116146 0.558333 0.115104 0.560185 0.115104 0.561111 0.114583 0.562037 0.114583 0.562963 0.114062 0.563889 0.114062 0.564815 0.114583 0.565741 0.114583 0.567593 0.116146 0.570370 0.116667 0.570370 0.117188 0.571296 0.117708 0.571296 0.118229 0.572222 0.118750 0.572222 0.119271 0.571296 0.119792 0.571296 0.120313 0.570370 0.120833 0.570370 0.157292 0.505556 0.157812 0.505556 0.161979 0.498148 0.162500 0.498148 0.164583 0.494444 0.165104 0.494444 0.167187 0.490741 0.167708 0.490741 0.168229 0.489815 0.168750 0.489815 0.169792 0.487963 0.170313 0.487963 0.170833 0.487037 0.171354 0.487037 0.171875 0.486111 0.172396 0.486111 0.172917 0.485185 0.178646 0.485185 0.179167 0.486111 0.180208 0.486111 0.180729 0.487037 0.181250 0.487037 0.181771 0.487963 0.182292 0.487963 0.182812 0.488889 0.183333 0.488889 0.183854 0.489815 0.184375 0.489815 0.185417 0.491667 0.185938 0.491667 0.186979 0.493519 0.187500 0.493519 0.189062 0.496296 0.189583 0.496296 0.191146 0.499074 0.191667 0.499074 0.193750 0.502778 0.194271 0.502778 0.196875 0.507407 0.197396 0.507407 0.200000 0.512037 0.200521 0.512037 0.203646 0.517593 0.204167 0.517593 0.207813 0.524074 0.208333 0.524074 0.212500 0.531481 0.213021 0.531481 0.217188 0.538889 0.217708 0.538889 0.222917 0.548148 0.223438 0.548148 0.227604 0.555556 0.228125 0.555556 0.231250 0.561111 0.231771 0.561111 0.232813 0.562963 0.233333 0.562963 0.234375 0.564815 0.235417 0.564815 0.235937 0.565741 0.236979 0.565741 0.237500 0.564815 0.238021 0.564815 0.238542 0.563889 0.239063 0.563889 0.239583 0.562963 0.239583 0.562037 0.240104 0.561111 0.240104 0.559259 0.240625 0.558333 0.240625 0.555556 0.241146 0.554630 0.241146 0.552778 0.241667 0.551852 0.241667 0.549074 0.242188 0.548148 0.242188 0.546296 0.242708 0.545370 0.242708 0.543519 0.243229 0.542593 0.243229 0.538889 0.242708 0.538889 0.240104 0.534259 0.239583 0.534259 0.235417 0.526852 0.234896 0.526852 0.229167 0.516667 0.228646 0.516667 0.223438 0.507407 0.222917 0.507407 0.217708 0.498148 0.217188 0.498148 0.211458 0.487963 0.210938 0.487963 0.205729 0.478704 0.205208 0.478704 0.200000 0.469444 0.199479 0.469444 0.193750 0.459259 0.193229 0.459259 0.186979 0.448148 0.186458 0.448148 0.184375 0.444444 0.184375 0.443519 0.182292 0.439815 0.182292 0.437963 0.181771 0.437037 0.181771 0.436111 0.182292 0.435185 0.182292 0.434259 0.182812 0.433333 0.182812 0.432407 0.183333 0.431481 0.183333 0.430556 0.184375 0.428704 0.184375 0.427778 0.185417 0.425926 0.184896 0.425000 0.184375 0.425000 0.183854 0.424074 0.183333 0.424074 0.182292 0.422222 0.181250 0.422222 0.180729 0.421296 0.179688 0.421296 0.179167 0.420370
0 0.308594 0.493519 0.121354 0.138889 0.306250 0.424074 0.306250 0.432407 0.305729 0.433333 0.305729 0.435185 0.305208 0.436111 0.305208 0.437037 0.303646 0.439815 0.303646 0.440741 0.290625 0.463889 0.290625 0.464815 0.267708 0.505556 0.267708 0.506481 0.251042 0.536111 0.251042 0.537037 0.250521 0.537963 0.250521 0.539815 0.250000 0.540741 0.250000 0.543519 0.249479 0.544444 0.249479 0.547222 0.248958 0.548148 0.248958 0.550926 0.248438 0.551852 0.248438 0.553704 0.247917 0.554630 0.247917 0.556481 0.248438 0.557407 0.248438 0.558333 0.248958 0.559259 0.248958 0.560185 0.249479 0.561111 0.250000 0.561111 0.251042 0.562963 0.253125 0.562963 0.254167 0.561111 0.254688 0.561111 0.289062 0.500000 0.289583 0.500000 0.294271 0.491667 0.294792 0.491667 0.297396 0.487037 0.297917 0.487037 0.299479 0.484259 0.300000 0.484259 0.301042 0.482407 0.301563 0.482407 0.302604 0.480556 0.303646 0.480556 0.304167 0.479630 0.304688 0.479630 0.305208 0.478704 0.306771 0.478704 0.307292 0.477778 0.309896 0.477778 0.310417 0.478704 0.311458 0.478704 0.311979 0.479630 0.313021 0.479630 0.313542 0.480556 0.314063 0.480556 0.314583 0.481481 0.315104 0.481481 0.316146 0.483333 0.316667 0.483333 0.317708 0.485185 0.318229 0.485185 0.319271 0.487037 0.319792 0.487037 0.321354 0.489815 0.321875 0.489815 0.323958 0.493519 0.324479 0.493519 0.327083 0.498148 0.327604 0.498148 0.330729 0.503704 0.331250 0.503704 0.335417 0.511111 0.335938 0.511111 0.340625 0.519444 0.341146 0.519444 0.347396 0.530556 0.347917 0.530556 0.354687 0.542593 0.355208 0.542593 0.359896 0.550926 0.360417 0.550926 0.362500 0.554630 0.363021 0.554630 0.363542 0.555556 0.364063 0.555556 0.364583 0.556481 0.367188 0.556481 0.367708 0.555556 0.368229 0.555556 0.368750 0.554630 0.368750 0.553704 0.369271 0.552778 0.369271 0.545370 0.368750 0.544444 0.368750 0.538889 0.368229 0.537963 0.368229 0.533333 0.367708 0.532407 0.367708 0.527778 0.366146 0.525000 0.365625 0.525000 0.358333 0.512037 0.357812 0.512037 0.350000 0.498148 0.349479 0.498148 0.341667 0.484259 0.341146 0.484259 0.333333 0.470370 0.332813 0.470370 0.324479 0.455556 0.323958 0.455556 0.313542 0.437037 0.313542 0.436111 0.313021 0.435185 0.313021 0.426852 0.312500 0.425926 0.311979 0.425926 0.311458 0.425000 0.310417 0.425000 0.309896 0.424074
0 0.436198 0.491667 0.119271 0.131481 0.435937 0.425926 0.435417 0.426852 0.434375 0.426852 0.433854 0.427778 0.433333 0.427778 0.432292 0.429630 0.432292 0.431481 0.431771 0.432407 0.431771 0.433333 0.428125 0.439815 0.428125 0.440741 0.401562 0.487963 0.401562 0.488889 0.377083 0.532407 0.376563 0.532407 0.376563 0.538889 0.377083 0.539815 0.377083 0.544444 0.377604 0.545370 0.377604 0.550926 0.378125 0.551852 0.378125 0.552778 0.378646 0.553704 0.378646 0.554630 0.379167 0.555556 0.379688 0.555556 0.380208 0.556481 0.380729 0.556481 0.381250 0.557407 0.382292 0.557407 0.382812 0.556481 0.383333 0.556481 0.409896 0.509259 0.410417 0.509259 0.418750 0.494444 0.419271 0.494444 0.423438 0.487037 0.423958 0.487037 0.426042 0.483333 0.426563 0.483333 0.428646 0.479630 0.429167 0.479630 0.429688 0.478704 0.430208 0.478704 0.431250 0.476852 0.431771 0.476852 0.432292 0.475926 0.432812 0.475926 0.433333 0.475000 0.433854 0.475000 0.434375 0.474074 0.439583 0.474074 0.440104 0.475000 0.441146 0.475000 0.441667 0.475926 0.442188 0.475926 0.442708 0.476852 0.443229 0.476852 0.444271 0.478704 0.444792 0.478704 0.445833 0.480556 0.446354 0.480556 0.447396 0.482407 0.447917 0.482407 0.450000 0.486111 0.450521 0.486111 0.453125 0.490741 0.453646 0.490741 0.456771 0.496296 0.457292 0.496296 0.461979 0.504630 0.462500 0.504630 0.469271 0.516667 0.469792 0.516667 0.481250 0.537037 0.481771 0.537037 0.487500 0.547222 0.488021 0.547222 0.489583 0.550000 0.490104 0.550000 0.490625 0.550926 0.493750 0.550926 0.494271 0.550000 0.494792 0.550000 0.495312 0.549074 0.495312 0.548148 0.495833 0.547222 0.495833 0.543519 0.495312 0.542593 0.495312 0.541667 0.494271 0.539815 0.494271 0.538889 0.493750 0.537963 0.493750 0.537037 0.493229 0.536111 0.493229 0.535185 0.492188 0.533333 0.492188 0.532407 0.491667 0.531481 0.491667 0.530556 0.491146 0.529630 0.491146 0.528704 0.490104 0.526852 0.490104 0.525926 0.489583 0.525000 0.489583 0.524074 0.488542 0.522222 0.488542 0.521296 0.488021 0.520370 0.488021 0.519444 0.487500 0.518519 0.487500 0.517593 0.482292 0.508333 0.481771 0.508333 0.467708 0.483333 0.467187 0.483333 0.453125 0.458333 0.452604 0.458333 0.439583 0.435185 0.439583 0.434259 0.438542 0.432407 0.438542 0.431481 0.438021 0.430556 0.438021 0.429630 0.437500 0.428704 0.437500 0.427778 0.436979 0.426852 0.436979 0.425926
0 0.558073 0.480093 0.118229 0.130556 0.551562 0.414815 0.551042 0.415741 0.553125 0.419444 0.553646 0.419444 0.554688 0.421296 0.554688 0.422222 0.555208 0.423148 0.555208 0.424074 0.555729 0.425000 0.555729 0.426852 0.555208 0.427778 0.555208 0.428704 0.554688 0.429630 0.554688 0.430556 0.546354 0.445370 0.546354 0.446296 0.500000 0.528704 0.499479 0.528704 0.498958 0.529630 0.499479 0.530556 0.499479 0.531481 0.500000 0.532407 0.500000 0.533333 0.500521 0.534259 0.500521 0.535185 0.501563 0.537037 0.501563 0.537963 0.502083 0.538889 0.502083 0.539815 0.503125 0.541667 0.503125 0.542593 0.504687 0.545370 0.507292 0.545370 0.507812 0.544444 0.508333 0.544444 0.533854 0.499074 0.534375 0.499074 0.542188 0.485185 0.542708 0.485185 0.546875 0.477778 0.547396 0.477778 0.550000 0.473148 0.550521 0.473148 0.552083 0.470370 0.552604 0.470370 0.553646 0.468519 0.554167 0.468519 0.555208 0.466667 0.555729 0.466667 0.556250 0.465741 0.557292 0.465741 0.557813 0.464815 0.558854 0.464815 0.559375 0.463889 0.563021 0.463889 0.563542 0.464815 0.564063 0.464815 0.564583 0.465741 0.565625 0.465741 0.566667 0.467593 0.567187 0.467593 0.567708 0.468519 0.568229 0.468519 0.569792 0.471296 0.570312 0.471296 0.571875 0.474074 0.572396 0.474074 0.574479 0.477778 0.575000 0.477778 0.578646 0.484259 0.579167 0.484259 0.585417 0.495370 0.585938 0.495370 0.605729 0.530556 0.606250 0.530556 0.610417 0.537963 0.610938 0.537963 0.611979 0.539815 0.615625 0.539815 0.616667 0.537963 0.616667 0.537037 0.617188 0.536111 0.617188 0.532407 0.616667 0.531481 0.616667 0.530556 0.614583 0.526852 0.614583 0.525926 0.583854 0.471296 0.583333 0.471296
0 0.681510 0.477778 0.127604 0.131481 0.673958 0.412037 0.673958 0.416667 0.672917 0.418519 0.672917 0.419444 0.650000 0.460185 0.650000 0.461111 0.622396 0.510185 0.621875 0.510185 0.618229 0.516667 0.617708 0.516667 0.617708 0.517593 0.627083 0.534259 0.627604 0.534259 0.632812 0.543519 0.634896 0.543519 0.635417 0.542593 0.635938 0.542593 0.653646 0.511111 0.654167 0.511111 0.667188 0.487963 0.667708 0.487963 0.672917 0.478704 0.673438 0.478704 0.676562 0.473148 0.677083 0.473148 0.679167 0.469444 0.679688 0.469444 0.681250 0.466667 0.681771 0.466667 0.682813 0.464815 0.683333 0.464815 0.684375 0.462963 0.685417 0.462963 0.685937 0.463889 0.686458 0.463889 0.688021 0.466667 0.688542 0.466667 0.689583 0.468519 0.690104 0.468519 0.691146 0.470370 0.691667 0.470370 0.692708 0.472222 0.693229 0.472222 0.694792 0.475000 0.695312 0.475000 0.696354 0.476852 0.696875 0.476852 0.697917 0.478704 0.698438 0.478704 0.699479 0.480556 0.700000 0.480556 0.701562 0.483333 0.702083 0.483333 0.703125 0.485185 0.703646 0.485185 0.704688 0.487037 0.705208 0.487037 0.706250 0.488889 0.706771 0.488889 0.708333 0.491667 0.708854 0.491667 0.709896 0.493519 0.710417 0.493519 0.711458 0.495370 0.711979 0.495370 0.713542 0.498148 0.714063 0.498148 0.727604 0.522222 0.728125 0.522222 0.729167 0.524074 0.729688 0.524074 0.731250 0.526852 0.731771 0.526852 0.732812 0.528704 0.733333 0.528704 0.734896 0.531481 0.735417 0.531481 0.736458 0.533333 0.736979 0.533333 0.738021 0.535185 0.738542 0.535185 0.739583 0.537037 0.740104 0.537037 0.740625 0.537963 0.742708 0.537963 0.743229 0.537037 0.743750 0.537037 0.744792 0.535185 0.744792 0.534259 0.745313 0.533333 0.745313 0.530556 0.744792 0.529630 0.744792 0.528704 0.743750 0.526852 0.743750 0.525926 0.737500 0.514815 0.737500 0.513889 0.712500 0.469444 0.712500 0.468519 0.692708 0.433333 0.692187 0.433333 0.691146 0.431481 0.690625 0.431481 0.689583 0.429630 0.689063 0.429630 0.688542 0.428704 0.688021 0.428704 0.686979 0.426852 0.686458 0.426852 0.685417 0.425000 0.684896 0.425000 0.684375 0.424074 0.683854 0.424074 0.682813 0.422222 0.682292 0.422222 0.681250 0.420370 0.680729 0.420370 0.679688 0.418519 0.679167 0.418519 0.678646 0.417593 0.678125 0.417593 0.677083 0.415741 0.676562 0.415741 0.675521 0.413889 0.675000 0.413889
0 0.244010 0.482407 0.123438 0.116667 0.304688 0.424074 0.304167 0.425000 0.303125 0.425000 0.302604 0.425926 0.302083 0.425926 0.301563 0.426852 0.301042 0.426852 0.300000 0.428704 0.299479 0.428704 0.298438 0.430556 0.297917 0.430556 0.296354 0.433333 0.295833 0.433333 0.293229 0.437963 0.292708 0.437963 0.288021 0.446296 0.287500 0.446296 0.252604 0.508333 0.252083 0.508333 0.251563 0.509259 0.251042 0.509259 0.250521 0.510185 0.250000 0.510185 0.249479 0.509259 0.248958 0.509259 0.248438 0.508333 0.247917 0.508333 0.246354 0.505556 0.246354 0.504630 0.245833 0.503704 0.245833 0.499074 0.246354 0.498148 0.246354 0.496296 0.246875 0.495370 0.246875 0.493519 0.247396 0.492593 0.247396 0.489815 0.247917 0.488889 0.247917 0.487037 0.248438 0.486111 0.248438 0.484259 0.248958 0.483333 0.248958 0.481481 0.249479 0.480556 0.249479 0.477778 0.250000 0.476852 0.250000 0.475000 0.250521 0.474074 0.250521 0.473148 0.248958 0.475926 0.248438 0.475926 0.247917 0.476852 0.247396 0.476852 0.246875 0.477778 0.245833 0.477778 0.245312 0.476852 0.244271 0.476852 0.244271 0.477778 0.243750 0.478704 0.243750 0.479630 0.243229 0.480556 0.243229 0.482407 0.242708 0.483333 0.242708 0.485185 0.242188 0.486111 0.242188 0.487963 0.241667 0.488889 0.241667 0.490741 0.241146 0.491667 0.241146 0.493519 0.240625 0.494444 0.240625 0.496296 0.238542 0.500000 0.237500 0.500000 0.236979 0.500926 0.236458 0.500926 0.235937 0.500000 0.234896 0.500000 0.234375 0.499074 0.233854 0.499074 0.232813 0.497222 0.232292 0.497222 0.230208 0.493519 0.229687 0.493519 0.225521 0.486111 0.225000 0.486111 0.219792 0.476852 0.219271 0.476852 0.214062 0.467593 0.213542 0.467593 0.208854 0.459259 0.208333 0.459259 0.204687 0.452778 0.204167 0.452778 0.201042 0.447222 0.200521 0.447222 0.197396 0.441667 0.196875 0.441667 0.194792 0.437963 0.194271 0.437963 0.192188 0.434259 0.191667 0.434259 0.190104 0.431481 0.189583 0.431481 0.188021 0.428704 0.187500 0.428704 0.186458 0.426852 0.185417 0.426852 0.184896 0.427778 0.184896 0.428704 0.183854 0.430556 0.183854 0.431481 0.183333 0.432407 0.183333 0.433333 0.182812 0.434259 0.182812 0.435185 0.182292 0.436111 0.182292 0.437037 0.182812 0.437963 0.182812 0.439815 0.184896 0.443519 0.184896 0.444444 0.186458 0.447222 0.186979 0.447222 0.193229 0.458333 0.193750 0.458333 0.199479 0.468519 0.200000 0.468519 0.205208 0.477778 0.205729 0.477778 0.210938 0.487037 0.211458 0.487037 0.217188 0.497222 0.217708 0.497222 0.222917 0.506481 0.223438 0.506481 0.228646 0.515741 0.229167 0.515741 0.234896 0.525926 0.235417 0.525926 0.239583 0.533333 0.240104 0.533333 0.242708 0.537963 0.243229 0.537963 0.244271 0.539815 0.245312 0.539815 0.245833 0.540741 0.246875 0.540741 0.247396 0.539815 0.247917 0.539815 0.248958 0.537963 0.249479 0.537963 0.267188 0.506481 0.267188 0.505556 0.290104 0.464815 0.290104 0.463889 0.303125 0.440741 0.303125 0.439815 0.304688 0.437037 0.304688 0.436111 0.305208 0.435185 0.305208 0.433333 0.305729 0.432407 0.305729 0.424074
0 0.372656 0.480556 0.118229 0.107407 0.313542 0.426852 0.313542 0.435185 0.314063 0.436111 0.314063 0.437037 0.323958 0.454630 0.324479 0.454630 0.332813 0.469444 0.333333 0.469444 0.341146 0.483333 0.341667 0.483333 0.349479 0.497222 0.350000 0.497222 0.357812 0.511111 0.358333 0.511111 0.365625 0.524074 0.366146 0.524074 0.369792 0.530556 0.370312 0.530556 0.371875 0.533333 0.372396 0.533333 0.372917 0.534259 0.374479 0.534259 0.375000 0.533333 0.375521 0.533333 0.376563 0.531481 0.377083 0.531481 0.401042 0.488889 0.401042 0.487963 0.427604 0.440741 0.427604 0.439815 0.431250 0.433333 0.431250 0.432407 0.431771 0.431481 0.431771 0.429630 0.431250 0.430556 0.430729 0.430556 0.429167 0.433333 0.428646 0.433333 0.426563 0.437037 0.426042 0.437037 0.422917 0.442593 0.422396 0.442593 0.416667 0.452778 0.416146 0.452778 0.384375 0.509259 0.383854 0.509259 0.383333 0.510185 0.382812 0.510185 0.382292 0.511111 0.381771 0.511111 0.381250 0.510185 0.380729 0.510185 0.380208 0.509259 0.379688 0.509259 0.378646 0.507407 0.378646 0.506481 0.377604 0.504630 0.377604 0.500926 0.377083 0.500000 0.377083 0.495370 0.376563 0.494444 0.376563 0.489815 0.376042 0.488889 0.376042 0.484259 0.375521 0.483333 0.375521 0.482407 0.375000 0.482407 0.374479 0.483333 0.372917 0.483333 0.372396 0.482407 0.371875 0.482407 0.371354 0.481481 0.370833 0.481481 0.368750 0.477778 0.368229 0.477778 0.367708 0.476852 0.367708 0.478704 0.368229 0.479630 0.368229 0.484259 0.368750 0.485185 0.368750 0.490741 0.369271 0.491667 0.369271 0.500000 0.367188 0.503704 0.364063 0.503704 0.363542 0.502778 0.363021 0.502778 0.362500 0.501852 0.361979 0.501852 0.359896 0.498148 0.359375 0.498148 0.354687 0.489815 0.354167 0.489815 0.346354 0.475926 0.345833 0.475926 0.339062 0.463889 0.338542 0.463889 0.333854 0.455556 0.333333 0.455556 0.329688 0.449074 0.329167 0.449074 0.325521 0.442593 0.325000 0.442593 0.322917 0.438889 0.322396 0.438889 0.320312 0.435185 0.319792 0.435185 0.318229 0.432407 0.317708 0.432407 0.316667 0.430556 0.316146 0.430556 0.315104 0.428704 0.314583 0.428704
0 0.496354 0.473148 0.117708 0.112963 0.550000 0.416667 0.547917 0.420370 0.547396 0.420370 0.543750 0.426852 0.543229 0.426852 0.536458 0.438889 0.535937 0.438889 0.508333 0.487963 0.507812 0.487963 0.506771 0.489815 0.504687 0.489815 0.504167 0.488889 0.503646 0.488889 0.502083 0.486111 0.502083 0.485185 0.501042 0.483333 0.501042 0.482407 0.500000 0.480556 0.500000 0.479630 0.498958 0.477778 0.498958 0.476852 0.497917 0.475000 0.497917 0.474074 0.495312 0.474074 0.494792 0.473148 0.494271 0.473148 0.492188 0.469444 0.491667 0.469444 0.485417 0.458333 0.485938 0.459259 0.485938 0.460185 0.486979 0.462037 0.486979 0.462963 0.488021 0.464815 0.488021 0.465741 0.489063 0.467593 0.489063 0.468519 0.490104 0.470370 0.490104 0.471296 0.491146 0.473148 0.491146 0.474074 0.491667 0.475000 0.491667 0.475926 0.492708 0.477778 0.492708 0.478704 0.493750 0.480556 0.493750 0.481481 0.494792 0.483333 0.494792 0.484259 0.495833 0.486111 0.495833 0.487037 0.496875 0.488889 0.496875 0.489815 0.497396 0.490741 0.497396 0.491667 0.498437 0.493519 0.498437 0.494444 0.498958 0.495370 0.498958 0.496296 0.499479 0.497222 0.499479 0.499074 0.498958 0.500000 0.498958 0.500926 0.498437 0.501852 0.498437 0.502778 0.497917 0.503704 0.497396 0.503704 0.496875 0.504630 0.496354 0.504630 0.495833 0.505556 0.494792 0.505556 0.494271 0.504630 0.493229 0.504630 0.492188 0.502778 0.491667 0.502778 0.489063 0.498148 0.488542 0.498148 0.476562 0.476852 0.476042 0.476852 0.466667 0.460185 0.466146 0.460185 0.460938 0.450926 0.460417 0.450926 0.456250 0.443519 0.455729 0.443519 0.453125 0.438889 0.452604 0.438889 0.450521 0.435185 0.450000 0.435185 0.448437 0.432407 0.447917 0.432407 0.446875 0.430556 0.446354 0.430556 0.445312 0.428704 0.444792 0.428704 0.444271 0.427778 0.443750 0.427778 0.443229 0.426852 0.442188 0.426852 0.441667 0.425926 0.440104 0.425926 0.439583 0.425000 0.438021 0.425000 0.437500 0.425926 0.437500 0.426852 0.438021 0.427778 0.438021 0.428704 0.438542 0.429630 0.438542 0.430556 0.439063 0.431481 0.439063 0.432407 0.440104 0.434259 0.440104 0.435185 0.452604 0.457407 0.453125 0.457407 0.467187 0.482407 0.467708 0.482407 0.481771 0.507407 0.482292 0.507407 0.492188 0.525000 0.492708 0.525000 0.494792 0.528704 0.495312 0.528704 0.495833 0.529630 0.498437 0.529630 0.499479 0.527778 0.500000 0.527778 0.545833 0.446296 0.545833 0.445370 0.554167 0.430556 0.554167 0.429630 0.554688 0.428704 0.554688 0.427778 0.555208 0.426852 0.555208 0.425000 0.554688 0.424074 0.554688 0.423148 0.554167 0.422222 0.554167 0.421296 0.553646 0.420370 0.553125 0.420370 0.551042 0.416667
0 0.613542 0.462500 0.119792 0.108333 0.557813 0.408333 0.557292 0.409259 0.556771 0.409259 0.556250 0.410185 0.555729 0.410185 0.555208 0.411111 0.554688 0.411111 0.554167 0.412037 0.553646 0.412037 0.556771 0.417593 0.557292 0.417593 0.583333 0.463889 0.583854 0.463889 0.608854 0.508333 0.609375 0.508333 0.613542 0.515741 0.614062 0.515741 0.614583 0.516667 0.617188 0.516667 0.617708 0.515741 0.618229 0.515741 0.621875 0.509259 0.622396 0.509259 0.649479 0.461111 0.649479 0.460185 0.672396 0.419444 0.672396 0.418519 0.673438 0.416667 0.673438 0.412037 0.670312 0.417593 0.669792 0.417593 0.664583 0.426852 0.664062 0.426852 0.650000 0.451852 0.649479 0.451852 0.632812 0.481481 0.632292 0.481481 0.631771 0.482407 0.629687 0.482407 0.628646 0.480556 0.628125 0.480556 0.625000 0.475000 0.624479 0.475000 0.622917 0.472222 0.621354 0.472222 0.620833 0.471296 0.620313 0.471296 0.619792 0.470370 0.619271 0.470370 0.616667 0.465741 0.616146 0.465741 0.612500 0.459259 0.611979 0.459259 0.608333 0.452778 0.607812 0.452778 0.604688 0.447222 0.604167 0.447222 0.600521 0.440741 0.600000 0.440741 0.596875 0.435185 0.596354 0.435185 0.592708 0.428704 0.592187 0.428704 0.588542 0.422222 0.588021 0.422222 0.584896 0.416667 0.614583 0.469444 0.614583 0.470370 0.616667 0.474074 0.616667 0.475000 0.617188 0.475926 0.617188 0.480556 0.615104 0.484259 0.614583 0.484259 0.614062 0.485185 0.612500 0.485185 0.611979 0.484259 0.611458 0.484259 0.610417 0.482407 0.609896 0.482407 0.606771 0.476852 0.606250 0.476852 0.600000 0.465741 0.599479 0.465741 0.593229 0.454630 0.592708 0.454630 0.586458 0.443519 0.585938 0.443519 0.579688 0.432407 0.579167 0.432407 0.573438 0.422222 0.572917 0.422222 0.567187 0.412037 0.566667 0.412037 0.566146 0.411111 0.565625 0.411111 0.565104 0.410185 0.564583 0.410185 0.564063 0.409259 0.563542 0.409259 0.563021 0.408333
0 0.742708 0.473611 0.136458 0.132407 0.677083 0.407407 0.676562 0.408333 0.676042 0.408333 0.674479 0.411111 0.674479 0.412037 0.675000 0.412963 0.675521 0.412963 0.676562 0.414815 0.677083 0.414815 0.678125 0.416667 0.678646 0.416667 0.679167 0.417593 0.679688 0.417593 0.680729 0.419444 0.681250 0.419444 0.682292 0.421296 0.682813 0.421296 0.683854 0.423148 0.684375 0.423148 0.684896 0.424074 0.685417 0.424074 0.686458 0.425926 0.686979 0.425926 0.688021 0.427778 0.688542 0.427778 0.689063 0.428704 0.689583 0.428704 0.690625 0.430556 0.691146 0.430556 0.692187 0.432407 0.692708 0.432407 0.713021 0.468519 0.713021 0.469444 0.738021 0.513889 0.738021 0.514815 0.744271 0.525926 0.744271 0.526852 0.745313 0.528704 0.745313 0.529630 0.745833 0.530556 0.745833 0.531481 0.746354 0.532407 0.746875 0.532407 0.747917 0.534259 0.748437 0.534259 0.749479 0.536111 0.750000 0.536111 0.751042 0.537963 0.751563 0.537963 0.752604 0.539815 0.755208 0.539815 0.756250 0.537963 0.756771 0.537963 0.777083 0.501852 0.777604 0.501852 0.808333 0.447222 0.808333 0.446296 0.810417 0.442593 0.810417 0.441667 0.810937 0.440741 0.810937 0.437037 0.810417 0.436111 0.810417 0.435185 0.809375 0.433333 0.808854 0.433333 0.808333 0.432407 0.807813 0.432407 0.807292 0.431481 0.770833 0.496296 0.770312 0.496296 0.767188 0.501852 0.766667 0.501852 0.766146 0.502778 0.765625 0.502778 0.765104 0.503704 0.764062 0.503704 0.763542 0.502778 0.763021 0.502778 0.761979 0.500926 0.761458 0.500926 0.760938 0.500000 0.760417 0.500000 0.759375 0.498148 0.758854 0.498148 0.758333 0.497222 0.757812 0.497222 0.756771 0.495370 0.756250 0.495370 0.755208 0.493519 0.754687 0.493519 0.754167 0.492593 0.753646 0.492593 0.752604 0.490741 0.752083 0.490741 0.751563 0.489815 0.751042 0.489815 0.750000 0.487963 0.749479 0.487963 0.748437 0.486111 0.747917 0.486111 0.747396 0.485185 0.746875 0.485185 0.745833 0.483333 0.745313 0.483333 0.744271 0.481481 0.743750 0.481481 0.743229 0.480556 0.742708 0.480556 0.741667 0.478704 0.741146 0.478704 0.740625 0.477778 0.740104 0.477778 0.739583 0.476852 0.739062 0.476852 0.738542 0.477778 0.736979 0.477778 0.736458 0.476852 0.735938 0.476852 0.735417 0.475926 0.734896 0.475926 0.734375 0.475000 0.733854 0.475000 0.732812 0.473148 0.732292 0.473148 0.731250 0.471296 0.730729 0.471296 0.730208 0.470370 0.729688 0.470370 0.728646 0.468519 0.728125 0.468519 0.727083 0.466667 0.726562 0.466667 0.726042 0.465741 0.725521 0.465741 0.724479 0.463889 0.723958 0.463889 0.722917 0.462037 0.722396 0.462037 0.721875 0.461111 0.721354 0.461111 0.720313 0.459259 0.719792 0.459259 0.718750 0.457407 0.718229 0.457407 0.717708 0.456481 0.717187 0.456481 0.716146 0.454630 0.715625 0.454630 0.715104 0.453704 0.715104 0.452778 0.709375 0.442593 0.708854 0.442593 0.706771 0.438889 0.706250 0.438889 0.705208 0.437037 0.704688 0.437037 0.703646 0.435185 0.703125 0.435185 0.702604 0.434259 0.702083 0.434259 0.701042 0.432407 0.700521 0.432407 0.700000 0.431481 0.699479 0.431481 0.698438 0.429630 0.697917 0.429630 0.696875 0.427778 0.696354 0.427778 0.695833 0.426852 0.695312 0.426852 0.694271 0.425000 0.693750 0.425000 0.693229 0.424074 0.692708 0.424074 0.691667 0.422222 0.691146 0.422222 0.690104 0.420370 0.689583 0.420370 0.689063 0.419444 0.688542 0.419444 0.687500 0.417593 0.686979 0.417593 0.686458 0.416667 0.685937 0.416667 0.684896 0.414815 0.684375 0.414815 0.683333 0.412963 0.682813 0.412963 0.682292 0.412037 0.681771 0.412037 0.680729 0.410185 0.680208 0.410185 0.679688 0.409259 0.679167 0.409259 0.678125 0.407407
0 0.179948 0.432407 0.127604 0.146296 0.181771 0.359259 0.178125 0.365741 0.178125 0.366667 0.164062 0.391667 0.164062 0.392593 0.161458 0.397222 0.161458 0.398148 0.159375 0.401852 0.159375 0.402778 0.156771 0.407407 0.156771 0.408333 0.154688 0.412037 0.154688 0.412963 0.152083 0.417593 0.152083 0.418519 0.150000 0.422222 0.150000 0.423148 0.147396 0.427778 0.147396 0.428704 0.144271 0.434259 0.144271 0.435185 0.140625 0.441667 0.140625 0.442593 0.138021 0.447222 0.138021 0.448148 0.135937 0.451852 0.135937 0.452778 0.133333 0.457407 0.133333 0.458333 0.131250 0.462037 0.131250 0.462963 0.128646 0.467593 0.128646 0.468519 0.126562 0.472222 0.126562 0.473148 0.123958 0.477778 0.123958 0.478704 0.121875 0.482407 0.121875 0.483333 0.119271 0.487963 0.119271 0.488889 0.117188 0.492593 0.117188 0.493519 0.116146 0.495370 0.116146 0.500926 0.118229 0.504630 0.118750 0.504630 0.119271 0.505556 0.120833 0.505556 0.121354 0.504630 0.121875 0.504630 0.157292 0.441667 0.157812 0.441667 0.162500 0.433333 0.163021 0.433333 0.165625 0.428704 0.166146 0.428704 0.167708 0.425926 0.168229 0.425926 0.169271 0.424074 0.169792 0.424074 0.170833 0.422222 0.171354 0.422222 0.171875 0.421296 0.172396 0.421296 0.172917 0.420370 0.173958 0.420370 0.174479 0.419444 0.179167 0.419444 0.179688 0.420370 0.180729 0.420370 0.181250 0.421296 0.182292 0.421296 0.183333 0.423148 0.183854 0.423148 0.184375 0.424074 0.184896 0.424074 0.185938 0.425926 0.186458 0.425926 0.187500 0.427778 0.188021 0.427778 0.189583 0.430556 0.190104 0.430556 0.191667 0.433333 0.192188 0.433333 0.194271 0.437037 0.194792 0.437037 0.196875 0.440741 0.197396 0.440741 0.200521 0.446296 0.201042 0.446296 0.204167 0.451852 0.204687 0.451852 0.208333 0.458333 0.208854 0.458333 0.213542 0.466667 0.214062 0.466667 0.219271 0.475926 0.219792 0.475926 0.225000 0.485185 0.225521 0.485185 0.229687 0.492593 0.230208 0.492593 0.232292 0.496296 0.232813 0.496296 0.233854 0.498148 0.234375 0.498148 0.234896 0.499074 0.235937 0.499074 0.236458 0.500000 0.236979 0.500000 0.237500 0.499074 0.238542 0.499074 0.240104 0.496296 0.240104 0.494444 0.240625 0.493519 0.240625 0.491667 0.241146 0.490741 0.241146 0.488889 0.241667 0.487963 0.241667 0.486111 0.242188 0.485185 0.242188 0.483333 0.242708 0.482407 0.242708 0.480556 0.243229 0.479630 0.243229 0.478704 0.243750 0.477778 0.243750 0.475926 0.242708 0.474074 0.242188 0.474074 0.239583 0.469444 0.239063 0.469444 0.233854 0.460185 0.233333 0.460185 0.227604 0.450000 0.227083 0.450000 0.220833 0.438889 0.220312 0.438889 0.214583 0.428704 0.214062 0.428704 0.207813 0.417593 0.207292 0.417593 0.201563 0.407407 0.201042 0.407407 0.194792 0.396296 0.194271 0.396296 0.183333 0.376852 0.183333 0.375926 0.182812 0.375000 0.182812 0.371296 0.183333 0.370370 0.183333 0.369444 0.184375 0.367593 0.184375 0.366667 0.185938 0.363889 0.185938 0.362963 0.185417 0.362037 0.184896 0.362037 0.184375 0.361111 0.183854 0.361111 0.183333 0.360185 0.182812 0.360185 0.182292 0.359259
0 0.307552 0.437037 0.122396 0.144444 0.305729 0.364815 0.305729 0.369444 0.305208 0.370370 0.305208 0.372222 0.304688 0.373148 0.304688 0.374074 0.303646 0.375926 0.303646 0.376852 0.292187 0.397222 0.292187 0.398148 0.270833 0.436111 0.270833 0.437037 0.251042 0.472222 0.251042 0.474074 0.250521 0.475000 0.250521 0.476852 0.250000 0.477778 0.250000 0.480556 0.249479 0.481481 0.249479 0.483333 0.248958 0.484259 0.248958 0.486111 0.248438 0.487037 0.248438 0.488889 0.247917 0.489815 0.247917 0.492593 0.247396 0.493519 0.247396 0.495370 0.246875 0.496296 0.246875 0.498148 0.246354 0.499074 0.246354 0.503704 0.246875 0.504630 0.246875 0.505556 0.247917 0.507407 0.248438 0.507407 0.248958 0.508333 0.249479 0.508333 0.250000 0.509259 0.250521 0.509259 0.251042 0.508333 0.251563 0.508333 0.252083 0.507407 0.252604 0.507407 0.287500 0.445370 0.288021 0.445370 0.292708 0.437037 0.293229 0.437037 0.295833 0.432407 0.296354 0.432407 0.297917 0.429630 0.298438 0.429630 0.299479 0.427778 0.300000 0.427778 0.301042 0.425926 0.301563 0.425926 0.302083 0.425000 0.302604 0.425000 0.303125 0.424074 0.304167 0.424074 0.304688 0.423148 0.309896 0.423148 0.310417 0.424074 0.311458 0.424074 0.311979 0.425000 0.312500 0.425000 0.313021 0.425926 0.313542 0.425926 0.314583 0.427778 0.315104 0.427778 0.316146 0.429630 0.316667 0.429630 0.317708 0.431481 0.318229 0.431481 0.319792 0.434259 0.320312 0.434259 0.322396 0.437963 0.322917 0.437963 0.325000 0.441667 0.325521 0.441667 0.329167 0.448148 0.329688 0.448148 0.333333 0.454630 0.333854 0.454630 0.338542 0.462963 0.339062 0.462963 0.345833 0.475000 0.346354 0.475000 0.354167 0.488889 0.354687 0.488889 0.359375 0.497222 0.359896 0.497222 0.361979 0.500926 0.362500 0.500926 0.363021 0.501852 0.363542 0.501852 0.364063 0.502778 0.367188 0.502778 0.368750 0.500000 0.368750 0.491667 0.368229 0.490741 0.368229 0.485185 0.367708 0.484259 0.367708 0.479630 0.367188 0.478704 0.367188 0.475926 0.361979 0.466667 0.361458 0.466667 0.352604 0.450926 0.352083 0.450926 0.343229 0.435185 0.342708 0.435185 0.333854 0.419444 0.333333 0.419444 0.324479 0.403704 0.323958 0.403704 0.313021 0.384259 0.313021 0.383333 0.311979 0.381481 0.311979 0.373148 0.312500 0.372222 0.312500 0.367593 0.311979 0.367593 0.311458 0.366667 0.310417 0.366667 0.309896 0.365741 0.309375 0.365741 0.308854 0.364815
0 0.437500 0.434722 0.122917 0.150926 0.432812 0.359259 0.432292 0.360185 0.431771 0.360185 0.431250 0.361111 0.430729 0.361111 0.430208 0.362037 0.429688 0.362037 0.429688 0.363889 0.430208 0.364815 0.430208 0.365741 0.430729 0.366667 0.430729 0.367593 0.431250 0.368519 0.431250 0.369444 0.432292 0.371296 0.432292 0.372222 0.432812 0.373148 0.432812 0.375000 0.433333 0.375926 0.432812 0.376852 0.432812 0.378704 0.431771 0.380556 0.431771 0.381481 0.427604 0.388889 0.427604 0.389815 0.399479 0.439815 0.399479 0.440741 0.377083 0.480556 0.376563 0.480556 0.376042 0.481481 0.376042 0.483333 0.376563 0.484259 0.376563 0.488889 0.377083 0.489815 0.377083 0.494444 0.377604 0.495370 0.377604 0.500000 0.378125 0.500926 0.378125 0.504630 0.379167 0.506481 0.379167 0.507407 0.379688 0.508333 0.380208 0.508333 0.380729 0.509259 0.381250 0.509259 0.381771 0.510185 0.382292 0.510185 0.382812 0.509259 0.383333 0.509259 0.383854 0.508333 0.384375 0.508333 0.416146 0.451852 0.416667 0.451852 0.422396 0.441667 0.422917 0.441667 0.426042 0.436111 0.426563 0.436111 0.428646 0.432407 0.429167 0.432407 0.430729 0.429630 0.431250 0.429630 0.431771 0.428704 0.432292 0.428704 0.433333 0.426852 0.433854 0.426852 0.434375 0.425926 0.435417 0.425926 0.435937 0.425000 0.437500 0.425000 0.438021 0.424074 0.439583 0.424074 0.440104 0.425000 0.441667 0.425000 0.442188 0.425926 0.443229 0.425926 0.443750 0.426852 0.444271 0.426852 0.444792 0.427778 0.445312 0.427778 0.446354 0.429630 0.446875 0.429630 0.447917 0.431481 0.448437 0.431481 0.450000 0.434259 0.450521 0.434259 0.452604 0.437963 0.453125 0.437963 0.455729 0.442593 0.456250 0.442593 0.460417 0.450000 0.460938 0.450000 0.466146 0.459259 0.466667 0.459259 0.476042 0.475926 0.476562 0.475926 0.488542 0.497222 0.489063 0.497222 0.491667 0.501852 0.492188 0.501852 0.493229 0.503704 0.494271 0.503704 0.494792 0.504630 0.495833 0.504630 0.496354 0.503704 0.496875 0.503704 0.497396 0.502778 0.497917 0.502778 0.497917 0.501852 0.498437 0.500926 0.498437 0.500000 0.498958 0.499074 0.498958 0.497222 0.498437 0.496296 0.498437 0.495370 0.497917 0.494444 0.497917 0.493519 0.496875 0.491667 0.496875 0.490741 0.496354 0.489815 0.496354 0.488889 0.495312 0.487037 0.495312 0.486111 0.494271 0.484259 0.494271 0.483333 0.493229 0.481481 0.493229 0.480556 0.492188 0.478704 0.492188 0.477778 0.491146 0.475926 0.491146 0.475000 0.490625 0.474074 0.490625 0.473148 0.489583 0.471296 0.489583 0.470370 0.488542 0.468519 0.488542 0.467593 0.487500 0.465741 0.487500 0.464815 0.486458 0.462963 0.486458 0.462037 0.485417 0.460185 0.485417 0.459259 0.484896 0.458333 0.484896 0.457407 0.480208 0.449074 0.479687 0.449074 0.461979 0.417593 0.461458 0.417593 0.438542 0.376852 0.438542 0.375926 0.437500 0.374074 0.437500 0.373148 0.436979 0.372222 0.436979 0.371296 0.436458 0.370370 0.436458 0.369444 0.435937 0.368519 0.435937 0.367593 0.434896 0.365741 0.434896 0.364815 0.434375 0.363889 0.434375 0.362963 0.433854 0.362037 0.433854 0.361111 0.433333 0.360185 0.433333 0.359259
0 0.557552 0.429167 0.118229 0.119444 0.555729 0.369444 0.554688 0.371296 0.554688 0.372222 0.554167 0.373148 0.554167 0.374074 0.548958 0.383333 0.548958 0.384259 0.498958 0.473148 0.498437 0.473148 0.498437 0.475000 0.499479 0.476852 0.499479 0.477778 0.500521 0.479630 0.500521 0.480556 0.501563 0.482407 0.501563 0.483333 0.502604 0.485185 0.502604 0.486111 0.503646 0.487963 0.504167 0.487963 0.504687 0.488889 0.506771 0.488889 0.507812 0.487037 0.508333 0.487037 0.535937 0.437963 0.536458 0.437963 0.543229 0.425926 0.543750 0.425926 0.547396 0.419444 0.547917 0.419444 0.550000 0.415741 0.550521 0.415741 0.552083 0.412963 0.552604 0.412963 0.553646 0.411111 0.554167 0.411111 0.554688 0.410185 0.555208 0.410185 0.555729 0.409259 0.556250 0.409259 0.556771 0.408333 0.557292 0.408333 0.557813 0.407407 0.563021 0.407407 0.563542 0.408333 0.564063 0.408333 0.564583 0.409259 0.565104 0.409259 0.565625 0.410185 0.566146 0.410185 0.566667 0.411111 0.567187 0.411111 0.572917 0.421296 0.573438 0.421296 0.579167 0.431481 0.579688 0.431481 0.585938 0.442593 0.586458 0.442593 0.592708 0.453704 0.593229 0.453704 0.599479 0.464815 0.600000 0.464815 0.606250 0.475926 0.606771 0.475926 0.609896 0.481481 0.610417 0.481481 0.611458 0.483333 0.611979 0.483333 0.612500 0.484259 0.614062 0.484259 0.614583 0.483333 0.615104 0.483333 0.616667 0.480556 0.616667 0.475926 0.616146 0.475000 0.616146 0.474074 0.614062 0.470370 0.614062 0.469444 0.566667 0.385185 0.566146 0.385185 0.561979 0.377778 0.561458 0.377778 0.558333 0.372222 0.557813 0.372222 0.556250 0.369444
0 0.682292 0.423148 0.117708 0.116667 0.681771 0.364815 0.681771 0.366667 0.681250 0.367593 0.681250 0.368519 0.680729 0.369444 0.680729 0.370370 0.678646 0.374074 0.678646 0.375000 0.625521 0.469444 0.625000 0.469444 0.623958 0.471296 0.623437 0.471296 0.623437 0.472222 0.624479 0.474074 0.625000 0.474074 0.628125 0.479630 0.628646 0.479630 0.629687 0.481481 0.631771 0.481481 0.632292 0.480556 0.632812 0.480556 0.649479 0.450926 0.650000 0.450926 0.664062 0.425926 0.664583 0.425926 0.669792 0.416667 0.670312 0.416667 0.673438 0.411111 0.673958 0.411111 0.676042 0.407407 0.676562 0.407407 0.677083 0.406481 0.678125 0.406481 0.679167 0.408333 0.679688 0.408333 0.680208 0.409259 0.680729 0.409259 0.681771 0.411111 0.682292 0.411111 0.682813 0.412037 0.683333 0.412037 0.684375 0.413889 0.684896 0.413889 0.685937 0.415741 0.686458 0.415741 0.686979 0.416667 0.687500 0.416667 0.688542 0.418519 0.689063 0.418519 0.689583 0.419444 0.690104 0.419444 0.691146 0.421296 0.691667 0.421296 0.692708 0.423148 0.693229 0.423148 0.693750 0.424074 0.694271 0.424074 0.695312 0.425926 0.695833 0.425926 0.696354 0.426852 0.696875 0.426852 0.697917 0.428704 0.698438 0.428704 0.699479 0.430556 0.700000 0.430556 0.700521 0.431481 0.701042 0.431481 0.702083 0.433333 0.702604 0.433333 0.703125 0.434259 0.703646 0.434259 0.704688 0.436111 0.705208 0.436111 0.706250 0.437963 0.706771 0.437963 0.708854 0.441667 0.709375 0.441667 0.715625 0.452778 0.715625 0.453704 0.716146 0.453704 0.717187 0.455556 0.717708 0.455556 0.718229 0.456481 0.718750 0.456481 0.719792 0.458333 0.720313 0.458333 0.721354 0.460185 0.721875 0.460185 0.722396 0.461111 0.722917 0.461111 0.723958 0.462963 0.724479 0.462963 0.725521 0.464815 0.726042 0.464815 0.726562 0.465741 0.727083 0.465741 0.728125 0.467593 0.728646 0.467593 0.729688 0.469444 0.730208 0.469444 0.730729 0.470370 0.731250 0.470370 0.732292 0.472222 0.732812 0.472222 0.733854 0.474074 0.734375 0.474074 0.734896 0.475000 0.735417 0.475000 0.735938 0.475926 0.736458 0.475926 0.736979 0.476852 0.738542 0.476852 0.739062 0.475926 0.739583 0.475926 0.740625 0.474074 0.740625 0.473148 0.741146 0.472222 0.741146 0.469444 0.740625 0.468519 0.740625 0.467593 0.740104 0.466667 0.740104 0.465741 0.738021 0.462037 0.738021 0.461111 0.722917 0.434259 0.722917 0.433333 0.704167 0.400000 0.704167 0.399074 0.689063 0.372222 0.688542 0.372222 0.687500 0.370370 0.686979 0.370370 0.686458 0.369444 0.685937 0.369444 0.685417 0.368519 0.684896 0.368519 0.684375 0.367593 0.683854 0.367593 0.682813 0.365741 0.682292 0.365741
0 0.244271 0.420370 0.121875 0.112963 0.186458 0.363889 0.184896 0.366667 0.184896 0.367593 0.183854 0.369444 0.183854 0.370370 0.183333 0.371296 0.183333 0.375000 0.183854 0.375926 0.183854 0.376852 0.194271 0.395370 0.194792 0.395370 0.201042 0.406481 0.201563 0.406481 0.207292 0.416667 0.207813 0.416667 0.214062 0.427778 0.214583 0.427778 0.220312 0.437963 0.220833 0.437963 0.227083 0.449074 0.227604 0.449074 0.233333 0.459259 0.233854 0.459259 0.239063 0.468519 0.239583 0.468519 0.242188 0.473148 0.242708 0.473148 0.244271 0.475926 0.245312 0.475926 0.245833 0.476852 0.246875 0.476852 0.247396 0.475926 0.247917 0.475926 0.248438 0.475000 0.248958 0.475000 0.270313 0.437037 0.270313 0.436111 0.291667 0.398148 0.291667 0.397222 0.303125 0.376852 0.303125 0.375926 0.304167 0.374074 0.304167 0.373148 0.304688 0.372222 0.304688 0.370370 0.305208 0.369444 0.305208 0.364815 0.304167 0.364815 0.303646 0.365741 0.302604 0.365741 0.302083 0.366667 0.301563 0.366667 0.301042 0.367593 0.300521 0.367593 0.300000 0.368519 0.299479 0.368519 0.298438 0.370370 0.297917 0.370370 0.296875 0.372222 0.296354 0.372222 0.294271 0.375926 0.293750 0.375926 0.290625 0.381481 0.290104 0.381481 0.283333 0.393519 0.282813 0.393519 0.258854 0.436111 0.258854 0.437037 0.253646 0.446296 0.253125 0.446296 0.251042 0.450000 0.250521 0.450000 0.250000 0.450926 0.248438 0.450926 0.247917 0.450000 0.247396 0.450000 0.244792 0.445370 0.244792 0.439815 0.245312 0.438889 0.245312 0.437963 0.245833 0.437037 0.245833 0.435185 0.246354 0.434259 0.246354 0.432407 0.246875 0.431481 0.246875 0.430556 0.247396 0.429630 0.247396 0.427778 0.247917 0.426852 0.247917 0.425000 0.248438 0.424074 0.248438 0.422222 0.248958 0.421296 0.248958 0.420370 0.249479 0.419444 0.249479 0.418519 0.247396 0.422222 0.246875 0.422222 0.246354 0.423148 0.245833 0.423148 0.245312 0.424074 0.244271 0.424074 0.243750 0.423148 0.242708 0.423148 0.242708 0.424074 0.242188 0.425000 0.242188 0.426852 0.241667 0.427778 0.241667 0.428704 0.241146 0.429630 0.241146 0.431481 0.240625 0.432407 0.240625 0.433333 0.238542 0.437037 0.238021 0.437037 0.237500 0.437963 0.235937 0.437963 0.235417 0.437037 0.234896 0.437037 0.234375 0.436111 0.233854 0.436111 0.232813 0.434259 0.232292 0.434259 0.230208 0.430556 0.229687 0.430556 0.224479 0.421296 0.223958 0.421296 0.218229 0.411111 0.217708 0.411111 0.212500 0.401852 0.211979 0.401852 0.207292 0.393519 0.206771 0.393519 0.203125 0.387037 0.202604 0.387037 0.199479 0.381481 0.198958 0.381481 0.195833 0.375926 0.195312 0.375926 0.193229 0.372222 0.192708 0.372222 0.191146 0.369444 0.190625 0.369444 0.188542 0.365741 0.188021 0.365741 0.186979 0.363889
0 0.372656 0.422685 0.120313 0.119444 0.428646 0.362963 0.427604 0.364815 0.427083 0.364815 0.425000 0.368519 0.424479 0.368519 0.421875 0.373148 0.421354 0.373148 0.417187 0.380556 0.416667 0.380556 0.383333 0.439815 0.382812 0.439815 0.381771 0.441667 0.381250 0.441667 0.380729 0.442593 0.379688 0.442593 0.379167 0.441667 0.378646 0.441667 0.376563 0.437963 0.376563 0.437037 0.376042 0.436111 0.376042 0.434259 0.375521 0.433333 0.375521 0.428704 0.375000 0.427778 0.375000 0.426852 0.374479 0.426852 0.373958 0.427778 0.372396 0.427778 0.371875 0.426852 0.371354 0.426852 0.369792 0.424074 0.369271 0.424074 0.367188 0.420370 0.367188 0.424074 0.367708 0.425000 0.367708 0.429630 0.368229 0.430556 0.368229 0.434259 0.368750 0.435185 0.368750 0.440741 0.368229 0.441667 0.368229 0.442593 0.367188 0.444444 0.366667 0.444444 0.366146 0.445370 0.363021 0.445370 0.362500 0.444444 0.361979 0.444444 0.360938 0.442593 0.360417 0.442593 0.356771 0.436111 0.356250 0.436111 0.348438 0.422222 0.347917 0.422222 0.340104 0.408333 0.339583 0.408333 0.333854 0.398148 0.333333 0.398148 0.329167 0.390741 0.328646 0.390741 0.325000 0.384259 0.324479 0.384259 0.321875 0.379630 0.321354 0.379630 0.319271 0.375926 0.318750 0.375926 0.317188 0.373148 0.316667 0.373148 0.315625 0.371296 0.315104 0.371296 0.314063 0.369444 0.313542 0.369444 0.313021 0.368519 0.313021 0.372222 0.312500 0.373148 0.312500 0.381481 0.313542 0.383333 0.313542 0.384259 0.323958 0.402778 0.324479 0.402778 0.333333 0.418519 0.333854 0.418519 0.342708 0.434259 0.343229 0.434259 0.352083 0.450000 0.352604 0.450000 0.361458 0.465741 0.361979 0.465741 0.368229 0.476852 0.368750 0.476852 0.370833 0.480556 0.371354 0.480556 0.371875 0.481481 0.372396 0.481481 0.372917 0.482407 0.374479 0.482407 0.375000 0.481481 0.375521 0.481481 0.376563 0.479630 0.377083 0.479630 0.398958 0.440741 0.398958 0.439815 0.427083 0.389815 0.427083 0.388889 0.431250 0.381481 0.431250 0.380556 0.432292 0.378704 0.432292 0.376852 0.432812 0.375926 0.432292 0.375000 0.432292 0.373148 0.431771 0.372222 0.431771 0.371296 0.430729 0.369444 0.430729 0.368519 0.430208 0.367593 0.430208 0.366667 0.429688 0.365741 0.429688 0.364815 0.429167 0.363889 0.429167 0.362963
0 0.494010 0.415741 0.120313 0.114815 0.435417 0.358333 0.434896 0.359259 0.433854 0.359259 0.433854 0.360185 0.434375 0.361111 0.434375 0.362037 0.434896 0.362963 0.434896 0.363889 0.435417 0.364815 0.435417 0.365741 0.436458 0.367593 0.436458 0.368519 0.436979 0.369444 0.436979 0.370370 0.437500 0.371296 0.437500 0.372222 0.438021 0.373148 0.438021 0.374074 0.439063 0.375926 0.439063 0.376852 0.461458 0.416667 0.461979 0.416667 0.479687 0.448148 0.480208 0.448148 0.491667 0.468519 0.492188 0.468519 0.494271 0.472222 0.494792 0.472222 0.495312 0.473148 0.497917 0.473148 0.498437 0.472222 0.498958 0.472222 0.548438 0.384259 0.548438 0.383333 0.553646 0.374074 0.553646 0.373148 0.554167 0.372222 0.553646 0.372222 0.551042 0.376852 0.550521 0.376852 0.544792 0.387037 0.544271 0.387037 0.513542 0.441667 0.513021 0.441667 0.511458 0.444444 0.508854 0.444444 0.508333 0.443519 0.507812 0.443519 0.506771 0.441667 0.506771 0.440741 0.505208 0.437963 0.505208 0.437037 0.503646 0.434259 0.503646 0.433333 0.502083 0.430556 0.502083 0.429630 0.501563 0.428704 0.500000 0.428704 0.499479 0.427778 0.498958 0.427778 0.498437 0.426852 0.497917 0.426852 0.494271 0.420370 0.493750 0.420370 0.484896 0.404630 0.486458 0.407407 0.486458 0.408333 0.488021 0.411111 0.488021 0.412037 0.489583 0.414815 0.489583 0.415741 0.491146 0.418519 0.491146 0.419444 0.492188 0.421296 0.492188 0.422222 0.493750 0.425000 0.493750 0.425926 0.494792 0.427778 0.494792 0.429630 0.495312 0.430556 0.495312 0.431481 0.494792 0.432407 0.494792 0.433333 0.492708 0.437037 0.492188 0.437037 0.491667 0.437963 0.490625 0.437963 0.490104 0.437037 0.489583 0.437037 0.489063 0.436111 0.488542 0.436111 0.488021 0.435185 0.487500 0.435185 0.483333 0.427778 0.482812 0.427778 0.467708 0.400926 0.467187 0.400926 0.459375 0.387037 0.458854 0.387037 0.454167 0.378704 0.453646 0.378704 0.450521 0.373148 0.450000 0.373148 0.447917 0.369444 0.447396 0.369444 0.445833 0.366667 0.445312 0.366667 0.443750 0.363889 0.443229 0.363889 0.442188 0.362037 0.441667 0.362037 0.441146 0.361111 0.440625 0.361111 0.440104 0.360185 0.439063 0.360185 0.438542 0.359259 0.436458 0.359259 0.435937 0.358333
0 0.618750 0.415741 0.125000 0.111111 0.565104 0.360185 0.564583 0.361111 0.563021 0.361111 0.562500 0.362037 0.561979 0.362037 0.561458 0.362963 0.560937 0.362963 0.560417 0.363889 0.559896 0.363889 0.558854 0.365741 0.558333 0.365741 0.556771 0.368519 0.556250 0.368519 0.557813 0.371296 0.558333 0.371296 0.561458 0.376852 0.561979 0.376852 0.566146 0.384259 0.566667 0.384259 0.584375 0.415741 0.584896 0.415741 0.588021 0.421296 0.588542 0.421296 0.592187 0.427778 0.592708 0.427778 0.596354 0.434259 0.596875 0.434259 0.600000 0.439815 0.600521 0.439815 0.604167 0.446296 0.604688 0.446296 0.607812 0.451852 0.608333 0.451852 0.611979 0.458333 0.612500 0.458333 0.616146 0.464815 0.616667 0.464815 0.619271 0.469444 0.619792 0.469444 0.620313 0.470370 0.620833 0.470370 0.621354 0.471296 0.622917 0.471296 0.623437 0.470370 0.623958 0.470370 0.625000 0.468519 0.625521 0.468519 0.678125 0.375000 0.678125 0.374074 0.680208 0.370370 0.680208 0.369444 0.680729 0.368519 0.680729 0.367593 0.681250 0.366667 0.681250 0.364815 0.680729 0.363889 0.680729 0.362963 0.680208 0.362037 0.679688 0.362037 0.678646 0.363889 0.678125 0.363889 0.673958 0.371296 0.673438 0.371296 0.665625 0.385185 0.665104 0.385185 0.639062 0.431481 0.638542 0.431481 0.637500 0.433333 0.635417 0.433333 0.634896 0.432407 0.634375 0.432407 0.632812 0.429630 0.632292 0.429630 0.630729 0.426852 0.630208 0.426852 0.628646 0.424074 0.628125 0.424074 0.627604 0.423148 0.626563 0.423148 0.625521 0.421296 0.625000 0.421296 0.623437 0.418519 0.622917 0.418519 0.621354 0.415741 0.620833 0.415741 0.619271 0.412963 0.618750 0.412963 0.617188 0.410185 0.616667 0.410185 0.615104 0.407407 0.614583 0.407407 0.612500 0.403704 0.611979 0.403704 0.610417 0.400926 0.609896 0.400926 0.608333 0.398148 0.607812 0.398148 0.606250 0.395370 0.616667 0.413889 0.616667 0.414815 0.623958 0.427778 0.623958 0.428704 0.624479 0.429630 0.624479 0.430556 0.625000 0.431481 0.625000 0.435185 0.622396 0.439815 0.619792 0.439815 0.619271 0.438889 0.618750 0.438889 0.618229 0.437963 0.617708 0.437963 0.615625 0.434259 0.615104 0.434259 0.613021 0.430556 0.612500 0.430556 0.610417 0.426852 0.609896 0.426852 0.607292 0.422222 0.606771 0.422222 0.604688 0.418519 0.604167 0.418519 0.602083 0.414815 0.601562 0.414815 0.599479 0.411111 0.598958 0.411111 0.596875 0.407407 0.596354 0.407407 0.594271 0.403704 0.593750 0.403704 0.589583 0.396296 0.589063 0.396296 0.571875 0.365741 0.571354 0.365741 0.569271 0.362037 0.568750 0.362037 0.567708 0.360185
0 0.756510 0.413889 0.131771 0.177778 0.725521 0.325000 0.724479 0.326852 0.723958 0.326852 0.711979 0.348148 0.711979 0.349074 0.718750 0.361111 0.718750 0.362037 0.732812 0.387037 0.732812 0.387963 0.745313 0.410185 0.745313 0.411111 0.748437 0.416667 0.748437 0.417593 0.748958 0.418519 0.748958 0.419444 0.749479 0.420370 0.749479 0.423148 0.748958 0.424074 0.748958 0.425000 0.747396 0.427778 0.746875 0.427778 0.746354 0.428704 0.744271 0.428704 0.743750 0.427778 0.743229 0.427778 0.742708 0.426852 0.742188 0.426852 0.741667 0.425926 0.741146 0.425926 0.740625 0.425000 0.740104 0.425000 0.739583 0.424074 0.739062 0.424074 0.738021 0.422222 0.737500 0.422222 0.736979 0.421296 0.736458 0.421296 0.735938 0.420370 0.735417 0.420370 0.734896 0.419444 0.734375 0.419444 0.733854 0.418519 0.733333 0.418519 0.732292 0.416667 0.731771 0.416667 0.731250 0.415741 0.730729 0.415741 0.730208 0.414815 0.729688 0.414815 0.729167 0.413889 0.728646 0.413889 0.728125 0.412963 0.727604 0.412963 0.726562 0.411111 0.726042 0.411111 0.725521 0.410185 0.725000 0.410185 0.724479 0.409259 0.723958 0.409259 0.723437 0.408333 0.722917 0.408333 0.722396 0.407407 0.721875 0.407407 0.718750 0.401852 0.718229 0.401852 0.716667 0.399074 0.716146 0.399074 0.715625 0.398148 0.715104 0.398148 0.714583 0.397222 0.714063 0.397222 0.713542 0.396296 0.713021 0.396296 0.711979 0.394444 0.711458 0.394444 0.710938 0.393519 0.710417 0.393519 0.709896 0.392593 0.709375 0.392593 0.708854 0.391667 0.708333 0.391667 0.707812 0.390741 0.707292 0.390741 0.706771 0.389815 0.706250 0.389815 0.705208 0.387963 0.704688 0.387963 0.704167 0.387037 0.703646 0.387037 0.703125 0.386111 0.702604 0.386111 0.702083 0.385185 0.701562 0.385185 0.701042 0.384259 0.700521 0.384259 0.700000 0.383333 0.699479 0.383333 0.698438 0.381481 0.697917 0.381481 0.697396 0.380556 0.696875 0.380556 0.696354 0.379630 0.695833 0.379630 0.695312 0.378704 0.694792 0.378704 0.694271 0.377778 0.693750 0.377778 0.692708 0.375926 0.692187 0.375926 0.691667 0.375000 0.691146 0.375000 0.690625 0.374074 0.704688 0.399074 0.704688 0.400000 0.723437 0.433333 0.723437 0.434259 0.738542 0.461111 0.738542 0.462037 0.740625 0.465741 0.740625 0.466667 0.741146 0.467593 0.741146 0.468519 0.741667 0.469444 0.741667 0.472222 0.741146 0.473148 0.741146 0.474074 0.740104 0.475926 0.740104 0.476852 0.740625 0.476852 0.741146 0.477778 0.741667 0.477778 0.742708 0.479630 0.743229 0.479630 0.743750 0.480556 0.744271 0.480556 0.745313 0.482407 0.745833 0.482407 0.746875 0.484259 0.747396 0.484259 0.747917 0.485185 0.748437 0.485185 0.749479 0.487037 0.750000 0.487037 0.751042 0.488889 0.751563 0.488889 0.752083 0.489815 0.752604 0.489815 0.753646 0.491667 0.754167 0.491667 0.754687 0.492593 0.755208 0.492593 0.756250 0.494444 0.756771 0.494444 0.757812 0.496296 0.758333 0.496296 0.758854 0.497222 0.759375 0.497222 0.760417 0.499074 0.760938 0.499074 0.761458 0.500000 0.761979 0.500000 0.763021 0.501852 0.763542 0.501852 0.764062 0.502778 0.765104 0.502778 0.765625 0.501852 0.766146 0.501852 0.766667 0.500926 0.767188 0.500926 0.770312 0.495370 0.770833 0.495370 0.820833 0.406481 0.820833 0.405556 0.821875 0.403704 0.821875 0.402778 0.822396 0.401852 0.822396 0.399074 0.821875 0.398148 0.821875 0.397222 0.820312 0.394444 0.819792 0.394444 0.819271 0.393519 0.818750 0.393519 0.818229 0.392593 0.817187 0.392593 0.816667 0.391667 0.816146 0.391667 0.815625 0.390741 0.815104 0.390741 0.814583 0.389815 0.813542 0.389815 0.813021 0.388889 0.812500 0.388889 0.811979 0.387963 0.810937 0.387963 0.810417 0.387037 0.809896 0.387037 0.809375 0.386111 0.808854 0.386111 0.808333 0.385185 0.807292 0.385185 0.806771 0.384259 0.806250 0.384259 0.805729 0.383333 0.804688 0.383333 0.804167 0.382407 0.803646 0.382407 0.803125 0.381481 0.802604 0.381481 0.802083 0.380556 0.801042 0.380556 0.800521 0.379630 0.800000 0.379630 0.799479 0.378704 0.798958 0.378704 0.798438 0.377778 0.797396 0.377778 0.796875 0.376852 0.796354 0.376852 0.795833 0.375926 0.794792 0.375926 0.794271 0.375000 0.793750 0.375000 0.793229 0.374074 0.792708 0.374074 0.792188 0.373148 0.791146 0.373148 0.790625 0.372222 0.790104 0.372222 0.789583 0.371296 0.788542 0.371296 0.788021 0.370370 0.787500 0.370370 0.786979 0.369444 0.786458 0.369444 0.785937 0.368519 0.784896 0.368519 0.784375 0.367593 0.783854 0.367593 0.783333 0.366667 0.782292 0.366667 0.781771 0.365741 0.781250 0.365741 0.780729 0.364815 0.780208 0.364815 0.779687 0.363889 0.778646 0.363889 0.778125 0.362963 0.777604 0.362963 0.777083 0.362037 0.776563 0.362037 0.776042 0.361111 0.775000 0.361111 0.774479 0.360185 0.773958 0.360185 0.773438 0.359259 0.772396 0.359259 0.771875 0.358333 0.771354 0.358333 0.770833 0.357407 0.770312 0.357407 0.769792 0.356481 0.768750 0.356481 0.768229 0.355556 0.767708 0.355556 0.767188 0.354630 0.766146 0.354630 0.765625 0.353704 0.765104 0.353704 0.764583 0.352778 0.764062 0.352778 0.763542 0.351852 0.762500 0.351852 0.761979 0.350926 0.761458 0.350926 0.760938 0.350000 0.760417 0.350000 0.759896 0.349074 0.758854 0.349074 0.758333 0.348148 0.757812 0.348148 0.757292 0.347222 0.756250 0.347222 0.755729 0.346296 0.755208 0.346296 0.754687 0.345370 0.754167 0.345370 0.753646 0.344444 0.752604 0.344444 0.752083 0.343519 0.751563 0.343519 0.751042 0.342593 0.750000 0.342593 0.749479 0.341667 0.748958 0.341667 0.748437 0.340741 0.747917 0.340741 0.747396 0.339815 0.746354 0.339815 0.745833 0.338889 0.745313 0.338889 0.744792 0.337963 0.744271 0.337963 0.743750 0.337037 0.742708 0.337037 0.742188 0.336111 0.741667 0.336111 0.741146 0.335185 0.740104 0.335185 0.739583 0.334259 0.739062 0.334259 0.738542 0.333333 0.738021 0.333333 0.737500 0.332407 0.736458 0.332407 0.735938 0.331481 0.735417 0.331481 0.734896 0.330556 0.733854 0.330556 0.733333 0.329630 0.732812 0.329630 0.732292 0.328704 0.731771 0.328704 0.731250 0.327778 0.730208 0.327778 0.729688 0.326852 0.729167 0.326852 0.728646 0.325926 0.728125 0.325926 0.727604 0.325000
0 0.179948 0.355093 0.125521 0.173148 0.204687 0.268519 0.193229 0.288889 0.193229 0.289815 0.177604 0.317593 0.177604 0.318519 0.163542 0.343519 0.163542 0.344444 0.154167 0.361111 0.154167 0.362037 0.144792 0.378704 0.144792 0.379630 0.134896 0.397222 0.134896 0.398148 0.125521 0.414815 0.125521 0.415741 0.118750 0.427778 0.118750 0.428704 0.117708 0.430556 0.117708 0.431481 0.117188 0.432407 0.117188 0.437037 0.117708 0.437963 0.117708 0.438889 0.118229 0.439815 0.118750 0.439815 0.119792 0.441667 0.122396 0.441667 0.123438 0.439815 0.123958 0.439815 0.132292 0.425000 0.132292 0.424074 0.156771 0.380556 0.157292 0.380556 0.162500 0.371296 0.163021 0.371296 0.165625 0.366667 0.166146 0.366667 0.168229 0.362963 0.168750 0.362963 0.169792 0.361111 0.170313 0.361111 0.171354 0.359259 0.171875 0.359259 0.172396 0.358333 0.173437 0.358333 0.173958 0.357407 0.174479 0.357407 0.175000 0.356481 0.179688 0.356481 0.180208 0.357407 0.181250 0.357407 0.181771 0.358333 0.182292 0.358333 0.182812 0.359259 0.183333 0.359259 0.183854 0.360185 0.184375 0.360185 0.184896 0.361111 0.185417 0.361111 0.186458 0.362963 0.186979 0.362963 0.188021 0.364815 0.188542 0.364815 0.190625 0.368519 0.191146 0.368519 0.192708 0.371296 0.193229 0.371296 0.195312 0.375000 0.195833 0.375000 0.198958 0.380556 0.199479 0.380556 0.202604 0.386111 0.203125 0.386111 0.206771 0.392593 0.207292 0.392593 0.211979 0.400926 0.212500 0.400926 0.217708 0.410185 0.218229 0.410185 0.223958 0.420370 0.224479 0.420370 0.229687 0.429630 0.230208 0.429630 0.232292 0.433333 0.232813 0.433333 0.233854 0.435185 0.234375 0.435185 0.234896 0.436111 0.235417 0.436111 0.235937 0.437037 0.237500 0.437037 0.238021 0.436111 0.238542 0.436111 0.240104 0.433333 0.240104 0.432407 0.240625 0.431481 0.240625 0.429630 0.241146 0.428704 0.241146 0.427778 0.241667 0.426852 0.241667 0.425000 0.242188 0.424074 0.242188 0.423148 0.242708 0.422222 0.242188 0.422222 0.241146 0.420370 0.240625 0.420370 0.236979 0.413889 0.236458 0.413889 0.230729 0.403704 0.230208 0.403704 0.223958 0.392593 0.223438 0.392593 0.216667 0.380556 0.216146 0.380556 0.209896 0.369444 0.209375 0.369444 0.203125 0.358333 0.202604 0.358333 0.195833 0.346296 0.195312 0.346296 0.188542 0.334259 0.188021 0.334259 0.181771 0.323148 0.181771 0.322222 0.180729 0.320370 0.180729 0.319444 0.180208 0.318519 0.180208 0.315741 0.180729 0.314815 0.180729 0.313889 0.185938 0.304630 0.185938 0.303704 0.193750 0.289815 0.193750 0.288889 0.201563 0.275000 0.201563 0.274074
0 0.306771 0.361111 0.122917 0.177778 0.309375 0.272222 0.308333 0.274074 0.308333 0.276852 0.307812 0.277778 0.307812 0.283333 0.307292 0.284259 0.307292 0.288889 0.306771 0.289815 0.306771 0.295370 0.306250 0.296296 0.306250 0.300926 0.305729 0.301852 0.305729 0.306481 0.305208 0.307407 0.305208 0.312963 0.304688 0.313889 0.304688 0.316667 0.304167 0.317593 0.304167 0.318519 0.302604 0.321296 0.302604 0.322222 0.293229 0.338889 0.293229 0.339815 0.273438 0.375000 0.273438 0.375926 0.250000 0.417593 0.250000 0.419444 0.249479 0.420370 0.249479 0.421296 0.248958 0.422222 0.248958 0.424074 0.248438 0.425000 0.248438 0.426852 0.247917 0.427778 0.247917 0.429630 0.247396 0.430556 0.247396 0.431481 0.246875 0.432407 0.246875 0.434259 0.246354 0.435185 0.246354 0.437037 0.245833 0.437963 0.245833 0.438889 0.245312 0.439815 0.245312 0.445370 0.247396 0.449074 0.247917 0.449074 0.248438 0.450000 0.250000 0.450000 0.250521 0.449074 0.251042 0.449074 0.253125 0.445370 0.253646 0.445370 0.258333 0.437037 0.258333 0.436111 0.282813 0.392593 0.283333 0.392593 0.290104 0.380556 0.290625 0.380556 0.293750 0.375000 0.294271 0.375000 0.296354 0.371296 0.296875 0.371296 0.297917 0.369444 0.298438 0.369444 0.299479 0.367593 0.300000 0.367593 0.300521 0.366667 0.301042 0.366667 0.301563 0.365741 0.302083 0.365741 0.302604 0.364815 0.303646 0.364815 0.304167 0.363889 0.308854 0.363889 0.309375 0.364815 0.309896 0.364815 0.310417 0.365741 0.311458 0.365741 0.311979 0.366667 0.312500 0.366667 0.313542 0.368519 0.314063 0.368519 0.315104 0.370370 0.315625 0.370370 0.316667 0.372222 0.317188 0.372222 0.318750 0.375000 0.319271 0.375000 0.321354 0.378704 0.321875 0.378704 0.324479 0.383333 0.325000 0.383333 0.328646 0.389815 0.329167 0.389815 0.333333 0.397222 0.333854 0.397222 0.339583 0.407407 0.340104 0.407407 0.347917 0.421296 0.348438 0.421296 0.356250 0.435185 0.356771 0.435185 0.360417 0.441667 0.360938 0.441667 0.361979 0.443519 0.362500 0.443519 0.363021 0.444444 0.366146 0.444444 0.366667 0.443519 0.367188 0.443519 0.367708 0.442593 0.367708 0.441667 0.368229 0.440741 0.368229 0.435185 0.367708 0.434259 0.367708 0.430556 0.367188 0.429630 0.367188 0.425000 0.366667 0.424074 0.366667 0.419444 0.365104 0.416667 0.364583 0.416667 0.355208 0.400000 0.354687 0.400000 0.344271 0.381481 0.343750 0.381481 0.333854 0.363889 0.333333 0.363889 0.322917 0.345370 0.322396 0.345370 0.312500 0.327778 0.312500 0.326852 0.311458 0.325000 0.311458 0.323148 0.310937 0.322222 0.310937 0.321296 0.311458 0.320370 0.311458 0.313889 0.311979 0.312963 0.311979 0.306481 0.312500 0.305556 0.312500 0.299074 0.313021 0.298148 0.313021 0.291667 0.313542 0.290741 0.313542 0.285185 0.314063 0.284259 0.314063 0.277778 0.314583 0.276852 0.314063 0.275926 0.313542 0.275926 0.311979 0.273148 0.311458 0.273148 0.310937 0.272222
0 0.435156 0.356019 0.119271 0.171296 0.415625 0.270370 0.416667 0.272222 0.416667 0.273148 0.417708 0.275000 0.417708 0.275926 0.418750 0.277778 0.418750 0.278704 0.419792 0.280556 0.419792 0.281481 0.420833 0.283333 0.420833 0.284259 0.421354 0.285185 0.421354 0.286111 0.422396 0.287963 0.422396 0.288889 0.423438 0.290741 0.423438 0.291667 0.424479 0.293519 0.424479 0.294444 0.425521 0.296296 0.425521 0.297222 0.426563 0.299074 0.426563 0.300000 0.427083 0.300926 0.427083 0.301852 0.428125 0.303704 0.428125 0.304630 0.429167 0.306481 0.429167 0.307407 0.430208 0.309259 0.430208 0.310185 0.431250 0.312037 0.431250 0.312963 0.432292 0.314815 0.432292 0.315741 0.432812 0.316667 0.432812 0.318519 0.433333 0.319444 0.432812 0.320370 0.432812 0.322222 0.431771 0.324074 0.431771 0.325000 0.427083 0.333333 0.427083 0.334259 0.401042 0.380556 0.401042 0.381481 0.376563 0.425000 0.376042 0.425000 0.375521 0.425926 0.375521 0.427778 0.376042 0.428704 0.376042 0.433333 0.376563 0.434259 0.376563 0.436111 0.377083 0.437037 0.377083 0.437963 0.378646 0.440741 0.379167 0.440741 0.379688 0.441667 0.380729 0.441667 0.381250 0.440741 0.381771 0.440741 0.382812 0.438889 0.383333 0.438889 0.416667 0.379630 0.417187 0.379630 0.421354 0.372222 0.421875 0.372222 0.424479 0.367593 0.425000 0.367593 0.427083 0.363889 0.427604 0.363889 0.428646 0.362037 0.429167 0.362037 0.429688 0.361111 0.430208 0.361111 0.430729 0.360185 0.431250 0.360185 0.431771 0.359259 0.432292 0.359259 0.432812 0.358333 0.434896 0.358333 0.435417 0.357407 0.435937 0.357407 0.436458 0.358333 0.438542 0.358333 0.439063 0.359259 0.440104 0.359259 0.440625 0.360185 0.441146 0.360185 0.441667 0.361111 0.442188 0.361111 0.443229 0.362963 0.443750 0.362963 0.445312 0.365741 0.445833 0.365741 0.447396 0.368519 0.447917 0.368519 0.450000 0.372222 0.450521 0.372222 0.453646 0.377778 0.454167 0.377778 0.458854 0.386111 0.459375 0.386111 0.467187 0.400000 0.467708 0.400000 0.482812 0.426852 0.483333 0.426852 0.487500 0.434259 0.488021 0.434259 0.488542 0.435185 0.489063 0.435185 0.489583 0.436111 0.490104 0.436111 0.490625 0.437037 0.491667 0.437037 0.492188 0.436111 0.492708 0.436111 0.494271 0.433333 0.494271 0.432407 0.494792 0.431481 0.494792 0.430556 0.494271 0.429630 0.494271 0.427778 0.493229 0.425926 0.493229 0.425000 0.491667 0.422222 0.491667 0.421296 0.490625 0.419444 0.490625 0.418519 0.489063 0.415741 0.489063 0.414815 0.487500 0.412037 0.487500 0.411111 0.485938 0.408333 0.485938 0.407407 0.484375 0.404630 0.484375 0.403704 0.473958 0.385185 0.473438 0.385185 0.451042 0.345370 0.450521 0.345370 0.443750 0.333333 0.443750 0.332407 0.441146 0.327778 0.441146 0.326852 0.439583 0.324074 0.439583 0.323148 0.438542 0.321296 0.438542 0.320370 0.437500 0.318519 0.437500 0.317593 0.436458 0.315741 0.436458 0.314815 0.435417 0.312963 0.435417 0.312037 0.434375 0.310185 0.434375 0.309259 0.433333 0.307407 0.433333 0.306481 0.432292 0.304630 0.432292 0.303704 0.431250 0.301852 0.431250 0.300926 0.430208 0.299074 0.430208 0.298148 0.429167 0.296296 0.429167 0.295370 0.428125 0.293519 0.428125 0.292593 0.427083 0.290741 0.427083 0.289815 0.426042 0.287963 0.426042 0.287037 0.418229 0.273148 0.417708 0.273148 0.416667 0.271296 0.416146 0.271296
0 0.563281 0.381944 0.122396 0.123148 0.560937 0.320370 0.560937 0.322222 0.560417 0.323148 0.560417 0.324074 0.558333 0.327778 0.558333 0.328704 0.531771 0.375926 0.531771 0.376852 0.504687 0.425000 0.504167 0.425000 0.502604 0.427778 0.502083 0.427778 0.502083 0.428704 0.502604 0.429630 0.502604 0.430556 0.504167 0.433333 0.504167 0.434259 0.505729 0.437037 0.505729 0.437963 0.507292 0.440741 0.507292 0.441667 0.507812 0.442593 0.508333 0.442593 0.508854 0.443519 0.511458 0.443519 0.513021 0.440741 0.513542 0.440741 0.544271 0.386111 0.544792 0.386111 0.550521 0.375926 0.551042 0.375926 0.553646 0.371296 0.554167 0.371296 0.556250 0.367593 0.556771 0.367593 0.558333 0.364815 0.558854 0.364815 0.559896 0.362963 0.560417 0.362963 0.560937 0.362037 0.561458 0.362037 0.561979 0.361111 0.562500 0.361111 0.563021 0.360185 0.564583 0.360185 0.565104 0.359259 0.567708 0.359259 0.568750 0.361111 0.569271 0.361111 0.571354 0.364815 0.571875 0.364815 0.589063 0.395370 0.589583 0.395370 0.593750 0.402778 0.594271 0.402778 0.596354 0.406481 0.596875 0.406481 0.598958 0.410185 0.599479 0.410185 0.601562 0.413889 0.602083 0.413889 0.604167 0.417593 0.604688 0.417593 0.606771 0.421296 0.607292 0.421296 0.609896 0.425926 0.610417 0.425926 0.612500 0.429630 0.613021 0.429630 0.615104 0.433333 0.615625 0.433333 0.617708 0.437037 0.618229 0.437037 0.618750 0.437963 0.619271 0.437963 0.619792 0.438889 0.622396 0.438889 0.624479 0.435185 0.624479 0.431481 0.623958 0.430556 0.623958 0.429630 0.623437 0.428704 0.623437 0.427778 0.616146 0.414815 0.616146 0.413889 0.570833 0.333333 0.570312 0.333333 0.568229 0.329630 0.567708 0.329630 0.566667 0.327778 0.566146 0.327778 0.564583 0.325000 0.564063 0.325000 0.562500 0.322222 0.561979 0.322222
0 0.688802 0.373611 0.120313 0.117593 0.689063 0.314815 0.689063 0.316667 0.688542 0.317593 0.688542 0.318519 0.686458 0.322222 0.686458 0.323148 0.631250 0.421296 0.630729 0.421296 0.629687 0.423148 0.628646 0.423148 0.630208 0.425926 0.630729 0.425926 0.632292 0.428704 0.632812 0.428704 0.634375 0.431481 0.634896 0.431481 0.635417 0.432407 0.637500 0.432407 0.638542 0.430556 0.639062 0.430556 0.665104 0.384259 0.665625 0.384259 0.673438 0.370370 0.673958 0.370370 0.678125 0.362963 0.678646 0.362963 0.679688 0.361111 0.680208 0.361111 0.681250 0.362963 0.681250 0.363889 0.681771 0.363889 0.682292 0.364815 0.682813 0.364815 0.683854 0.366667 0.684375 0.366667 0.684896 0.367593 0.685417 0.367593 0.685937 0.368519 0.686458 0.368519 0.686979 0.369444 0.687500 0.369444 0.688542 0.371296 0.689063 0.371296 0.690104 0.373148 0.690625 0.373148 0.691146 0.374074 0.691667 0.374074 0.692187 0.375000 0.692708 0.375000 0.693750 0.376852 0.694271 0.376852 0.694792 0.377778 0.695312 0.377778 0.695833 0.378704 0.696354 0.378704 0.696875 0.379630 0.697396 0.379630 0.697917 0.380556 0.698438 0.380556 0.699479 0.382407 0.700000 0.382407 0.700521 0.383333 0.701042 0.383333 0.701562 0.384259 0.702083 0.384259 0.702604 0.385185 0.703125 0.385185 0.703646 0.386111 0.704167 0.386111 0.704688 0.387037 0.705208 0.387037 0.706250 0.388889 0.706771 0.388889 0.707292 0.389815 0.707812 0.389815 0.708333 0.390741 0.708854 0.390741 0.709375 0.391667 0.709896 0.391667 0.710417 0.392593 0.710938 0.392593 0.711458 0.393519 0.711979 0.393519 0.713021 0.395370 0.713542 0.395370 0.714063 0.396296 0.714583 0.396296 0.715104 0.397222 0.715625 0.397222 0.716146 0.398148 0.716667 0.398148 0.718229 0.400926 0.718750 0.400926 0.721875 0.406481 0.722396 0.406481 0.722917 0.407407 0.723437 0.407407 0.723958 0.408333 0.724479 0.408333 0.725000 0.409259 0.725521 0.409259 0.726042 0.410185 0.726562 0.410185 0.727604 0.412037 0.728125 0.412037 0.728646 0.412963 0.729167 0.412963 0.729688 0.413889 0.730208 0.413889 0.730729 0.414815 0.731250 0.414815 0.731771 0.415741 0.732292 0.415741 0.733333 0.417593 0.733854 0.417593 0.734375 0.418519 0.734896 0.418519 0.735417 0.419444 0.735938 0.419444 0.736458 0.420370 0.736979 0.420370 0.737500 0.421296 0.738021 0.421296 0.739062 0.423148 0.739583 0.423148 0.740104 0.424074 0.740625 0.424074 0.741146 0.425000 0.741667 0.425000 0.742188 0.425926 0.742708 0.425926 0.743229 0.426852 0.743750 0.426852 0.744271 0.427778 0.746354 0.427778 0.746875 0.426852 0.747396 0.426852 0.748437 0.425000 0.748437 0.424074 0.748958 0.423148 0.748958 0.420370 0.748437 0.419444 0.748437 0.418519 0.747917 0.417593 0.747917 0.416667 0.744792 0.411111 0.744792 0.410185 0.732292 0.387963 0.732292 0.387037 0.718229 0.362037 0.718229 0.361111 0.703646 0.335185 0.703646 0.334259 0.696875 0.322222 0.696354 0.322222 0.694792 0.319444 0.694271 0.319444 0.693750 0.318519 0.693229 0.318519 0.692708 0.317593 0.692187 0.317593 0.691667 0.316667 0.691146 0.316667 0.690625 0.315741 0.689583 0.315741