0 0.134375 0.582870 0.133333 0.113889 0.185938 0.525926 0.185417 0.526852 0.184896 0.526852 0.183333 0.529630 0.182812 0.529630 0.181771 0.531481 0.181250 0.531481 0.179688 0.534259 0.179167 0.534259 0.178125 0.536111 0.177604 0.536111 0.166146 0.556481 0.166146 0.557407 0.160938 0.566667 0.160417 0.566667 0.159375 0.568519 0.158854 0.568519 0.157292 0.571296 0.156771 0.571296 0.155729 0.573148 0.155208 0.573148 0.153646 0.575926 0.153125 0.575926 0.152083 0.577778 0.151562 0.577778 0.150521 0.579630 0.150000 0.579630 0.148438 0.582407 0.147917 0.582407 0.146875 0.584259 0.146354 0.584259 0.144792 0.587037 0.144271 0.587037 0.143229 0.588889 0.142708 0.588889 0.141667 0.590741 0.141146 0.590741 0.139583 0.593519 0.139063 0.593519 0.138021 0.595370 0.137500 0.595370 0.136458 0.597222 0.135937 0.597222 0.134375 0.600000 0.133854 0.600000 0.132812 0.601852 0.132292 0.601852 0.131250 0.603704 0.130208 0.603704 0.129688 0.602778 0.129167 0.602778 0.128646 0.601852 0.128125 0.601852 0.127083 0.600000 0.127083 0.599074 0.126562 0.598148 0.126562 0.593519 0.127604 0.591667 0.127604 0.590741 0.131771 0.583333 0.131771 0.582407 0.131250 0.582407 0.130208 0.584259 0.129688 0.584259 0.128646 0.586111 0.128125 0.586111 0.127083 0.587963 0.126562 0.587963 0.125000 0.590741 0.124479 0.590741 0.123438 0.592593 0.122917 0.592593 0.121875 0.594444 0.121354 0.594444 0.120313 0.596296 0.119792 0.596296 0.119271 0.597222 0.116667 0.597222 0.115625 0.595370 0.115104 0.595370 0.110937 0.587963 0.110417 0.587963 0.098958 0.567593 0.098437 0.567593 0.086979 0.547222 0.086458 0.547222 0.077083 0.530556 0.075000 0.530556 0.074479 0.531481 0.073958 0.531481 0.073438 0.532407 0.072917 0.532407 0.071875 0.534259 0.071354 0.534259 0.070833 0.535185 0.070312 0.535185 0.069792 0.536111 0.069271 0.536111 0.068229 0.537963 0.068229 0.538889 0.067708 0.539815 0.067708 0.543519 0.068229 0.544444 0.068229 0.545370 0.069271 0.547222 0.069271 0.548148 0.072396 0.553704 0.072917 0.553704 0.073438 0.554630 0.073438 0.555556 0.075521 0.559259 0.076042 0.559259 0.083854 0.573148 0.084375 0.573148 0.092188 0.587037 0.092708 0.587037 0.101042 0.601852 0.101562 0.601852 0.109375 0.615741 0.109896 0.615741 0.117708 0.629630 0.118229 0.629630 0.123438 0.638889 0.123958 0.638889 0.124479 0.639815 0.133333 0.639815 0.134375 0.637963 0.134896 0.637963 0.136458 0.635185 0.136979 0.635185 0.139063 0.631481 0.139583 0.631481 0.141146 0.628704 0.141667 0.628704 0.143229 0.625926 0.143750 0.625926 0.145833 0.622222 0.146354 0.622222 0.147917 0.619444 0.148438 0.619444 0.150521 0.615741 0.151042 0.615741 0.152604 0.612963 0.153125 0.612963 0.155208 0.609259 0.155729 0.609259 0.157292 0.606481 0.157812 0.606481 0.159375 0.603704 0.159896 0.603704 0.161979 0.600000 0.162500 0.600000 0.164062 0.597222 0.164583 0.597222 0.166667 0.593519 0.167187 0.593519 0.168750 0.590741 0.169271 0.590741 0.171354 0.587037 0.171875 0.587037 0.173437 0.584259 0.173958 0.584259 0.176042 0.580556 0.176563 0.580556 0.178125 0.577778 0.178646 0.577778 0.180208 0.575000 0.180729 0.575000 0.182812 0.571296 0.183333 0.571296 0.184896 0.568519 0.185417 0.568519 0.187500 0.564815 0.188021 0.564815 0.189583 0.562037 0.190104 0.562037 0.192188 0.558333 0.192708 0.558333 0.194271 0.555556 0.194792 0.555556 0.196354 0.552778 0.196875 0.552778 0.198958 0.549074 0.199479 0.549074 0.201042 0.546296 0.201042 0.545370 0.196354 0.537037 0.195833 0.537037 0.193750 0.533333 0.193229 0.533333 0.191667 0.530556 0.191146 0.530556 0.190104 0.528704 0.189583 0.528704 0.189062 0.527778 0.188542 0.527778 0.188021 0.526852 0.187500 0.526852 0.186979 0.525926
0 0.124740 0.533333 0.134896 0.127778 0.185938 0.469444 0.184896 0.471296 0.184375 0.471296 0.183854 0.472222 0.183333 0.472222 0.182292 0.474074 0.181771 0.474074 0.181250 0.475000 0.180729 0.475000 0.179688 0.476852 0.179167 0.476852 0.178125 0.478704 0.177604 0.478704 0.177083 0.479630 0.176563 0.479630 0.175521 0.481481 0.175000 0.481481 0.174479 0.482407 0.173958 0.482407 0.172917 0.484259 0.172396 0.484259 0.171875 0.485185 0.171354 0.485185 0.170313 0.487037 0.169792 0.487037 0.168750 0.488889 0.168229 0.488889 0.167708 0.489815 0.167187 0.489815 0.156250 0.509259 0.156250 0.510185 0.144271 0.531481 0.143750 0.531481 0.142708 0.533333 0.142187 0.533333 0.141667 0.534259 0.141146 0.534259 0.140104 0.536111 0.139583 0.536111 0.138542 0.537963 0.138021 0.537963 0.137500 0.538889 0.136979 0.538889 0.135937 0.540741 0.135417 0.540741 0.134375 0.542593 0.133854 0.542593 0.133333 0.543519 0.132812 0.543519 0.131771 0.545370 0.131250 0.545370 0.130208 0.547222 0.128125 0.547222 0.127083 0.545370 0.126562 0.545370 0.125521 0.543519 0.125521 0.542593 0.125000 0.541667 0.125000 0.540741 0.124479 0.539815 0.121354 0.539815 0.119792 0.537037 0.119271 0.537037 0.114062 0.527778 0.113542 0.527778 0.102083 0.507407 0.101562 0.507407 0.099479 0.503704 0.098958 0.503704 0.089063 0.486111 0.088542 0.486111 0.079687 0.470370 0.079167 0.470370 0.078646 0.471296 0.078125 0.471296 0.077604 0.472222 0.077083 0.472222 0.076563 0.473148 0.076042 0.473148 0.075521 0.474074 0.075000 0.474074 0.074479 0.475000 0.073958 0.475000 0.073438 0.475926 0.072917 0.475926 0.072396 0.476852 0.071875 0.476852 0.071354 0.477778 0.070833 0.477778 0.070312 0.478704 0.069271 0.478704 0.068750 0.479630 0.068229 0.479630 0.067708 0.480556 0.067187 0.480556 0.066667 0.481481 0.066146 0.481481 0.065625 0.482407 0.065104 0.482407 0.064583 0.483333 0.064062 0.483333 0.063542 0.484259 0.063021 0.484259 0.062500 0.485185 0.061979 0.485185 0.061458 0.486111 0.060937 0.486111 0.060417 0.487037 0.059896 0.487037 0.059375 0.487963 0.058854 0.487963 0.057292 0.490741 0.057292 0.495370 0.057813 0.496296 0.057813 0.497222 0.073438 0.525000 0.073958 0.525000 0.085938 0.546296 0.086458 0.546296 0.097917 0.566667 0.098437 0.566667 0.109896 0.587037 0.110417 0.587037 0.114583 0.594444 0.115104 0.594444 0.116146 0.596296 0.116667 0.596296 0.117188 0.597222 0.118750 0.597222 0.119271 0.596296 0.119792 0.596296 0.120313 0.595370 0.120833 0.595370 0.121875 0.593519 0.122396 0.593519 0.123438 0.591667 0.123958 0.591667 0.125000 0.589815 0.125521 0.589815 0.127083 0.587037 0.127604 0.587037 0.128646 0.585185 0.129167 0.585185 0.130208 0.583333 0.130729 0.583333 0.131771 0.581481 0.132292 0.581481 0.132812 0.580556 0.132812 0.579630 0.147917 0.552778 0.147917 0.551852 0.163542 0.524074 0.163542 0.523148 0.179167 0.495370 0.179688 0.495370 0.180729 0.493519 0.181250 0.493519 0.182292 0.491667 0.182812 0.491667 0.183854 0.489815 0.184375 0.489815 0.184896 0.488889 0.185417 0.488889 0.186458 0.487037 0.186979 0.487037 0.188021 0.485185 0.188542 0.485185 0.189583 0.483333 0.190104 0.483333 0.190625 0.482407 0.191146 0.482407 0.191667 0.481481 0.191667 0.477778 0.192188 0.476852 0.192188 0.475926 0.191667 0.475926 0.190104 0.473148 0.189583 0.473148 0.188542 0.471296 0.188021 0.471296 0.187500 0.470370 0.186979 0.470370 0.186458 0.469444
0 0.150000 0.475000 0.093750 0.127778 0.194792 0.411111 0.194271 0.412037 0.193750 0.412037 0.192708 0.413889 0.192188 0.413889 0.191667 0.414815 0.191146 0.414815 0.190625 0.415741 0.190104 0.415741 0.189583 0.416667 0.189062 0.416667 0.188542 0.417593 0.188021 0.417593 0.187500 0.418519 0.186979 0.418519 0.185938 0.420370 0.185417 0.420370 0.184896 0.421296 0.184375 0.421296 0.183854 0.422222 0.183333 0.422222 0.182812 0.423148 0.182292 0.423148 0.181771 0.424074 0.181250 0.424074 0.180729 0.425000 0.180208 0.425000 0.179688 0.425926 0.179167 0.425926 0.178125 0.427778 0.177604 0.427778 0.177083 0.428704 0.176563 0.428704 0.176042 0.429630 0.175521 0.429630 0.175000 0.430556 0.174479 0.430556 0.173958 0.431481 0.173437 0.431481 0.172917 0.432407 0.172396 0.432407 0.171354 0.434259 0.170833 0.434259 0.158333 0.456481 0.158333 0.457407 0.153125 0.466667 0.152604 0.466667 0.152083 0.467593 0.151562 0.467593 0.151042 0.468519 0.150521 0.468519 0.150000 0.469444 0.149479 0.469444 0.148438 0.471296 0.147917 0.471296 0.147396 0.472222 0.146875 0.472222 0.146354 0.473148 0.145833 0.473148 0.145313 0.474074 0.144792 0.474074 0.143750 0.475926 0.143229 0.475926 0.142708 0.476852 0.142187 0.476852 0.141667 0.477778 0.141146 0.477778 0.140625 0.478704 0.140104 0.478704 0.139063 0.480556 0.138542 0.480556 0.138021 0.481481 0.137500 0.481481 0.136979 0.482407 0.136458 0.482407 0.135937 0.483333 0.135417 0.483333 0.134896 0.484259 0.133854 0.484259 0.133333 0.483333 0.132812 0.483333 0.132292 0.482407 0.131771 0.483333 0.131250 0.483333 0.130729 0.484259 0.130208 0.484259 0.129688 0.485185 0.129167 0.485185 0.128646 0.486111 0.128125 0.486111 0.127083 0.487963 0.126562 0.487963 0.126042 0.488889 0.125521 0.488889 0.125000 0.489815 0.124479 0.489815 0.123958 0.490741 0.123438 0.490741 0.122396 0.492593 0.121875 0.492593 0.121354 0.493519 0.120833 0.493519 0.120313 0.494444 0.119792 0.494444 0.119271 0.495370 0.118750 0.495370 0.118229 0.496296 0.117708 0.496296 0.116667 0.498148 0.116146 0.498148 0.115625 0.499074 0.115104 0.499074 0.114583 0.500000 0.114062 0.500000 0.113542 0.500926 0.113021 0.500926 0.111979 0.502778 0.111458 0.502778 0.110937 0.503704 0.110417 0.503704 0.109896 0.504630 0.109375 0.504630 0.108854 0.505556 0.108333 0.505556 0.107292 0.507407 0.106771 0.507407 0.106250 0.508333 0.105729 0.508333 0.105208 0.509259 0.103646 0.509259 0.103125 0.508333 0.113542 0.526852 0.114062 0.526852 0.119271 0.536111 0.119792 0.536111 0.121354 0.538889 0.124479 0.538889 0.124479 0.537963 0.125000 0.537037 0.125000 0.536111 0.126042 0.534259 0.126042 0.533333 0.130208 0.525926 0.130208 0.525000 0.142187 0.503704 0.142187 0.502778 0.154688 0.480556 0.154688 0.479630 0.167708 0.456481 0.167708 0.455556 0.177604 0.437963 0.178125 0.437963 0.179167 0.436111 0.179688 0.436111 0.180208 0.435185 0.180729 0.435185 0.181771 0.433333 0.182292 0.433333 0.182812 0.432407 0.183333 0.432407 0.183854 0.431481 0.184375 0.431481 0.184896 0.430556 0.185417 0.430556 0.186458 0.428704 0.186979 0.428704 0.187500 0.427778 0.188021 0.427778 0.188542 0.426852 0.189062 0.426852 0.189583 0.425926 0.190104 0.425926 0.190625 0.425000 0.191146 0.425000 0.192188 0.423148 0.192708 0.423148 0.192708 0.418519 0.193229 0.417593 0.193229 0.416667 0.194271 0.414815 0.194792 0.414815 0.195312 0.413889 0.195833 0.413889 0.196354 0.412963 0.196875 0.412963 0.196354 0.412037 0.195833 0.412037 0.195312 0.411111
0 0.119792 0.436111 0.152083 0.144444 0.182812 0.375000 0.182292 0.375926 0.181771 0.375926 0.181250 0.376852 0.180729 0.376852 0.180208 0.377778 0.179688 0.377778 0.179167 0.378704 0.178646 0.378704 0.178125 0.379630 0.177083 0.379630 0.176563 0.380556 0.176042 0.380556 0.175521 0.381481 0.175000 0.381481 0.174479 0.382407 0.173958 0.382407 0.173437 0.383333 0.172917 0.383333 0.172396 0.384259 0.171875 0.384259 0.171354 0.385185 0.170833 0.385185 0.170313 0.386111 0.169792 0.386111 0.169271 0.387037 0.168750 0.387037 0.168229 0.387963 0.167187 0.387963 0.166667 0.388889 0.166146 0.388889 0.165625 0.389815 0.165104 0.389815 0.164583 0.390741 0.164062 0.390741 0.163542 0.391667 0.163021 0.391667 0.162500 0.392593 0.161979 0.392593 0.161458 0.393519 0.160938 0.393519 0.160417 0.394444 0.159896 0.394444 0.159375 0.395370 0.158854 0.395370 0.158333 0.396296 0.157292 0.396296 0.156771 0.397222 0.156250 0.397222 0.155729 0.398148 0.155208 0.398148 0.154688 0.399074 0.154167 0.399074 0.153125 0.400926 0.152604 0.400926 0.144792 0.414815 0.144792 0.415741 0.134896 0.433333 0.134375 0.433333 0.133854 0.434259 0.133333 0.434259 0.132812 0.435185 0.132292 0.435185 0.131771 0.436111 0.131250 0.436111 0.130729 0.437037 0.130208 0.437037 0.129688 0.437963 0.129167 0.437963 0.128646 0.438889 0.128125 0.438889 0.127604 0.439815 0.127083 0.439815 0.126562 0.440741 0.126042 0.440741 0.125521 0.441667 0.125000 0.441667 0.124479 0.442593 0.123958 0.442593 0.123438 0.443519 0.122917 0.443519 0.122396 0.444444 0.121875 0.444444 0.121354 0.445370 0.120833 0.445370 0.120313 0.446296 0.119792 0.446296 0.119271 0.447222 0.118750 0.447222 0.118229 0.448148 0.117708 0.448148 0.117188 0.449074 0.116667 0.449074 0.116146 0.450000 0.115625 0.450000 0.115104 0.450926 0.114583 0.450926 0.114062 0.451852 0.113542 0.451852 0.113021 0.452778 0.112500 0.452778 0.111979 0.453704 0.111458 0.453704 0.110937 0.454630 0.109896 0.454630 0.109375 0.455556 0.108854 0.455556 0.108333 0.456481 0.107813 0.456481 0.107292 0.457407 0.106771 0.457407 0.106250 0.458333 0.105729 0.458333 0.105208 0.459259 0.104688 0.459259 0.104167 0.460185 0.103646 0.460185 0.103125 0.461111 0.102604 0.461111 0.102083 0.462037 0.101562 0.462037 0.101042 0.462963 0.100521 0.462963 0.100000 0.463889 0.099479 0.463889 0.098958 0.464815 0.098437 0.464815 0.097917 0.465741 0.097396 0.465741 0.096875 0.466667 0.096354 0.466667 0.095833 0.467593 0.095312 0.467593 0.094792 0.468519 0.094271 0.468519 0.093750 0.469444 0.092708 0.469444 0.092188 0.468519 0.091667 0.468519 0.091146 0.467593 0.090625 0.467593 0.088542 0.463889 0.088021 0.463889 0.078646 0.447222 0.078125 0.447222 0.065625 0.425000 0.065104 0.425000 0.052083 0.401852 0.051562 0.401852 0.048958 0.397222 0.047396 0.397222 0.046875 0.398148 0.046354 0.398148 0.045833 0.399074 0.044792 0.399074 0.044271 0.400000 0.044271 0.400926 0.043750 0.401852 0.043750 0.406481 0.044271 0.407407 0.044271 0.408333 0.061458 0.438889 0.061979 0.438889 0.075000 0.462037 0.075521 0.462037 0.088542 0.485185 0.089063 0.485185 0.098958 0.502778 0.099479 0.502778 0.101562 0.506481 0.102083 0.506481 0.102604 0.507407 0.103125 0.507407 0.103646 0.508333 0.105208 0.508333 0.105729 0.507407 0.106250 0.507407 0.106771 0.506481 0.107292 0.506481 0.108333 0.504630 0.108854 0.504630 0.109375 0.503704 0.109896 0.503704 0.110417 0.502778 0.110937 0.502778 0.111458 0.501852 0.111979 0.501852 0.113021 0.500000 0.113542 0.500000 0.114062 0.499074 0.114583 0.499074 0.115104 0.498148 0.115625 0.498148 0.116146 0.497222 0.116667 0.497222 0.117708 0.495370 0.118229 0.495370 0.118750 0.494444 0.119271 0.494444 0.119792 0.493519 0.120313 0.493519 0.120833 0.492593 0.121354 0.492593 0.121875 0.491667 0.122396 0.491667 0.123438 0.489815 0.123958 0.489815 0.124479 0.488889 0.125000 0.488889 0.125521 0.487963 0.126042 0.487963 0.126562 0.487037 0.127083 0.487037 0.128125 0.485185 0.128646 0.485185 0.129167 0.484259 0.129688 0.484259 0.130208 0.483333 0.130729 0.483333 0.131250 0.482407 0.131771 0.482407 0.131771 0.481481 0.130729 0.479630 0.130729 0.478704 0.130208 0.477778 0.130208 0.474074 0.130729 0.473148 0.130729 0.472222 0.131771 0.470370 0.131771 0.469444 0.136979 0.460185 0.136979 0.459259 0.147917 0.439815 0.147917 0.438889 0.158854 0.419444 0.158854 0.418519 0.169792 0.399074 0.169792 0.398148
0 0.103646 0.380556 0.143750 0.175926 0.144792 0.292593 0.144271 0.293519 0.143229 0.293519 0.142708 0.294444 0.141667 0.294444 0.141146 0.295370 0.140104 0.295370 0.139583 0.296296 0.138542 0.296296 0.138021 0.297222 0.136979 0.297222 0.136458 0.298148 0.135417 0.298148 0.134896 0.299074 0.133854 0.299074 0.133333 0.300000 0.132292 0.300000 0.131771 0.300926 0.130729 0.300926 0.130208 0.301852 0.129167 0.301852 0.128646 0.302778 0.127604 0.302778 0.127083 0.303704 0.126042 0.303704 0.125521 0.304630 0.124479 0.304630 0.123958 0.305556 0.122917 0.305556 0.122396 0.306481 0.121354 0.306481 0.120833 0.307407 0.119792 0.307407 0.119271 0.308333 0.118229 0.308333 0.117708 0.309259 0.116146 0.309259 0.115625 0.310185 0.114583 0.310185 0.114062 0.311111 0.113021 0.311111 0.112500 0.312037 0.111458 0.312037 0.110937 0.312963 0.109896 0.312963 0.109375 0.313889 0.108333 0.313889 0.107813 0.314815 0.106771 0.314815 0.106250 0.315741 0.105208 0.315741 0.104688 0.316667 0.103646 0.316667 0.103125 0.317593 0.102083 0.317593 0.101562 0.318519 0.100521 0.318519 0.100000 0.319444 0.098958 0.319444 0.098437 0.320370 0.097396 0.320370 0.096875 0.321296 0.095833 0.321296 0.095312 0.322222 0.094271 0.322222 0.093750 0.323148 0.092708 0.323148 0.092188 0.324074 0.091146 0.324074 0.090625 0.325000 0.089583 0.325000 0.089063 0.325926 0.088021 0.325926 0.087500 0.326852 0.086458 0.326852 0.085938 0.327778 0.084896 0.327778 0.084375 0.328704 0.083333 0.328704 0.082812 0.329630 0.081771 0.329630 0.081250 0.330556 0.080208 0.330556 0.079687 0.331481 0.078646 0.331481 0.078125 0.332407 0.077083 0.332407 0.076563 0.333333 0.075521 0.333333 0.075000 0.334259 0.073958 0.334259 0.073438 0.335185 0.072396 0.335185 0.071875 0.336111 0.070833 0.336111 0.070312 0.337037 0.069271 0.337037 0.068750 0.337963 0.067708 0.337963 0.067187 0.338889 0.066146 0.338889 0.065625 0.339815 0.064583 0.339815 0.064062 0.340741 0.062500 0.340741 0.061979 0.341667 0.060937 0.341667 0.060417 0.342593 0.059375 0.342593 0.058854 0.343519 0.057813 0.343519 0.057292 0.344444 0.056250 0.344444 0.055729 0.345370 0.054688 0.345370 0.054167 0.346296 0.053125 0.346296 0.052604 0.347222 0.051562 0.347222 0.051042 0.348148 0.050000 0.348148 0.049479 0.349074 0.048438 0.349074 0.047917 0.350000 0.046875 0.350000 0.046354 0.350926 0.045312 0.350926 0.044792 0.351852 0.043750 0.351852 0.043229 0.352778 0.042188 0.352778 0.041667 0.353704 0.040625 0.353704 0.040104 0.354630 0.039062 0.354630 0.038542 0.355556 0.037500 0.355556 0.036979 0.356481 0.035937 0.356481 0.035417 0.357407 0.034375 0.357407 0.033854 0.358333 0.033333 0.358333 0.032292 0.360185 0.032292 0.361111 0.031771 0.362037 0.031771 0.363889 0.032292 0.364815 0.032292 0.365741 0.032813 0.366667 0.032813 0.367593 0.035417 0.372222 0.035417 0.373148 0.037500 0.376852 0.038021 0.376852 0.051562 0.400926 0.052083 0.400926 0.065104 0.424074 0.065625 0.424074 0.078125 0.446296 0.078646 0.446296 0.088021 0.462963 0.088542 0.462963 0.090625 0.466667 0.091146 0.466667 0.091667 0.467593 0.092188 0.467593 0.092708 0.468519 0.093750 0.468519 0.094271 0.467593 0.094792 0.467593 0.095312 0.466667 0.095833 0.466667 0.096354 0.465741 0.096875 0.465741 0.097396 0.464815 0.097917 0.464815 0.098437 0.463889 0.098958 0.463889 0.099479 0.462963 0.100000 0.462963 0.100521 0.462037 0.101042 0.462037 0.101562 0.461111 0.102083 0.461111 0.102604 0.460185 0.103125 0.460185 0.103646 0.459259 0.104167 0.459259 0.104688 0.458333 0.105208 0.458333 0.105729 0.457407 0.106250 0.457407 0.106771 0.456481 0.107292 0.456481 0.107813 0.455556 0.108333 0.455556 0.108854 0.454630 0.109375 0.454630 0.109896 0.453704 0.110937 0.453704 0.111458 0.452778 0.111979 0.452778 0.112500 0.451852 0.113021 0.451852 0.113542 0.450926 0.114062 0.450926 0.114583 0.450000 0.115104 0.450000 0.115625 0.449074 0.116146 0.449074 0.116667 0.448148 0.117188 0.448148 0.117708 0.447222 0.118229 0.447222 0.118750 0.446296 0.119271 0.446296 0.119792 0.445370 0.120313 0.445370 0.120833 0.444444 0.121354 0.444444 0.121875 0.443519 0.122396 0.443519 0.122917 0.442593 0.123438 0.442593 0.123958 0.441667 0.124479 0.441667 0.125000 0.440741 0.125521 0.440741 0.126042 0.439815 0.126562 0.439815 0.127083 0.438889 0.127604 0.438889 0.128125 0.437963 0.128646 0.437963 0.129167 0.437037 0.129688 0.437037 0.130208 0.436111 0.130729 0.436111 0.131250 0.435185 0.131771 0.435185 0.132292 0.434259 0.132812 0.434259 0.133333 0.433333 0.133854 0.433333 0.134375 0.432407 0.134896 0.432407 0.141146 0.421296 0.140625 0.422222 0.140104 0.422222 0.139583 0.423148 0.137500 0.423148 0.136979 0.422222 0.136458 0.422222 0.134896 0.419444 0.134896 0.418519 0.134375 0.417593 0.134375 0.412963 0.134896 0.412037 0.134896 0.411111 0.136458 0.408333 0.136458 0.407407 0.143229 0.395370 0.143229 0.394444 0.153125 0.376852 0.153125 0.375926 0.163021 0.358333 0.163021 0.357407 0.172396 0.340741 0.172396 0.339815 0.175521 0.334259 0.175000 0.335185 0.174479 0.335185 0.173958 0.336111 0.172917 0.336111 0.167187 0.325926 0.166667 0.325926 0.152604 0.300926 0.152083 0.300926 0.148438 0.294444 0.147917 0.294444 0.147396 0.293519 0.146875 0.293519 0.146354 0.292593
0 0.279167 0.328241 0.172917 0.163889 0.273958 0.246296 0.273438 0.247222 0.272396 0.247222 0.271875 0.248148 0.271354 0.248148 0.270833 0.249074 0.269792 0.249074 0.269271 0.250000 0.268229 0.250000 0.267708 0.250926 0.267188 0.250926 0.266667 0.251852 0.265625 0.251852 0.265104 0.252778 0.264583 0.252778 0.264062 0.253704 0.263021 0.253704 0.262500 0.254630 0.261458 0.254630 0.260937 0.255556 0.260417 0.255556 0.259896 0.256481 0.258854 0.256481 0.258333 0.257407 0.257292 0.257407 0.256771 0.258333 0.256250 0.258333 0.255729 0.259259 0.254688 0.259259 0.254167 0.260185 0.253125 0.260185 0.252604 0.261111 0.252083 0.261111 0.251563 0.262037 0.250521 0.262037 0.250000 0.262963 0.249479 0.262963 0.248958 0.263889 0.247917 0.263889 0.247396 0.264815 0.246354 0.264815 0.245833 0.265741 0.245312 0.265741 0.244792 0.266667 0.243750 0.266667 0.243229 0.267593 0.242188 0.267593 0.241667 0.268519 0.241146 0.268519 0.240625 0.269444 0.239583 0.269444 0.239063 0.270370 0.238021 0.270370 0.237500 0.271296 0.236979 0.271296 0.236458 0.272222 0.235417 0.272222 0.234896 0.273148 0.234375 0.273148 0.233854 0.274074 0.232813 0.274074 0.232292 0.275000 0.231250 0.275000 0.230729 0.275926 0.230208 0.275926 0.229687 0.276852 0.228646 0.276852 0.228125 0.277778 0.227083 0.277778 0.226562 0.278704 0.226042 0.278704 0.225521 0.279630 0.224479 0.279630 0.223958 0.280556 0.222917 0.280556 0.222396 0.281481 0.221875 0.281481 0.221354 0.282407 0.220312 0.282407 0.219792 0.283333 0.219271 0.283333 0.218750 0.284259 0.217708 0.284259 0.217188 0.285185 0.216146 0.285185 0.215625 0.286111 0.215104 0.286111 0.214583 0.287037 0.213542 0.287037 0.213021 0.287963 0.211979 0.287963 0.211458 0.288889 0.210938 0.288889 0.210417 0.289815 0.209375 0.289815 0.208854 0.290741 0.207813 0.290741 0.207292 0.291667 0.206771 0.291667 0.206250 0.292593 0.205208 0.292593 0.204687 0.293519 0.204167 0.293519 0.203646 0.294444 0.202604 0.294444 0.202083 0.295370 0.201042 0.295370 0.200521 0.296296 0.200000 0.296296 0.199479 0.297222 0.198437 0.297222 0.197917 0.298148 0.196875 0.298148 0.196354 0.299074 0.195833 0.299074 0.195312 0.300000 0.194271 0.300000 0.193229 0.301852 0.193229 0.302778 0.192708 0.303704 0.192708 0.306481 0.193229 0.307407 0.193229 0.308333 0.193750 0.309259 0.193750 0.310185 0.219271 0.355556 0.219792 0.355556 0.243750 0.398148 0.244271 0.398148 0.249479 0.407407 0.250000 0.407407 0.251042 0.409259 0.251563 0.409259 0.252083 0.410185 0.253646 0.410185 0.254167 0.409259 0.254688 0.409259 0.255729 0.407407 0.256250 0.407407 0.256771 0.406481 0.257292 0.406481 0.258333 0.404630 0.258854 0.404630 0.259896 0.402778 0.260417 0.402778 0.260937 0.401852 0.261458 0.401852 0.261979 0.400926 0.261979 0.400000 0.281250 0.365741 0.281250 0.364815 0.303646 0.325000 0.304167 0.325000 0.304688 0.324074 0.305208 0.324074 0.306250 0.322222 0.306771 0.322222 0.307292 0.321296 0.307812 0.321296 0.308333 0.320370 0.308854 0.320370 0.309896 0.318519 0.310417 0.318519 0.310937 0.317593 0.311458 0.317593 0.311979 0.316667 0.312500 0.316667 0.313542 0.314815 0.314063 0.314815 0.314583 0.313889 0.315104 0.313889 0.315625 0.312963 0.315625 0.312037 0.316146 0.311111 0.316146 0.310185 0.316667 0.309259 0.317188 0.309259 0.318229 0.307407 0.318750 0.307407 0.319271 0.306481 0.319792 0.306481 0.320312 0.305556 0.320833 0.305556 0.321354 0.304630 0.321875 0.304630 0.322917 0.302778 0.323437 0.302778 0.323958 0.301852 0.324479 0.301852 0.325000 0.300926 0.325521 0.300926 0.326042 0.300000 0.326562 0.300000 0.327083 0.299074 0.327604 0.299074 0.328646 0.297222 0.329167 0.297222 0.329688 0.296296 0.330208 0.296296 0.330729 0.295370 0.331250 0.295370 0.331771 0.294444 0.332292 0.294444 0.333333 0.292593 0.333854 0.292593 0.334375 0.291667 0.334896 0.291667 0.335417 0.290741 0.335938 0.290741 0.336458 0.289815 0.336979 0.289815 0.337500 0.288889 0.338021 0.288889 0.339062 0.287037 0.339583 0.287037 0.340104 0.286111 0.340625 0.286111 0.341146 0.285185 0.341667 0.285185 0.342187 0.284259 0.342708 0.284259 0.343229 0.283333 0.343750 0.283333 0.344792 0.281481 0.345313 0.281481 0.345833 0.280556 0.346354 0.280556 0.346875 0.279630 0.347396 0.279630 0.347917 0.278704 0.348438 0.278704 0.348958 0.277778 0.349479 0.277778 0.350521 0.275926 0.351042 0.275926 0.351562 0.275000 0.352083 0.275000 0.352604 0.274074 0.353125 0.274074 0.353646 0.273148 0.354167 0.273148 0.355208 0.271296 0.355729 0.271296 0.356250 0.270370 0.356771 0.270370 0.357292 0.269444 0.357812 0.269444 0.360938 0.263889 0.360938 0.262963 0.364583 0.256481 0.364583 0.255556 0.365625 0.253704 0.365625 0.251852 0.365104 0.250926 0.365104 0.250000 0.364583 0.249074 0.364583 0.248148 0.364063 0.248148 0.363021 0.246296 0.361979 0.246296 0.361458 0.247222 0.360938 0.247222 0.360417 0.248148 0.359896 0.248148 0.359375 0.249074 0.358854 0.249074 0.358333 0.250000 0.357812 0.250000 0.356771 0.251852 0.356250 0.251852 0.355729 0.252778 0.355208 0.252778 0.354687 0.253704 0.354167 0.253704 0.353646 0.254630 0.353125 0.254630 0.352604 0.255556 0.352083 0.255556 0.351562 0.256481 0.351042 0.256481 0.350521 0.257407 0.350000 0.257407 0.349479 0.258333 0.348958 0.258333 0.348438 0.259259 0.347917 0.259259 0.347396 0.260185 0.346875 0.260185 0.345833 0.262037 0.345313 0.262037 0.344792 0.262963 0.344271 0.262963 0.343750 0.263889 0.343229 0.263889 0.342708 0.264815 0.342187 0.264815 0.341667 0.265741 0.341146 0.265741 0.340625 0.266667 0.340104 0.266667 0.339583 0.267593 0.339062 0.267593 0.338542 0.268519 0.338021 0.268519 0.337500 0.269444 0.336979 0.269444 0.336458 0.270370 0.335938 0.270370 0.335417 0.271296 0.334896 0.271296 0.333854 0.273148 0.333333 0.273148 0.332813 0.274074 0.332292 0.274074 0.331771 0.275000 0.331250 0.275000 0.330729 0.275926 0.330208 0.275926 0.329688 0.276852 0.329167 0.276852 0.328646 0.277778 0.328125 0.277778 0.327604 0.278704 0.327083 0.278704 0.326562 0.279630 0.326042 0.279630 0.325521 0.280556 0.325000 0.280556 0.324479 0.281481 0.323958 0.281481 0.322917 0.283333 0.322396 0.283333 0.321875 0.284259 0.321354 0.284259 0.320833 0.285185 0.320312 0.285185 0.319792 0.286111 0.319271 0.286111 0.318750 0.287037 0.318229 0.287037 0.317708 0.287963 0.317188 0.287963 0.316667 0.288889 0.316146 0.288889 0.315625 0.289815 0.315104 0.289815 0.314583 0.290741 0.314063 0.290741 0.313542 0.291667 0.313021 0.291667 0.311979 0.293519 0.311458 0.293519 0.310937 0.294444 0.310417 0.294444 0.309896 0.295370 0.309375 0.295370 0.308854 0.296296 0.308333 0.296296 0.307812 0.297222 0.307292 0.297222 0.306771 0.298148 0.306250 0.298148 0.303125 0.292593 0.302604 0.292593 0.293750 0.276852 0.293229 0.276852 0.278125 0.250000 0.277604 0.250000 0.276042 0.247222 0.275000 0.247222 0.274479 0.246296
0 0.391146 0.337500 0.150000 0.165741 0.373958 0.254630 0.373437 0.255556 0.372396 0.255556 0.371875 0.256481 0.371354 0.256481 0.370312 0.258333 0.369792 0.258333 0.369271 0.259259 0.368750 0.259259 0.368229 0.260185 0.367708 0.260185 0.367188 0.261111 0.366667 0.261111 0.365625 0.262963 0.365104 0.262963 0.364583 0.263889 0.364063 0.263889 0.363542 0.264815 0.363021 0.264815 0.362500 0.265741 0.361979 0.265741 0.361458 0.266667 0.360938 0.266667 0.359896 0.268519 0.359375 0.268519 0.358854 0.269444 0.358333 0.269444 0.357812 0.270370 0.357292 0.270370 0.356771 0.271296 0.356250 0.271296 0.355729 0.272222 0.355208 0.272222 0.354167 0.274074 0.353646 0.274074 0.353125 0.275000 0.352604 0.275000 0.352083 0.275926 0.351562 0.275926 0.351042 0.276852 0.350521 0.276852 0.349479 0.278704 0.348958 0.278704 0.348438 0.279630 0.347917 0.279630 0.347396 0.280556 0.346875 0.280556 0.346354 0.281481 0.345833 0.281481 0.345313 0.282407 0.344792 0.282407 0.343750 0.284259 0.343229 0.284259 0.342708 0.285185 0.342187 0.285185 0.341667 0.286111 0.341146 0.286111 0.340625 0.287037 0.340104 0.287037 0.339583 0.287963 0.339062 0.287963 0.338021 0.289815 0.337500 0.289815 0.336979 0.290741 0.336458 0.290741 0.335938 0.291667 0.335417 0.291667 0.334896 0.292593 0.334375 0.292593 0.333854 0.293519 0.333333 0.293519 0.332292 0.295370 0.331771 0.295370 0.331250 0.296296 0.330729 0.296296 0.330208 0.297222 0.329688 0.297222 0.329167 0.298148 0.328646 0.298148 0.327604 0.300000 0.327083 0.300000 0.326562 0.300926 0.326042 0.300926 0.325521 0.301852 0.325000 0.301852 0.324479 0.302778 0.323958 0.302778 0.323437 0.303704 0.322917 0.303704 0.321875 0.305556 0.321354 0.305556 0.320833 0.306481 0.320312 0.306481 0.319792 0.307407 0.319271 0.307407 0.318750 0.308333 0.318229 0.308333 0.317188 0.310185 0.316667 0.310185 0.316667 0.311111 0.316146 0.312037 0.316146 0.316667 0.316667 0.317593 0.316667 0.318519 0.318229 0.321296 0.318229 0.322222 0.349479 0.377778 0.350000 0.377778 0.371875 0.416667 0.372396 0.416667 0.373958 0.419444 0.375000 0.419444 0.375521 0.420370 0.376042 0.420370 0.376563 0.419444 0.377083 0.419444 0.377604 0.418519 0.378125 0.418519 0.381250 0.412963 0.381771 0.412963 0.411979 0.359259 0.412500 0.359259 0.464062 0.267593 0.464062 0.266667 0.465625 0.263889 0.465625 0.262963 0.466146 0.262037 0.466146 0.259259 0.465625 0.258333 0.465625 0.257407 0.464583 0.255556 0.464062 0.255556 0.463542 0.254630 0.463021 0.254630 0.462500 0.255556 0.461979 0.255556 0.460417 0.258333 0.459896 0.258333 0.455208 0.266667 0.454688 0.266667 0.449479 0.275926 0.448958 0.275926 0.443750 0.285185 0.443229 0.285185 0.438021 0.294444 0.437500 0.294444 0.432292 0.303704 0.431771 0.303704 0.426563 0.312963 0.426042 0.312963 0.422396 0.319444 0.421875 0.319444 0.421354 0.320370 0.416667 0.320370 0.416146 0.319444 0.415104 0.319444 0.414062 0.317593 0.413542 0.317593 0.412500 0.315741 0.411979 0.315741 0.410417 0.312963 0.409896 0.312963 0.407292 0.308333 0.406771 0.308333 0.402083 0.300000 0.401562 0.300000 0.379688 0.261111 0.379167 0.261111 0.376563 0.256481 0.376042 0.256481 0.375521 0.255556 0.375000 0.255556 0.374479 0.254630
0 0.502865 0.342593 0.128646 0.170370 0.472917 0.257407 0.472396 0.258333 0.471875 0.258333 0.471354 0.259259 0.470833 0.259259 0.466146 0.267593 0.466146 0.268519 0.439063 0.316667 0.439063 0.317593 0.438542 0.318519 0.438542 0.321296 0.439063 0.322222 0.439063 0.323148 0.439583 0.324074 0.439583 0.325000 0.444792 0.334259 0.444792 0.335185 0.492188 0.419444 0.492708 0.419444 0.496354 0.425926 0.496875 0.425926 0.497396 0.426852 0.497917 0.426852 0.498437 0.427778 0.499479 0.427778 0.500000 0.426852 0.500521 0.426852 0.501042 0.425926 0.501563 0.425926 0.505208 0.419444 0.505729 0.419444 0.527604 0.380556 0.528125 0.380556 0.558854 0.325926 0.558854 0.325000 0.559375 0.324074 0.559375 0.322222 0.559896 0.321296 0.559896 0.318519 0.560417 0.317593 0.560417 0.314815 0.560937 0.313889 0.560937 0.310185 0.561458 0.309259 0.561458 0.306481 0.561979 0.305556 0.561979 0.301852 0.562500 0.300926 0.562500 0.298148 0.563021 0.297222 0.563021 0.294444 0.563542 0.293519 0.563542 0.289815 0.564063 0.288889 0.564063 0.286111 0.564583 0.285185 0.564583 0.281481 0.565104 0.280556 0.565104 0.277778 0.565625 0.276852 0.565625 0.273148 0.566146 0.272222 0.566146 0.269444 0.566667 0.268519 0.566667 0.265741 0.567187 0.264815 0.567187 0.262963 0.566667 0.262037 0.566667 0.261111 0.565104 0.258333 0.564583 0.258333 0.564063 0.257407 0.563542 0.257407 0.563021 0.258333 0.562500 0.258333 0.555729 0.270370 0.555208 0.270370 0.539583 0.298148 0.539062 0.298148 0.533854 0.307407 0.533333 0.307407 0.530208 0.312963 0.529687 0.312963 0.527083 0.317593 0.526563 0.317593 0.525521 0.319444 0.525000 0.319444 0.523958 0.321296 0.523438 0.321296 0.522917 0.322222 0.522396 0.322222 0.521875 0.323148 0.521354 0.323148 0.520833 0.324074 0.516146 0.324074 0.515625 0.323148 0.514583 0.323148 0.513542 0.321296 0.513021 0.321296 0.512500 0.320370 0.511979 0.320370 0.510417 0.317593 0.509896 0.317593 0.507292 0.312963 0.506771 0.312963 0.502083 0.304630 0.501563 0.304630 0.477604 0.262037 0.477083 0.262037 0.475000 0.258333 0.473958 0.258333 0.473438 0.257407
0 0.627344 0.341667 0.124479 0.174074 0.573438 0.254630 0.572917 0.255556 0.572396 0.255556 0.572396 0.256481 0.571875 0.257407 0.571875 0.259259 0.571354 0.260185 0.571354 0.263889 0.570833 0.264815 0.570833 0.268519 0.570312 0.269444 0.570312 0.273148 0.569792 0.274074 0.569792 0.278704 0.569271 0.279630 0.569271 0.283333 0.568750 0.284259 0.568750 0.287963 0.568229 0.288889 0.568229 0.292593 0.567708 0.293519 0.567708 0.297222 0.567187 0.298148 0.567187 0.301852 0.566667 0.302778 0.566667 0.306481 0.566146 0.307407 0.566146 0.311111 0.565625 0.312037 0.565625 0.316667 0.565104 0.317593 0.565104 0.321296 0.565625 0.322222 0.565625 0.323148 0.567187 0.325926 0.567187 0.326852 0.585938 0.360185 0.585938 0.361111 0.622396 0.425926 0.622917 0.425926 0.623958 0.427778 0.624479 0.427778 0.625000 0.428704 0.627083 0.428704 0.627604 0.427778 0.628125 0.427778 0.629167 0.425926 0.629687 0.425926 0.633333 0.419444 0.633854 0.419444 0.644271 0.400926 0.644792 0.400926 0.656250 0.380556 0.656771 0.380556 0.667708 0.361111 0.668229 0.361111 0.679688 0.340741 0.680208 0.340741 0.687500 0.327778 0.687500 0.326852 0.689063 0.324074 0.689063 0.323148 0.689583 0.322222 0.689583 0.320370 0.689063 0.319444 0.689063 0.317593 0.688021 0.315741 0.688021 0.314815 0.687500 0.313889 0.687500 0.312963 0.686979 0.312037 0.686979 0.311111 0.686458 0.310185 0.686458 0.309259 0.685417 0.307407 0.685417 0.306481 0.684896 0.305556 0.684896 0.304630 0.684375 0.303704 0.684375 0.302778 0.683854 0.301852 0.683854 0.300926 0.682813 0.299074 0.682813 0.298148 0.682292 0.297222 0.682292 0.296296 0.681771 0.295370 0.681771 0.294444 0.681250 0.293519 0.681250 0.292593 0.680208 0.290741 0.680208 0.289815 0.679688 0.288889 0.679688 0.287963 0.679167 0.287037 0.679167 0.286111 0.678646 0.285185 0.678646 0.284259 0.677604 0.282407 0.677604 0.281481 0.677083 0.280556 0.677083 0.279630 0.676562 0.278704 0.676562 0.277778 0.676042 0.276852 0.676042 0.275926 0.675000 0.274074 0.675000 0.273148 0.674479 0.272222 0.674479 0.271296 0.673958 0.270370 0.673958 0.269444 0.672917 0.267593 0.672917 0.266667 0.672396 0.265741 0.672396 0.264815 0.671875 0.263889 0.671875 0.262963 0.671354 0.262037 0.671354 0.261111 0.670312 0.259259 0.670312 0.258333 0.669792 0.257407 0.669792 0.256481 0.669271 0.255556 0.668750 0.255556 0.668229 0.254630 0.666667 0.254630 0.666146 0.255556 0.665625 0.255556 0.663021 0.260185 0.662500 0.260185 0.650521 0.281481 0.650000 0.281481 0.642188 0.295370 0.641667 0.295370 0.636979 0.303704 0.636458 0.303704 0.633333 0.309259 0.632812 0.309259 0.630208 0.313889 0.629687 0.313889 0.628125 0.316667 0.627604 0.316667 0.626563 0.318519 0.626042 0.318519 0.625521 0.319444 0.625000 0.319444 0.624479 0.320370 0.623958 0.320370 0.623437 0.321296 0.622396 0.321296 0.621875 0.322222 0.618750 0.322222 0.618229 0.321296 0.617188 0.321296 0.616667 0.320370 0.616146 0.320370 0.615625 0.319444 0.615104 0.319444 0.614062 0.317593 0.613542 0.317593 0.611979 0.314815 0.611458 0.314815 0.608854 0.310185 0.608333 0.310185 0.603125 0.300926 0.602604 0.300926 0.577604 0.256481 0.577083 0.256481 0.576042 0.254630
0 0.280469 0.562500 0.080729 0.134259 0.307812 0.495370 0.301563 0.506481 0.301042 0.506481 0.294271 0.518519 0.293750 0.518519 0.286979 0.530556 0.286458 0.530556 0.280208 0.541667 0.279687 0.541667 0.272917 0.553704 0.272396 0.553704 0.265625 0.565741 0.265104 0.565741 0.258854 0.576852 0.258333 0.576852 0.251563 0.588889 0.251042 0.588889 0.244271 0.600926 0.243750 0.600926 0.241146 0.605556 0.240104 0.605556 0.247396 0.618519 0.247917 0.618519 0.254167 0.629630 0.261979 0.629630 0.266146 0.622222 0.266667 0.622222 0.313021 0.539815 0.313021 0.538889 0.319271 0.527778 0.319271 0.526852 0.320833 0.524074 0.320312 0.523148 0.319792 0.523148 0.319271 0.522222 0.318750 0.522222 0.318229 0.521296 0.317708 0.521296 0.317188 0.520370 0.315625 0.520370 0.315104 0.519444 0.312500 0.519444 0.311979 0.520370 0.310937 0.520370 0.310417 0.521296 0.309375 0.521296 0.308854 0.522222 0.308333 0.522222 0.307292 0.524074 0.306771 0.524074 0.305729 0.525926 0.305208 0.525926 0.303646 0.528704 0.303125 0.528704 0.301042 0.532407 0.300521 0.532407 0.296875 0.538889 0.296354 0.538889 0.277083 0.573148 0.276562 0.573148 0.263542 0.596296 0.263021 0.596296 0.262500 0.597222 0.260417 0.597222 0.259896 0.596296 0.259375 0.596296 0.257292 0.592593 0.257292 0.590741 0.256771 0.589815 0.257292 0.588889 0.257292 0.587037 0.258333 0.585185 0.258333 0.584259 0.268750 0.565741 0.268750 0.564815
0 0.379688 0.579630 0.115625 0.103704 0.323437 0.527778 0.322396 0.529630 0.322396 0.530556 0.321875 0.531481 0.321875 0.535185 0.322396 0.536111 0.322396 0.537037 0.324479 0.540741 0.324479 0.541667 0.333333 0.557407 0.333854 0.557407 0.359375 0.602778 0.359896 0.602778 0.375521 0.630556 0.376563 0.630556 0.377083 0.631481 0.383854 0.631481 0.399479 0.603704 0.400000 0.603704 0.427083 0.555556 0.427604 0.555556 0.433333 0.545370 0.433333 0.544444 0.435937 0.539815 0.435937 0.538889 0.436979 0.537037 0.436979 0.536111 0.437500 0.535185 0.436979 0.535185 0.436458 0.534259 0.433854 0.534259 0.433333 0.535185 0.431771 0.535185 0.431250 0.536111 0.430729 0.536111 0.430208 0.537037 0.429688 0.537037 0.429167 0.537963 0.428646 0.537963 0.428125 0.538889 0.427604 0.538889 0.426042 0.541667 0.425521 0.541667 0.424479 0.543519 0.423958 0.543519 0.421354 0.548148 0.420833 0.548148 0.418229 0.552778 0.417708 0.552778 0.413021 0.561111 0.412500 0.561111 0.405729 0.573148 0.405208 0.573148 0.388542 0.602778 0.388021 0.602778 0.382292 0.612963 0.381771 0.612963 0.381250 0.613889 0.379167 0.613889 0.378125 0.612037 0.377604 0.612037 0.377083 0.611111 0.377083 0.610185 0.376042 0.608333 0.376042 0.603704 0.376563 0.602778 0.376563 0.601852 0.377604 0.600000 0.377604 0.599074 0.379167 0.596296 0.379167 0.595370 0.380208 0.593519 0.380208 0.592593 0.381250 0.590741 0.381250 0.589815 0.382292 0.587963 0.382292 0.587037 0.383854 0.584259 0.383854 0.583333 0.384896 0.581481 0.384896 0.580556 0.385937 0.578704 0.385937 0.577778 0.386979 0.575926 0.386979 0.575000 0.388542 0.572222 0.386979 0.575000 0.386458 0.575000 0.379167 0.587963 0.378646 0.587963 0.377604 0.589815 0.375000 0.589815 0.373958 0.591667 0.373958 0.592593 0.372396 0.595370 0.372396 0.596296 0.371354 0.598148 0.370833 0.598148 0.370312 0.599074 0.368229 0.599074 0.367708 0.598148 0.367188 0.598148 0.366667 0.597222 0.366146 0.597222 0.364063 0.593519 0.363542 0.593519 0.350000 0.569444 0.349479 0.569444 0.339062 0.550926 0.338542 0.550926 0.332813 0.540741 0.332292 0.540741 0.328646 0.534259 0.328125 0.534259 0.326042 0.530556 0.325521 0.530556 0.323958 0.527778
0 0.501302 0.584259 0.117188 0.105556 0.559896 0.531481 0.559375 0.532407 0.558333 0.532407 0.557813 0.533333 0.557292 0.533333 0.556250 0.535185 0.555729 0.535185 0.555208 0.536111 0.554688 0.536111 0.553125 0.538889 0.552604 0.538889 0.551042 0.541667 0.550521 0.541667 0.548438 0.545370 0.547917 0.545370 0.545312 0.550000 0.544792 0.550000 0.541146 0.556481 0.540625 0.556481 0.535417 0.565741 0.534896 0.565741 0.528125 0.577778 0.527604 0.577778 0.517188 0.596296 0.516667 0.596296 0.510417 0.607407 0.509896 0.607407 0.508854 0.609259 0.508333 0.609259 0.507812 0.610185 0.507292 0.610185 0.506771 0.609259 0.505729 0.609259 0.503646 0.605556 0.503646 0.604630 0.503125 0.603704 0.503125 0.600000 0.503646 0.599074 0.503646 0.597222 0.501042 0.601852 0.500521 0.601852 0.499479 0.603704 0.498958 0.603704 0.498437 0.604630 0.496875 0.604630 0.496354 0.603704 0.496354 0.605556 0.495833 0.606481 0.495833 0.608333 0.495312 0.609259 0.495312 0.611111 0.494792 0.612037 0.494792 0.612963 0.493750 0.614815 0.493229 0.614815 0.492708 0.615741 0.489583 0.615741 0.488542 0.613889 0.488021 0.613889 0.485938 0.610185 0.485417 0.610185 0.464583 0.573148 0.464062 0.573148 0.455729 0.558333 0.455208 0.558333 0.451042 0.550926 0.450521 0.550926 0.447917 0.546296 0.447396 0.546296 0.445312 0.542593 0.444792 0.542593 0.443229 0.539815 0.442708 0.539815 0.442708 0.540741 0.443229 0.541667 0.443229 0.542593 0.444792 0.545370 0.444792 0.546296 0.468750 0.588889 0.469271 0.588889 0.496354 0.637037 0.505208 0.637037 0.511458 0.625926 0.511979 0.625926 0.523958 0.604630 0.524479 0.604630 0.536458 0.583333 0.536979 0.583333 0.548958 0.562037 0.549479 0.562037 0.557813 0.547222 0.557813 0.546296 0.558854 0.544444 0.558854 0.543519 0.559375 0.542593 0.559375 0.537963 0.559896 0.537037
0 0.624479 0.585185 0.119792 0.124074 0.680729 0.523148 0.680208 0.524074 0.679688 0.524074 0.678125 0.526852 0.677604 0.526852 0.676042 0.529630 0.675521 0.529630 0.673438 0.533333 0.672917 0.533333 0.669792 0.538889 0.669271 0.538889 0.666146 0.544444 0.665625 0.544444 0.661458 0.551852 0.660937 0.551852 0.655729 0.561111 0.655208 0.561111 0.648438 0.573148 0.647917 0.573148 0.640625 0.586111 0.640104 0.586111 0.635938 0.593519 0.635417 0.593519 0.634375 0.595370 0.631771 0.595370 0.630729 0.593519 0.630208 0.593519 0.629167 0.595370 0.628646 0.595370 0.627083 0.598148 0.626563 0.598148 0.625521 0.600000 0.622917 0.600000 0.622396 0.599074 0.622396 0.602778 0.622917 0.603704 0.622917 0.605556 0.622396 0.606481 0.622396 0.608333 0.620833 0.611111 0.620313 0.611111 0.619792 0.612037 0.617708 0.612037 0.617188 0.611111 0.616667 0.611111 0.616146 0.610185 0.615625 0.610185 0.613021 0.605556 0.612500 0.605556 0.586458 0.559259 0.585938 0.559259 0.580208 0.549074 0.579688 0.549074 0.576042 0.542593 0.575521 0.542593 0.573438 0.538889 0.572917 0.538889 0.571354 0.536111 0.570833 0.536111 0.570312 0.535185 0.569792 0.535185 0.568750 0.533333 0.568229 0.533333 0.567708 0.532407 0.567187 0.532407 0.566667 0.531481 0.565625 0.531481 0.565625 0.532407 0.565104 0.533333 0.565104 0.540741 0.564583 0.541667 0.564583 0.544444 0.565104 0.545370 0.565104 0.546296 0.566146 0.548148 0.566146 0.549074 0.619792 0.644444 0.620313 0.644444 0.621354 0.646296 0.621875 0.646296 0.622396 0.647222 0.624479 0.647222 0.625000 0.646296 0.625521 0.646296 0.626563 0.644444 0.627083 0.644444 0.630729 0.637963 0.631250 0.637963 0.638021 0.625926 0.638542 0.625926 0.645833 0.612963 0.646354 0.612963 0.653646 0.600000 0.654167 0.600000 0.661458 0.587037 0.661979 0.587037 0.669271 0.574074 0.669792 0.574074 0.677604 0.560185 0.678125 0.560185 0.682813 0.551852 0.682813 0.550926 0.683854 0.549074 0.683854 0.548148 0.684375 0.547222 0.684375 0.544444 0.683854 0.543519 0.683854 0.540741 0.683333 0.539815 0.683333 0.537963 0.682813 0.537037 0.682813 0.535185 0.682292 0.534259 0.682292 0.531481 0.681771 0.530556 0.681771 0.528704 0.681250 0.527778 0.681250 0.525000 0.680729 0.524074
0 0.752865 0.582407 0.126562 0.131481 0.689583 0.516667 0.689583 0.517593 0.690104 0.518519 0.690104 0.520370 0.690625 0.521296 0.690625 0.522222 0.691146 0.523148 0.691146 0.525000 0.691667 0.525926 0.691667 0.527778 0.692187 0.528704 0.692187 0.530556 0.692708 0.531481 0.692708 0.533333 0.693229 0.534259 0.693229 0.536111 0.693750 0.537037 0.693750 0.538889 0.694271 0.539815 0.694271 0.541667 0.694792 0.542593 0.694792 0.544444 0.695312 0.545370 0.695312 0.547222 0.695833 0.548148 0.695833 0.550000 0.696875 0.551852 0.696875 0.552778 0.701042 0.560185 0.701042 0.561111 0.750000 0.648148 0.757812 0.648148 0.758854 0.646296 0.759375 0.646296 0.764062 0.637963 0.764583 0.637963 0.770312 0.627778 0.770833 0.627778 0.776042 0.618519 0.776563 0.618519 0.782292 0.608333 0.782813 0.608333 0.788542 0.598148 0.789062 0.598148 0.794792 0.587963 0.795312 0.587963 0.801042 0.577778 0.801562 0.577778 0.807292 0.567593 0.807813 0.567593 0.815625 0.553704 0.815625 0.552778 0.816146 0.551852 0.816146 0.549074 0.814063 0.552778 0.813542 0.552778 0.808333 0.562037 0.807813 0.562037 0.802083 0.572222 0.801562 0.572222 0.796354 0.581481 0.795833 0.581481 0.790104 0.591667 0.789583 0.591667 0.784375 0.600926 0.783854 0.600926 0.778646 0.610185 0.778125 0.610185 0.773958 0.617593 0.773438 0.617593 0.771354 0.621296 0.770833 0.621296 0.770312 0.622222 0.769792 0.622222 0.769271 0.623148 0.767188 0.623148 0.766667 0.622222 0.766146 0.622222 0.765104 0.620370 0.764583 0.620370 0.747917 0.590741 0.747917 0.592593 0.747396 0.593519 0.747396 0.594444 0.746354 0.596296 0.745833 0.596296 0.745313 0.597222 0.742708 0.597222 0.742188 0.596296 0.741667 0.596296 0.741146 0.595370 0.740625 0.595370 0.736979 0.588889 0.736458 0.588889 0.730729 0.578704 0.730729 0.577778 0.717187 0.553704 0.716667 0.553704 0.707292 0.537037 0.706771 0.537037 0.702604 0.529630 0.702083 0.529630 0.700000 0.525926 0.699479 0.525926 0.697917 0.523148 0.697396 0.523148 0.696354 0.521296 0.695833 0.521296 0.694792 0.519444 0.694271 0.519444 0.693750 0.518519 0.692708 0.518519 0.692187 0.517593 0.690104 0.517593
0 0.219010 0.543519 0.184896 0.122222 0.191667 0.482407 0.191146 0.483333 0.190625 0.483333 0.190104 0.484259 0.189583 0.484259 0.188542 0.486111 0.188021 0.486111 0.186979 0.487963 0.186458 0.487963 0.185417 0.489815 0.184896 0.489815 0.184375 0.490741 0.183854 0.490741 0.182812 0.492593 0.182292 0.492593 0.181250 0.494444 0.180729 0.494444 0.179688 0.496296 0.179167 0.496296 0.164062 0.523148 0.164062 0.524074 0.148438 0.551852 0.148438 0.552778 0.133333 0.579630 0.133333 0.580556 0.128125 0.589815 0.128125 0.590741 0.127083 0.592593 0.127083 0.593519 0.126562 0.594444 0.126562 0.598148 0.127604 0.600000 0.127604 0.600926 0.128125 0.600926 0.129167 0.602778 0.130208 0.602778 0.130729 0.603704 0.131250 0.602778 0.131771 0.602778 0.132812 0.600926 0.133333 0.600926 0.134375 0.599074 0.134896 0.599074 0.136458 0.596296 0.136979 0.596296 0.138021 0.594444 0.138542 0.594444 0.139583 0.592593 0.140104 0.592593 0.141667 0.589815 0.142187 0.589815 0.143229 0.587963 0.143750 0.587963 0.144792 0.586111 0.145313 0.586111 0.146875 0.583333 0.147396 0.583333 0.148438 0.581481 0.148958 0.581481 0.150521 0.578704 0.151042 0.578704 0.152083 0.576852 0.152604 0.576852 0.153646 0.575000 0.154167 0.575000 0.155729 0.572222 0.156250 0.572222 0.157292 0.570370 0.157812 0.570370 0.159375 0.567593 0.159896 0.567593 0.160938 0.565741 0.161458 0.565741 0.165625 0.558333 0.165625 0.557407 0.178125 0.535185 0.178646 0.535185 0.179688 0.533333 0.180208 0.533333 0.181771 0.530556 0.182292 0.530556 0.183333 0.528704 0.183854 0.528704 0.185417 0.525926 0.185938 0.525926 0.186458 0.525000 0.186979 0.525926 0.187500 0.525926 0.188021 0.526852 0.188542 0.526852 0.189062 0.527778 0.189583 0.527778 0.190625 0.529630 0.191146 0.529630 0.192708 0.532407 0.193229 0.532407 0.195312 0.536111 0.195833 0.536111 0.197917 0.539815 0.198437 0.539815 0.202083 0.546296 0.202604 0.546296 0.207813 0.555556 0.208333 0.555556 0.215625 0.568519 0.216146 0.568519 0.229687 0.592593 0.230208 0.592593 0.234896 0.600926 0.235417 0.600926 0.236979 0.603704 0.237500 0.603704 0.238021 0.604630 0.241146 0.604630 0.243750 0.600000 0.244271 0.600000 0.251042 0.587963 0.251563 0.587963 0.258333 0.575926 0.258854 0.575926 0.265104 0.564815 0.265625 0.564815 0.271875 0.553704 0.265625 0.564815 0.265104 0.564815 0.258854 0.575926 0.258333 0.575926 0.254688 0.582407 0.254167 0.582407 0.253646 0.583333 0.253125 0.583333 0.252604 0.584259 0.251563 0.584259 0.251042 0.583333 0.250521 0.583333 0.250000 0.582407 0.249479 0.582407 0.246354 0.576852 0.245833 0.576852 0.231250 0.550926 0.230729 0.550926 0.214062 0.521296 0.213542 0.521296 0.192708 0.484259 0.192708 0.483333 0.192188 0.482407
0 0.315885 0.537500 0.117188 0.121296 0.319271 0.476852 0.311979 0.489815 0.311458 0.489815 0.269271 0.564815 0.269271 0.565741 0.258854 0.584259 0.258854 0.585185 0.257812 0.587037 0.257812 0.588889 0.257292 0.589815 0.257812 0.590741 0.257812 0.592593 0.259375 0.595370 0.259896 0.595370 0.260417 0.596296 0.262500 0.596296 0.263021 0.595370 0.263542 0.595370 0.276562 0.572222 0.277083 0.572222 0.296354 0.537963 0.296875 0.537963 0.300521 0.531481 0.301042 0.531481 0.303125 0.527778 0.303646 0.527778 0.305208 0.525000 0.305729 0.525000 0.306771 0.523148 0.307292 0.523148 0.308333 0.521296 0.308854 0.521296 0.309375 0.520370 0.310417 0.520370 0.310937 0.519444 0.311979 0.519444 0.312500 0.518519 0.315104 0.518519 0.315625 0.519444 0.317188 0.519444 0.317708 0.520370 0.318229 0.520370 0.318750 0.521296 0.319271 0.521296 0.319792 0.522222 0.320312 0.522222 0.321354 0.524074 0.321875 0.524074 0.322917 0.525926 0.323437 0.525926 0.325521 0.529630 0.326042 0.529630 0.328125 0.533333 0.328646 0.533333 0.332292 0.539815 0.332813 0.539815 0.338542 0.550000 0.339062 0.550000 0.349479 0.568519 0.350000 0.568519 0.363542 0.592593 0.364063 0.592593 0.366146 0.596296 0.366667 0.596296 0.367188 0.597222 0.367708 0.597222 0.368229 0.598148 0.370312 0.598148 0.370833 0.597222 0.371354 0.597222 0.371875 0.596296 0.371875 0.595370 0.373437 0.592593 0.373437 0.591667 0.374479 0.589815 0.372917 0.587037 0.372396 0.587037 0.361979 0.568519 0.361458 0.568519 0.331771 0.515741 0.331250 0.515741 0.318750 0.493519 0.318750 0.492593 0.316667 0.488889 0.316667 0.487963 0.316146 0.487037 0.316146 0.484259 0.316667 0.483333 0.316667 0.482407 0.319792 0.476852
0 0.436198 0.543519 0.119271 0.142593 0.440625 0.472222 0.440104 0.473148 0.440104 0.474074 0.439063 0.475926 0.439063 0.476852 0.438542 0.477778 0.438542 0.478704 0.437500 0.480556 0.437500 0.481481 0.436458 0.483333 0.436458 0.484259 0.435417 0.486111 0.435417 0.487037 0.434896 0.487963 0.434896 0.488889 0.433854 0.490741 0.433854 0.491667 0.431250 0.496296 0.431250 0.497222 0.422917 0.512037 0.422396 0.512037 0.389062 0.571296 0.389062 0.572222 0.387500 0.575000 0.387500 0.575926 0.386458 0.577778 0.386458 0.578704 0.385417 0.580556 0.385417 0.581481 0.384375 0.583333 0.384375 0.584259 0.382812 0.587037 0.382812 0.587963 0.381771 0.589815 0.381771 0.590741 0.380729 0.592593 0.380729 0.593519 0.379688 0.595370 0.379688 0.596296 0.378125 0.599074 0.378125 0.600000 0.377083 0.601852 0.377083 0.602778 0.376563 0.603704 0.376563 0.608333 0.377604 0.610185 0.377604 0.611111 0.378125 0.611111 0.379167 0.612963 0.381250 0.612963 0.381771 0.612037 0.382292 0.612037 0.388021 0.601852 0.388542 0.601852 0.405208 0.572222 0.405729 0.572222 0.412500 0.560185 0.413021 0.560185 0.417708 0.551852 0.418229 0.551852 0.420833 0.547222 0.421354 0.547222 0.423958 0.542593 0.424479 0.542593 0.425521 0.540741 0.426042 0.540741 0.427604 0.537963 0.428125 0.537963 0.428646 0.537037 0.429167 0.537037 0.429688 0.536111 0.430208 0.536111 0.430729 0.535185 0.431250 0.535185 0.431771 0.534259 0.433333 0.534259 0.433854 0.533333 0.436458 0.533333 0.436979 0.534259 0.438542 0.534259 0.439063 0.535185 0.439583 0.535185 0.440104 0.536111 0.440625 0.536111 0.441146 0.537037 0.441667 0.537037 0.442708 0.538889 0.443229 0.538889 0.444792 0.541667 0.445312 0.541667 0.447396 0.545370 0.447917 0.545370 0.450521 0.550000 0.451042 0.550000 0.455208 0.557407 0.455729 0.557407 0.464062 0.572222 0.464583 0.572222 0.485417 0.609259 0.485938 0.609259 0.488021 0.612963 0.488542 0.612963 0.489583 0.614815 0.492708 0.614815 0.493229 0.613889 0.493750 0.613889 0.494271 0.612963 0.494271 0.612037 0.494792 0.611111 0.494792 0.609259 0.495312 0.608333 0.495312 0.606481 0.495833 0.605556 0.495833 0.603704 0.494271 0.600926 0.493750 0.600926 0.464062 0.548148 0.463542 0.548148 0.440104 0.506481 0.440104 0.505556 0.438021 0.501852 0.438021 0.500926 0.436979 0.499074 0.436979 0.495370 0.437500 0.494444 0.437500 0.493519 0.438021 0.492593 0.438021 0.491667 0.439063 0.489815 0.439063 0.488889 0.440104 0.487037 0.440104 0.486111 0.440625 0.485185 0.440625 0.484259 0.441667 0.482407 0.441667 0.481481 0.442188 0.480556 0.442188 0.479630 0.443229 0.477778 0.443229 0.476852 0.443750 0.475926 0.443750 0.475000 0.443229 0.474074 0.442708 0.474074 0.442188 0.473148 0.441667 0.473148 0.441146 0.472222
0 0.563021 0.539815 0.118750 0.142593 0.561458 0.468519 0.561458 0.471296 0.560937 0.472222 0.560937 0.477778 0.560417 0.478704 0.560417 0.484259 0.559896 0.485185 0.559896 0.489815 0.559375 0.490741 0.559375 0.496296 0.558854 0.497222 0.558854 0.501852 0.557813 0.503704 0.557813 0.504630 0.543229 0.530556 0.542708 0.530556 0.530208 0.552778 0.529687 0.552778 0.516667 0.575926 0.516146 0.575926 0.504687 0.596296 0.504167 0.596296 0.504167 0.599074 0.503646 0.600000 0.503646 0.603704 0.504167 0.604630 0.504167 0.605556 0.505729 0.608333 0.506771 0.608333 0.507292 0.609259 0.507812 0.609259 0.508333 0.608333 0.508854 0.608333 0.509896 0.606481 0.510417 0.606481 0.516667 0.595370 0.517188 0.595370 0.527604 0.576852 0.528125 0.576852 0.534896 0.564815 0.535417 0.564815 0.540625 0.555556 0.541146 0.555556 0.544792 0.549074 0.545312 0.549074 0.547917 0.544444 0.548438 0.544444 0.550521 0.540741 0.551042 0.540741 0.552604 0.537963 0.553125 0.537963 0.554688 0.535185 0.555208 0.535185 0.555729 0.534259 0.556250 0.534259 0.557292 0.532407 0.557813 0.532407 0.558333 0.531481 0.559375 0.531481 0.559896 0.530556 0.560937 0.530556 0.561458 0.529630 0.565104 0.529630 0.565625 0.530556 0.566667 0.530556 0.567187 0.531481 0.567708 0.531481 0.568229 0.532407 0.568750 0.532407 0.569792 0.534259 0.570312 0.534259 0.570833 0.535185 0.571354 0.535185 0.572917 0.537963 0.573438 0.537963 0.575521 0.541667 0.576042 0.541667 0.579688 0.548148 0.580208 0.548148 0.585938 0.558333 0.586458 0.558333 0.612500 0.604630 0.613021 0.604630 0.615625 0.609259 0.616146 0.609259 0.616667 0.610185 0.617188 0.610185 0.617708 0.611111 0.619792 0.611111 0.620313 0.610185 0.620833 0.610185 0.621875 0.608333 0.621875 0.606481 0.622396 0.605556 0.622396 0.603704 0.621875 0.602778 0.621875 0.599074 0.618750 0.593519 0.618229 0.593519 0.577604 0.521296 0.577604 0.520370 0.565104 0.498148 0.565104 0.497222 0.564063 0.495370 0.564063 0.487037 0.564583 0.486111 0.564583 0.479630 0.565104 0.478704 0.565104 0.472222 0.565625 0.471296 0.565625 0.468519
0 0.689063 0.534259 0.116667 0.124074 0.691146 0.472222 0.690625 0.473148 0.689063 0.473148 0.688542 0.474074 0.688021 0.474074 0.687500 0.475000 0.686979 0.475000 0.686458 0.475926 0.685937 0.475926 0.685417 0.476852 0.684896 0.476852 0.683854 0.478704 0.683854 0.479630 0.684375 0.480556 0.684375 0.482407 0.684896 0.483333 0.684896 0.485185 0.685417 0.486111 0.685417 0.487963 0.685937 0.488889 0.685937 0.490741 0.686458 0.491667 0.686458 0.493519 0.686979 0.494444 0.686979 0.496296 0.686458 0.497222 0.686458 0.498148 0.685937 0.499074 0.685937 0.500000 0.677604 0.514815 0.677083 0.514815 0.668750 0.529630 0.668229 0.529630 0.660417 0.543519 0.659896 0.543519 0.652083 0.557407 0.651563 0.557407 0.643229 0.572222 0.642708 0.572222 0.634896 0.586111 0.634375 0.586111 0.630729 0.592593 0.631771 0.594444 0.634375 0.594444 0.635417 0.592593 0.635938 0.592593 0.640104 0.585185 0.640625 0.585185 0.647917 0.572222 0.648438 0.572222 0.655208 0.560185 0.655729 0.560185 0.660937 0.550926 0.661458 0.550926 0.665625 0.543519 0.666146 0.543519 0.669271 0.537963 0.669792 0.537963 0.672917 0.532407 0.673438 0.532407 0.675521 0.528704 0.676042 0.528704 0.677604 0.525926 0.678125 0.525926 0.679688 0.523148 0.680208 0.523148 0.681250 0.521296 0.681771 0.521296 0.682292 0.520370 0.682813 0.520370 0.683854 0.518519 0.684896 0.518519 0.685417 0.517593 0.685937 0.517593 0.686458 0.516667 0.688542 0.516667 0.689063 0.515741 0.689583 0.515741 0.690104 0.516667 0.692187 0.516667 0.692708 0.517593 0.693750 0.517593 0.694271 0.518519 0.694792 0.518519 0.695833 0.520370 0.696354 0.520370 0.697396 0.522222 0.697917 0.522222 0.699479 0.525000 0.700000 0.525000 0.702083 0.528704 0.702604 0.528704 0.706771 0.536111 0.707292 0.536111 0.716667 0.552778 0.717187 0.552778 0.731250 0.577778 0.731250 0.578704 0.736458 0.587963 0.736979 0.587963 0.740625 0.594444 0.741146 0.594444 0.741667 0.595370 0.742188 0.595370 0.742708 0.596296 0.745313 0.596296 0.745833 0.595370 0.746354 0.595370 0.746875 0.594444 0.746875 0.593519 0.747396 0.592593 0.747396 0.589815 0.740104 0.576852 0.740104 0.575926 0.712500 0.526852 0.712500 0.525926 0.709375 0.520370 0.709375 0.519444 0.708333 0.517593 0.708333 0.516667 0.707812 0.515741 0.707812 0.513889 0.707292 0.512963 0.707292 0.512037 0.706771 0.511111 0.706771 0.509259 0.706250 0.508333 0.706250 0.507407 0.705729 0.506481 0.705729 0.504630 0.705208 0.503704 0.705208 0.501852 0.704688 0.500926 0.704688 0.500000 0.704167 0.499074 0.704167 0.497222 0.703646 0.496296 0.703646 0.495370 0.703125 0.494444 0.703125 0.492593 0.702604 0.491667 0.702604 0.490741 0.702083 0.489815 0.702083 0.487963 0.701562 0.487037 0.701562 0.486111 0.701042 0.485185 0.701042 0.483333 0.700521 0.482407 0.700521 0.481481 0.700000 0.480556 0.700000 0.478704 0.699479 0.477778 0.699479 0.476852 0.698958 0.475926 0.698438 0.475926 0.697917 0.475000 0.697396 0.475000 0.696875 0.474074 0.696354 0.474074 0.695833 0.473148 0.694271 0.473148 0.693750 0.472222
0 0.255729 0.525463 0.127083 0.115741 0.309375 0.467593 0.308854 0.468519 0.307292 0.468519 0.303646 0.475000 0.303125 0.475000 0.291146 0.496296 0.290625 0.496296 0.286979 0.502778 0.286458 0.502778 0.283333 0.508333 0.282813 0.508333 0.279167 0.514815 0.278646 0.514815 0.275000 0.521296 0.274479 0.521296 0.271354 0.526852 0.270833 0.526852 0.267188 0.533333 0.266667 0.533333 0.263542 0.538889 0.263021 0.538889 0.259375 0.545370 0.258854 0.545370 0.257812 0.547222 0.255729 0.547222 0.255208 0.546296 0.254688 0.546296 0.253125 0.543519 0.253125 0.542593 0.252604 0.541667 0.252604 0.540741 0.252083 0.539815 0.252083 0.538889 0.252604 0.537963 0.252604 0.537037 0.253125 0.536111 0.253125 0.535185 0.254688 0.532407 0.254688 0.531481 0.270313 0.503704 0.268229 0.507407 0.267708 0.507407 0.265104 0.512037 0.264583 0.512037 0.261979 0.516667 0.261458 0.516667 0.259375 0.520370 0.258854 0.520370 0.256250 0.525000 0.255729 0.525000 0.253125 0.529630 0.252604 0.529630 0.250000 0.534259 0.249479 0.534259 0.247396 0.537963 0.246875 0.537963 0.244271 0.542593 0.243750 0.542593 0.241146 0.547222 0.240625 0.547222 0.240104 0.548148 0.239583 0.548148 0.239063 0.549074 0.238021 0.549074 0.237500 0.548148 0.236979 0.548148 0.236458 0.547222 0.235937 0.547222 0.234896 0.545370 0.234375 0.545370 0.230208 0.537963 0.229687 0.537963 0.215625 0.512963 0.215104 0.512963 0.206771 0.498148 0.206250 0.498148 0.201563 0.489815 0.201042 0.489815 0.197396 0.483333 0.196875 0.483333 0.194271 0.478704 0.193750 0.478704 0.192708 0.476852 0.192188 0.477778 0.192188 0.481481 0.193229 0.483333 0.193229 0.484259 0.213542 0.520370 0.214062 0.520370 0.230729 0.550000 0.231250 0.550000 0.245833 0.575926 0.246354 0.575926 0.249479 0.581481 0.250000 0.581481 0.250521 0.582407 0.251042 0.582407 0.251563 0.583333 0.252604 0.583333 0.253125 0.582407 0.253646 0.582407 0.254167 0.581481 0.254688 0.581481 0.258333 0.575000 0.258854 0.575000 0.265104 0.563889 0.265625 0.563889 0.271875 0.552778 0.272396 0.552778 0.278646 0.541667 0.279167 0.541667 0.285417 0.530556 0.285938 0.530556 0.292187 0.519444 0.292708 0.519444 0.298958 0.508333 0.299479 0.508333 0.305729 0.497222 0.306250 0.497222 0.312500 0.486111 0.313021 0.486111 0.319271 0.475000 0.318750 0.475000 0.317188 0.472222 0.316667 0.472222 0.316146 0.471296 0.315625 0.471296 0.315104 0.470370 0.314583 0.470370 0.314063 0.469444 0.313542 0.469444 0.313021 0.468519 0.310937 0.468519 0.310417 0.467593
0 0.378385 0.530093 0.123438 0.117593 0.434896 0.471296 0.434375 0.472222 0.433333 0.472222 0.432812 0.473148 0.432292 0.473148 0.431771 0.474074 0.431250 0.474074 0.430208 0.475926 0.429688 0.475926 0.428646 0.477778 0.428125 0.477778 0.426563 0.480556 0.426042 0.480556 0.423958 0.484259 0.423438 0.484259 0.419792 0.490741 0.419271 0.490741 0.414583 0.499074 0.414062 0.499074 0.405208 0.514815 0.404687 0.514815 0.386458 0.547222 0.385937 0.547222 0.384375 0.550000 0.381771 0.550000 0.379167 0.545370 0.379167 0.544444 0.378646 0.543519 0.378646 0.540741 0.379167 0.539815 0.379167 0.538889 0.380729 0.536111 0.380729 0.535185 0.382292 0.532407 0.382292 0.531481 0.384375 0.527778 0.384375 0.526852 0.385937 0.524074 0.385937 0.523148 0.387500 0.520370 0.387500 0.519444 0.389583 0.515741 0.389583 0.514815 0.391146 0.512037 0.391146 0.511111 0.392708 0.508333 0.392708 0.507407 0.394792 0.503704 0.394792 0.502778 0.396354 0.500000 0.384375 0.521296 0.383854 0.521296 0.381250 0.525926 0.380729 0.525926 0.380208 0.526852 0.377604 0.526852 0.376042 0.529630 0.376042 0.530556 0.373958 0.534259 0.373958 0.535185 0.372396 0.537963 0.372396 0.538889 0.370833 0.541667 0.370833 0.542593 0.367708 0.548148 0.367188 0.548148 0.366667 0.549074 0.365625 0.549074 0.365104 0.548148 0.364063 0.548148 0.363021 0.546296 0.362500 0.546296 0.359896 0.541667 0.359375 0.541667 0.342708 0.512037 0.342187 0.512037 0.332813 0.495370 0.332292 0.495370 0.327604 0.487037 0.327083 0.487037 0.323958 0.481481 0.323437 0.481481 0.321354 0.477778 0.320833 0.477778 0.320312 0.476852 0.317188 0.482407 0.317188 0.483333 0.316667 0.484259 0.316667 0.487037 0.317188 0.487963 0.317188 0.488889 0.319271 0.492593 0.319271 0.493519 0.331250 0.514815 0.331771 0.514815 0.361458 0.567593 0.361979 0.567593 0.372396 0.586111 0.372917 0.586111 0.374479 0.588889 0.377604 0.588889 0.378646 0.587037 0.379167 0.587037 0.386458 0.574074 0.386979 0.574074 0.422396 0.511111 0.422917 0.511111 0.430729 0.497222 0.430729 0.496296 0.433333 0.491667 0.433333 0.490741 0.434375 0.488889 0.434375 0.487963 0.434896 0.487037 0.434896 0.486111 0.435937 0.484259 0.435937 0.483333 0.436979 0.481481 0.436979 0.480556 0.438021 0.478704 0.438021 0.477778 0.438542 0.476852 0.438542 0.475926 0.439583 0.474074 0.439583 0.473148 0.440104 0.472222 0.439583 0.471296
0 0.499219 0.536574 0.123438 0.134259 0.560417 0.469444 0.559896 0.470370 0.558854 0.470370 0.557813 0.472222 0.557292 0.472222 0.556771 0.473148 0.556250 0.473148 0.554688 0.475926 0.554167 0.475926 0.553125 0.477778 0.552604 0.477778 0.550000 0.482407 0.549479 0.482407 0.546875 0.487037 0.546354 0.487037 0.542708 0.493519 0.542188 0.493519 0.537500 0.501852 0.536979 0.501852 0.529167 0.515741 0.528646 0.515741 0.516146 0.537963 0.515625 0.537963 0.511458 0.545370 0.510938 0.545370 0.509896 0.547222 0.507812 0.547222 0.507292 0.546296 0.506771 0.546296 0.505208 0.543519 0.505208 0.542593 0.504687 0.541667 0.504687 0.537037 0.505208 0.536111 0.505208 0.534259 0.505729 0.533333 0.505729 0.531481 0.506250 0.530556 0.506250 0.528704 0.506771 0.527778 0.506771 0.525926 0.507292 0.525000 0.507292 0.523148 0.507812 0.522222 0.504687 0.527778 0.504167 0.527778 0.503125 0.529630 0.502604 0.529630 0.502083 0.530556 0.500000 0.530556 0.500000 0.531481 0.499479 0.532407 0.499479 0.533333 0.498958 0.534259 0.498958 0.536111 0.498437 0.537037 0.498437 0.538889 0.497917 0.539815 0.497917 0.541667 0.497396 0.542593 0.497396 0.544444 0.496875 0.545370 0.496875 0.547222 0.494271 0.551852 0.491667 0.551852 0.491146 0.550926 0.490625 0.550926 0.490104 0.550000 0.489583 0.550000 0.485417 0.542593 0.484896 0.542593 0.461979 0.501852 0.461458 0.501852 0.455208 0.490741 0.454688 0.490741 0.451042 0.484259 0.450521 0.484259 0.448437 0.480556 0.447917 0.480556 0.446354 0.477778 0.445833 0.477778 0.444792 0.475926 0.444271 0.475926 0.443750 0.476852 0.443750 0.477778 0.442708 0.479630 0.442708 0.480556 0.442188 0.481481 0.442188 0.482407 0.441146 0.484259 0.441146 0.485185 0.440625 0.486111 0.440625 0.487037 0.439583 0.488889 0.439583 0.489815 0.438542 0.491667 0.438542 0.492593 0.438021 0.493519 0.438021 0.494444 0.437500 0.495370 0.437500 0.499074 0.438542 0.500926 0.438542 0.501852 0.440625 0.505556 0.440625 0.506481 0.463542 0.547222 0.464062 0.547222 0.493750 0.600000 0.494271 0.600000 0.495833 0.602778 0.496354 0.602778 0.496875 0.603704 0.498437 0.603704 0.498958 0.602778 0.499479 0.602778 0.500521 0.600926 0.501042 0.600926 0.504167 0.595370 0.504687 0.595370 0.516146 0.575000 0.516667 0.575000 0.529687 0.551852 0.530208 0.551852 0.542708 0.529630 0.543229 0.529630 0.557292 0.504630 0.557292 0.503704 0.558333 0.501852 0.558333 0.497222 0.558854 0.496296 0.558854 0.490741 0.559375 0.489815 0.559375 0.485185 0.559896 0.484259 0.559896 0.478704 0.560417 0.477778 0.560417 0.472222 0.560937 0.471296 0.560937 0.469444
0 0.625521 0.533796 0.121875 0.130556 0.566146 0.468519 0.566146 0.471296 0.565625 0.472222 0.565625 0.478704 0.565104 0.479630 0.565104 0.486111 0.564583 0.487037 0.564583 0.495370 0.565625 0.497222 0.565625 0.498148 0.578125 0.520370 0.578125 0.521296 0.618229 0.592593 0.618750 0.592593 0.621875 0.598148 0.622396 0.598148 0.622917 0.599074 0.625521 0.599074 0.626563 0.597222 0.627083 0.597222 0.628646 0.594444 0.629167 0.594444 0.634375 0.585185 0.634896 0.585185 0.642708 0.571296 0.643229 0.571296 0.651563 0.556481 0.652083 0.556481 0.659896 0.542593 0.660417 0.542593 0.668229 0.528704 0.668750 0.528704 0.677083 0.513889 0.677604 0.513889 0.685417 0.500000 0.685417 0.499074 0.685937 0.498148 0.685937 0.497222 0.686458 0.496296 0.686458 0.494444 0.685937 0.493519 0.685937 0.491667 0.685417 0.490741 0.685417 0.488889 0.684896 0.487963 0.684896 0.486111 0.684375 0.485185 0.684375 0.483333 0.683854 0.482407 0.683854 0.480556 0.683333 0.479630 0.683333 0.478704 0.681771 0.481481 0.681250 0.481481 0.679688 0.484259 0.679167 0.484259 0.677604 0.487037 0.677083 0.487037 0.674479 0.491667 0.673958 0.491667 0.670833 0.497222 0.670312 0.497222 0.666667 0.503704 0.666146 0.503704 0.660937 0.512963 0.660417 0.512963 0.654687 0.523148 0.654167 0.523148 0.646354 0.537037 0.645833 0.537037 0.639062 0.549074 0.638542 0.549074 0.636458 0.552778 0.635938 0.552778 0.635417 0.553704 0.633333 0.553704 0.632292 0.551852 0.631771 0.551852 0.631250 0.550926 0.631250 0.550000 0.630208 0.548148 0.630208 0.544444 0.629687 0.543519 0.629687 0.536111 0.629167 0.535185 0.629167 0.528704 0.628646 0.527778 0.628646 0.520370 0.627083 0.523148 0.626563 0.523148 0.625521 0.525000 0.625000 0.525000 0.624479 0.525926 0.623437 0.525926 0.622917 0.525000 0.622396 0.525000 0.622396 0.528704 0.622917 0.529630 0.622917 0.540741 0.623437 0.541667 0.623437 0.542593 0.622917 0.543519 0.622917 0.545370 0.621354 0.548148 0.620833 0.548148 0.620313 0.549074 0.618229 0.549074 0.617708 0.548148 0.617188 0.548148 0.616667 0.547222 0.616146 0.547222 0.613542 0.542593 0.613021 0.542593 0.585938 0.494444 0.585417 0.494444 0.580208 0.485185 0.579688 0.485185 0.576562 0.479630 0.576042 0.479630 0.573958 0.475926 0.573438 0.475926 0.571875 0.473148 0.571354 0.473148 0.570833 0.472222 0.570312 0.472222 0.569271 0.470370 0.568750 0.470370 0.568229 0.469444 0.567187 0.469444 0.566667 0.468519
0 0.766406 0.549537 0.132812 0.145370 0.700000 0.476852 0.700000 0.477778 0.700521 0.478704 0.700521 0.480556 0.701042 0.481481 0.701042 0.482407 0.701562 0.483333 0.701562 0.485185 0.702083 0.486111 0.702083 0.487037 0.702604 0.487963 0.702604 0.489815 0.703125 0.490741 0.703125 0.491667 0.703646 0.492593 0.703646 0.494444 0.704167 0.495370 0.704167 0.496296 0.704688 0.497222 0.704688 0.499074 0.705208 0.500000 0.705208 0.500926 0.705729 0.501852 0.705729 0.503704 0.706250 0.504630 0.706250 0.506481 0.706771 0.507407 0.706771 0.508333 0.707292 0.509259 0.707292 0.511111 0.707812 0.512037 0.707812 0.512963 0.708333 0.513889 0.708333 0.515741 0.708854 0.516667 0.708854 0.517593 0.709896 0.519444 0.709896 0.520370 0.713021 0.525926 0.713021 0.526852 0.740625 0.575926 0.740625 0.576852 0.764583 0.619444 0.765104 0.619444 0.766146 0.621296 0.766667 0.621296 0.767188 0.622222 0.769271 0.622222 0.769792 0.621296 0.770312 0.621296 0.770833 0.620370 0.771354 0.620370 0.773438 0.616667 0.773958 0.616667 0.778125 0.609259 0.778646 0.609259 0.783854 0.600000 0.784375 0.600000 0.789583 0.590741 0.790104 0.590741 0.795833 0.580556 0.796354 0.580556 0.801562 0.571296 0.802083 0.571296 0.807813 0.561111 0.808333 0.561111 0.813542 0.551852 0.814063 0.551852 0.819792 0.541667 0.820312 0.541667 0.826042 0.531481 0.826562 0.531481 0.831771 0.522222 0.831771 0.521296 0.832292 0.520370 0.832292 0.519444 0.832812 0.518519 0.832812 0.515741 0.832292 0.514815 0.832292 0.513889 0.829688 0.509259 0.829688 0.508333 0.827083 0.503704 0.827083 0.502778 0.823958 0.497222 0.823958 0.496296 0.820833 0.490741 0.820833 0.489815 0.818229 0.485185 0.817708 0.485185 0.816667 0.487037 0.816146 0.487037 0.810417 0.497222 0.809896 0.497222 0.803646 0.508333 0.803125 0.508333 0.797396 0.518519 0.796875 0.518519 0.791146 0.528704 0.790625 0.528704 0.784375 0.539815 0.783854 0.539815 0.778646 0.549074 0.778125 0.549074 0.774479 0.555556 0.773958 0.555556 0.772917 0.557407 0.772396 0.557407 0.771875 0.558333 0.769271 0.558333 0.768750 0.557407 0.768229 0.557407 0.766146 0.553704 0.765625 0.553704 0.755729 0.536111 0.755729 0.535185 0.742188 0.511111 0.742708 0.512037 0.742708 0.512963 0.743229 0.513889 0.743229 0.514815 0.743750 0.515741 0.743750 0.516667 0.744271 0.517593 0.744271 0.518519 0.744792 0.519444 0.744792 0.520370 0.745313 0.521296 0.745313 0.522222 0.745833 0.523148 0.745833 0.524074 0.746875 0.525926 0.746875 0.526852 0.747396 0.527778 0.747396 0.528704 0.747917 0.529630 0.747917 0.530556 0.748437 0.531481 0.748437 0.532407 0.748958 0.533333 0.748958 0.534259 0.749479 0.535185 0.749479 0.536111 0.750000 0.537037 0.750000 0.537963 0.751042 0.539815 0.751042 0.540741 0.751563 0.541667 0.751563 0.542593 0.752083 0.543519 0.752083 0.544444 0.752604 0.545370 0.752604 0.546296 0.753125 0.547222 0.753125 0.549074 0.752604 0.550000 0.752604 0.551852 0.751042 0.554630 0.750521 0.554630 0.750000 0.555556 0.747396 0.555556 0.746875 0.554630 0.746354 0.554630 0.744792 0.551852 0.744271 0.551852 0.713021 0.496296 0.712500 0.496296 0.707812 0.487963 0.707292 0.487963 0.704167 0.482407 0.703646 0.482407 0.702083 0.479630 0.701562 0.479630
0 0.201302 0.485648 0.152604 0.125000 0.193229 0.423148 0.192708 0.424074 0.192188 0.424074 0.191146 0.425926 0.190625 0.425926 0.190104 0.426852 0.189583 0.426852 0.189062 0.427778 0.188542 0.427778 0.188021 0.428704 0.187500 0.428704 0.186979 0.429630 0.186458 0.429630 0.185417 0.431481 0.184896 0.431481 0.184375 0.432407 0.183854 0.432407 0.183333 0.433333 0.182812 0.433333 0.182292 0.434259 0.181771 0.434259 0.180729 0.436111 0.180208 0.436111 0.179688 0.437037 0.179167 0.437037 0.178125 0.438889 0.177604 0.438889 0.168229 0.455556 0.168229 0.456481 0.155208 0.479630 0.155208 0.480556 0.142708 0.502778 0.142708 0.503704 0.130729 0.525000 0.130729 0.525926 0.126562 0.533333 0.126562 0.534259 0.125521 0.536111 0.125521 0.537037 0.125000 0.537963 0.125000 0.539815 0.125521 0.540741 0.125521 0.541667 0.126042 0.542593 0.126042 0.543519 0.126562 0.544444 0.127083 0.544444 0.128125 0.546296 0.130208 0.546296 0.131250 0.544444 0.131771 0.544444 0.132812 0.542593 0.133333 0.542593 0.133854 0.541667 0.134375 0.541667 0.135417 0.539815 0.135937 0.539815 0.136979 0.537963 0.137500 0.537963 0.138021 0.537037 0.138542 0.537037 0.139583 0.535185 0.140104 0.535185 0.141146 0.533333 0.141667 0.533333 0.142187 0.532407 0.142708 0.532407 0.143750 0.530556 0.144271 0.530556 0.155729 0.510185 0.155729 0.509259 0.167187 0.488889 0.167708 0.488889 0.168229 0.487963 0.168750 0.487963 0.169792 0.486111 0.170313 0.486111 0.171354 0.484259 0.171875 0.484259 0.172396 0.483333 0.172917 0.483333 0.173958 0.481481 0.174479 0.481481 0.175000 0.480556 0.175521 0.480556 0.176563 0.478704 0.177083 0.478704 0.177604 0.477778 0.178125 0.477778 0.179167 0.475926 0.179688 0.475926 0.180729 0.474074 0.181250 0.474074 0.181771 0.473148 0.182292 0.473148 0.183333 0.471296 0.183854 0.471296 0.184375 0.470370 0.184896 0.470370 0.185938 0.468519 0.186458 0.468519 0.186979 0.469444 0.187500 0.469444 0.188021 0.470370 0.188542 0.470370 0.189583 0.472222 0.190104 0.472222 0.191667 0.475000 0.192188 0.475000 0.193750 0.477778 0.194271 0.477778 0.196875 0.482407 0.197396 0.482407 0.201042 0.488889 0.201563 0.488889 0.206250 0.497222 0.206771 0.497222 0.215104 0.512037 0.215625 0.512037 0.229687 0.537037 0.230208 0.537037 0.234375 0.544444 0.234896 0.544444 0.235937 0.546296 0.236458 0.546296 0.236979 0.547222 0.237500 0.547222 0.238021 0.548148 0.239063 0.548148 0.239583 0.547222 0.240104 0.547222 0.240625 0.546296 0.241146 0.546296 0.243750 0.541667 0.244271 0.541667 0.246875 0.537037 0.247396 0.537037 0.249479 0.533333 0.250000 0.533333 0.252604 0.528704 0.253125 0.528704 0.255729 0.524074 0.256250 0.524074 0.258854 0.519444 0.259375 0.519444 0.261458 0.515741 0.261979 0.515741 0.264583 0.511111 0.265104 0.511111 0.267708 0.506481 0.268229 0.506481 0.270313 0.502778 0.270833 0.502778 0.277604 0.490741 0.275521 0.494444 0.275000 0.494444 0.272396 0.499074 0.271875 0.499074 0.269792 0.502778 0.269271 0.502778 0.266667 0.507407 0.266146 0.507407 0.263542 0.512037 0.263021 0.512037 0.260937 0.515741 0.260417 0.515741 0.257812 0.520370 0.257292 0.520370 0.255208 0.524074 0.254688 0.524074 0.254167 0.525000 0.251563 0.525000 0.250521 0.523148 0.250000 0.523148 0.245833 0.515741 0.245312 0.515741 0.226562 0.482407 0.226042 0.482407 0.206771 0.448148 0.206250 0.448148 0.194792 0.427778 0.194792 0.426852 0.193229 0.424074
0 0.314844 0.486111 0.124479 0.124074 0.317708 0.424074 0.317188 0.425000 0.316667 0.425000 0.314583 0.428704 0.314063 0.428704 0.311979 0.432407 0.311458 0.432407 0.309375 0.436111 0.308854 0.436111 0.306771 0.439815 0.306250 0.439815 0.278646 0.488889 0.278646 0.489815 0.255208 0.531481 0.255208 0.532407 0.253646 0.535185 0.253646 0.536111 0.253125 0.537037 0.253125 0.537963 0.252604 0.538889 0.252604 0.539815 0.253125 0.540741 0.253125 0.541667 0.253646 0.542593 0.253646 0.543519 0.254688 0.545370 0.255208 0.545370 0.255729 0.546296 0.257812 0.546296 0.258854 0.544444 0.259375 0.544444 0.263021 0.537963 0.263542 0.537963 0.266667 0.532407 0.267188 0.532407 0.270833 0.525926 0.271354 0.525926 0.274479 0.520370 0.275000 0.520370 0.278646 0.513889 0.279167 0.513889 0.282813 0.507407 0.283333 0.507407 0.286458 0.501852 0.286979 0.501852 0.290625 0.495370 0.291146 0.495370 0.303125 0.474074 0.303646 0.474074 0.307292 0.467593 0.308854 0.467593 0.309375 0.466667 0.310417 0.466667 0.310937 0.467593 0.313021 0.467593 0.313542 0.468519 0.314063 0.468519 0.314583 0.469444 0.315104 0.469444 0.315625 0.470370 0.316146 0.470370 0.316667 0.471296 0.317188 0.471296 0.318750 0.474074 0.319271 0.474074 0.320833 0.476852 0.321354 0.476852 0.323437 0.480556 0.323958 0.480556 0.327083 0.486111 0.327604 0.486111 0.332292 0.494444 0.332813 0.494444 0.342187 0.511111 0.342708 0.511111 0.359375 0.540741 0.359896 0.540741 0.362500 0.545370 0.363021 0.545370 0.364063 0.547222 0.365104 0.547222 0.365625 0.548148 0.366667 0.548148 0.367188 0.547222 0.367708 0.547222 0.370312 0.542593 0.370312 0.541667 0.371875 0.538889 0.371875 0.537963 0.373437 0.535185 0.373437 0.534259 0.375521 0.530556 0.375521 0.529630 0.377083 0.526852 0.377083 0.525926 0.376563 0.525000 0.376042 0.525000 0.366146 0.507407 0.365625 0.507407 0.327604 0.439815 0.327083 0.439815 0.325521 0.437037 0.325521 0.436111 0.318750 0.424074
0 0.439323 0.487500 0.120313 0.126852 0.438021 0.424074 0.437500 0.425000 0.437500 0.425926 0.435937 0.428704 0.435937 0.429630 0.396875 0.499074 0.396875 0.500000 0.395313 0.502778 0.395313 0.503704 0.393229 0.507407 0.393229 0.508333 0.391667 0.511111 0.391667 0.512037 0.390104 0.514815 0.390104 0.515741 0.388021 0.519444 0.388021 0.520370 0.386458 0.523148 0.386458 0.524074 0.384896 0.526852 0.384896 0.527778 0.382812 0.531481 0.382812 0.532407 0.381250 0.535185 0.381250 0.536111 0.379688 0.538889 0.379688 0.539815 0.379167 0.540741 0.379167 0.543519 0.379688 0.544444 0.379688 0.545370 0.381771 0.549074 0.384375 0.549074 0.385937 0.546296 0.386458 0.546296 0.404687 0.513889 0.405208 0.513889 0.414062 0.498148 0.414583 0.498148 0.419271 0.489815 0.419792 0.489815 0.423438 0.483333 0.423958 0.483333 0.426042 0.479630 0.426563 0.479630 0.428125 0.476852 0.428646 0.476852 0.429688 0.475000 0.430208 0.475000 0.431250 0.473148 0.431771 0.473148 0.432292 0.472222 0.432812 0.472222 0.433333 0.471296 0.434375 0.471296 0.434896 0.470370 0.439583 0.470370 0.440104 0.471296 0.441146 0.471296 0.441667 0.472222 0.442188 0.472222 0.442708 0.473148 0.443229 0.473148 0.444271 0.475000 0.444792 0.475000 0.445833 0.476852 0.446354 0.476852 0.447917 0.479630 0.448437 0.479630 0.450521 0.483333 0.451042 0.483333 0.454688 0.489815 0.455208 0.489815 0.461458 0.500926 0.461979 0.500926 0.484896 0.541667 0.485417 0.541667 0.489583 0.549074 0.490104 0.549074 0.490625 0.550000 0.491146 0.550000 0.491667 0.550926 0.494271 0.550926 0.496354 0.547222 0.496354 0.545370 0.496875 0.544444 0.496875 0.542593 0.497396 0.541667 0.497396 0.539815 0.497917 0.538889 0.497917 0.537037 0.498437 0.536111 0.498437 0.534259 0.498958 0.533333 0.498958 0.532407 0.499479 0.531481 0.499479 0.529630 0.498958 0.529630 0.497917 0.527778 0.497396 0.527778 0.443229 0.431481 0.443229 0.430556 0.442188 0.428704 0.442188 0.427778 0.441146 0.425926 0.440625 0.425926 0.440104 0.425000 0.439583 0.425000 0.439063 0.424074
0 0.564063 0.479167 0.117708 0.137963 0.564583 0.410185 0.564063 0.411111 0.561979 0.411111 0.561979 0.413889 0.561458 0.414815 0.561458 0.419444 0.560937 0.420370 0.560937 0.425926 0.560417 0.426852 0.560417 0.429630 0.559896 0.430556 0.559896 0.431481 0.559375 0.432407 0.559375 0.433333 0.544792 0.459259 0.544271 0.459259 0.528125 0.487963 0.527604 0.487963 0.511979 0.515741 0.511458 0.515741 0.508333 0.521296 0.508333 0.522222 0.507812 0.523148 0.507812 0.525000 0.507292 0.525926 0.507292 0.527778 0.506771 0.528704 0.506771 0.530556 0.506250 0.531481 0.506250 0.533333 0.505729 0.534259 0.505729 0.536111 0.505208 0.537037 0.505208 0.541667 0.505729 0.542593 0.505729 0.543519 0.506771 0.545370 0.507292 0.545370 0.507812 0.546296 0.509896 0.546296 0.510938 0.544444 0.511458 0.544444 0.515625 0.537037 0.516146 0.537037 0.528646 0.514815 0.529167 0.514815 0.536979 0.500926 0.537500 0.500926 0.542188 0.492593 0.542708 0.492593 0.546354 0.486111 0.546875 0.486111 0.549479 0.481481 0.550000 0.481481 0.552604 0.476852 0.553125 0.476852 0.554167 0.475000 0.554688 0.475000 0.556250 0.472222 0.556771 0.472222 0.557292 0.471296 0.557813 0.471296 0.558854 0.469444 0.559896 0.469444 0.560417 0.468519 0.560937 0.468519 0.561458 0.467593 0.566667 0.467593 0.567187 0.468519 0.568229 0.468519 0.568750 0.469444 0.569271 0.469444 0.570312 0.471296 0.570833 0.471296 0.571354 0.472222 0.571875 0.472222 0.573438 0.475000 0.573958 0.475000 0.576042 0.478704 0.576562 0.478704 0.579688 0.484259 0.580208 0.484259 0.585417 0.493519 0.585938 0.493519 0.613021 0.541667 0.613542 0.541667 0.616146 0.546296 0.616667 0.546296 0.617188 0.547222 0.617708 0.547222 0.618229 0.548148 0.620313 0.548148 0.620833 0.547222 0.621354 0.547222 0.622396 0.545370 0.622396 0.543519 0.622917 0.542593 0.622917 0.541667 0.622396 0.540741 0.622396 0.529630 0.621875 0.528704 0.621875 0.525000 0.619792 0.521296 0.619271 0.521296 0.589583 0.468519 0.589583 0.467593 0.566667 0.426852 0.566667 0.425926 0.565625 0.424074 0.565625 0.423148 0.565104 0.422222 0.565104 0.419444 0.565625 0.418519 0.565625 0.412963 0.566146 0.412037 0.566146 0.411111 0.565104 0.411111
0 0.690885 0.481944 0.123438 0.145370 0.689583 0.409259 0.689063 0.410185 0.688542 0.410185 0.688021 0.411111 0.686979 0.411111 0.685937 0.412963 0.685417 0.412963 0.684896 0.413889 0.684375 0.413889 0.683333 0.415741 0.683333 0.416667 0.683854 0.417593 0.683854 0.419444 0.684375 0.420370 0.684375 0.422222 0.684896 0.423148 0.684375 0.424074 0.684375 0.425926 0.682292 0.429630 0.682292 0.430556 0.679167 0.436111 0.678646 0.436111 0.668750 0.453704 0.668229 0.453704 0.658854 0.470370 0.658333 0.470370 0.648958 0.487037 0.648438 0.487037 0.639583 0.502778 0.639062 0.502778 0.630729 0.517593 0.630208 0.517593 0.629167 0.519444 0.629167 0.527778 0.629687 0.528704 0.629687 0.535185 0.630208 0.536111 0.630208 0.543519 0.630729 0.544444 0.630729 0.548148 0.631771 0.550000 0.631771 0.550926 0.632292 0.550926 0.633333 0.552778 0.635417 0.552778 0.635938 0.551852 0.636458 0.551852 0.638542 0.548148 0.639062 0.548148 0.645833 0.536111 0.646354 0.536111 0.654167 0.522222 0.654687 0.522222 0.660417 0.512037 0.660937 0.512037 0.666146 0.502778 0.666667 0.502778 0.670312 0.496296 0.670833 0.496296 0.673958 0.490741 0.674479 0.490741 0.677083 0.486111 0.677604 0.486111 0.679167 0.483333 0.679688 0.483333 0.681250 0.480556 0.681771 0.480556 0.683333 0.477778 0.683854 0.477778 0.684896 0.475926 0.685417 0.475926 0.685937 0.475000 0.686458 0.475000 0.686979 0.474074 0.687500 0.474074 0.688021 0.473148 0.688542 0.473148 0.689063 0.472222 0.690625 0.472222 0.691146 0.471296 0.693750 0.471296 0.694271 0.472222 0.695833 0.472222 0.696354 0.473148 0.696875 0.473148 0.697396 0.474074 0.697917 0.474074 0.698438 0.475000 0.698958 0.475000 0.699479 0.475926 0.700000 0.475926 0.701562 0.478704 0.702083 0.478704 0.703646 0.481481 0.704167 0.481481 0.707292 0.487037 0.707812 0.487037 0.712500 0.495370 0.713021 0.495370 0.744271 0.550926 0.744792 0.550926 0.746354 0.553704 0.746875 0.553704 0.747396 0.554630 0.750000 0.554630 0.750521 0.553704 0.751042 0.553704 0.752083 0.551852 0.752083 0.550000 0.752604 0.549074 0.752604 0.547222 0.752083 0.546296 0.752083 0.545370 0.751563 0.544444 0.751563 0.543519 0.751042 0.542593 0.751042 0.541667 0.750521 0.540741 0.750521 0.539815 0.749479 0.537963 0.749479 0.537037 0.748958 0.536111 0.748958 0.535185 0.748437 0.534259 0.748437 0.533333 0.747917 0.532407 0.747917 0.531481 0.747396 0.530556 0.747396 0.529630 0.746875 0.528704 0.746875 0.527778 0.746354 0.526852 0.746354 0.525926 0.745313 0.524074 0.745313 0.523148 0.744792 0.522222 0.744792 0.521296 0.744271 0.520370 0.744271 0.519444 0.743750 0.518519 0.743750 0.517593 0.743229 0.516667 0.743229 0.515741 0.742708 0.514815 0.742708 0.513889 0.742188 0.512963 0.742188 0.512037 0.741667 0.511111 0.741667 0.510185 0.727604 0.485185 0.727604 0.484259 0.714583 0.461111 0.714583 0.460185 0.713021 0.457407 0.713021 0.456481 0.712500 0.455556 0.712500 0.454630 0.711979 0.453704 0.711979 0.452778 0.711458 0.451852 0.711458 0.450926 0.710938 0.450000 0.710938 0.448148 0.710417 0.447222 0.710417 0.446296 0.709896 0.445370 0.709896 0.444444 0.709375 0.443519 0.709375 0.442593 0.708854 0.441667 0.708854 0.440741 0.708333 0.439815 0.708333 0.438889 0.707812 0.437963 0.707812 0.437037 0.707292 0.436111 0.707292 0.435185 0.706771 0.434259 0.706771 0.433333 0.706250 0.432407 0.706250 0.430556 0.705729 0.429630 0.705729 0.428704 0.705208 0.427778 0.705208 0.426852 0.704688 0.425926 0.704688 0.425000 0.704167 0.424074 0.704167 0.423148 0.703646 0.422222 0.703646 0.421296 0.703125 0.420370 0.703125 0.419444 0.702604 0.418519 0.702604 0.417593 0.702083 0.417593 0.700521 0.414815 0.700000 0.414815 0.698958 0.412963 0.698438 0.412963 0.697917 0.412037 0.697396 0.412037 0.696875 0.411111 0.696354 0.411111 0.695833 0.410185 0.694792 0.410185 0.694271 0.409259
0 0.255469 0.468981 0.124479 0.110185 0.196354 0.413889 0.195833 0.414815 0.195312 0.414815 0.194792 0.415741 0.194271 0.415741 0.193750 0.416667 0.193750 0.417593 0.193229 0.418519 0.193229 0.422222 0.193750 0.423148 0.193750 0.424074 0.195312 0.426852 0.195312 0.427778 0.206250 0.447222 0.206771 0.447222 0.226042 0.481481 0.226562 0.481481 0.245312 0.514815 0.245833 0.514815 0.250000 0.522222 0.250521 0.522222 0.251563 0.524074 0.254167 0.524074 0.254688 0.523148 0.255208 0.523148 0.257292 0.519444 0.257812 0.519444 0.260417 0.514815 0.260937 0.514815 0.263021 0.511111 0.263542 0.511111 0.266146 0.506481 0.266667 0.506481 0.269271 0.501852 0.269792 0.501852 0.271875 0.498148 0.272396 0.498148 0.275000 0.493519 0.275521 0.493519 0.277604 0.489815 0.278125 0.489815 0.278125 0.488889 0.306250 0.438889 0.306771 0.438889 0.308854 0.435185 0.309375 0.435185 0.311458 0.431481 0.311979 0.431481 0.314063 0.427778 0.314583 0.427778 0.316667 0.424074 0.317188 0.424074 0.317708 0.423148 0.316667 0.421296 0.316146 0.421296 0.314583 0.418519 0.314063 0.418519 0.313542 0.417593 0.313021 0.417593 0.311979 0.415741 0.310937 0.415741 0.310417 0.414815 0.309896 0.414815 0.309375 0.413889 0.305729 0.413889 0.304688 0.415741 0.304167 0.415741 0.302083 0.419444 0.301563 0.419444 0.292708 0.435185 0.292708 0.436111 0.280208 0.458333 0.279687 0.458333 0.275521 0.465741 0.275000 0.465741 0.273438 0.468519 0.272917 0.468519 0.270833 0.472222 0.270313 0.472222 0.268750 0.475000 0.268229 0.475000 0.266667 0.477778 0.266146 0.477778 0.264062 0.481481 0.263542 0.481481 0.261979 0.484259 0.261458 0.484259 0.259896 0.487037 0.259375 0.487037 0.257292 0.490741 0.256771 0.490741 0.255208 0.493519 0.254688 0.493519 0.254167 0.494444 0.252083 0.494444 0.251042 0.492593 0.250521 0.492593 0.250000 0.491667 0.250000 0.490741 0.248958 0.488889 0.248958 0.484259 0.249479 0.483333 0.249479 0.482407 0.251563 0.478704 0.251563 0.477778 0.257812 0.466667 0.256250 0.469444 0.255729 0.469444 0.254688 0.471296 0.254167 0.471296 0.252604 0.474074 0.252083 0.474074 0.250521 0.476852 0.250000 0.476852 0.248438 0.479630 0.247917 0.479630 0.246875 0.481481 0.246354 0.481481 0.244792 0.484259 0.244271 0.484259 0.243750 0.485185 0.242188 0.485185 0.241667 0.484259 0.240625 0.484259 0.239583 0.482407 0.239063 0.482407 0.234896 0.475000 0.234375 0.475000 0.219792 0.449074 0.219271 0.449074 0.210938 0.434259 0.210417 0.434259 0.205208 0.425000 0.204687 0.425000 0.201563 0.419444 0.201042 0.419444 0.198437 0.414815 0.197917 0.414815 0.197396 0.413889
0 0.379688 0.473611 0.116667 0.104630 0.433854 0.421296 0.433333 0.422222 0.431250 0.422222 0.430729 0.423148 0.430208 0.423148 0.429688 0.424074 0.428646 0.424074 0.427604 0.425926 0.427083 0.425926 0.426563 0.426852 0.426042 0.426852 0.424479 0.429630 0.423958 0.429630 0.422396 0.432407 0.421875 0.432407 0.419271 0.437037 0.418750 0.437037 0.414583 0.444444 0.414062 0.444444 0.407813 0.455556 0.407292 0.455556 0.384896 0.495370 0.384375 0.495370 0.380208 0.502778 0.379688 0.502778 0.379167 0.503704 0.378125 0.503704 0.377604 0.502778 0.377083 0.502778 0.374479 0.498148 0.374479 0.497222 0.373958 0.496296 0.373958 0.494444 0.374479 0.493519 0.374479 0.492593 0.375000 0.491667 0.375000 0.490741 0.377083 0.487037 0.377083 0.486111 0.380208 0.480556 0.380208 0.479630 0.383854 0.473148 0.383854 0.472222 0.387500 0.465741 0.387500 0.464815 0.390625 0.459259 0.390625 0.458333 0.394271 0.451852 0.394271 0.450926 0.397396 0.445370 0.397396 0.444444 0.401042 0.437963 0.401042 0.437037 0.404687 0.430556 0.404687 0.429630 0.407813 0.424074 0.380729 0.472222 0.380208 0.472222 0.378646 0.475000 0.378125 0.475000 0.377604 0.475926 0.375000 0.475926 0.374479 0.476852 0.374479 0.477778 0.370833 0.484259 0.370833 0.485185 0.367188 0.491667 0.367188 0.492593 0.366146 0.494444 0.365625 0.494444 0.365104 0.495370 0.364583 0.495370 0.364063 0.496296 0.363542 0.495370 0.361979 0.495370 0.361458 0.494444 0.360938 0.494444 0.359375 0.491667 0.358854 0.491667 0.343750 0.464815 0.343229 0.464815 0.331771 0.444444 0.331250 0.444444 0.325521 0.434259 0.325000 0.434259 0.321354 0.427778 0.326042 0.436111 0.326042 0.437037 0.327083 0.438889 0.327604 0.438889 0.365625 0.506481 0.366146 0.506481 0.376042 0.524074 0.376563 0.524074 0.377604 0.525926 0.380208 0.525926 0.380729 0.525000 0.381250 0.525000 0.383854 0.520370 0.384375 0.520370 0.435417 0.429630 0.435417 0.428704 0.436979 0.425926 0.436979 0.425000 0.438021 0.423148 0.436979 0.423148 0.436458 0.422222 0.434375 0.422222
0 0.502083 0.470833 0.118750 0.117593 0.560417 0.412037 0.559896 0.412963 0.559375 0.412963 0.558854 0.413889 0.558333 0.413889 0.557292 0.415741 0.556771 0.415741 0.555729 0.417593 0.555208 0.417593 0.554167 0.419444 0.553646 0.419444 0.551562 0.423148 0.551042 0.423148 0.548438 0.427778 0.547917 0.427778 0.544271 0.434259 0.543750 0.434259 0.538542 0.443519 0.538021 0.443519 0.529687 0.458333 0.529167 0.458333 0.515625 0.482407 0.515104 0.482407 0.511458 0.488889 0.510938 0.488889 0.510417 0.489815 0.509896 0.489815 0.509375 0.490741 0.508854 0.490741 0.508333 0.489815 0.507812 0.489815 0.507292 0.488889 0.506771 0.488889 0.506250 0.487963 0.506250 0.487037 0.505208 0.485185 0.505208 0.484259 0.504687 0.483333 0.504687 0.481481 0.505208 0.480556 0.505208 0.478704 0.505729 0.477778 0.505729 0.476852 0.506250 0.475926 0.506250 0.474074 0.506771 0.473148 0.506771 0.471296 0.507292 0.470370 0.507292 0.469444 0.507812 0.468519 0.507812 0.466667 0.508333 0.465741 0.507812 0.466667 0.507292 0.466667 0.504167 0.472222 0.503646 0.472222 0.502604 0.474074 0.500521 0.474074 0.500000 0.475000 0.500000 0.476852 0.499479 0.477778 0.499479 0.479630 0.498958 0.480556 0.498958 0.481481 0.498437 0.482407 0.498437 0.484259 0.497917 0.485185 0.497917 0.486111 0.497396 0.487037 0.497396 0.488889 0.496875 0.489815 0.496875 0.490741 0.496354 0.491667 0.496354 0.493519 0.495833 0.494444 0.495833 0.495370 0.495312 0.496296 0.495312 0.498148 0.494792 0.499074 0.494792 0.500000 0.494271 0.500926 0.494271 0.501852 0.493229 0.503704 0.492708 0.503704 0.492188 0.504630 0.489583 0.504630 0.489063 0.503704 0.488542 0.503704 0.488021 0.502778 0.487500 0.502778 0.482812 0.494444 0.482292 0.494444 0.458333 0.451852 0.457813 0.451852 0.452083 0.441667 0.451562 0.441667 0.447917 0.435185 0.447396 0.435185 0.445312 0.431481 0.444792 0.431481 0.443229 0.428704 0.442708 0.428704 0.443750 0.430556 0.443750 0.431481 0.497396 0.526852 0.497917 0.526852 0.498958 0.528704 0.499479 0.528704 0.500000 0.529630 0.502083 0.529630 0.502604 0.528704 0.503125 0.528704 0.504167 0.526852 0.504687 0.526852 0.511458 0.514815 0.511979 0.514815 0.527604 0.487037 0.528125 0.487037 0.544271 0.458333 0.544792 0.458333 0.558854 0.433333 0.558854 0.432407 0.559375 0.431481 0.559375 0.430556 0.559896 0.429630 0.559896 0.426852 0.560417 0.425926 0.560417 0.420370 0.560937 0.419444 0.560937 0.414815 0.561458 0.413889 0.561458 0.412037
0 0.625000 0.468056 0.118750 0.113889 0.566667 0.411111 0.566667 0.412037 0.566146 0.412963 0.566146 0.418519 0.565625 0.419444 0.565625 0.422222 0.566146 0.423148 0.566146 0.424074 0.567187 0.425926 0.567187 0.426852 0.590104 0.467593 0.590104 0.468519 0.619271 0.520370 0.619792 0.520370 0.621875 0.524074 0.622917 0.524074 0.623437 0.525000 0.624479 0.525000 0.625000 0.524074 0.625521 0.524074 0.626563 0.522222 0.627083 0.522222 0.630208 0.516667 0.630729 0.516667 0.639062 0.501852 0.639583 0.501852 0.648438 0.486111 0.648958 0.486111 0.658333 0.469444 0.658854 0.469444 0.668229 0.452778 0.668750 0.452778 0.678646 0.435185 0.679167 0.435185 0.681771 0.430556 0.681771 0.429630 0.683854 0.425926 0.683854 0.424074 0.684375 0.423148 0.683854 0.422222 0.683854 0.420370 0.683333 0.419444 0.683333 0.417593 0.682813 0.416667 0.682813 0.415741 0.681771 0.417593 0.681250 0.417593 0.679167 0.421296 0.678646 0.421296 0.676562 0.425000 0.676042 0.425000 0.673438 0.429630 0.672917 0.429630 0.669792 0.435185 0.669271 0.435185 0.664583 0.443519 0.664062 0.443519 0.658854 0.452778 0.658333 0.452778 0.650521 0.466667 0.650000 0.466667 0.641146 0.482407 0.640625 0.482407 0.636979 0.488889 0.636458 0.488889 0.635938 0.489815 0.635417 0.489815 0.634896 0.490741 0.633854 0.490741 0.633333 0.489815 0.632812 0.489815 0.630729 0.486111 0.630729 0.485185 0.630208 0.484259 0.630208 0.479630 0.629687 0.478704 0.629687 0.474074 0.628125 0.476852 0.627604 0.476852 0.626563 0.478704 0.625521 0.478704 0.625000 0.479630 0.624479 0.479630 0.623958 0.478704 0.623437 0.478704 0.623437 0.487963 0.621875 0.490741 0.621354 0.490741 0.620833 0.491667 0.618229 0.491667 0.617708 0.490741 0.617188 0.490741 0.615625 0.487963 0.615104 0.487963 0.586979 0.437963 0.586458 0.437963 0.580729 0.427778 0.580208 0.427778 0.577083 0.422222 0.576562 0.422222 0.574479 0.418519 0.573958 0.418519 0.572396 0.415741 0.571875 0.415741 0.571354 0.414815 0.570833 0.414815 0.569792 0.412963 0.569271 0.412963 0.568750 0.412037 0.567708 0.412037 0.567187 0.411111
0 0.767969 0.487963 0.129688 0.138889 0.703125 0.418519 0.703646 0.419444 0.703646 0.420370 0.704167 0.421296 0.704167 0.422222 0.704688 0.423148 0.704688 0.424074 0.705208 0.425000 0.705208 0.425926 0.705729 0.426852 0.705729 0.427778 0.706250 0.428704 0.706250 0.429630 0.706771 0.430556 0.706771 0.432407 0.707292 0.433333 0.707292 0.434259 0.707812 0.435185 0.707812 0.436111 0.708333 0.437037 0.708333 0.437963 0.708854 0.438889 0.708854 0.439815 0.709375 0.440741 0.709375 0.441667 0.709896 0.442593 0.709896 0.443519 0.710417 0.444444 0.710417 0.445370 0.710938 0.446296 0.710938 0.447222 0.711458 0.448148 0.711458 0.450000 0.711979 0.450926 0.711979 0.451852 0.712500 0.452778 0.712500 0.453704 0.713021 0.454630 0.713021 0.455556 0.713542 0.456481 0.713542 0.457407 0.715104 0.460185 0.715104 0.461111 0.728125 0.484259 0.728125 0.485185 0.756250 0.535185 0.756250 0.536111 0.765625 0.552778 0.766146 0.552778 0.768229 0.556481 0.768750 0.556481 0.769271 0.557407 0.771875 0.557407 0.772396 0.556481 0.772917 0.556481 0.773958 0.554630 0.774479 0.554630 0.778125 0.548148 0.778646 0.548148 0.783854 0.538889 0.784375 0.538889 0.790625 0.527778 0.791146 0.527778 0.796875 0.517593 0.797396 0.517593 0.803125 0.507407 0.803646 0.507407 0.809896 0.496296 0.810417 0.496296 0.816146 0.486111 0.816667 0.486111 0.822396 0.475926 0.822917 0.475926 0.832292 0.459259 0.832292 0.458333 0.832812 0.457407 0.832812 0.454630 0.832292 0.453704 0.832292 0.452778 0.828646 0.446296 0.828125 0.446296 0.827604 0.447222 0.827083 0.447222 0.820833 0.458333 0.820312 0.458333 0.814583 0.468519 0.814063 0.468519 0.807813 0.479630 0.807292 0.479630 0.801562 0.489815 0.801042 0.489815 0.794792 0.500926 0.794271 0.500926 0.788542 0.511111 0.788021 0.511111 0.784896 0.516667 0.784375 0.516667 0.782813 0.519444 0.782292 0.519444 0.781771 0.520370 0.779687 0.520370 0.779167 0.519444 0.778646 0.519444 0.777604 0.517593 0.777083 0.517593 0.758854 0.485185 0.758854 0.484259 0.742188 0.454630 0.743229 0.456481 0.743229 0.457407 0.743750 0.458333 0.743750 0.459259 0.744792 0.461111 0.744792 0.462037 0.745313 0.462963 0.745313 0.463889 0.746354 0.465741 0.746354 0.466667 0.746875 0.467593 0.746875 0.468519 0.747917 0.470370 0.747917 0.471296 0.748437 0.472222 0.748437 0.473148 0.749479 0.475000 0.749479 0.475926 0.750000 0.476852 0.750000 0.477778 0.751042 0.479630 0.751042 0.480556 0.751563 0.481481 0.751563 0.482407 0.752083 0.483333 0.752083 0.486111 0.751563 0.487037 0.751563 0.487963 0.749479 0.491667 0.746354 0.491667 0.745833 0.490741 0.745313 0.490741 0.743229 0.487037 0.742708 0.487037 0.727604 0.460185 0.727604 0.459259 0.721875 0.449074 0.721354 0.449074 0.709896 0.428704 0.709375 0.428704 0.705729 0.422222 0.705208 0.422222
0 0.198177 0.423611 0.134896 0.121296 0.197396 0.362963 0.196875 0.363889 0.196354 0.363889 0.195833 0.364815 0.195312 0.364815 0.194792 0.365741 0.194271 0.365741 0.193750 0.366667 0.193229 0.366667 0.192708 0.367593 0.192188 0.367593 0.191667 0.368519 0.190625 0.368519 0.190104 0.369444 0.189583 0.369444 0.189062 0.370370 0.188542 0.370370 0.188021 0.371296 0.187500 0.371296 0.186979 0.372222 0.186458 0.372222 0.185938 0.373148 0.185417 0.373148 0.184896 0.374074 0.184375 0.374074 0.183854 0.375000 0.183333 0.375000 0.170313 0.398148 0.170313 0.399074 0.159375 0.418519 0.159375 0.419444 0.148438 0.438889 0.148438 0.439815 0.137500 0.459259 0.137500 0.460185 0.132292 0.469444 0.132292 0.470370 0.131250 0.472222 0.131250 0.473148 0.130729 0.474074 0.130729 0.477778 0.131250 0.478704 0.131250 0.479630 0.132812 0.482407 0.133333 0.482407 0.133854 0.483333 0.134896 0.483333 0.135417 0.482407 0.135937 0.482407 0.136458 0.481481 0.136979 0.481481 0.137500 0.480556 0.138021 0.480556 0.138542 0.479630 0.139063 0.479630 0.140104 0.477778 0.140625 0.477778 0.141146 0.476852 0.141667 0.476852 0.142187 0.475926 0.142708 0.475926 0.143229 0.475000 0.143750 0.475000 0.144792 0.473148 0.145313 0.473148 0.145833 0.472222 0.146354 0.472222 0.146875 0.471296 0.147396 0.471296 0.147917 0.470370 0.148438 0.470370 0.149479 0.468519 0.150000 0.468519 0.150521 0.467593 0.151042 0.467593 0.151562 0.466667 0.152083 0.466667 0.152604 0.465741 0.153125 0.465741 0.157812 0.457407 0.157812 0.456481 0.170833 0.433333 0.171354 0.433333 0.172396 0.431481 0.172917 0.431481 0.173437 0.430556 0.173958 0.430556 0.174479 0.429630 0.175000 0.429630 0.175521 0.428704 0.176042 0.428704 0.176563 0.427778 0.177083 0.427778 0.177604 0.426852 0.178125 0.426852 0.179167 0.425000 0.179688 0.425000 0.180208 0.424074 0.180729 0.424074 0.181250 0.423148 0.181771 0.423148 0.182292 0.422222 0.182812 0.422222 0.183333 0.421296 0.183854 0.421296 0.184375 0.420370 0.184896 0.420370 0.185417 0.419444 0.185938 0.419444 0.186979 0.417593 0.187500 0.417593 0.188021 0.416667 0.188542 0.416667 0.189062 0.415741 0.189583 0.415741 0.190104 0.414815 0.190625 0.414815 0.191146 0.413889 0.191667 0.413889 0.192188 0.412963 0.192708 0.412963 0.193750 0.411111 0.194271 0.411111 0.194792 0.410185 0.195312 0.410185 0.195833 0.411111 0.196354 0.411111 0.197917 0.413889 0.198437 0.413889 0.201042 0.418519 0.201563 0.418519 0.204687 0.424074 0.205208 0.424074 0.210417 0.433333 0.210938 0.433333 0.219271 0.448148 0.219792 0.448148 0.234375 0.474074 0.234896 0.474074 0.239063 0.481481 0.239583 0.481481 0.240625 0.483333 0.241667 0.483333 0.242188 0.484259 0.243750 0.484259 0.244271 0.483333 0.244792 0.483333 0.246354 0.480556 0.246875 0.480556 0.247917 0.478704 0.248438 0.478704 0.250000 0.475926 0.250521 0.475926 0.252083 0.473148 0.252604 0.473148 0.254167 0.470370 0.254688 0.470370 0.255729 0.468519 0.256250 0.468519 0.257812 0.465741 0.258333 0.465741 0.265625 0.452778 0.264062 0.455556 0.263542 0.455556 0.262500 0.457407 0.261979 0.457407 0.260417 0.460185 0.259896 0.460185 0.258854 0.462037 0.258333 0.462037 0.257812 0.462963 0.255208 0.462963 0.254167 0.461111 0.253646 0.461111 0.247917 0.450926 0.247396 0.450926 0.225521 0.412037 0.225000 0.412037 0.197917 0.363889 0.197917 0.362963
0 0.312240 0.432407 0.125521 0.125926 0.316146 0.369444 0.315104 0.371296 0.314583 0.371296 0.313021 0.374074 0.312500 0.374074 0.311458 0.375926 0.310937 0.375926 0.309896 0.377778 0.309375 0.377778 0.308333 0.379630 0.307812 0.379630 0.306771 0.381481 0.306250 0.381481 0.304688 0.384259 0.304167 0.384259 0.302083 0.387963 0.301563 0.387963 0.293750 0.401852 0.293750 0.402778 0.268750 0.447222 0.268750 0.448148 0.252083 0.477778 0.252083 0.478704 0.250000 0.482407 0.250000 0.483333 0.249479 0.484259 0.249479 0.488889 0.250521 0.490741 0.250521 0.491667 0.251042 0.491667 0.252083 0.493519 0.254167 0.493519 0.254688 0.492593 0.255208 0.492593 0.256771 0.489815 0.257292 0.489815 0.259375 0.486111 0.259896 0.486111 0.261458 0.483333 0.261979 0.483333 0.263542 0.480556 0.264062 0.480556 0.266146 0.476852 0.266667 0.476852 0.268229 0.474074 0.268750 0.474074 0.270313 0.471296 0.270833 0.471296 0.272917 0.467593 0.273438 0.467593 0.275000 0.464815 0.275521 0.464815 0.279687 0.457407 0.280208 0.457407 0.292187 0.436111 0.292187 0.435185 0.301563 0.418519 0.302083 0.418519 0.304167 0.414815 0.304688 0.414815 0.305729 0.412963 0.309375 0.412963 0.309896 0.413889 0.310417 0.413889 0.310937 0.414815 0.311979 0.414815 0.313021 0.416667 0.313542 0.416667 0.314063 0.417593 0.314583 0.417593 0.316146 0.420370 0.316667 0.420370 0.318229 0.423148 0.318750 0.423148 0.320833 0.426852 0.321354 0.426852 0.325000 0.433333 0.325521 0.433333 0.331250 0.443519 0.331771 0.443519 0.343229 0.463889 0.343750 0.463889 0.358854 0.490741 0.359375 0.490741 0.360938 0.493519 0.361458 0.493519 0.361979 0.494444 0.363542 0.494444 0.364063 0.495370 0.364583 0.494444 0.365104 0.494444 0.365625 0.493519 0.366146 0.493519 0.366667 0.492593 0.366667 0.491667 0.370312 0.485185 0.370312 0.484259 0.373958 0.477778 0.373958 0.476852 0.375000 0.475000 0.374479 0.475000 0.372396 0.471296 0.371875 0.471296 0.343750 0.421296 0.343229 0.421296 0.318750 0.377778 0.318750 0.376852 0.317188 0.374074 0.317188 0.373148 0.316667 0.372222 0.316667 0.369444
0 0.437240 0.431019 0.125521 0.145370 0.443229 0.358333 0.440104 0.363889 0.440104 0.364815 0.436979 0.370370 0.436979 0.371296 0.433854 0.376852 0.433854 0.377778 0.408333 0.423148 0.408333 0.424074 0.405208 0.429630 0.405208 0.430556 0.401562 0.437037 0.401562 0.437963 0.397917 0.444444 0.397917 0.445370 0.394792 0.450926 0.394792 0.451852 0.391146 0.458333 0.391146 0.459259 0.388021 0.464815 0.388021 0.465741 0.384375 0.472222 0.384375 0.473148 0.380729 0.479630 0.380729 0.480556 0.377604 0.486111 0.377604 0.487037 0.375521 0.490741 0.375521 0.491667 0.375000 0.492593 0.375000 0.493519 0.374479 0.494444 0.374479 0.496296 0.375000 0.497222 0.375000 0.498148 0.377083 0.501852 0.377604 0.501852 0.378125 0.502778 0.379167 0.502778 0.379688 0.501852 0.380208 0.501852 0.384375 0.494444 0.384896 0.494444 0.407292 0.454630 0.407813 0.454630 0.414062 0.443519 0.414583 0.443519 0.418750 0.436111 0.419271 0.436111 0.421875 0.431481 0.422396 0.431481 0.423958 0.428704 0.424479 0.428704 0.426042 0.425926 0.426563 0.425926 0.427083 0.425000 0.427604 0.425000 0.428646 0.423148 0.429688 0.423148 0.430208 0.422222 0.430729 0.422222 0.431250 0.421296 0.433333 0.421296 0.433854 0.420370 0.434375 0.421296 0.436458 0.421296 0.436979 0.422222 0.438021 0.422222 0.438542 0.423148 0.439063 0.423148 0.439583 0.424074 0.440104 0.424074 0.440625 0.425000 0.441146 0.425000 0.442708 0.427778 0.443229 0.427778 0.444792 0.430556 0.445312 0.430556 0.447396 0.434259 0.447917 0.434259 0.451562 0.440741 0.452083 0.440741 0.457813 0.450926 0.458333 0.450926 0.482292 0.493519 0.482812 0.493519 0.487500 0.501852 0.488021 0.501852 0.488542 0.502778 0.489063 0.502778 0.489583 0.503704 0.492188 0.503704 0.492708 0.502778 0.493229 0.502778 0.493750 0.501852 0.493750 0.500926 0.494271 0.500000 0.494271 0.499074 0.494792 0.498148 0.494792 0.496296 0.495312 0.495370 0.495312 0.494444 0.495833 0.493519 0.495833 0.491667 0.496354 0.490741 0.496354 0.489815 0.496875 0.488889 0.496875 0.487037 0.497396 0.486111 0.497396 0.485185 0.497917 0.484259 0.497917 0.482407 0.498437 0.481481 0.498437 0.480556 0.498958 0.479630 0.498958 0.477778 0.499479 0.476852 0.499479 0.475000 0.500000 0.474074 0.498958 0.472222 0.498437 0.472222 0.491146 0.459259 0.490625 0.459259 0.447396 0.382407 0.447396 0.381481 0.443229 0.374074 0.443229 0.373148 0.442708 0.372222 0.442708 0.371296 0.442188 0.370370 0.442188 0.367593 0.442708 0.366667 0.442708 0.365741 0.444792 0.362037 0.444792 0.361111 0.445312 0.360185 0.444792 0.360185 0.443750 0.358333
0 0.564063 0.426389 0.117708 0.128704 0.564063 0.362037 0.563542 0.362963 0.561458 0.362963 0.561458 0.367593 0.560937 0.368519 0.560937 0.372222 0.560417 0.373148 0.560417 0.374074 0.559375 0.375926 0.559375 0.376852 0.544792 0.402778 0.544271 0.402778 0.524479 0.437963 0.523958 0.437963 0.508854 0.464815 0.508854 0.465741 0.508333 0.466667 0.508333 0.468519 0.507812 0.469444 0.507812 0.470370 0.507292 0.471296 0.507292 0.473148 0.506771 0.474074 0.506771 0.475926 0.506250 0.476852 0.506250 0.477778 0.505729 0.478704 0.505729 0.480556 0.505208 0.481481 0.505208 0.483333 0.505729 0.484259 0.505729 0.485185 0.506771 0.487037 0.506771 0.487963 0.507292 0.487963 0.507812 0.488889 0.508333 0.488889 0.508854 0.489815 0.509375 0.489815 0.509896 0.488889 0.510417 0.488889 0.510938 0.487963 0.511458 0.487963 0.515104 0.481481 0.515625 0.481481 0.529167 0.457407 0.529687 0.457407 0.538021 0.442593 0.538542 0.442593 0.543750 0.433333 0.544271 0.433333 0.547917 0.426852 0.548438 0.426852 0.551042 0.422222 0.551562 0.422222 0.553646 0.418519 0.554167 0.418519 0.555208 0.416667 0.555729 0.416667 0.556771 0.414815 0.557292 0.414815 0.558333 0.412963 0.558854 0.412963 0.559375 0.412037 0.559896 0.412037 0.560417 0.411111 0.561458 0.411111 0.561979 0.410185 0.564063 0.410185 0.564583 0.409259 0.565104 0.410185 0.567187 0.410185 0.567708 0.411111 0.568750 0.411111 0.569271 0.412037 0.569792 0.412037 0.570833 0.413889 0.571354 0.413889 0.571875 0.414815 0.572396 0.414815 0.573958 0.417593 0.574479 0.417593 0.576562 0.421296 0.577083 0.421296 0.580208 0.426852 0.580729 0.426852 0.586458 0.437037 0.586979 0.437037 0.615104 0.487037 0.615625 0.487037 0.617188 0.489815 0.617708 0.489815 0.618229 0.490741 0.620833 0.490741 0.621354 0.489815 0.621875 0.489815 0.622917 0.487963 0.622917 0.477778 0.622396 0.477778 0.619792 0.473148 0.619271 0.473148 0.603125 0.444444 0.603125 0.443519 0.567708 0.380556 0.567708 0.379630 0.565625 0.375926 0.565625 0.375000 0.565104 0.374074 0.565104 0.366667 0.565625 0.365741 0.565625 0.362963 0.564583 0.362963
0 0.690885 0.423611 0.121354 0.134259 0.694271 0.356481 0.693750 0.357407 0.691667 0.357407 0.691146 0.358333 0.690625 0.358333 0.690104 0.359259 0.689063 0.359259 0.688021 0.361111 0.687500 0.361111 0.686979 0.362037 0.686458 0.362037 0.685417 0.363889 0.684896 0.363889 0.685417 0.364815 0.685417 0.365741 0.685937 0.366667 0.685937 0.367593 0.686458 0.368519 0.686458 0.369444 0.686979 0.370370 0.686979 0.372222 0.687500 0.373148 0.687500 0.374074 0.686979 0.375000 0.686979 0.375926 0.686458 0.376852 0.686458 0.377778 0.672917 0.401852 0.672396 0.401852 0.662500 0.419444 0.661979 0.419444 0.651563 0.437963 0.651042 0.437963 0.641146 0.455556 0.640625 0.455556 0.631771 0.471296 0.631250 0.471296 0.630208 0.473148 0.630208 0.478704 0.630729 0.479630 0.630729 0.484259 0.631250 0.485185 0.631250 0.486111 0.632812 0.488889 0.633333 0.488889 0.633854 0.489815 0.634896 0.489815 0.635417 0.488889 0.635938 0.488889 0.636458 0.487963 0.636979 0.487963 0.640625 0.481481 0.641146 0.481481 0.650000 0.465741 0.650521 0.465741 0.658333 0.451852 0.658854 0.451852 0.664062 0.442593 0.664583 0.442593 0.669271 0.434259 0.669792 0.434259 0.672917 0.428704 0.673438 0.428704 0.676042 0.424074 0.676562 0.424074 0.678646 0.420370 0.679167 0.420370 0.681250 0.416667 0.681771 0.416667 0.682813 0.414815 0.683333 0.414815 0.684375 0.412963 0.684896 0.412963 0.685417 0.412037 0.685937 0.412037 0.686979 0.410185 0.688021 0.410185 0.688542 0.409259 0.689063 0.409259 0.689583 0.408333 0.694271 0.408333 0.694792 0.409259 0.695833 0.409259 0.696354 0.410185 0.696875 0.410185 0.697396 0.411111 0.697917 0.411111 0.698438 0.412037 0.698958 0.412037 0.700000 0.413889 0.700521 0.413889 0.702083 0.416667 0.702604 0.416667 0.705208 0.421296 0.705729 0.421296 0.709375 0.427778 0.709896 0.427778 0.721354 0.448148 0.721875 0.448148 0.728125 0.459259 0.728125 0.460185 0.742708 0.486111 0.743229 0.486111 0.745313 0.489815 0.745833 0.489815 0.746354 0.490741 0.749479 0.490741 0.751042 0.487963 0.751042 0.487037 0.751563 0.486111 0.751563 0.483333 0.751042 0.482407 0.751042 0.481481 0.750521 0.480556 0.750521 0.479630 0.749479 0.477778 0.749479 0.476852 0.748958 0.475926 0.748958 0.475000 0.747917 0.473148 0.747917 0.472222 0.747396 0.471296 0.747396 0.470370 0.746354 0.468519 0.746354 0.467593 0.745833 0.466667 0.745833 0.465741 0.744792 0.463889 0.744792 0.462963 0.744271 0.462037 0.744271 0.461111 0.743229 0.459259 0.743229 0.458333 0.742708 0.457407 0.742708 0.456481 0.741667 0.454630 0.741667 0.453704 0.735417 0.442593 0.735417 0.441667 0.723958 0.421296 0.723958 0.420370 0.722917 0.418519 0.722917 0.417593 0.721875 0.415741 0.721875 0.414815 0.721354 0.413889 0.721354 0.412963 0.720833 0.412037 0.720833 0.411111 0.719792 0.409259 0.719792 0.408333 0.719271 0.407407 0.719271 0.406481 0.718750 0.405556 0.718750 0.404630 0.717708 0.402778 0.717708 0.401852 0.717187 0.400926 0.717187 0.400000 0.716667 0.399074 0.716667 0.398148 0.715625 0.396296 0.715625 0.395370 0.715104 0.394444 0.715104 0.393519 0.714583 0.392593 0.714583 0.391667 0.714063 0.390741 0.714063 0.389815 0.713021 0.387963 0.713021 0.387037 0.712500 0.386111 0.712500 0.385185 0.711979 0.384259 0.711979 0.383333 0.710938 0.381481 0.710938 0.380556 0.710417 0.379630 0.710417 0.378704 0.709896 0.377778 0.709896 0.376852 0.708854 0.375000 0.708854 0.374074 0.708333 0.373148 0.708333 0.372222 0.707812 0.371296 0.707812 0.370370 0.706771 0.368519 0.706771 0.367593 0.706250 0.367593 0.704688 0.364815 0.704167 0.364815 0.702604 0.362037 0.702083 0.362037 0.701042 0.360185 0.700521 0.360185 0.700000 0.359259 0.699479 0.359259 0.698958 0.358333 0.697917 0.358333 0.697396 0.357407 0.695312 0.357407 0.694792 0.356481
0 0.257552 0.407407 0.120313 0.109259 0.200521 0.352778 0.200000 0.353704 0.199479 0.353704 0.197917 0.356481 0.197917 0.357407 0.197396 0.358333 0.197396 0.360185 0.197917 0.361111 0.197917 0.362037 0.198437 0.362963 0.198437 0.363889 0.225000 0.411111 0.225521 0.411111 0.247396 0.450000 0.247917 0.450000 0.253646 0.460185 0.254167 0.460185 0.255208 0.462037 0.257812 0.462037 0.258333 0.461111 0.258854 0.461111 0.259896 0.459259 0.260417 0.459259 0.261979 0.456481 0.262500 0.456481 0.263542 0.454630 0.264062 0.454630 0.265625 0.451852 0.266146 0.451852 0.268229 0.448148 0.268229 0.447222 0.293229 0.402778 0.293229 0.401852 0.301563 0.387037 0.302083 0.387037 0.304167 0.383333 0.304688 0.383333 0.306250 0.380556 0.306771 0.380556 0.307812 0.378704 0.308333 0.378704 0.309375 0.376852 0.309896 0.376852 0.310937 0.375000 0.311458 0.375000 0.312500 0.373148 0.313021 0.373148 0.314583 0.370370 0.315104 0.370370 0.316146 0.368519 0.316667 0.368519 0.317708 0.366667 0.317708 0.365741 0.316667 0.363889 0.316146 0.363889 0.315104 0.362037 0.314583 0.362037 0.313542 0.360185 0.313021 0.360185 0.311979 0.358333 0.311458 0.358333 0.310937 0.357407 0.309896 0.357407 0.309375 0.356481 0.307292 0.356481 0.306771 0.355556 0.306250 0.356481 0.305729 0.356481 0.295312 0.375000 0.295312 0.375926 0.281250 0.400926 0.280729 0.400926 0.273438 0.413889 0.272917 0.413889 0.271875 0.415741 0.271354 0.415741 0.270313 0.417593 0.269792 0.417593 0.268750 0.419444 0.268229 0.419444 0.267188 0.421296 0.266667 0.421296 0.265625 0.423148 0.265104 0.423148 0.264062 0.425000 0.263542 0.425000 0.262500 0.426852 0.261979 0.426852 0.260937 0.428704 0.260417 0.428704 0.259375 0.430556 0.258854 0.430556 0.257812 0.432407 0.257292 0.432407 0.256250 0.434259 0.255729 0.434259 0.254688 0.436111 0.254167 0.436111 0.253646 0.437037 0.253125 0.437037 0.252604 0.437963 0.252083 0.437037 0.251042 0.437037 0.248438 0.432407 0.248438 0.430556 0.247917 0.429630 0.247917 0.428704 0.248438 0.427778 0.248438 0.426852 0.248958 0.425926 0.248958 0.425000 0.250521 0.422222 0.250521 0.421296 0.252604 0.417593 0.252083 0.418519 0.251563 0.418519 0.250521 0.420370 0.250000 0.420370 0.248958 0.422222 0.248438 0.422222 0.247917 0.423148 0.247396 0.423148 0.246875 0.424074 0.244792 0.424074 0.244271 0.423148 0.243750 0.423148 0.242708 0.421296 0.242188 0.421296 0.239063 0.415741 0.238542 0.415741 0.222917 0.387963 0.222396 0.387963 0.213542 0.372222 0.213021 0.372222 0.208333 0.363889 0.207813 0.363889 0.204167 0.357407 0.203646 0.357407 0.201563 0.353704 0.201042 0.353704
0 0.379948 0.415278 0.125521 0.119444 0.435937 0.355556 0.435417 0.356481 0.434375 0.356481 0.433854 0.357407 0.433333 0.357407 0.432812 0.358333 0.432292 0.358333 0.431771 0.359259 0.431250 0.359259 0.430208 0.361111 0.429688 0.361111 0.428125 0.363889 0.427604 0.363889 0.425521 0.367593 0.425000 0.367593 0.421875 0.373148 0.421354 0.373148 0.416667 0.381481 0.416146 0.381481 0.404687 0.401852 0.404167 0.401852 0.385937 0.434259 0.385417 0.434259 0.384375 0.436111 0.383333 0.436111 0.382812 0.435185 0.382292 0.435185 0.381771 0.434259 0.381250 0.434259 0.380208 0.432407 0.380208 0.431481 0.379688 0.430556 0.379688 0.429630 0.379167 0.428704 0.379167 0.426852 0.379688 0.425926 0.379688 0.425000 0.380208 0.424074 0.380208 0.423148 0.395833 0.395370 0.395833 0.394444 0.414062 0.362037 0.413542 0.362037 0.412500 0.360185 0.411979 0.360185 0.381771 0.413889 0.381250 0.413889 0.378125 0.419444 0.377604 0.419444 0.377083 0.420370 0.376563 0.420370 0.376042 0.421296 0.375521 0.421296 0.375000 0.420370 0.365104 0.437963 0.361979 0.437963 0.361458 0.437037 0.360938 0.437037 0.360417 0.436111 0.359896 0.436111 0.356771 0.430556 0.356250 0.430556 0.335417 0.393519 0.334896 0.393519 0.327604 0.380556 0.327083 0.380556 0.322917 0.373148 0.322396 0.373148 0.319271 0.367593 0.318750 0.367593 0.318229 0.366667 0.317188 0.368519 0.317188 0.372222 0.317708 0.373148 0.317708 0.374074 0.319271 0.376852 0.319271 0.377778 0.343229 0.420370 0.343750 0.420370 0.371875 0.470370 0.372396 0.470370 0.374479 0.474074 0.375000 0.474074 0.375521 0.475000 0.377604 0.475000 0.378125 0.474074 0.378646 0.474074 0.380208 0.471296 0.380729 0.471296 0.433333 0.377778 0.433333 0.376852 0.436458 0.371296 0.436458 0.370370 0.439583 0.364815 0.439583 0.363889 0.442188 0.359259 0.442188 0.358333 0.442708 0.357407 0.442188 0.357407 0.441667 0.356481 0.440625 0.356481 0.440104 0.355556
0 0.501823 0.417130 0.118229 0.112037 0.445312 0.361111 0.445312 0.362037 0.443229 0.365741 0.443229 0.366667 0.442708 0.367593 0.442708 0.370370 0.443229 0.371296 0.443229 0.372222 0.443750 0.373148 0.443750 0.374074 0.447917 0.381481 0.447917 0.382407 0.490625 0.458333 0.491146 0.458333 0.498437 0.471296 0.498958 0.471296 0.500000 0.473148 0.502604 0.473148 0.503646 0.471296 0.504167 0.471296 0.507292 0.465741 0.507812 0.465741 0.523958 0.437037 0.524479 0.437037 0.544271 0.401852 0.544792 0.401852 0.558854 0.376852 0.558854 0.375926 0.559896 0.374074 0.559896 0.373148 0.560417 0.372222 0.560417 0.368519 0.560937 0.367593 0.560937 0.362963 0.560417 0.363889 0.559896 0.363889 0.559375 0.364815 0.558854 0.364815 0.558333 0.365741 0.557813 0.365741 0.557292 0.366667 0.556771 0.366667 0.555729 0.368519 0.555208 0.368519 0.553646 0.371296 0.553125 0.371296 0.551562 0.374074 0.551042 0.374074 0.548958 0.377778 0.548438 0.377778 0.544792 0.384259 0.544271 0.384259 0.540104 0.391667 0.539583 0.391667 0.532292 0.404630 0.531771 0.404630 0.517188 0.430556 0.516667 0.430556 0.509375 0.443519 0.508854 0.443519 0.508333 0.444444 0.507812 0.444444 0.507292 0.445370 0.506250 0.445370 0.505729 0.444444 0.505208 0.444444 0.503125 0.440741 0.503125 0.439815 0.502604 0.438889 0.502604 0.435185 0.503125 0.434259 0.503125 0.432407 0.503646 0.431481 0.503646 0.430556 0.504167 0.429630 0.504167 0.427778 0.504687 0.426852 0.504687 0.425926 0.505208 0.425000 0.505208 0.424074 0.505729 0.423148 0.505729 0.421296 0.506250 0.420370 0.506250 0.419444 0.506771 0.418519 0.505729 0.420370 0.505208 0.420370 0.501563 0.426852 0.501042 0.426852 0.500521 0.427778 0.500000 0.427778 0.499479 0.428704 0.498437 0.428704 0.497917 0.429630 0.497917 0.430556 0.497396 0.431481 0.497396 0.432407 0.494792 0.437037 0.492708 0.437037 0.492188 0.436111 0.491667 0.436111 0.491146 0.435185 0.490625 0.435185 0.488542 0.431481 0.488021 0.431481 0.463021 0.387037 0.462500 0.387037 0.455729 0.375000 0.455208 0.375000 0.451562 0.368519 0.451042 0.368519 0.448958 0.364815 0.448437 0.364815 0.446875 0.362037 0.446354 0.362037 0.445833 0.361111
0 0.626302 0.420833 0.121354 0.115741 0.566146 0.362963 0.566146 0.365741 0.565625 0.366667 0.565625 0.374074 0.566146 0.375000 0.566146 0.375926 0.568229 0.379630 0.568229 0.380556 0.603646 0.443519 0.603646 0.444444 0.619271 0.472222 0.619792 0.472222 0.622396 0.476852 0.622917 0.476852 0.623437 0.477778 0.623958 0.477778 0.624479 0.478704 0.625000 0.478704 0.625521 0.477778 0.626563 0.477778 0.627604 0.475926 0.628125 0.475926 0.631250 0.470370 0.631771 0.470370 0.640625 0.454630 0.641146 0.454630 0.651042 0.437037 0.651563 0.437037 0.661979 0.418519 0.662500 0.418519 0.672396 0.400926 0.672917 0.400926 0.685937 0.377778 0.685937 0.376852 0.686458 0.375926 0.686458 0.375000 0.686979 0.374074 0.686979 0.373148 0.686458 0.372222 0.686458 0.370370 0.685937 0.369444 0.685937 0.368519 0.685417 0.367593 0.685417 0.366667 0.684896 0.365741 0.684896 0.364815 0.684375 0.364815 0.683333 0.366667 0.682813 0.366667 0.680729 0.370370 0.680208 0.370370 0.678125 0.374074 0.677604 0.374074 0.674479 0.379630 0.673958 0.379630 0.670312 0.386111 0.669792 0.386111 0.665104 0.394444 0.664583 0.394444 0.657813 0.406481 0.657292 0.406481 0.647917 0.423148 0.647396 0.423148 0.640104 0.436111 0.639583 0.436111 0.637500 0.439815 0.636979 0.439815 0.636458 0.440741 0.635417 0.440741 0.634896 0.439815 0.634375 0.439815 0.633854 0.438889 0.633333 0.438889 0.632292 0.437037 0.632292 0.436111 0.631771 0.435185 0.631771 0.434259 0.631250 0.433333 0.631250 0.428704 0.630729 0.427778 0.630729 0.425000 0.629687 0.426852 0.629167 0.426852 0.628125 0.428704 0.627604 0.428704 0.627083 0.429630 0.625000 0.429630 0.624479 0.428704 0.624479 0.436111 0.625000 0.437037 0.625000 0.440741 0.624479 0.441667 0.624479 0.442593 0.622917 0.445370 0.622396 0.445370 0.621875 0.446296 0.619792 0.446296 0.619271 0.445370 0.618750 0.445370 0.618229 0.444444 0.617708 0.444444 0.616146 0.441667 0.615625 0.441667 0.585417 0.387963 0.584896 0.387963 0.579688 0.378704 0.579167 0.378704 0.576042 0.373148 0.575521 0.373148 0.573958 0.370370 0.573438 0.370370 0.571875 0.367593 0.571354 0.367593 0.570833 0.366667 0.570312 0.366667 0.569271 0.364815 0.568750 0.364815 0.568229 0.363889 0.567187 0.363889 0.566667 0.362963
0 0.775521 0.426389 0.136458 0.186111 0.791146 0.333333 0.790104 0.335185 0.789583 0.335185 0.786458 0.340741 0.785937 0.340741 0.778646 0.353704 0.778125 0.353704 0.771875 0.364815 0.771354 0.364815 0.766667 0.373148 0.766146 0.373148 0.762500 0.379630 0.761979 0.379630 0.758854 0.385185 0.758333 0.385185 0.756250 0.388889 0.755729 0.388889 0.754167 0.391667 0.753646 0.391667 0.752083 0.394444 0.751563 0.394444 0.751042 0.395370 0.750521 0.395370 0.749479 0.397222 0.748437 0.397222 0.747917 0.398148 0.746875 0.398148 0.746354 0.399074 0.743750 0.399074 0.743229 0.398148 0.742708 0.398148 0.742708 0.399074 0.743750 0.400926 0.743750 0.401852 0.744792 0.403704 0.744792 0.404630 0.746354 0.407407 0.746354 0.408333 0.747396 0.410185 0.747396 0.411111 0.748437 0.412963 0.748437 0.413889 0.749479 0.415741 0.749479 0.416667 0.751042 0.419444 0.751042 0.420370 0.752083 0.422222 0.752083 0.423148 0.753125 0.425000 0.753125 0.425926 0.754167 0.427778 0.754167 0.428704 0.755208 0.430556 0.755208 0.431481 0.755729 0.432407 0.755729 0.437037 0.753646 0.440741 0.753125 0.440741 0.752604 0.441667 0.750521 0.441667 0.750000 0.440741 0.749479 0.440741 0.748437 0.438889 0.747917 0.438889 0.716667 0.383333 0.716146 0.383333 0.710417 0.373148 0.709896 0.373148 0.707292 0.368519 0.708333 0.370370 0.708333 0.371296 0.708854 0.372222 0.708854 0.373148 0.709375 0.374074 0.709375 0.375000 0.710417 0.376852 0.710417 0.377778 0.710938 0.378704 0.710938 0.379630 0.711458 0.380556 0.711458 0.381481 0.712500 0.383333 0.712500 0.384259 0.713021 0.385185 0.713021 0.386111 0.713542 0.387037 0.713542 0.387963 0.714583 0.389815 0.714583 0.390741 0.715104 0.391667 0.715104 0.392593 0.715625 0.393519 0.715625 0.394444 0.716146 0.395370 0.716146 0.396296 0.717187 0.398148 0.717187 0.399074 0.717708 0.400000 0.717708 0.400926 0.718229 0.401852 0.718229 0.402778 0.719271 0.404630 0.719271 0.405556 0.719792 0.406481 0.719792 0.407407 0.720313 0.408333 0.720313 0.409259 0.721354 0.411111 0.721354 0.412037 0.721875 0.412963 0.721875 0.413889 0.722396 0.414815 0.722396 0.415741 0.723437 0.417593 0.723437 0.418519 0.724479 0.420370 0.724479 0.421296 0.735938 0.441667 0.735938 0.442593 0.759375 0.484259 0.759375 0.485185 0.777083 0.516667 0.777604 0.516667 0.778646 0.518519 0.779167 0.518519 0.779687 0.519444 0.781771 0.519444 0.782292 0.518519 0.782813 0.518519 0.784375 0.515741 0.784896 0.515741 0.788021 0.510185 0.788542 0.510185 0.794271 0.500000 0.794792 0.500000 0.801042 0.488889 0.801562 0.488889 0.807292 0.478704 0.807813 0.478704 0.814063 0.467593 0.814583 0.467593 0.820312 0.457407 0.820833 0.457407 0.827083 0.446296 0.827604 0.446296 0.833854 0.435185 0.834375 0.435185 0.842708 0.420370 0.842708 0.419444 0.843229 0.418519 0.843229 0.417593 0.843750 0.416667 0.843750 0.415741 0.843229 0.414815 0.843229 0.412963 0.840625 0.408333 0.840104 0.408333 0.835938 0.400926 0.835417 0.400926 0.831250 0.393519 0.830729 0.393519 0.827083 0.387037 0.826562 0.387037 0.822396 0.379630 0.821875 0.379630 0.818229 0.373148 0.817708 0.373148 0.813542 0.365741 0.813021 0.365741 0.808854 0.358333 0.808333 0.358333 0.804688 0.351852 0.804167 0.351852 0.800000 0.344444 0.799479 0.344444 0.795833 0.337963 0.795312 0.337963 0.793229 0.334259 0.792708 0.334259 0.792188 0.333333
0 0.197917 0.366667 0.126042 0.112963 0.192708 0.310185 0.192188 0.311111 0.191667 0.311111 0.191146 0.312037 0.190104 0.312037 0.189583 0.312963 0.188542 0.312963 0.188021 0.313889 0.187500 0.313889 0.172917 0.339815 0.172917 0.340741 0.163542 0.357407 0.163542 0.358333 0.153646 0.375926 0.153646 0.376852 0.143750 0.394444 0.143750 0.395370 0.136979 0.407407 0.136979 0.408333 0.135417 0.411111 0.135417 0.412037 0.134896 0.412963 0.134896 0.417593 0.135417 0.418519 0.135417 0.419444 0.136458 0.421296 0.136979 0.421296 0.137500 0.422222 0.139583 0.422222 0.140104 0.421296 0.140625 0.421296 0.141146 0.420370 0.141667 0.420370 0.144271 0.415741 0.144271 0.414815 0.152604 0.400000 0.153125 0.400000 0.154167 0.398148 0.154688 0.398148 0.155208 0.397222 0.155729 0.397222 0.156250 0.396296 0.156771 0.396296 0.157292 0.395370 0.158333 0.395370 0.158854 0.394444 0.159375 0.394444 0.159896 0.393519 0.160417 0.393519 0.160938 0.392593 0.161458 0.392593 0.161979 0.391667 0.162500 0.391667 0.163021 0.390741 0.163542 0.390741 0.164062 0.389815 0.164583 0.389815 0.165104 0.388889 0.165625 0.388889 0.166146 0.387963 0.166667 0.387963 0.167187 0.387037 0.168229 0.387037 0.168750 0.386111 0.169271 0.386111 0.169792 0.385185 0.170313 0.385185 0.170833 0.384259 0.171354 0.384259 0.171875 0.383333 0.172396 0.383333 0.172917 0.382407 0.173437 0.382407 0.173958 0.381481 0.174479 0.381481 0.175000 0.380556 0.175521 0.380556 0.176042 0.379630 0.176563 0.379630 0.177083 0.378704 0.178125 0.378704 0.178646 0.377778 0.179167 0.377778 0.179688 0.376852 0.180208 0.376852 0.180729 0.375926 0.181250 0.375926 0.181771 0.375000 0.182292 0.375000 0.182812 0.374074 0.183333 0.374074 0.183854 0.373148 0.184375 0.373148 0.184896 0.372222 0.185417 0.372222 0.185938 0.371296 0.186979 0.371296 0.187500 0.370370 0.188021 0.370370 0.188542 0.369444 0.189062 0.369444 0.189583 0.368519 0.190104 0.368519 0.190625 0.367593 0.191146 0.367593 0.191667 0.366667 0.192188 0.366667 0.192708 0.365741 0.193229 0.365741 0.193750 0.364815 0.194271 0.364815 0.194792 0.363889 0.195312 0.363889 0.195833 0.362963 0.196875 0.362963 0.197396 0.362037 0.197396 0.361111 0.196875 0.360185 0.196875 0.358333 0.197396 0.357407 0.197396 0.356481 0.199479 0.352778 0.200000 0.352778 0.200521 0.351852 0.201042 0.352778 0.201563 0.352778 0.203646 0.356481 0.204167 0.356481 0.207813 0.362963 0.208333 0.362963 0.213021 0.371296 0.213542 0.371296 0.222396 0.387037 0.222917 0.387037 0.238542 0.414815 0.239063 0.414815 0.242188 0.420370 0.242708 0.420370 0.243750 0.422222 0.244271 0.422222 0.244792 0.423148 0.246875 0.423148 0.247396 0.422222 0.247917 0.422222 0.248438 0.421296 0.248958 0.421296 0.250000 0.419444 0.250521 0.419444 0.251563 0.417593 0.252083 0.417593 0.252604 0.416667 0.253125 0.416667 0.260937 0.402778 0.260417 0.403704 0.259896 0.403704 0.258854 0.405556 0.258333 0.405556 0.257292 0.407407 0.256771 0.407407 0.256250 0.408333 0.255729 0.408333 0.254688 0.410185 0.254167 0.410185 0.253646 0.411111 0.252083 0.411111 0.251563 0.410185 0.251042 0.410185 0.250000 0.408333 0.249479 0.408333 0.244271 0.399074 0.243750 0.399074 0.219792 0.356481 0.219271 0.356481 0.193229 0.310185
0 0.311458 0.375463 0.126042 0.123148 0.315625 0.313889 0.315104 0.314815 0.314583 0.314815 0.314063 0.315741 0.313542 0.315741 0.312500 0.317593 0.311979 0.317593 0.311458 0.318519 0.310937 0.318519 0.310417 0.319444 0.309896 0.319444 0.308854 0.321296 0.308333 0.321296 0.307812 0.322222 0.307292 0.322222 0.306771 0.323148 0.306250 0.323148 0.305208 0.325000 0.304688 0.325000 0.304167 0.325926 0.303646 0.325926 0.281771 0.364815 0.281771 0.365741 0.262500 0.400000 0.262500 0.400926 0.251042 0.421296 0.251042 0.422222 0.249479 0.425000 0.249479 0.425926 0.248958 0.426852 0.248958 0.427778 0.248438 0.428704 0.248438 0.429630 0.248958 0.430556 0.248958 0.432407 0.251042 0.436111 0.252083 0.436111 0.252604 0.437037 0.253125 0.436111 0.253646 0.436111 0.254167 0.435185 0.254688 0.435185 0.255729 0.433333 0.256250 0.433333 0.257292 0.431481 0.257812 0.431481 0.258854 0.429630 0.259375 0.429630 0.260417 0.427778 0.260937 0.427778 0.261979 0.425926 0.262500 0.425926 0.263542 0.424074 0.264062 0.424074 0.265104 0.422222 0.265625 0.422222 0.266667 0.420370 0.267188 0.420370 0.268229 0.418519 0.268750 0.418519 0.269792 0.416667 0.270313 0.416667 0.271354 0.414815 0.271875 0.414815 0.272917 0.412963 0.273438 0.412963 0.280729 0.400000 0.281250 0.400000 0.294792 0.375926 0.294792 0.375000 0.305729 0.355556 0.306250 0.355556 0.306771 0.354630 0.307292 0.355556 0.309375 0.355556 0.309896 0.356481 0.310937 0.356481 0.311458 0.357407 0.311979 0.357407 0.313021 0.359259 0.313542 0.359259 0.314583 0.361111 0.315104 0.361111 0.316146 0.362963 0.316667 0.362963 0.318750 0.366667 0.319271 0.366667 0.322396 0.372222 0.322917 0.372222 0.327083 0.379630 0.327604 0.379630 0.334896 0.392593 0.335417 0.392593 0.356250 0.429630 0.356771 0.429630 0.359896 0.435185 0.360417 0.435185 0.360938 0.436111 0.361458 0.436111 0.361979 0.437037 0.365104 0.437037 0.374479 0.420370 0.373958 0.420370 0.372396 0.417593 0.371875 0.417593 0.350000 0.378704 0.349479 0.378704 0.317708 0.322222 0.317708 0.321296 0.316146 0.318519 0.316146 0.317593 0.315625 0.316667
0 0.438802 0.378241 0.118229 0.115741 0.438021 0.320370 0.396354 0.394444 0.396354 0.395370 0.380729 0.423148 0.380729 0.424074 0.380208 0.425000 0.380208 0.425926 0.379688 0.426852 0.379688 0.428704 0.380208 0.429630 0.380208 0.430556 0.380729 0.431481 0.380729 0.432407 0.381250 0.433333 0.381771 0.433333 0.382292 0.434259 0.382812 0.434259 0.383333 0.435185 0.384375 0.435185 0.385417 0.433333 0.385937 0.433333 0.404167 0.400926 0.404687 0.400926 0.416146 0.380556 0.416667 0.380556 0.421354 0.372222 0.421875 0.372222 0.425000 0.366667 0.425521 0.366667 0.427604 0.362963 0.428125 0.362963 0.429688 0.360185 0.430208 0.360185 0.431250 0.358333 0.431771 0.358333 0.432292 0.357407 0.432812 0.357407 0.433333 0.356481 0.433854 0.356481 0.434375 0.355556 0.435417 0.355556 0.435937 0.354630 0.440104 0.354630 0.440625 0.355556 0.441667 0.355556 0.442188 0.356481 0.442708 0.356481 0.443229 0.357407 0.443750 0.357407 0.444792 0.359259 0.445312 0.359259 0.446354 0.361111 0.446875 0.361111 0.448437 0.363889 0.448958 0.363889 0.451042 0.367593 0.451562 0.367593 0.455208 0.374074 0.455729 0.374074 0.462500 0.386111 0.463021 0.386111 0.488021 0.430556 0.488542 0.430556 0.490625 0.434259 0.491146 0.434259 0.491667 0.435185 0.492188 0.435185 0.492708 0.436111 0.494792 0.436111 0.496875 0.432407 0.496875 0.431481 0.497396 0.430556 0.497396 0.429630 0.497917 0.428704 0.497917 0.427778 0.497396 0.427778 0.496875 0.426852 0.496354 0.426852 0.492708 0.420370 0.492188 0.420370 0.444271 0.335185 0.444271 0.334259 0.439063 0.325000 0.439063 0.324074 0.438542 0.323148 0.438542 0.322222 0.438021 0.321296
0 0.563802 0.357870 0.121354 0.175000 0.569792 0.270370 0.569271 0.271296 0.568750 0.271296 0.566146 0.275926 0.566146 0.276852 0.565625 0.277778 0.565625 0.280556 0.565104 0.281481 0.565104 0.285185 0.564583 0.286111 0.564583 0.288889 0.564063 0.289815 0.564063 0.293519 0.563542 0.294444 0.563542 0.297222 0.563021 0.298148 0.563021 0.300926 0.562500 0.301852 0.562500 0.305556 0.561979 0.306481 0.561979 0.309259 0.561458 0.310185 0.561458 0.313889 0.560937 0.314815 0.560937 0.317593 0.560417 0.318519 0.560417 0.321296 0.559896 0.322222 0.559896 0.324074 0.559375 0.325000 0.559375 0.325926 0.528125 0.381481 0.527604 0.381481 0.507292 0.417593 0.507292 0.418519 0.506771 0.419444 0.506771 0.420370 0.506250 0.421296 0.506250 0.423148 0.505729 0.424074 0.505729 0.425000 0.505208 0.425926 0.505208 0.426852 0.504687 0.427778 0.504687 0.429630 0.504167 0.430556 0.504167 0.431481 0.503646 0.432407 0.503646 0.434259 0.503125 0.435185 0.503125 0.438889 0.503646 0.439815 0.503646 0.440741 0.505208 0.443519 0.505729 0.443519 0.506250 0.444444 0.507292 0.444444 0.507812 0.443519 0.508333 0.443519 0.508854 0.442593 0.509375 0.442593 0.516667 0.429630 0.517188 0.429630 0.531771 0.403704 0.532292 0.403704 0.539583 0.390741 0.540104 0.390741 0.544271 0.383333 0.544792 0.383333 0.548438 0.376852 0.548958 0.376852 0.551042 0.373148 0.551562 0.373148 0.553125 0.370370 0.553646 0.370370 0.555208 0.367593 0.555729 0.367593 0.556771 0.365741 0.557292 0.365741 0.557813 0.364815 0.558333 0.364815 0.558854 0.363889 0.559375 0.363889 0.559896 0.362963 0.560417 0.362963 0.560937 0.362037 0.563542 0.362037 0.564063 0.361111 0.564583 0.362037 0.566667 0.362037 0.567187 0.362963 0.568229 0.362963 0.568750 0.363889 0.569271 0.363889 0.570312 0.365741 0.570833 0.365741 0.571354 0.366667 0.571875 0.366667 0.573438 0.369444 0.573958 0.369444 0.575521 0.372222 0.576042 0.372222 0.579167 0.377778 0.579688 0.377778 0.584896 0.387037 0.585417 0.387037 0.615625 0.440741 0.616146 0.440741 0.617708 0.443519 0.618229 0.443519 0.618750 0.444444 0.619271 0.444444 0.619792 0.445370 0.621875 0.445370 0.622396 0.444444 0.622917 0.444444 0.623958 0.442593 0.623958 0.441667 0.624479 0.440741 0.624479 0.437037 0.623958 0.436111 0.623958 0.428704 0.622917 0.426852 0.622396 0.426852 0.585417 0.361111 0.585417 0.360185 0.566667 0.326852 0.566667 0.325926 0.565104 0.323148 0.565104 0.322222 0.564583 0.321296 0.564583 0.317593 0.565104 0.316667 0.565104 0.312037 0.565625 0.311111 0.565625 0.307407 0.566146 0.306481 0.566146 0.302778 0.566667 0.301852 0.566667 0.298148 0.567187 0.297222 0.567187 0.293519 0.567708 0.292593 0.567708 0.288889 0.568229 0.287963 0.568229 0.284259 0.568750 0.283333 0.568750 0.279630 0.569271 0.278704 0.569271 0.274074 0.569792 0.273148
0 0.693229 0.352315 0.123958 0.176852 0.673958 0.263889 0.672917 0.265741 0.673438 0.266667 0.673438 0.267593 0.674479 0.269444 0.674479 0.270370 0.675000 0.271296 0.675000 0.272222 0.675521 0.273148 0.675521 0.274074 0.676562 0.275926 0.676562 0.276852 0.677083 0.277778 0.677083 0.278704 0.677604 0.279630 0.677604 0.280556 0.678125 0.281481 0.678125 0.282407 0.679167 0.284259 0.679167 0.285185 0.679688 0.286111 0.679688 0.287037 0.680208 0.287963 0.680208 0.288889 0.680729 0.289815 0.680729 0.290741 0.681771 0.292593 0.681771 0.293519 0.682292 0.294444 0.682292 0.295370 0.682813 0.296296 0.682813 0.297222 0.683333 0.298148 0.683333 0.299074 0.684375 0.300926 0.684375 0.301852 0.684896 0.302778 0.684896 0.303704 0.685417 0.304630 0.685417 0.305556 0.685937 0.306481 0.685937 0.307407 0.686979 0.309259 0.686979 0.310185 0.687500 0.311111 0.687500 0.312037 0.688021 0.312963 0.688021 0.313889 0.688542 0.314815 0.688542 0.315741 0.689583 0.317593 0.689583 0.319444 0.690104 0.320370 0.690104 0.322222 0.689583 0.323148 0.689583 0.324074 0.688021 0.326852 0.688021 0.327778 0.680208 0.341667 0.679688 0.341667 0.668229 0.362037 0.667708 0.362037 0.656771 0.381481 0.656250 0.381481 0.644792 0.401852 0.644271 0.401852 0.633854 0.420370 0.633333 0.420370 0.631250 0.424074 0.631250 0.427778 0.631771 0.428704 0.631771 0.433333 0.632292 0.434259 0.632292 0.435185 0.632812 0.436111 0.632812 0.437037 0.633333 0.437963 0.633854 0.437963 0.634375 0.438889 0.634896 0.438889 0.635417 0.439815 0.636458 0.439815 0.636979 0.438889 0.637500 0.438889 0.639583 0.435185 0.640104 0.435185 0.647396 0.422222 0.647917 0.422222 0.657292 0.405556 0.657813 0.405556 0.664583 0.393519 0.665104 0.393519 0.669792 0.385185 0.670312 0.385185 0.673958 0.378704 0.674479 0.378704 0.677604 0.373148 0.678125 0.373148 0.680208 0.369444 0.680729 0.369444 0.682813 0.365741 0.683333 0.365741 0.684896 0.362963 0.685417 0.362963 0.686458 0.361111 0.686979 0.361111 0.687500 0.360185 0.688021 0.360185 0.689063 0.358333 0.690104 0.358333 0.690625 0.357407 0.691146 0.357407 0.691667 0.356481 0.693750 0.356481 0.694271 0.355556 0.694792 0.355556 0.695312 0.356481 0.697396 0.356481 0.697917 0.357407 0.698958 0.357407 0.699479 0.358333 0.700000 0.358333 0.700521 0.359259 0.701042 0.359259 0.702083 0.361111 0.702604 0.361111 0.704167 0.363889 0.704688 0.363889 0.706250 0.366667 0.706771 0.366667 0.709896 0.372222 0.710417 0.372222 0.716146 0.382407 0.716667 0.382407 0.747917 0.437963 0.748437 0.437963 0.749479 0.439815 0.750000 0.439815 0.750521 0.440741 0.752604 0.440741 0.753125 0.439815 0.753646 0.439815 0.755208 0.437037 0.755208 0.432407 0.754687 0.431481 0.754687 0.430556 0.753646 0.428704 0.753646 0.427778 0.752604 0.425926 0.752604 0.425000 0.751563 0.423148 0.751563 0.422222 0.750521 0.420370 0.750521 0.419444 0.748958 0.416667 0.748958 0.415741 0.747917 0.413889 0.747917 0.412963 0.746875 0.411111 0.746875 0.410185 0.745833 0.408333 0.745833 0.407407 0.744271 0.404630 0.744271 0.403704 0.743229 0.401852 0.743229 0.400926 0.742188 0.399074 0.742188 0.398148 0.741146 0.396296 0.741146 0.395370 0.739583 0.392593 0.739583 0.391667 0.738542 0.389815 0.738542 0.388889 0.737500 0.387037 0.737500 0.386111 0.736458 0.384259 0.736458 0.383333 0.734896 0.380556 0.734896 0.379630 0.733854 0.377778 0.733854 0.376852 0.732812 0.375000 0.732812 0.374074 0.731771 0.372222 0.731771 0.371296 0.730208 0.368519 0.730208 0.367593 0.729167 0.365741 0.729167 0.364815 0.728125 0.362963 0.728125 0.362037 0.727083 0.360185 0.727083 0.359259 0.725521 0.356481 0.725521 0.355556 0.724479 0.353704 0.724479 0.352778 0.723437 0.350926 0.723437 0.350000 0.722396 0.348148 0.722396 0.347222 0.717708 0.338889 0.717708 0.337963 0.697396 0.301852 0.697396 0.300926 0.677083 0.264815 0.676562 0.264815 0.676042 0.263889