0 0.138542 0.574074 0.118750 0.116667 0.173958 0.515741 0.159375 0.541667 0.159375 0.542593 0.130729 0.593519 0.127604 0.593519 0.126562 0.591667 0.126042 0.591667 0.123438 0.587037 0.122917 0.587037 0.118750 0.579630 0.118229 0.579630 0.113542 0.571296 0.113021 0.571296 0.108854 0.563889 0.108333 0.563889 0.103646 0.555556 0.103125 0.555556 0.098437 0.547222 0.097917 0.547222 0.093750 0.539815 0.093229 0.539815 0.088542 0.531481 0.088021 0.531481 0.085938 0.527778 0.084375 0.527778 0.081250 0.533333 0.080729 0.533333 0.079687 0.535185 0.079687 0.536111 0.079167 0.537037 0.079167 0.542593 0.079687 0.543519 0.079687 0.544444 0.081771 0.548148 0.082292 0.548148 0.083854 0.550926 0.083854 0.551852 0.084896 0.553704 0.085417 0.553704 0.089583 0.561111 0.090104 0.561111 0.093750 0.567593 0.094271 0.567593 0.097917 0.574074 0.098437 0.574074 0.102083 0.580556 0.102604 0.580556 0.106250 0.587037 0.106771 0.587037 0.110417 0.593519 0.110937 0.593519 0.115104 0.600926 0.115625 0.600926 0.119271 0.607407 0.119792 0.607407 0.123438 0.613889 0.123958 0.613889 0.127604 0.620370 0.128125 0.620370 0.131771 0.626852 0.132292 0.626852 0.134896 0.631481 0.135417 0.631481 0.135937 0.632407 0.144792 0.632407 0.153646 0.616667 0.153646 0.615741 0.172396 0.582407 0.172396 0.581481 0.188542 0.552778 0.188542 0.551852 0.191667 0.546296 0.191667 0.545370 0.193229 0.542593 0.193229 0.541667 0.195312 0.537963 0.195312 0.537037 0.196875 0.534259 0.196875 0.533333 0.197917 0.531481 0.197917 0.530556 0.197396 0.529630 0.196875 0.529630 0.196354 0.528704 0.195833 0.528704 0.195312 0.527778 0.194271 0.527778 0.193750 0.526852 0.189062 0.526852 0.188542 0.527778 0.187500 0.527778 0.186979 0.528704 0.186458 0.528704 0.185938 0.529630 0.185417 0.529630 0.184375 0.531481 0.183854 0.531481 0.182812 0.533333 0.182292 0.533333 0.180729 0.536111 0.180208 0.536111 0.178125 0.539815 0.177604 0.539815 0.173437 0.547222 0.172917 0.547222 0.144271 0.598148 0.143750 0.598148 0.142708 0.600000 0.140104 0.600000 0.137500 0.595370 0.137500 0.590741 0.140625 0.585185 0.140625 0.584259 0.144271 0.577778 0.144271 0.576852 0.147917 0.570370 0.147917 0.569444 0.151562 0.562963 0.151562 0.562037 0.155208 0.555556 0.155208 0.554630 0.158854 0.548148 0.158854 0.547222 0.162500 0.540741 0.162500 0.539815 0.166146 0.533333 0.166146 0.532407 0.169792 0.525926 0.169792 0.525000 0.173958 0.517593
0 0.134115 0.502315 0.132812 0.182407 0.198958 0.411111 0.192188 0.423148 0.192188 0.424074 0.181250 0.443519 0.181250 0.444444 0.166667 0.470370 0.166667 0.471296 0.150000 0.500926 0.150000 0.501852 0.134375 0.529630 0.133854 0.529630 0.133333 0.530556 0.132292 0.530556 0.131771 0.531481 0.131250 0.530556 0.130208 0.530556 0.128646 0.527778 0.128125 0.527778 0.125521 0.523148 0.125000 0.523148 0.120833 0.515741 0.120313 0.515741 0.115625 0.507407 0.112500 0.507407 0.111979 0.506481 0.111458 0.506481 0.109896 0.503704 0.109375 0.503704 0.106771 0.499074 0.106250 0.499074 0.101562 0.490741 0.101042 0.490741 0.096354 0.482407 0.095833 0.482407 0.090625 0.473148 0.090104 0.473148 0.085417 0.464815 0.082292 0.470370 0.081771 0.470370 0.078646 0.475926 0.078125 0.475926 0.074479 0.482407 0.073958 0.482407 0.070312 0.488889 0.069792 0.488889 0.068229 0.491667 0.068229 0.492593 0.067708 0.493519 0.067708 0.497222 0.069271 0.500000 0.069271 0.500926 0.071875 0.505556 0.072396 0.505556 0.077604 0.514815 0.078125 0.514815 0.082292 0.522222 0.082812 0.522222 0.087500 0.530556 0.088021 0.530556 0.092708 0.538889 0.093229 0.538889 0.097396 0.546296 0.097917 0.546296 0.102604 0.554630 0.103125 0.554630 0.107813 0.562963 0.108333 0.562963 0.112500 0.570370 0.113021 0.570370 0.117708 0.578704 0.118229 0.578704 0.122396 0.586111 0.122917 0.586111 0.125521 0.590741 0.126042 0.590741 0.127083 0.592593 0.127604 0.592593 0.128125 0.593519 0.130208 0.593519 0.130729 0.592593 0.131250 0.592593 0.158854 0.543519 0.158854 0.542593 0.178646 0.507407 0.178646 0.506481 0.182292 0.500000 0.182292 0.499074 0.185938 0.492593 0.185938 0.491667 0.189583 0.485185 0.189583 0.484259 0.193229 0.477778 0.193229 0.476852 0.194271 0.475000 0.194271 0.474074 0.193229 0.474074 0.192708 0.473148 0.191667 0.473148 0.191146 0.472222 0.187500 0.472222 0.186979 0.473148 0.185938 0.473148 0.185417 0.474074 0.184896 0.474074 0.184375 0.475000 0.183854 0.475000 0.182812 0.476852 0.182292 0.476852 0.181250 0.478704 0.180729 0.478704 0.179167 0.481481 0.178646 0.481481 0.176042 0.486111 0.175521 0.486111 0.170313 0.495370 0.169792 0.495370 0.140625 0.547222 0.138021 0.547222 0.136979 0.545370 0.136458 0.545370 0.135417 0.543519 0.135417 0.542593 0.134896 0.541667 0.134896 0.537037 0.136458 0.534259 0.136458 0.533333 0.142708 0.522222 0.142708 0.521296 0.151562 0.505556 0.151562 0.504630 0.160938 0.487963 0.160938 0.487037 0.169792 0.471296 0.169792 0.470370 0.178646 0.454630 0.178646 0.453704 0.187500 0.437963 0.187500 0.437037 0.196875 0.420370 0.196875 0.419444 0.200521 0.412963 0.200000 0.412037 0.199479 0.412037
0 0.157031 0.460185 0.082812 0.140741 0.183333 0.389815 0.167708 0.417593 0.167187 0.417593 0.147396 0.452778 0.146875 0.452778 0.127083 0.487963 0.126562 0.487963 0.116146 0.506481 0.115625 0.506481 0.120313 0.514815 0.120833 0.514815 0.125000 0.522222 0.125521 0.522222 0.128125 0.526852 0.128646 0.526852 0.130208 0.529630 0.131250 0.529630 0.131771 0.530556 0.132292 0.529630 0.133333 0.529630 0.133854 0.528704 0.134375 0.528704 0.149479 0.501852 0.149479 0.500926 0.166146 0.471296 0.166146 0.470370 0.180729 0.444444 0.180729 0.443519 0.191667 0.424074 0.191667 0.423148 0.198437 0.411111 0.197917 0.410185 0.197396 0.410185 0.196875 0.409259 0.196354 0.409259 0.195833 0.408333 0.193750 0.408333 0.193229 0.407407 0.192188 0.407407 0.191667 0.408333 0.190104 0.408333 0.189583 0.409259 0.188542 0.409259 0.188021 0.410185 0.187500 0.410185 0.186458 0.412037 0.185938 0.412037 0.184896 0.413889 0.184375 0.413889 0.182812 0.416667 0.182292 0.416667 0.179167 0.422222 0.178646 0.422222 0.144792 0.482407 0.144271 0.482407 0.143750 0.483333 0.142187 0.483333 0.141667 0.482407 0.141146 0.482407 0.139063 0.478704 0.139063 0.477778 0.138542 0.476852 0.138542 0.473148 0.139583 0.471296 0.139583 0.470370 0.143750 0.462963 0.143750 0.462037 0.156771 0.438889 0.156771 0.437963 0.169792 0.414815 0.169792 0.413889
0 0.128125 0.426389 0.152083 0.160185 0.192708 0.346296 0.192188 0.347222 0.191667 0.347222 0.186458 0.356481 0.185938 0.356481 0.178646 0.369444 0.178125 0.369444 0.170833 0.382407 0.170313 0.382407 0.163021 0.395370 0.162500 0.395370 0.155729 0.407407 0.155208 0.407407 0.147917 0.420370 0.147396 0.420370 0.146354 0.422222 0.144792 0.422222 0.144271 0.421296 0.143750 0.421296 0.141667 0.417593 0.141667 0.416667 0.141146 0.415741 0.141146 0.412037 0.141667 0.411111 0.141667 0.410185 0.144792 0.404630 0.140104 0.412963 0.139583 0.412963 0.134896 0.421296 0.134375 0.421296 0.129167 0.430556 0.128646 0.430556 0.123438 0.439815 0.122917 0.439815 0.118229 0.448148 0.117708 0.448148 0.112500 0.457407 0.111979 0.457407 0.106771 0.466667 0.106250 0.466667 0.104167 0.470370 0.103646 0.470370 0.103125 0.471296 0.102083 0.471296 0.101562 0.470370 0.100521 0.470370 0.099479 0.468519 0.098958 0.468519 0.096354 0.463889 0.095833 0.463889 0.091667 0.456481 0.091146 0.456481 0.085938 0.447222 0.085417 0.447222 0.080729 0.438889 0.080208 0.438889 0.075521 0.430556 0.075000 0.430556 0.069792 0.421296 0.069271 0.421296 0.064583 0.412963 0.064062 0.412963 0.059375 0.404630 0.058854 0.404630 0.056250 0.400000 0.055729 0.400000 0.055208 0.400926 0.054688 0.400926 0.052083 0.405556 0.052083 0.409259 0.053125 0.411111 0.053125 0.412037 0.057813 0.420370 0.058333 0.420370 0.063542 0.429630 0.064062 0.429630 0.068750 0.437963 0.069271 0.437963 0.073958 0.446296 0.074479 0.446296 0.079687 0.455556 0.080208 0.455556 0.084896 0.463889 0.085417 0.463889 0.090104 0.472222 0.090625 0.472222 0.095833 0.481481 0.096354 0.481481 0.101042 0.489815 0.101562 0.489815 0.106250 0.498148 0.106771 0.498148 0.109375 0.502778 0.109896 0.502778 0.111458 0.505556 0.111979 0.505556 0.112500 0.506481 0.115104 0.506481 0.115625 0.505556 0.116146 0.505556 0.126562 0.487037 0.127083 0.487037 0.146875 0.451852 0.147396 0.451852 0.167187 0.416667 0.167708 0.416667 0.187500 0.381481 0.188021 0.381481 0.204167 0.352778 0.203646 0.352778 0.202604 0.350926 0.202083 0.350926 0.201042 0.349074 0.200521 0.349074 0.200000 0.348148 0.199479 0.348148 0.198958 0.347222 0.197917 0.347222 0.197396 0.346296
0 0.137500 0.355093 0.194792 0.230556 0.143750 0.239815 0.143229 0.240741 0.142708 0.240741 0.142187 0.241667 0.141667 0.241667 0.140625 0.243519 0.140104 0.243519 0.138542 0.246296 0.138021 0.246296 0.136979 0.248148 0.136458 0.248148 0.135417 0.250000 0.134896 0.250000 0.133854 0.251852 0.133333 0.251852 0.131771 0.254630 0.131250 0.254630 0.130208 0.256481 0.129688 0.256481 0.128646 0.258333 0.128125 0.258333 0.127083 0.260185 0.126562 0.260185 0.125521 0.262037 0.125000 0.262037 0.123438 0.264815 0.122917 0.264815 0.121875 0.266667 0.121354 0.266667 0.120313 0.268519 0.119792 0.268519 0.118750 0.270370 0.118229 0.270370 0.117188 0.272222 0.116667 0.272222 0.115104 0.275000 0.114583 0.275000 0.113542 0.276852 0.113021 0.276852 0.111979 0.278704 0.111458 0.278704 0.110417 0.280556 0.109896 0.280556 0.108333 0.283333 0.107813 0.283333 0.106771 0.285185 0.106250 0.285185 0.105208 0.287037 0.104688 0.287037 0.103646 0.288889 0.103125 0.288889 0.102083 0.290741 0.101562 0.290741 0.100000 0.293519 0.099479 0.293519 0.098437 0.295370 0.097917 0.295370 0.096875 0.297222 0.096354 0.297222 0.095312 0.299074 0.094792 0.299074 0.093750 0.300926 0.093229 0.300926 0.091667 0.303704 0.091146 0.303704 0.090104 0.305556 0.089583 0.305556 0.088542 0.307407 0.088021 0.307407 0.086979 0.309259 0.086458 0.309259 0.084896 0.312037 0.084375 0.312037 0.083333 0.313889 0.082812 0.313889 0.081771 0.315741 0.081250 0.315741 0.080208 0.317593 0.079687 0.317593 0.078646 0.319444 0.078125 0.319444 0.076563 0.322222 0.076042 0.322222 0.075000 0.324074 0.074479 0.324074 0.073438 0.325926 0.072917 0.325926 0.071875 0.327778 0.071354 0.327778 0.070312 0.329630 0.069792 0.329630 0.068229 0.332407 0.067708 0.332407 0.066667 0.334259 0.066146 0.334259 0.065104 0.336111 0.064583 0.336111 0.063542 0.337963 0.063021 0.337963 0.061458 0.340741 0.060937 0.340741 0.059896 0.342593 0.059375 0.342593 0.058333 0.344444 0.057813 0.344444 0.056771 0.346296 0.056250 0.346296 0.055208 0.348148 0.054688 0.348148 0.053125 0.350926 0.052604 0.350926 0.051562 0.352778 0.051042 0.352778 0.050000 0.354630 0.049479 0.354630 0.048438 0.356481 0.047917 0.356481 0.046875 0.358333 0.046354 0.358333 0.044792 0.361111 0.044271 0.361111 0.043229 0.362963 0.042708 0.362963 0.041667 0.364815 0.041146 0.364815 0.040625 0.365741 0.040625 0.366667 0.040104 0.367593 0.040104 0.371296 0.040625 0.372222 0.040625 0.373148 0.047917 0.386111 0.048438 0.386111 0.053125 0.394444 0.053646 0.394444 0.058854 0.403704 0.059375 0.403704 0.064062 0.412037 0.064583 0.412037 0.069271 0.420370 0.069792 0.420370 0.075000 0.429630 0.075521 0.429630 0.080208 0.437963 0.080729 0.437963 0.085417 0.446296 0.085938 0.446296 0.091146 0.455556 0.091667 0.455556 0.095833 0.462963 0.096354 0.462963 0.098958 0.467593 0.099479 0.467593 0.100521 0.469444 0.101562 0.469444 0.102083 0.470370 0.103125 0.470370 0.103646 0.469444 0.104167 0.469444 0.106250 0.465741 0.106771 0.465741 0.111979 0.456481 0.112500 0.456481 0.117708 0.447222 0.118229 0.447222 0.122917 0.438889 0.123438 0.438889 0.128646 0.429630 0.129167 0.429630 0.134375 0.420370 0.134896 0.420370 0.139583 0.412037 0.140104 0.412037 0.153646 0.387963 0.153646 0.387037 0.164062 0.368519 0.164062 0.367593 0.175000 0.348148 0.175000 0.347222 0.186458 0.326852 0.186458 0.325926 0.189062 0.321296 0.189583 0.321296 0.194271 0.312963 0.194792 0.312963 0.196875 0.309259 0.196875 0.308333 0.197396 0.307407 0.197396 0.306481 0.199479 0.302778 0.200000 0.302778 0.204167 0.295370 0.204687 0.295370 0.208333 0.288889 0.208854 0.288889 0.213021 0.281481 0.213542 0.281481 0.217708 0.274074 0.218229 0.274074 0.222396 0.266667 0.222917 0.266667 0.227083 0.259259 0.227604 0.259259 0.231771 0.251852 0.232292 0.251852 0.234896 0.247222 0.234896 0.244444 0.232813 0.240741 0.230729 0.240741 0.229167 0.243519 0.228646 0.243519 0.225521 0.249074 0.225000 0.249074 0.221354 0.255556 0.220833 0.255556 0.217708 0.261111 0.217188 0.261111 0.214062 0.266667 0.213542 0.266667 0.209896 0.273148 0.209375 0.273148 0.206250 0.278704 0.205729 0.278704 0.202083 0.285185 0.201563 0.285185 0.198437 0.290741 0.197917 0.290741 0.194792 0.296296 0.194271 0.296296 0.190625 0.302778 0.190104 0.302778 0.189583 0.303704 0.188542 0.303704 0.188021 0.302778 0.186979 0.302778 0.186458 0.301852 0.185938 0.301852 0.185417 0.300926 0.184896 0.300926 0.183854 0.299074 0.183333 0.299074 0.181771 0.296296 0.181250 0.296296 0.179167 0.292593 0.178646 0.292593 0.176563 0.288889 0.176042 0.288889 0.172917 0.283333 0.172396 0.283333 0.167708 0.275000 0.167187 0.275000 0.161979 0.265741 0.161458 0.265741 0.154688 0.253704 0.154167 0.253704 0.148958 0.244444 0.148438 0.244444 0.146875 0.241667 0.146354 0.241667 0.145833 0.240741 0.145313 0.240741 0.144792 0.239815
0 0.279687 0.301852 0.164583 0.218519 0.270313 0.192593 0.268750 0.195370 0.268229 0.195370 0.264062 0.202778 0.263542 0.202778 0.259896 0.209259 0.259375 0.209259 0.255208 0.216667 0.254688 0.216667 0.250521 0.224074 0.250000 0.224074 0.245833 0.231481 0.245312 0.231481 0.241146 0.238889 0.240625 0.238889 0.236458 0.246296 0.235937 0.246296 0.232292 0.252778 0.231771 0.252778 0.227604 0.260185 0.227083 0.260185 0.222917 0.267593 0.222396 0.267593 0.218229 0.275000 0.217708 0.275000 0.213542 0.282407 0.213021 0.282407 0.208854 0.289815 0.208333 0.289815 0.204687 0.296296 0.204167 0.296296 0.200000 0.303704 0.199479 0.303704 0.197917 0.306481 0.197917 0.307407 0.197396 0.308333 0.197396 0.311111 0.197917 0.312037 0.197917 0.312963 0.198437 0.313889 0.198437 0.314815 0.205729 0.327778 0.206250 0.327778 0.214062 0.341667 0.214583 0.341667 0.222396 0.355556 0.222917 0.355556 0.230208 0.368519 0.230729 0.368519 0.238542 0.382407 0.239063 0.382407 0.246875 0.396296 0.247396 0.396296 0.252604 0.405556 0.253125 0.405556 0.255208 0.409259 0.255729 0.409259 0.256250 0.410185 0.256771 0.410185 0.257292 0.411111 0.258333 0.411111 0.258854 0.410185 0.259375 0.410185 0.259896 0.409259 0.260417 0.409259 0.297396 0.343519 0.297396 0.342593 0.310937 0.318519 0.310937 0.317593 0.312500 0.314815 0.312500 0.313889 0.314583 0.310185 0.314583 0.309259 0.316146 0.306481 0.316146 0.305556 0.318229 0.301852 0.318229 0.300926 0.319792 0.298148 0.319792 0.297222 0.321354 0.294444 0.321354 0.293519 0.323437 0.289815 0.323437 0.288889 0.325000 0.286111 0.325000 0.285185 0.327083 0.281481 0.327083 0.280556 0.328646 0.277778 0.328646 0.276852 0.330729 0.273148 0.330729 0.272222 0.332292 0.269444 0.332292 0.268519 0.333854 0.265741 0.333854 0.264815 0.335938 0.261111 0.335938 0.260185 0.337500 0.257407 0.337500 0.256481 0.339583 0.252778 0.339583 0.251852 0.341146 0.249074 0.341146 0.248148 0.342708 0.245370 0.342708 0.244444 0.344792 0.240741 0.344792 0.239815 0.346354 0.237037 0.346354 0.236111 0.348438 0.232407 0.348438 0.231481 0.350000 0.228704 0.350000 0.227778 0.352083 0.224074 0.352083 0.223148 0.353646 0.220370 0.353646 0.219444 0.355208 0.216667 0.355208 0.215741 0.357292 0.212037 0.357292 0.211111 0.358854 0.208333 0.358854 0.207407 0.360938 0.203704 0.360938 0.202778 0.361979 0.200926 0.361979 0.196296 0.360417 0.193519 0.359896 0.193519 0.359375 0.192593 0.358854 0.192593 0.358333 0.193519 0.357812 0.193519 0.334375 0.235185 0.333854 0.235185 0.328125 0.245370 0.327604 0.245370 0.325000 0.250000 0.324479 0.250000 0.322917 0.252778 0.322396 0.252778 0.321875 0.253704 0.321354 0.253704 0.320833 0.254630 0.320312 0.254630 0.319792 0.255556 0.319271 0.255556 0.318750 0.256481 0.314583 0.256481 0.314063 0.255556 0.313542 0.255556 0.313021 0.254630 0.312500 0.254630 0.311979 0.253704 0.311458 0.253704 0.310417 0.251852 0.309896 0.251852 0.308854 0.250000 0.308333 0.250000 0.306250 0.246296 0.305729 0.246296 0.303125 0.241667 0.302604 0.241667 0.298438 0.234259 0.297917 0.234259 0.291146 0.222222 0.290625 0.222222 0.279687 0.202778 0.279167 0.202778 0.274479 0.194444 0.273958 0.194444 0.273438 0.193519 0.272917 0.193519 0.272396 0.192593
0 0.390625 0.311574 0.142708 0.219444 0.369792 0.201852 0.369271 0.202778 0.368750 0.202778 0.368750 0.203704 0.366667 0.207407 0.366667 0.208333 0.365104 0.211111 0.365104 0.212037 0.363542 0.214815 0.363542 0.215741 0.361458 0.219444 0.361458 0.220370 0.359896 0.223148 0.359896 0.224074 0.358333 0.226852 0.358333 0.227778 0.356771 0.230556 0.356771 0.231481 0.354687 0.235185 0.354687 0.236111 0.353125 0.238889 0.353125 0.239815 0.351562 0.242593 0.351562 0.243519 0.349479 0.247222 0.349479 0.248148 0.347917 0.250926 0.347917 0.251852 0.346354 0.254630 0.346354 0.255556 0.344271 0.259259 0.344271 0.260185 0.342708 0.262963 0.342708 0.263889 0.341146 0.266667 0.341146 0.267593 0.339583 0.270370 0.339583 0.271296 0.337500 0.275000 0.337500 0.275926 0.335938 0.278704 0.335938 0.279630 0.334375 0.282407 0.334375 0.283333 0.332292 0.287037 0.332292 0.287963 0.330729 0.290741 0.330729 0.291667 0.329167 0.294444 0.329167 0.295370 0.327604 0.298148 0.327604 0.299074 0.325521 0.302778 0.325521 0.303704 0.323958 0.306481 0.323958 0.307407 0.322396 0.310185 0.322396 0.311111 0.320312 0.314815 0.320312 0.315741 0.319271 0.317593 0.319271 0.323148 0.320312 0.325000 0.320312 0.325926 0.329688 0.342593 0.330208 0.342593 0.342187 0.363889 0.342708 0.363889 0.354167 0.384259 0.354687 0.384259 0.366667 0.405556 0.367188 0.405556 0.373958 0.417593 0.374479 0.417593 0.376042 0.420370 0.376563 0.420370 0.377083 0.421296 0.379688 0.421296 0.380208 0.420370 0.380729 0.420370 0.382292 0.417593 0.382812 0.417593 0.397917 0.390741 0.398438 0.390741 0.423438 0.346296 0.423958 0.346296 0.432812 0.330556 0.432812 0.329630 0.434375 0.326852 0.434375 0.325926 0.434896 0.325000 0.434896 0.324074 0.435417 0.323148 0.435417 0.322222 0.435937 0.321296 0.435937 0.319444 0.436458 0.318519 0.436458 0.317593 0.436979 0.316667 0.436979 0.315741 0.437500 0.314815 0.437500 0.312963 0.438021 0.312037 0.438021 0.311111 0.438542 0.310185 0.438542 0.308333 0.439063 0.307407 0.439063 0.306481 0.439583 0.305556 0.439583 0.304630 0.440104 0.303704 0.440104 0.301852 0.440625 0.300926 0.440625 0.300000 0.441146 0.299074 0.441146 0.297222 0.441667 0.296296 0.441667 0.295370 0.442188 0.294444 0.442188 0.293519 0.442708 0.292593 0.442708 0.290741 0.443229 0.289815 0.443229 0.288889 0.443750 0.287963 0.443750 0.286111 0.444271 0.285185 0.444271 0.284259 0.444792 0.283333 0.444792 0.282407 0.445312 0.281481 0.445312 0.279630 0.445833 0.278704 0.445833 0.277778 0.446354 0.276852 0.446354 0.275000 0.446875 0.274074 0.446875 0.273148 0.447396 0.272222 0.447396 0.271296 0.447917 0.270370 0.447917 0.268519 0.448437 0.267593 0.448437 0.266667 0.448958 0.265741 0.448958 0.263889 0.449479 0.262963 0.449479 0.262037 0.450000 0.261111 0.450000 0.260185 0.450521 0.259259 0.450521 0.257407 0.451042 0.256481 0.451042 0.255556 0.451562 0.254630 0.451562 0.252778 0.452083 0.251852 0.452083 0.250926 0.452604 0.250000 0.452604 0.249074 0.453125 0.248148 0.453125 0.246296 0.453646 0.245370 0.453646 0.244444 0.454167 0.243519 0.454167 0.241667 0.454688 0.240741 0.454688 0.239815 0.455208 0.238889 0.455208 0.237963 0.455729 0.237037 0.455729 0.235185 0.456250 0.234259 0.456250 0.233333 0.456771 0.232407 0.456771 0.230556 0.457292 0.229630 0.457292 0.228704 0.457813 0.227778 0.457813 0.226852 0.458333 0.225926 0.458333 0.224074 0.458854 0.223148 0.458854 0.222222 0.459375 0.221296 0.459375 0.219444 0.459896 0.218519 0.459896 0.217593 0.460417 0.216667 0.460417 0.215741 0.460938 0.214815 0.460938 0.212963 0.461458 0.212037 0.461458 0.211111 0.461979 0.210185 0.461979 0.205556 0.460417 0.202778 0.459896 0.202778 0.459375 0.201852 0.458854 0.201852 0.458333 0.202778 0.457813 0.202778 0.454167 0.209259 0.453646 0.209259 0.434896 0.242593 0.434375 0.242593 0.429167 0.251852 0.428646 0.251852 0.426042 0.256481 0.425521 0.256481 0.423438 0.260185 0.422917 0.260185 0.421875 0.262037 0.421354 0.262037 0.420312 0.263889 0.419792 0.263889 0.419271 0.264815 0.418229 0.264815 0.417708 0.265741 0.416146 0.265741 0.415625 0.266667 0.415104 0.265741 0.413021 0.265741 0.412500 0.264815 0.411979 0.264815 0.411458 0.263889 0.410938 0.263889 0.409896 0.262037 0.409375 0.262037 0.408333 0.260185 0.407813 0.260185 0.405729 0.256481 0.405208 0.256481 0.402604 0.251852 0.402083 0.251852 0.397396 0.243519 0.396875 0.243519 0.387500 0.226852 0.386979 0.226852 0.374479 0.204630 0.373958 0.204630 0.372917 0.202778 0.372396 0.202778 0.371875 0.201852
0 0.501042 0.320370 0.121875 0.225926 0.468229 0.207407 0.466667 0.210185 0.466667 0.211111 0.466146 0.212037 0.466146 0.213889 0.465625 0.214815 0.465625 0.215741 0.465104 0.216667 0.465104 0.218519 0.464583 0.219444 0.464583 0.220370 0.464062 0.221296 0.464062 0.223148 0.463542 0.224074 0.463542 0.225000 0.463021 0.225926 0.463021 0.227778 0.462500 0.228704 0.462500 0.229630 0.461979 0.230556 0.461979 0.232407 0.461458 0.233333 0.461458 0.234259 0.460938 0.235185 0.460938 0.237037 0.460417 0.237963 0.460417 0.238889 0.459896 0.239815 0.459896 0.241667 0.459375 0.242593 0.459375 0.243519 0.458854 0.244444 0.458854 0.246296 0.458333 0.247222 0.458333 0.248148 0.457813 0.249074 0.457813 0.250926 0.457292 0.251852 0.457292 0.252778 0.456771 0.253704 0.456771 0.255556 0.456250 0.256481 0.456250 0.257407 0.455729 0.258333 0.455729 0.260185 0.455208 0.261111 0.455208 0.262037 0.454688 0.262963 0.454688 0.264815 0.454167 0.265741 0.454167 0.266667 0.453646 0.267593 0.453646 0.269444 0.453125 0.270370 0.453125 0.271296 0.452604 0.272222 0.452604 0.274074 0.452083 0.275000 0.452083 0.275926 0.451562 0.276852 0.451562 0.278704 0.451042 0.279630 0.451042 0.280556 0.450521 0.281481 0.450521 0.283333 0.450000 0.284259 0.450000 0.285185 0.449479 0.286111 0.449479 0.287963 0.448958 0.288889 0.448958 0.290741 0.448437 0.291667 0.448437 0.292593 0.447917 0.293519 0.447917 0.295370 0.447396 0.296296 0.447396 0.297222 0.446875 0.298148 0.446875 0.300000 0.446354 0.300926 0.446354 0.301852 0.445833 0.302778 0.445833 0.304630 0.445312 0.305556 0.445312 0.306481 0.444792 0.307407 0.444792 0.309259 0.444271 0.310185 0.444271 0.311111 0.443750 0.312037 0.443750 0.313889 0.443229 0.314815 0.443229 0.315741 0.442708 0.316667 0.442708 0.318519 0.442188 0.319444 0.442188 0.320370 0.441667 0.321296 0.441667 0.323148 0.441146 0.324074 0.441146 0.325000 0.440625 0.325926 0.440625 0.327778 0.440104 0.328704 0.440104 0.332407 0.440625 0.333333 0.440625 0.334259 0.441667 0.336111 0.441667 0.337037 0.457813 0.365741 0.458333 0.365741 0.480208 0.404630 0.480729 0.404630 0.494271 0.428704 0.494792 0.428704 0.496875 0.432407 0.497396 0.432407 0.497917 0.433333 0.500521 0.433333 0.501563 0.431481 0.502083 0.431481 0.504687 0.426852 0.505208 0.426852 0.513021 0.412963 0.513542 0.412963 0.522917 0.396296 0.523438 0.396296 0.532813 0.379630 0.533333 0.379630 0.542708 0.362963 0.543229 0.362963 0.553646 0.344444 0.554167 0.344444 0.555208 0.342593 0.555208 0.341667 0.557813 0.337037 0.557813 0.336111 0.558333 0.335185 0.558333 0.330556 0.558854 0.329630 0.558854 0.312963 0.559375 0.312037 0.559375 0.295370 0.559896 0.294444 0.559896 0.278704 0.560417 0.277778 0.560417 0.261111 0.560937 0.260185 0.560937 0.243519 0.561458 0.242593 0.561458 0.226852 0.561979 0.225926 0.561979 0.212037 0.559896 0.208333 0.558333 0.208333 0.557813 0.209259 0.557292 0.209259 0.553125 0.216667 0.552604 0.216667 0.540625 0.237963 0.540104 0.237963 0.533854 0.249074 0.533333 0.249074 0.529167 0.256481 0.528646 0.256481 0.525521 0.262037 0.525000 0.262037 0.522917 0.265741 0.522396 0.265741 0.521354 0.267593 0.520833 0.267593 0.519792 0.269444 0.519271 0.269444 0.518229 0.271296 0.517188 0.271296 0.516667 0.272222 0.515104 0.272222 0.514583 0.273148 0.513021 0.273148 0.512500 0.272222 0.511458 0.272222 0.510938 0.271296 0.509896 0.271296 0.508854 0.269444 0.508333 0.269444 0.507292 0.267593 0.506771 0.267593 0.505208 0.264815 0.504687 0.264815 0.502083 0.260185 0.501563 0.260185 0.496875 0.251852 0.496354 0.251852 0.476042 0.215741 0.475521 0.215741 0.471875 0.209259 0.471354 0.209259 0.470833 0.208333 0.470313 0.208333 0.469792 0.207407
0 0.624740 0.323611 0.121354 0.232407 0.569271 0.207407 0.568750 0.208333 0.568229 0.208333 0.567187 0.210185 0.567187 0.212037 0.566667 0.212963 0.566667 0.235185 0.566146 0.236111 0.566146 0.258333 0.565625 0.259259 0.565625 0.282407 0.565104 0.283333 0.565104 0.305556 0.564583 0.306481 0.564583 0.329630 0.564063 0.330556 0.564063 0.337037 0.564583 0.337963 0.564583 0.338889 0.565625 0.340741 0.565625 0.341667 0.619271 0.437037 0.619792 0.437037 0.620833 0.438889 0.621354 0.438889 0.621875 0.439815 0.624479 0.439815 0.625000 0.438889 0.625521 0.438889 0.627604 0.435185 0.628125 0.435185 0.631771 0.428704 0.632292 0.428704 0.637500 0.419444 0.638021 0.419444 0.643750 0.409259 0.644271 0.409259 0.650000 0.399074 0.650521 0.399074 0.656250 0.388889 0.656771 0.388889 0.662500 0.378704 0.663021 0.378704 0.668750 0.368519 0.669271 0.368519 0.675000 0.358333 0.675521 0.358333 0.684896 0.341667 0.684896 0.340741 0.685417 0.339815 0.685417 0.336111 0.684896 0.335185 0.684896 0.333333 0.684375 0.332407 0.684375 0.329630 0.683854 0.328704 0.683854 0.326852 0.683333 0.325926 0.683333 0.324074 0.682813 0.323148 0.682813 0.320370 0.682292 0.319444 0.682292 0.317593 0.681771 0.316667 0.681771 0.314815 0.681250 0.313889 0.681250 0.312037 0.680729 0.311111 0.680729 0.308333 0.680208 0.307407 0.680208 0.305556 0.679688 0.304630 0.679688 0.302778 0.679167 0.301852 0.679167 0.299074 0.678646 0.298148 0.678646 0.296296 0.678125 0.295370 0.678125 0.293519 0.677604 0.292593 0.677604 0.289815 0.677083 0.288889 0.677083 0.287037 0.676562 0.286111 0.676562 0.284259 0.676042 0.283333 0.676042 0.281481 0.675521 0.280556 0.675521 0.277778 0.675000 0.276852 0.675000 0.275000 0.674479 0.274074 0.674479 0.272222 0.673958 0.271296 0.673958 0.268519 0.673438 0.267593 0.673438 0.265741 0.672917 0.264815 0.672917 0.262963 0.672396 0.262037 0.672396 0.260185 0.671875 0.259259 0.671875 0.256481 0.671354 0.255556 0.671354 0.253704 0.670833 0.252778 0.670833 0.250926 0.670312 0.250000 0.670312 0.247222 0.669792 0.246296 0.669792 0.244444 0.669271 0.243519 0.669271 0.241667 0.668750 0.240741 0.668750 0.237963 0.668229 0.237037 0.668229 0.235185 0.667708 0.234259 0.667708 0.232407 0.667188 0.231481 0.667188 0.229630 0.666667 0.228704 0.666667 0.225926 0.666146 0.225000 0.666146 0.223148 0.665625 0.222222 0.665625 0.220370 0.665104 0.219444 0.665104 0.216667 0.664583 0.215741 0.664583 0.213889 0.664062 0.212963 0.664062 0.212037 0.663542 0.211111 0.663542 0.210185 0.663021 0.210185 0.661979 0.208333 0.660937 0.208333 0.660417 0.209259 0.659896 0.209259 0.658333 0.212037 0.657813 0.212037 0.651563 0.223148 0.651042 0.223148 0.643750 0.236111 0.643229 0.236111 0.638021 0.245370 0.637500 0.245370 0.633333 0.252778 0.632812 0.252778 0.629687 0.258333 0.629167 0.258333 0.626563 0.262963 0.626042 0.262963 0.623958 0.266667 0.623437 0.266667 0.622396 0.268519 0.621875 0.268519 0.620833 0.270370 0.620313 0.270370 0.619792 0.271296 0.619271 0.271296 0.618750 0.272222 0.618229 0.272222 0.617708 0.273148 0.617188 0.273148 0.616667 0.274074 0.612500 0.274074 0.611979 0.273148 0.611458 0.273148 0.610938 0.272222 0.610417 0.272222 0.609896 0.271296 0.609375 0.271296 0.608333 0.269444 0.607812 0.269444 0.606250 0.266667 0.605729 0.266667 0.603125 0.262037 0.602604 0.262037 0.597396 0.252778 0.596875 0.252778 0.572917 0.210185 0.572396 0.210185 0.571354 0.208333 0.570312 0.208333 0.569792 0.207407
0 0.286719 0.566204 0.071354 0.100926 0.316667 0.515741 0.316146 0.516667 0.315104 0.516667 0.314583 0.517593 0.314063 0.517593 0.313542 0.518519 0.313021 0.518519 0.312500 0.519444 0.311979 0.519444 0.310937 0.521296 0.310417 0.521296 0.308854 0.524074 0.308333 0.524074 0.306250 0.527778 0.305729 0.527778 0.302604 0.533333 0.302083 0.533333 0.297917 0.540741 0.297396 0.540741 0.289583 0.554630 0.289062 0.554630 0.271875 0.585185 0.271354 0.585185 0.269792 0.587963 0.269271 0.587963 0.268750 0.588889 0.267708 0.588889 0.267188 0.587963 0.266667 0.587963 0.264062 0.583333 0.264062 0.578704 0.265104 0.576852 0.265104 0.575926 0.266146 0.574074 0.266146 0.573148 0.266667 0.572222 0.266667 0.571296 0.267708 0.569444 0.267708 0.568519 0.268750 0.566667 0.268750 0.565741 0.269271 0.564815 0.266667 0.569444 0.266146 0.569444 0.261979 0.576852 0.261458 0.576852 0.260937 0.577778 0.260417 0.577778 0.259896 0.578704 0.258854 0.578704 0.257812 0.580556 0.257812 0.581481 0.257292 0.582407 0.257292 0.583333 0.256250 0.585185 0.256250 0.586111 0.255208 0.587963 0.255208 0.588889 0.254167 0.590741 0.254167 0.591667 0.253125 0.593519 0.253125 0.594444 0.252604 0.595370 0.252604 0.596296 0.251563 0.598148 0.251563 0.599074 0.251042 0.600000 0.252604 0.602778 0.253125 0.602778 0.258333 0.612037 0.258854 0.612037 0.261458 0.616667 0.268750 0.616667 0.269792 0.614815 0.270313 0.614815 0.283854 0.590741 0.284375 0.590741 0.303646 0.556481 0.304167 0.556481 0.317188 0.533333 0.317188 0.532407 0.318229 0.530556 0.318229 0.529630 0.318750 0.528704 0.318750 0.527778 0.319271 0.526852 0.319271 0.525926 0.320312 0.524074 0.320312 0.523148 0.320833 0.522222 0.320833 0.521296 0.321354 0.520370 0.321354 0.519444 0.321875 0.518519 0.321875 0.517593 0.322396 0.516667 0.321354 0.516667 0.320833 0.515741
0 0.380729 0.569907 0.109375 0.095370 0.327083 0.522222 0.326562 0.523148 0.326562 0.524074 0.326042 0.525000 0.326042 0.525926 0.326562 0.526852 0.326562 0.527778 0.327083 0.528704 0.327083 0.529630 0.336979 0.547222 0.337500 0.547222 0.345313 0.561111 0.345833 0.561111 0.353646 0.575000 0.354167 0.575000 0.361979 0.588889 0.362500 0.588889 0.370312 0.602778 0.370833 0.602778 0.377604 0.614815 0.378125 0.614815 0.379688 0.617593 0.387500 0.617593 0.393750 0.606481 0.394271 0.606481 0.404167 0.588889 0.404687 0.588889 0.414583 0.571296 0.415104 0.571296 0.425521 0.552778 0.426042 0.552778 0.435417 0.536111 0.434896 0.536111 0.434375 0.537037 0.433854 0.537037 0.433333 0.537963 0.432292 0.537963 0.431771 0.538889 0.431250 0.538889 0.430208 0.540741 0.429688 0.540741 0.428646 0.542593 0.428125 0.542593 0.427083 0.544444 0.426563 0.544444 0.425000 0.547222 0.424479 0.547222 0.422396 0.550926 0.421875 0.550926 0.418750 0.556481 0.418229 0.556481 0.414583 0.562963 0.414062 0.562963 0.409375 0.571296 0.408854 0.571296 0.402083 0.583333 0.401562 0.583333 0.392188 0.600000 0.391667 0.600000 0.386979 0.608333 0.386458 0.608333 0.385417 0.610185 0.383333 0.610185 0.382292 0.608333 0.381771 0.608333 0.380729 0.606481 0.380729 0.605556 0.380208 0.604630 0.380208 0.600000 0.380729 0.599074 0.380729 0.598148 0.381250 0.597222 0.381250 0.595370 0.381771 0.594444 0.381771 0.593519 0.382292 0.592593 0.382292 0.590741 0.382812 0.589815 0.382812 0.588889 0.383333 0.587963 0.383333 0.586111 0.383854 0.585185 0.383854 0.584259 0.384375 0.583333 0.384375 0.581481 0.384896 0.580556 0.384896 0.579630 0.385417 0.578704 0.385417 0.577778 0.384375 0.579630 0.383854 0.579630 0.382292 0.582407 0.381771 0.582407 0.381250 0.583333 0.380729 0.583333 0.380208 0.584259 0.379688 0.584259 0.379167 0.583333 0.378125 0.583333 0.377604 0.582407 0.377083 0.583333 0.377083 0.585185 0.376563 0.586111 0.376563 0.587037 0.375000 0.589815 0.374479 0.589815 0.373958 0.590741 0.372396 0.590741 0.371875 0.589815 0.370833 0.589815 0.369792 0.587963 0.369271 0.587963 0.366146 0.582407 0.365625 0.582407 0.359375 0.571296 0.358854 0.571296 0.351562 0.558333 0.351042 0.558333 0.345833 0.549074 0.345313 0.549074 0.341146 0.541667 0.340625 0.541667 0.336979 0.535185 0.336458 0.535185 0.333854 0.530556 0.333333 0.530556 0.331250 0.526852 0.330729 0.526852 0.329167 0.524074 0.328646 0.524074 0.327604 0.522222
0 0.505729 0.578241 0.103125 0.093519 0.557292 0.531481 0.556771 0.532407 0.556250 0.532407 0.555729 0.533333 0.555208 0.533333 0.554688 0.534259 0.554167 0.534259 0.553646 0.535185 0.553125 0.535185 0.552083 0.537037 0.551562 0.537037 0.550000 0.539815 0.549479 0.539815 0.547917 0.542593 0.547396 0.542593 0.545312 0.546296 0.544792 0.546296 0.542708 0.550000 0.542188 0.550000 0.539062 0.555556 0.538542 0.555556 0.534896 0.562037 0.534375 0.562037 0.530729 0.568519 0.530208 0.568519 0.525000 0.577778 0.524479 0.577778 0.519271 0.587037 0.518750 0.587037 0.513021 0.597222 0.512500 0.597222 0.509896 0.601852 0.509375 0.601852 0.508333 0.603704 0.506250 0.603704 0.505729 0.602778 0.505208 0.602778 0.503646 0.600000 0.503646 0.599074 0.503125 0.598148 0.501563 0.600926 0.501042 0.600926 0.500000 0.602778 0.499479 0.602778 0.498958 0.603704 0.497396 0.603704 0.496875 0.602778 0.495833 0.602778 0.495833 0.607407 0.495312 0.608333 0.495312 0.609259 0.493750 0.612037 0.493229 0.612037 0.492708 0.612963 0.491146 0.612963 0.490625 0.612037 0.490104 0.612037 0.489583 0.611111 0.489063 0.611111 0.488021 0.609259 0.487500 0.609259 0.482292 0.600000 0.481771 0.600000 0.471354 0.581481 0.470833 0.581481 0.463542 0.568519 0.463021 0.568519 0.457813 0.559259 0.468229 0.577778 0.468750 0.577778 0.480208 0.598148 0.480729 0.598148 0.492188 0.618519 0.492708 0.618519 0.496354 0.625000 0.504687 0.625000 0.506771 0.621296 0.507292 0.621296 0.513021 0.611111 0.513542 0.611111 0.519271 0.600926 0.519792 0.600926 0.526042 0.589815 0.526563 0.589815 0.532292 0.579630 0.532813 0.579630 0.539062 0.568519 0.539583 0.568519 0.545833 0.557407 0.546354 0.557407 0.552604 0.546296 0.553125 0.546296 0.555729 0.541667 0.555729 0.540741 0.556771 0.538889 0.556771 0.537963 0.557292 0.537037
0 0.620573 0.578241 0.116146 0.121296 0.675521 0.517593 0.674479 0.519444 0.673958 0.519444 0.672917 0.521296 0.672396 0.521296 0.670833 0.524074 0.670312 0.524074 0.668750 0.526852 0.668229 0.526852 0.666146 0.530556 0.665625 0.530556 0.663542 0.534259 0.663021 0.534259 0.660417 0.538889 0.659896 0.538889 0.656250 0.545370 0.655729 0.545370 0.651042 0.553704 0.650521 0.553704 0.646354 0.561111 0.645833 0.561111 0.641667 0.568519 0.641146 0.568519 0.636458 0.576852 0.635938 0.576852 0.631771 0.584259 0.631250 0.584259 0.627083 0.591667 0.626563 0.591667 0.623958 0.596296 0.623437 0.596296 0.622396 0.598148 0.621875 0.598148 0.621354 0.599074 0.619271 0.599074 0.618750 0.598148 0.618750 0.600926 0.618229 0.601852 0.618229 0.602778 0.616667 0.605556 0.616146 0.605556 0.615625 0.606481 0.613542 0.606481 0.613021 0.605556 0.612500 0.605556 0.611458 0.603704 0.610938 0.603704 0.607812 0.598148 0.607292 0.598148 0.590625 0.568519 0.590104 0.568519 0.582292 0.554630 0.581771 0.554630 0.577604 0.547222 0.577083 0.547222 0.574479 0.542593 0.573958 0.542593 0.571875 0.538889 0.571354 0.538889 0.569792 0.536111 0.569271 0.536111 0.568229 0.534259 0.567708 0.534259 0.567187 0.533333 0.566667 0.533333 0.566146 0.532407 0.565625 0.532407 0.565104 0.531481 0.564583 0.531481 0.564063 0.530556 0.563021 0.530556 0.563021 0.539815 0.562500 0.540741 0.563021 0.541667 0.563021 0.543519 0.563542 0.544444 0.563542 0.545370 0.589063 0.590741 0.589583 0.590741 0.609375 0.625926 0.609896 0.625926 0.615625 0.636111 0.616146 0.636111 0.617188 0.637963 0.617708 0.637963 0.618229 0.638889 0.619792 0.638889 0.620313 0.637963 0.620833 0.637963 0.621875 0.636111 0.622396 0.636111 0.624479 0.632407 0.625000 0.632407 0.628646 0.625926 0.629167 0.625926 0.633333 0.618519 0.633854 0.618519 0.637500 0.612037 0.638021 0.612037 0.642188 0.604630 0.642708 0.604630 0.646875 0.597222 0.647396 0.597222 0.651563 0.589815 0.652083 0.589815 0.656250 0.582407 0.656771 0.582407 0.660937 0.575000 0.661458 0.575000 0.665625 0.567593 0.666146 0.567593 0.670312 0.560185 0.670833 0.560185 0.678125 0.547222 0.678125 0.546296 0.678646 0.545370 0.678646 0.544444 0.678125 0.543519 0.678125 0.539815 0.677604 0.538889 0.677604 0.535185 0.677083 0.534259 0.677083 0.531481 0.676562 0.530556 0.676562 0.526852 0.676042 0.525926 0.676042 0.522222 0.675521 0.521296
0 0.721615 0.575926 0.073438 0.125926 0.684896 0.512963 0.685417 0.513889 0.685417 0.517593 0.685937 0.518519 0.685937 0.521296 0.686458 0.522222 0.686458 0.525000 0.686979 0.525926 0.686979 0.528704 0.687500 0.529630 0.687500 0.532407 0.688021 0.533333 0.688021 0.537037 0.688542 0.537963 0.688542 0.540741 0.689063 0.541667 0.689063 0.544444 0.689583 0.545370 0.689583 0.547222 0.691146 0.550000 0.691146 0.550926 0.740104 0.637963 0.741667 0.637963 0.742188 0.638889 0.747917 0.638889 0.749479 0.636111 0.750000 0.636111 0.752604 0.631481 0.753125 0.631481 0.756250 0.625926 0.756771 0.625926 0.758333 0.623148 0.757812 0.623148 0.757292 0.622222 0.756771 0.622222 0.755208 0.619444 0.754687 0.619444 0.736979 0.587963 0.733333 0.587963 0.732292 0.586111 0.731771 0.586111 0.716667 0.559259 0.716146 0.559259 0.702604 0.535185 0.702083 0.535185 0.697917 0.527778 0.697396 0.527778 0.694792 0.523148 0.694271 0.523148 0.692187 0.519444 0.691667 0.519444 0.690625 0.517593 0.690104 0.517593 0.689063 0.515741 0.688542 0.515741 0.688021 0.514815 0.687500 0.514815 0.686979 0.513889 0.685937 0.513889 0.685417 0.512963
0 0.197917 0.538889 0.120833 0.127778 0.194792 0.475000 0.193750 0.476852 0.193750 0.477778 0.190104 0.484259 0.190104 0.485185 0.186458 0.491667 0.186458 0.492593 0.182812 0.499074 0.182812 0.500000 0.179167 0.506481 0.179167 0.507407 0.174479 0.515741 0.174479 0.516667 0.170313 0.524074 0.170313 0.525000 0.166667 0.531481 0.166667 0.532407 0.163021 0.538889 0.163021 0.539815 0.159375 0.546296 0.159375 0.547222 0.155729 0.553704 0.155729 0.554630 0.152083 0.561111 0.152083 0.562037 0.148438 0.568519 0.148438 0.569444 0.144792 0.575926 0.144792 0.576852 0.141146 0.583333 0.141146 0.584259 0.138021 0.589815 0.138021 0.590741 0.137500 0.591667 0.137500 0.594444 0.138021 0.595370 0.138021 0.596296 0.140104 0.600000 0.142708 0.600000 0.144271 0.597222 0.144792 0.597222 0.173437 0.546296 0.173958 0.546296 0.178125 0.538889 0.178646 0.538889 0.180729 0.535185 0.181250 0.535185 0.182812 0.532407 0.183333 0.532407 0.184375 0.530556 0.184896 0.530556 0.185938 0.528704 0.186458 0.528704 0.186979 0.527778 0.188021 0.527778 0.188542 0.526852 0.190104 0.526852 0.190625 0.525926 0.192188 0.525926 0.192708 0.526852 0.194271 0.526852 0.194792 0.527778 0.195833 0.527778 0.196354 0.528704 0.196875 0.528704 0.197396 0.529630 0.197917 0.529630 0.198958 0.531481 0.199479 0.531481 0.200521 0.533333 0.201042 0.533333 0.202083 0.535185 0.202604 0.535185 0.204687 0.538889 0.205208 0.538889 0.207292 0.542593 0.207813 0.542593 0.209896 0.546296 0.210417 0.546296 0.213542 0.551852 0.214062 0.551852 0.217188 0.557407 0.217708 0.557407 0.221875 0.564815 0.222396 0.564815 0.227083 0.573148 0.227604 0.573148 0.232813 0.582407 0.233333 0.582407 0.238542 0.591667 0.239063 0.591667 0.242708 0.598148 0.243229 0.598148 0.244792 0.600926 0.245312 0.600926 0.245833 0.601852 0.246875 0.601852 0.247396 0.602778 0.248438 0.602778 0.248958 0.601852 0.249479 0.601852 0.251042 0.599074 0.251042 0.598148 0.252083 0.596296 0.252083 0.595370 0.252604 0.594444 0.252604 0.593519 0.253646 0.591667 0.253646 0.590741 0.254688 0.588889 0.254688 0.587963 0.255729 0.586111 0.255729 0.585185 0.256771 0.583333 0.256771 0.582407 0.257292 0.581481 0.257292 0.580556 0.258333 0.578704 0.258333 0.577778 0.257812 0.577778 0.257292 0.576852 0.256771 0.576852 0.255729 0.575000 0.255208 0.575000 0.251563 0.568519 0.251042 0.568519 0.245312 0.558333 0.244792 0.558333 0.238542 0.547222 0.238021 0.547222 0.232292 0.537037 0.231771 0.537037 0.226042 0.526852 0.225521 0.526852 0.219792 0.516667 0.219271 0.516667 0.213021 0.505556 0.212500 0.505556 0.206771 0.495370 0.206250 0.495370 0.200000 0.484259 0.200000 0.483333 0.199479 0.482407 0.199479 0.481481 0.198958 0.480556 0.198958 0.479630 0.198437 0.478704 0.197917 0.478704 0.196875 0.476852 0.196354 0.476852 0.195833 0.475926 0.195312 0.475926
0 0.320833 0.530556 0.112500 0.118519 0.318229 0.471296 0.317708 0.472222 0.317708 0.473148 0.317188 0.474074 0.317188 0.475000 0.316146 0.476852 0.316146 0.477778 0.315625 0.478704 0.315625 0.479630 0.314583 0.481481 0.314583 0.482407 0.314063 0.483333 0.314063 0.484259 0.313021 0.486111 0.313021 0.487037 0.269792 0.563889 0.269792 0.564815 0.269271 0.565741 0.269271 0.566667 0.268229 0.568519 0.268229 0.569444 0.267188 0.571296 0.267188 0.572222 0.266667 0.573148 0.266667 0.574074 0.265625 0.575926 0.265625 0.576852 0.264583 0.578704 0.264583 0.583333 0.266667 0.587037 0.267188 0.587037 0.267708 0.587963 0.268750 0.587963 0.269271 0.587037 0.269792 0.587037 0.271354 0.584259 0.271875 0.584259 0.289062 0.553704 0.289583 0.553704 0.297396 0.539815 0.297917 0.539815 0.302083 0.532407 0.302604 0.532407 0.305729 0.526852 0.306250 0.526852 0.308333 0.523148 0.308854 0.523148 0.310417 0.520370 0.310937 0.520370 0.311979 0.518519 0.312500 0.518519 0.313021 0.517593 0.313542 0.517593 0.314063 0.516667 0.314583 0.516667 0.315104 0.515741 0.316146 0.515741 0.316667 0.514815 0.320833 0.514815 0.321354 0.515741 0.322396 0.515741 0.322917 0.516667 0.323437 0.516667 0.323958 0.517593 0.324479 0.517593 0.325521 0.519444 0.326042 0.519444 0.327083 0.521296 0.327604 0.521296 0.328646 0.523148 0.329167 0.523148 0.330729 0.525926 0.331250 0.525926 0.333333 0.529630 0.333854 0.529630 0.336458 0.534259 0.336979 0.534259 0.340625 0.540741 0.341146 0.540741 0.345313 0.548148 0.345833 0.548148 0.351042 0.557407 0.351562 0.557407 0.358854 0.570370 0.359375 0.570370 0.365625 0.581481 0.366146 0.581481 0.369271 0.587037 0.369792 0.587037 0.370833 0.588889 0.371875 0.588889 0.372396 0.589815 0.373958 0.589815 0.374479 0.588889 0.375000 0.588889 0.376042 0.587037 0.376042 0.586111 0.376563 0.585185 0.376563 0.583333 0.377083 0.582407 0.377083 0.581481 0.376563 0.581481 0.372917 0.575000 0.372396 0.575000 0.365104 0.562037 0.364583 0.562037 0.355729 0.546296 0.355208 0.546296 0.346875 0.531481 0.346354 0.531481 0.338021 0.516667 0.337500 0.516667 0.329167 0.501852 0.328646 0.501852 0.322396 0.490741 0.322396 0.489815 0.321354 0.487963 0.321354 0.487037 0.320833 0.486111 0.320833 0.483333 0.321354 0.482407 0.321354 0.481481 0.321875 0.480556 0.321875 0.479630 0.322917 0.477778 0.322917 0.476852 0.323437 0.475926 0.322917 0.475926 0.321875 0.474074 0.321354 0.474074 0.320833 0.473148 0.320312 0.473148 0.319792 0.472222 0.319271 0.472222 0.318750 0.471296
0 0.438281 0.542130 0.115104 0.139815 0.439063 0.472222 0.439063 0.474074 0.438542 0.475000 0.438542 0.476852 0.438021 0.477778 0.438021 0.479630 0.437500 0.480556 0.437500 0.482407 0.436979 0.483333 0.436979 0.485185 0.436458 0.486111 0.436458 0.487963 0.435937 0.488889 0.435937 0.490741 0.434375 0.493519 0.434375 0.494444 0.428125 0.505556 0.427604 0.505556 0.416146 0.525926 0.415625 0.525926 0.404167 0.546296 0.403646 0.546296 0.392188 0.566667 0.391667 0.566667 0.385937 0.576852 0.385937 0.578704 0.385417 0.579630 0.385417 0.580556 0.384896 0.581481 0.384896 0.583333 0.384375 0.584259 0.384375 0.585185 0.383854 0.586111 0.383854 0.587963 0.383333 0.588889 0.383333 0.589815 0.382812 0.590741 0.382812 0.592593 0.382292 0.593519 0.382292 0.594444 0.381771 0.595370 0.381771 0.597222 0.381250 0.598148 0.381250 0.599074 0.380729 0.600000 0.380729 0.604630 0.381250 0.605556 0.381250 0.606481 0.381771 0.607407 0.382292 0.607407 0.383333 0.609259 0.385417 0.609259 0.386458 0.607407 0.386979 0.607407 0.391667 0.599074 0.392188 0.599074 0.401562 0.582407 0.402083 0.582407 0.408854 0.570370 0.409375 0.570370 0.414062 0.562037 0.414583 0.562037 0.418229 0.555556 0.418750 0.555556 0.421875 0.550000 0.422396 0.550000 0.424479 0.546296 0.425000 0.546296 0.426563 0.543519 0.427083 0.543519 0.428125 0.541667 0.428646 0.541667 0.429688 0.539815 0.430208 0.539815 0.431250 0.537963 0.431771 0.537963 0.432292 0.537037 0.433333 0.537037 0.433854 0.536111 0.434375 0.536111 0.434896 0.535185 0.439583 0.535185 0.440104 0.536111 0.440625 0.536111 0.441146 0.537037 0.442188 0.537037 0.442708 0.537963 0.443229 0.537963 0.444271 0.539815 0.444792 0.539815 0.445833 0.541667 0.446354 0.541667 0.447917 0.544444 0.448437 0.544444 0.450521 0.548148 0.451042 0.548148 0.453646 0.552778 0.454167 0.552778 0.457292 0.558333 0.457813 0.558333 0.463021 0.567593 0.463542 0.567593 0.470833 0.580556 0.471354 0.580556 0.481771 0.599074 0.482292 0.599074 0.487500 0.608333 0.488021 0.608333 0.489063 0.610185 0.489583 0.610185 0.490104 0.611111 0.490625 0.611111 0.491146 0.612037 0.492708 0.612037 0.493229 0.611111 0.493750 0.611111 0.494792 0.609259 0.494792 0.608333 0.495312 0.607407 0.495312 0.602778 0.495833 0.601852 0.495312 0.600926 0.494792 0.600926 0.490625 0.593519 0.490104 0.593519 0.478125 0.572222 0.477604 0.572222 0.465104 0.550000 0.464583 0.550000 0.452083 0.527778 0.451562 0.527778 0.440104 0.507407 0.440104 0.506481 0.439583 0.505556 0.439583 0.504630 0.439063 0.503704 0.439063 0.500926 0.439583 0.500000 0.439583 0.498148 0.440104 0.497222 0.440104 0.495370 0.440625 0.494444 0.440625 0.492593 0.441146 0.491667 0.441146 0.488889 0.441667 0.487963 0.441667 0.486111 0.442188 0.485185 0.442188 0.483333 0.442708 0.482407 0.442708 0.480556 0.443229 0.479630 0.443229 0.477778 0.443750 0.476852 0.443750 0.474074 0.443229 0.473148 0.442188 0.473148 0.441667 0.472222
0 0.560937 0.536574 0.114583 0.137963 0.560417 0.467593 0.559896 0.468519 0.558854 0.468519 0.558333 0.469444 0.558333 0.485185 0.557813 0.486111 0.557813 0.505556 0.557292 0.506481 0.557292 0.508333 0.556771 0.509259 0.556771 0.510185 0.550521 0.521296 0.550000 0.521296 0.543750 0.532407 0.543229 0.532407 0.536979 0.543519 0.536458 0.543519 0.530208 0.554630 0.529687 0.554630 0.523438 0.565741 0.522917 0.565741 0.516667 0.576852 0.516146 0.576852 0.509896 0.587963 0.509375 0.587963 0.504167 0.597222 0.503646 0.597222 0.503646 0.598148 0.504167 0.599074 0.504167 0.600000 0.505208 0.601852 0.505729 0.601852 0.506250 0.602778 0.508333 0.602778 0.509375 0.600926 0.509896 0.600926 0.512500 0.596296 0.513021 0.596296 0.518750 0.586111 0.519271 0.586111 0.524479 0.576852 0.525000 0.576852 0.530208 0.567593 0.530729 0.567593 0.534375 0.561111 0.534896 0.561111 0.538542 0.554630 0.539062 0.554630 0.542188 0.549074 0.542708 0.549074 0.544792 0.545370 0.545312 0.545370 0.547396 0.541667 0.547917 0.541667 0.549479 0.538889 0.550000 0.538889 0.551562 0.536111 0.552083 0.536111 0.553125 0.534259 0.553646 0.534259 0.554167 0.533333 0.554688 0.533333 0.555208 0.532407 0.555729 0.532407 0.556250 0.531481 0.556771 0.531481 0.557292 0.530556 0.557813 0.530556 0.558333 0.529630 0.564063 0.529630 0.564583 0.530556 0.565104 0.530556 0.565625 0.531481 0.566146 0.531481 0.566667 0.532407 0.567187 0.532407 0.567708 0.533333 0.568229 0.533333 0.569271 0.535185 0.569792 0.535185 0.571354 0.537963 0.571875 0.537963 0.573958 0.541667 0.574479 0.541667 0.577083 0.546296 0.577604 0.546296 0.581771 0.553704 0.582292 0.553704 0.590104 0.567593 0.590625 0.567593 0.607292 0.597222 0.607812 0.597222 0.610938 0.602778 0.611458 0.602778 0.612500 0.604630 0.613021 0.604630 0.613542 0.605556 0.615625 0.605556 0.616146 0.604630 0.616667 0.604630 0.617708 0.602778 0.617708 0.601852 0.618229 0.600926 0.618229 0.598148 0.616667 0.595370 0.616146 0.595370 0.604167 0.574074 0.603646 0.574074 0.578125 0.528704 0.577604 0.528704 0.564583 0.505556 0.564583 0.504630 0.563021 0.501852 0.563021 0.500926 0.562500 0.500000 0.562500 0.479630 0.563021 0.478704 0.563021 0.467593
0 0.698438 0.532870 0.076042 0.108333 0.686979 0.478704 0.686458 0.479630 0.684375 0.479630 0.683854 0.480556 0.682813 0.480556 0.682292 0.481481 0.681771 0.481481 0.681250 0.482407 0.680729 0.482407 0.680208 0.483333 0.679688 0.483333 0.679167 0.484259 0.679688 0.485185 0.679688 0.487963 0.680208 0.488889 0.680208 0.492593 0.680729 0.493519 0.680729 0.496296 0.681250 0.497222 0.681250 0.503704 0.680729 0.504630 0.680729 0.505556 0.676042 0.513889 0.675521 0.513889 0.670833 0.522222 0.670312 0.522222 0.666146 0.529630 0.665625 0.529630 0.663542 0.533333 0.665625 0.529630 0.666146 0.529630 0.668229 0.525926 0.668750 0.525926 0.670312 0.523148 0.670833 0.523148 0.672396 0.520370 0.672917 0.520370 0.673958 0.518519 0.674479 0.518519 0.675521 0.516667 0.676042 0.516667 0.676562 0.515741 0.677083 0.515741 0.677604 0.514815 0.678125 0.514815 0.678646 0.513889 0.679167 0.513889 0.679688 0.512963 0.680729 0.512963 0.681250 0.512037 0.685417 0.512037 0.685937 0.512963 0.686979 0.512963 0.687500 0.513889 0.688021 0.513889 0.688542 0.514815 0.689063 0.514815 0.690104 0.516667 0.690625 0.516667 0.691667 0.518519 0.692187 0.518519 0.694271 0.522222 0.694792 0.522222 0.697396 0.526852 0.697917 0.526852 0.702083 0.534259 0.702604 0.534259 0.716146 0.558333 0.716667 0.558333 0.731771 0.585185 0.732292 0.585185 0.733333 0.587037 0.736458 0.587037 0.708333 0.537037 0.708333 0.536111 0.703125 0.526852 0.703125 0.525926 0.702083 0.524074 0.702083 0.522222 0.701562 0.521296 0.701562 0.518519 0.701042 0.517593 0.701042 0.515741 0.700521 0.514815 0.700521 0.512037 0.700000 0.511111 0.700000 0.508333 0.699479 0.507407 0.699479 0.504630 0.698958 0.503704 0.698958 0.501852 0.698438 0.500926 0.698438 0.498148 0.697917 0.497222 0.697917 0.494444 0.697396 0.493519 0.697396 0.490741 0.696875 0.489815 0.696875 0.487963 0.696354 0.487037 0.696354 0.486111 0.695833 0.486111 0.694271 0.483333 0.693750 0.483333 0.693229 0.482407 0.692708 0.482407 0.692187 0.481481 0.691667 0.481481 0.691146 0.480556 0.690625 0.480556 0.690104 0.479630 0.687500 0.479630
0 0.258594 0.523611 0.118229 0.108333 0.314063 0.469444 0.313542 0.470370 0.311979 0.470370 0.311458 0.471296 0.310417 0.471296 0.309896 0.472222 0.309375 0.472222 0.308854 0.473148 0.308333 0.473148 0.307292 0.475000 0.306771 0.475000 0.305208 0.477778 0.304688 0.477778 0.303125 0.480556 0.302604 0.480556 0.300000 0.485185 0.299479 0.485185 0.295312 0.492593 0.294792 0.492593 0.286979 0.506481 0.286458 0.506481 0.266667 0.541667 0.266146 0.541667 0.264583 0.544444 0.262500 0.544444 0.261979 0.543519 0.261458 0.543519 0.259896 0.540741 0.259896 0.539815 0.259375 0.538889 0.259375 0.537963 0.258854 0.537037 0.258854 0.536111 0.259375 0.535185 0.259375 0.534259 0.259896 0.533333 0.259896 0.532407 0.260937 0.530556 0.260937 0.529630 0.261979 0.527778 0.261979 0.526852 0.263021 0.525000 0.263021 0.524074 0.264583 0.521296 0.264583 0.520370 0.265625 0.518519 0.265625 0.517593 0.266667 0.515741 0.266667 0.514815 0.267708 0.512963 0.267708 0.512037 0.268750 0.510185 0.268750 0.509259 0.269792 0.507407 0.269792 0.506481 0.270833 0.504630 0.264062 0.516667 0.263542 0.516667 0.261458 0.520370 0.260937 0.520370 0.260417 0.521296 0.258854 0.521296 0.258854 0.522222 0.257812 0.524074 0.257812 0.525000 0.256771 0.526852 0.256771 0.527778 0.255208 0.530556 0.255208 0.531481 0.254167 0.533333 0.254167 0.534259 0.253125 0.536111 0.253125 0.537037 0.252083 0.538889 0.252083 0.539815 0.250521 0.542593 0.250521 0.543519 0.249479 0.545370 0.249479 0.546296 0.247917 0.549074 0.244271 0.549074 0.243229 0.547222 0.242708 0.547222 0.241146 0.544444 0.240625 0.544444 0.236979 0.537963 0.236458 0.537963 0.230729 0.527778 0.230208 0.527778 0.224479 0.517593 0.223958 0.517593 0.219271 0.509259 0.218750 0.509259 0.214583 0.501852 0.214062 0.501852 0.210938 0.496296 0.210417 0.496296 0.207292 0.490741 0.206771 0.490741 0.204687 0.487037 0.204167 0.487037 0.202083 0.483333 0.201563 0.483333 0.200000 0.480556 0.199479 0.480556 0.200000 0.481481 0.200000 0.482407 0.200521 0.483333 0.200521 0.484259 0.206250 0.494444 0.206771 0.494444 0.212500 0.504630 0.213021 0.504630 0.219271 0.515741 0.219792 0.515741 0.225521 0.525926 0.226042 0.525926 0.231771 0.536111 0.232292 0.536111 0.238021 0.546296 0.238542 0.546296 0.244792 0.557407 0.245312 0.557407 0.251042 0.567593 0.251563 0.567593 0.255208 0.574074 0.255729 0.574074 0.256771 0.575926 0.257292 0.575926 0.257812 0.576852 0.258333 0.576852 0.258854 0.577778 0.259896 0.577778 0.260417 0.576852 0.260937 0.576852 0.261458 0.575926 0.261979 0.575926 0.266146 0.568519 0.266667 0.568519 0.312500 0.487037 0.312500 0.486111 0.313542 0.484259 0.313542 0.483333 0.314063 0.482407 0.314063 0.481481 0.315104 0.479630 0.315104 0.478704 0.315625 0.477778 0.315625 0.476852 0.316667 0.475000 0.316667 0.474074 0.317188 0.473148 0.317188 0.472222 0.317708 0.471296 0.317708 0.470370 0.315625 0.470370 0.315104 0.469444
0 0.380208 0.527315 0.117708 0.112037 0.438542 0.471296 0.438021 0.472222 0.435937 0.472222 0.435417 0.473148 0.434896 0.473148 0.434375 0.474074 0.433854 0.474074 0.433333 0.475000 0.432812 0.475000 0.432292 0.475926 0.431771 0.475926 0.430729 0.477778 0.430208 0.477778 0.429167 0.479630 0.428646 0.479630 0.427083 0.482407 0.426563 0.482407 0.423958 0.487037 0.423438 0.487037 0.420833 0.491667 0.420312 0.491667 0.416146 0.499074 0.415625 0.499074 0.409896 0.509259 0.409375 0.509259 0.401042 0.524074 0.400521 0.524074 0.390625 0.541667 0.390104 0.541667 0.388021 0.545370 0.387500 0.545370 0.386979 0.546296 0.385937 0.546296 0.385417 0.545370 0.384896 0.545370 0.382292 0.540741 0.382292 0.536111 0.382812 0.535185 0.382812 0.533333 0.383333 0.532407 0.383333 0.531481 0.383854 0.530556 0.383854 0.529630 0.384375 0.528704 0.384375 0.526852 0.384896 0.525926 0.384896 0.525000 0.385417 0.524074 0.385417 0.523148 0.385937 0.522222 0.385937 0.520370 0.386458 0.519444 0.386458 0.518519 0.386979 0.517593 0.386979 0.516667 0.387500 0.515741 0.387500 0.513889 0.388021 0.512963 0.386979 0.514815 0.386458 0.514815 0.384375 0.518519 0.383854 0.518519 0.383333 0.519444 0.382292 0.519444 0.381771 0.520370 0.381250 0.519444 0.380729 0.519444 0.380208 0.518519 0.379688 0.518519 0.379167 0.517593 0.379167 0.519444 0.378646 0.520370 0.378646 0.521296 0.378125 0.522222 0.378125 0.523148 0.377604 0.524074 0.377604 0.525926 0.377083 0.526852 0.377083 0.527778 0.376563 0.528704 0.376563 0.529630 0.376042 0.530556 0.376042 0.532407 0.375521 0.533333 0.375521 0.534259 0.375000 0.535185 0.375000 0.536111 0.374479 0.537037 0.374479 0.538889 0.373958 0.539815 0.373958 0.540741 0.373437 0.541667 0.373437 0.542593 0.371354 0.546296 0.368750 0.546296 0.368229 0.545370 0.367708 0.545370 0.367188 0.544444 0.366667 0.544444 0.364583 0.540741 0.364063 0.540741 0.357812 0.529630 0.357292 0.529630 0.349479 0.515741 0.348958 0.515741 0.343229 0.505556 0.342708 0.505556 0.338021 0.497222 0.337500 0.497222 0.333854 0.490741 0.333333 0.490741 0.330208 0.485185 0.329688 0.485185 0.327604 0.481481 0.327083 0.481481 0.325521 0.478704 0.325000 0.478704 0.323958 0.476852 0.323437 0.476852 0.323437 0.477778 0.322396 0.479630 0.322396 0.480556 0.321875 0.481481 0.321875 0.482407 0.321354 0.483333 0.321354 0.486111 0.321875 0.487037 0.321875 0.487963 0.322917 0.489815 0.322917 0.490741 0.328646 0.500926 0.329167 0.500926 0.337500 0.515741 0.338021 0.515741 0.346354 0.530556 0.346875 0.530556 0.355208 0.545370 0.355729 0.545370 0.364583 0.561111 0.365104 0.561111 0.372396 0.574074 0.372917 0.574074 0.376563 0.580556 0.377083 0.580556 0.378125 0.582407 0.379167 0.582407 0.379688 0.583333 0.380208 0.583333 0.380729 0.582407 0.381250 0.582407 0.381771 0.581481 0.382292 0.581481 0.383854 0.578704 0.384375 0.578704 0.391667 0.565741 0.392188 0.565741 0.403646 0.545370 0.404167 0.545370 0.415625 0.525000 0.416146 0.525000 0.427604 0.504630 0.428125 0.504630 0.433854 0.494444 0.433854 0.493519 0.435417 0.490741 0.435417 0.488889 0.435937 0.487963 0.435937 0.486111 0.436458 0.485185 0.436458 0.483333 0.436979 0.482407 0.436979 0.480556 0.437500 0.479630 0.437500 0.477778 0.438021 0.476852 0.438021 0.475000 0.438542 0.474074 0.438542 0.472222 0.439063 0.471296
0 0.498698 0.536111 0.118229 0.133333 0.557292 0.469444 0.556250 0.471296 0.555729 0.471296 0.555208 0.472222 0.554688 0.472222 0.553646 0.474074 0.553125 0.474074 0.552083 0.475926 0.551562 0.475926 0.550000 0.478704 0.549479 0.478704 0.547917 0.481481 0.547396 0.481481 0.544792 0.486111 0.544271 0.486111 0.541146 0.491667 0.540625 0.491667 0.537500 0.497222 0.536979 0.497222 0.532813 0.504630 0.532292 0.504630 0.527083 0.513889 0.526563 0.513889 0.520312 0.525000 0.519792 0.525000 0.513542 0.536111 0.513021 0.536111 0.510417 0.540741 0.509896 0.540741 0.509375 0.541667 0.507292 0.541667 0.506250 0.539815 0.505729 0.539815 0.505208 0.538889 0.505208 0.537963 0.504167 0.536111 0.504167 0.531481 0.504687 0.530556 0.504687 0.525926 0.505208 0.525000 0.505208 0.520370 0.505729 0.519444 0.505208 0.520370 0.504687 0.520370 0.503125 0.523148 0.502604 0.523148 0.502083 0.524074 0.501563 0.524074 0.501042 0.525000 0.500521 0.525000 0.500000 0.524074 0.498958 0.524074 0.498437 0.525000 0.498437 0.528704 0.497917 0.529630 0.497917 0.534259 0.497396 0.535185 0.497396 0.539815 0.496875 0.540741 0.496875 0.543519 0.496354 0.544444 0.496354 0.545370 0.495312 0.547222 0.494792 0.547222 0.494271 0.548148 0.491667 0.548148 0.491146 0.547222 0.490625 0.547222 0.489063 0.544444 0.488542 0.544444 0.483854 0.536111 0.483333 0.536111 0.471354 0.514815 0.470833 0.514815 0.463542 0.501852 0.463021 0.501852 0.457813 0.492593 0.457292 0.492593 0.454167 0.487037 0.453646 0.487037 0.451042 0.482407 0.450521 0.482407 0.448958 0.479630 0.448437 0.479630 0.446875 0.476852 0.446354 0.476852 0.445833 0.475926 0.445312 0.475926 0.444271 0.474074 0.444271 0.476852 0.443750 0.477778 0.443750 0.479630 0.443229 0.480556 0.443229 0.482407 0.442708 0.483333 0.442708 0.485185 0.442188 0.486111 0.442188 0.487963 0.441667 0.488889 0.441667 0.491667 0.441146 0.492593 0.441146 0.494444 0.440625 0.495370 0.440625 0.497222 0.440104 0.498148 0.440104 0.500000 0.439583 0.500926 0.439583 0.503704 0.440104 0.504630 0.440104 0.505556 0.440625 0.506481 0.440625 0.507407 0.451562 0.526852 0.452083 0.526852 0.464583 0.549074 0.465104 0.549074 0.477604 0.571296 0.478125 0.571296 0.490104 0.592593 0.490625 0.592593 0.494792 0.600000 0.495312 0.600000 0.496354 0.601852 0.496875 0.601852 0.497396 0.602778 0.498958 0.602778 0.499479 0.601852 0.500000 0.601852 0.501042 0.600000 0.501563 0.600000 0.503646 0.596296 0.504167 0.596296 0.509375 0.587037 0.509896 0.587037 0.516146 0.575926 0.516667 0.575926 0.522917 0.564815 0.523438 0.564815 0.529687 0.553704 0.530208 0.553704 0.536458 0.542593 0.536979 0.542593 0.543229 0.531481 0.543750 0.531481 0.550000 0.520370 0.550521 0.520370 0.556250 0.510185 0.556250 0.509259 0.556771 0.508333 0.556771 0.506481 0.557292 0.505556 0.557292 0.486111 0.557813 0.485185 0.557813 0.469444
0 0.621875 0.532870 0.117708 0.130556 0.563542 0.467593 0.563542 0.478704 0.563021 0.479630 0.563021 0.500000 0.563542 0.500926 0.563542 0.501852 0.565104 0.504630 0.565104 0.505556 0.577604 0.527778 0.578125 0.527778 0.603646 0.573148 0.604167 0.573148 0.616146 0.594444 0.616667 0.594444 0.618229 0.597222 0.618750 0.597222 0.619271 0.598148 0.621354 0.598148 0.621875 0.597222 0.622396 0.597222 0.623437 0.595370 0.623958 0.595370 0.626563 0.590741 0.627083 0.590741 0.631250 0.583333 0.631771 0.583333 0.635938 0.575926 0.636458 0.575926 0.641146 0.567593 0.641667 0.567593 0.645833 0.560185 0.646354 0.560185 0.650521 0.552778 0.651042 0.552778 0.655729 0.544444 0.656250 0.544444 0.660417 0.537037 0.660937 0.537037 0.665625 0.528704 0.666146 0.528704 0.670312 0.521296 0.670833 0.521296 0.675521 0.512963 0.676042 0.512963 0.680208 0.505556 0.680208 0.504630 0.680729 0.503704 0.680729 0.497222 0.680208 0.496296 0.680208 0.493519 0.679688 0.492593 0.679688 0.488889 0.679167 0.487963 0.679167 0.485185 0.678125 0.485185 0.677083 0.487037 0.676562 0.487037 0.675521 0.488889 0.675000 0.488889 0.673438 0.491667 0.672917 0.491667 0.671354 0.494444 0.670833 0.494444 0.668229 0.499074 0.667708 0.499074 0.665625 0.502778 0.665104 0.502778 0.662500 0.507407 0.661979 0.507407 0.658854 0.512963 0.658333 0.512963 0.654687 0.519444 0.654167 0.519444 0.650521 0.525926 0.650000 0.525926 0.645833 0.533333 0.645312 0.533333 0.640625 0.541667 0.640104 0.541667 0.635938 0.549074 0.635417 0.549074 0.633333 0.552778 0.632812 0.552778 0.631771 0.554630 0.631250 0.554630 0.630729 0.555556 0.630208 0.555556 0.629687 0.554630 0.629167 0.554630 0.628646 0.553704 0.628125 0.553704 0.627083 0.551852 0.627083 0.550926 0.626563 0.550000 0.626563 0.549074 0.626042 0.548148 0.626042 0.541667 0.625521 0.540741 0.625521 0.532407 0.625000 0.531481 0.625000 0.524074 0.624479 0.523148 0.624479 0.514815 0.623958 0.515741 0.623437 0.515741 0.621875 0.518519 0.621354 0.518519 0.620833 0.519444 0.618750 0.519444 0.618229 0.518519 0.618229 0.521296 0.618750 0.522222 0.618750 0.532407 0.619271 0.533333 0.619271 0.538889 0.618750 0.539815 0.618750 0.540741 0.617188 0.543519 0.616146 0.543519 0.615625 0.544444 0.615104 0.544444 0.614583 0.543519 0.613542 0.543519 0.613021 0.542593 0.612500 0.542593 0.610417 0.538889 0.609896 0.538889 0.592187 0.507407 0.591667 0.507407 0.583333 0.492593 0.582812 0.492593 0.578125 0.484259 0.577604 0.484259 0.575000 0.479630 0.574479 0.479630 0.572396 0.475926 0.571875 0.475926 0.570312 0.473148 0.569792 0.473148 0.568750 0.471296 0.568229 0.471296 0.567708 0.470370 0.567187 0.470370 0.566667 0.469444 0.566146 0.469444 0.565625 0.468519 0.564583 0.468519 0.564063 0.467593
0 0.759375 0.551389 0.125000 0.141667 0.808854 0.480556 0.808333 0.481481 0.807813 0.481481 0.804167 0.487963 0.803646 0.487963 0.800521 0.493519 0.800000 0.493519 0.796354 0.500000 0.795833 0.500000 0.792188 0.506481 0.791667 0.506481 0.788021 0.512963 0.787500 0.512963 0.784375 0.518519 0.783854 0.518519 0.780208 0.525000 0.779687 0.525000 0.776042 0.531481 0.775521 0.531481 0.772396 0.537037 0.771875 0.537037 0.768750 0.542593 0.768229 0.542593 0.765625 0.547222 0.765104 0.547222 0.763542 0.550000 0.763021 0.550000 0.762500 0.550926 0.759896 0.550926 0.758854 0.549074 0.758333 0.549074 0.736979 0.511111 0.737500 0.512037 0.737500 0.513889 0.738021 0.514815 0.738021 0.516667 0.738542 0.517593 0.738542 0.519444 0.739062 0.520370 0.739062 0.522222 0.739583 0.523148 0.739583 0.525000 0.740104 0.525926 0.740104 0.526852 0.740625 0.527778 0.740625 0.529630 0.741146 0.530556 0.741146 0.532407 0.741667 0.533333 0.741667 0.535185 0.742188 0.536111 0.742188 0.537963 0.742708 0.538889 0.742708 0.540741 0.743229 0.541667 0.743229 0.543519 0.743750 0.544444 0.743750 0.545370 0.744271 0.546296 0.744271 0.548148 0.744792 0.549074 0.744792 0.551852 0.744271 0.552778 0.744271 0.553704 0.742708 0.556481 0.742188 0.556481 0.741667 0.557407 0.739583 0.557407 0.739062 0.556481 0.738542 0.556481 0.738021 0.555556 0.737500 0.555556 0.733333 0.548148 0.732812 0.548148 0.725000 0.534259 0.725000 0.533333 0.719792 0.524074 0.719271 0.524074 0.706250 0.500926 0.705729 0.500926 0.701562 0.493519 0.701042 0.493519 0.698438 0.488889 0.697917 0.488889 0.696875 0.487037 0.697396 0.487963 0.697396 0.489815 0.697917 0.490741 0.697917 0.493519 0.698438 0.494444 0.698438 0.497222 0.698958 0.498148 0.698958 0.500926 0.699479 0.501852 0.699479 0.503704 0.700000 0.504630 0.700000 0.507407 0.700521 0.508333 0.700521 0.511111 0.701042 0.512037 0.701042 0.514815 0.701562 0.515741 0.701562 0.517593 0.702083 0.518519 0.702083 0.521296 0.702604 0.522222 0.702604 0.524074 0.703646 0.525926 0.703646 0.526852 0.708854 0.536111 0.708854 0.537037 0.754687 0.618519 0.755208 0.618519 0.756771 0.621296 0.757292 0.621296 0.757812 0.622222 0.759375 0.622222 0.759896 0.621296 0.760417 0.621296 0.760938 0.620370 0.761458 0.620370 0.762500 0.618519 0.763021 0.618519 0.765104 0.614815 0.765625 0.614815 0.768229 0.610185 0.768750 0.610185 0.771875 0.604630 0.772396 0.604630 0.775521 0.599074 0.776042 0.599074 0.779687 0.592593 0.780208 0.592593 0.783333 0.587037 0.783854 0.587037 0.786979 0.581481 0.787500 0.581481 0.790625 0.575926 0.791146 0.575926 0.794271 0.570370 0.794792 0.570370 0.798438 0.563889 0.798958 0.563889 0.802083 0.558333 0.802604 0.558333 0.805729 0.552778 0.806250 0.552778 0.809375 0.547222 0.809896 0.547222 0.813542 0.540741 0.814063 0.540741 0.817708 0.534259 0.818229 0.534259 0.821354 0.528704 0.821354 0.527778 0.821875 0.526852 0.821875 0.522222 0.821354 0.521296 0.821354 0.520370 0.820833 0.519444 0.820833 0.518519 0.820312 0.517593 0.820312 0.516667 0.819271 0.514815 0.819271 0.513889 0.818750 0.512963 0.818750 0.512037 0.818229 0.511111 0.818229 0.510185 0.817708 0.509259 0.817708 0.508333 0.817187 0.507407 0.817187 0.506481 0.816667 0.505556 0.816667 0.504630 0.816146 0.503704 0.816146 0.502778 0.815625 0.501852 0.815625 0.500926 0.814583 0.499074 0.814583 0.498148 0.814063 0.497222 0.814063 0.496296 0.813542 0.495370 0.813542 0.494444 0.813021 0.493519 0.813021 0.492593 0.812500 0.491667 0.812500 0.490741 0.811979 0.489815 0.811979 0.488889 0.811458 0.487963 0.811458 0.487037 0.810937 0.486111 0.810937 0.485185 0.809896 0.483333 0.809896 0.482407 0.809375 0.481481 0.809375 0.480556
0 0.196875 0.481019 0.122917 0.134259 0.200521 0.413889 0.197396 0.419444 0.197396 0.420370 0.188021 0.437037 0.188021 0.437963 0.179167 0.453704 0.179167 0.454630 0.170313 0.470370 0.170313 0.471296 0.161458 0.487037 0.161458 0.487963 0.152083 0.504630 0.152083 0.505556 0.143229 0.521296 0.143229 0.522222 0.136979 0.533333 0.136979 0.534259 0.135417 0.537037 0.135417 0.541667 0.135937 0.542593 0.135937 0.543519 0.136458 0.544444 0.136979 0.544444 0.138021 0.546296 0.140625 0.546296 0.169792 0.494444 0.170313 0.494444 0.175521 0.485185 0.176042 0.485185 0.178646 0.480556 0.179167 0.480556 0.180729 0.477778 0.181250 0.477778 0.182292 0.475926 0.182812 0.475926 0.183854 0.474074 0.184375 0.474074 0.184896 0.473148 0.185417 0.473148 0.185938 0.472222 0.186979 0.472222 0.187500 0.471296 0.191146 0.471296 0.191667 0.472222 0.192708 0.472222 0.193229 0.473148 0.194271 0.473148 0.195312 0.475000 0.195833 0.475000 0.196354 0.475926 0.196875 0.475926 0.197917 0.477778 0.198437 0.477778 0.199479 0.479630 0.200000 0.479630 0.201563 0.482407 0.202083 0.482407 0.204167 0.486111 0.204687 0.486111 0.206771 0.489815 0.207292 0.489815 0.210417 0.495370 0.210938 0.495370 0.214062 0.500926 0.214583 0.500926 0.218750 0.508333 0.219271 0.508333 0.223958 0.516667 0.224479 0.516667 0.230208 0.526852 0.230729 0.526852 0.236458 0.537037 0.236979 0.537037 0.240625 0.543519 0.241146 0.543519 0.242708 0.546296 0.243229 0.546296 0.244271 0.548148 0.247917 0.548148 0.248958 0.546296 0.248958 0.545370 0.250000 0.543519 0.250000 0.542593 0.251563 0.539815 0.251563 0.538889 0.252604 0.537037 0.252604 0.536111 0.253646 0.534259 0.253646 0.533333 0.254688 0.531481 0.254688 0.530556 0.256250 0.527778 0.256250 0.526852 0.257292 0.525000 0.257292 0.524074 0.258333 0.522222 0.258333 0.521296 0.257812 0.520370 0.257292 0.520370 0.256250 0.518519 0.255729 0.518519 0.252604 0.512963 0.252083 0.512963 0.246354 0.502778 0.245833 0.502778 0.239063 0.490741 0.238542 0.490741 0.232292 0.479630 0.231771 0.479630 0.225000 0.467593 0.224479 0.467593 0.218229 0.456481 0.217708 0.456481 0.211458 0.445370 0.210938 0.445370 0.199479 0.425000 0.199479 0.424074 0.198958 0.423148 0.198958 0.420370 0.199479 0.419444 0.199479 0.418519 0.201563 0.414815 0.201563 0.413889
0 0.319010 0.483796 0.119271 0.123148 0.315625 0.422222 0.314583 0.424074 0.314583 0.425000 0.313542 0.426852 0.313542 0.427778 0.312500 0.429630 0.312500 0.430556 0.271354 0.503704 0.271354 0.504630 0.270313 0.506481 0.270313 0.507407 0.269271 0.509259 0.269271 0.510185 0.268229 0.512037 0.268229 0.512963 0.267188 0.514815 0.267188 0.515741 0.266146 0.517593 0.266146 0.518519 0.265104 0.520370 0.265104 0.521296 0.263542 0.524074 0.263542 0.525000 0.262500 0.526852 0.262500 0.527778 0.261458 0.529630 0.261458 0.530556 0.260417 0.532407 0.260417 0.533333 0.259896 0.534259 0.259896 0.535185 0.259375 0.536111 0.259375 0.537037 0.259896 0.537963 0.259896 0.538889 0.260417 0.539815 0.260417 0.540741 0.261458 0.542593 0.261979 0.542593 0.262500 0.543519 0.264583 0.543519 0.266146 0.540741 0.266667 0.540741 0.286458 0.505556 0.286979 0.505556 0.294792 0.491667 0.295312 0.491667 0.299479 0.484259 0.300000 0.484259 0.302604 0.479630 0.303125 0.479630 0.304688 0.476852 0.305208 0.476852 0.306771 0.474074 0.307292 0.474074 0.308333 0.472222 0.308854 0.472222 0.309375 0.471296 0.309896 0.471296 0.310417 0.470370 0.311458 0.470370 0.311979 0.469444 0.313542 0.469444 0.314063 0.468519 0.315104 0.468519 0.315625 0.469444 0.317708 0.469444 0.318229 0.470370 0.318750 0.470370 0.319271 0.471296 0.319792 0.471296 0.320312 0.472222 0.320833 0.472222 0.321354 0.473148 0.321875 0.473148 0.322917 0.475000 0.323437 0.475000 0.325000 0.477778 0.325521 0.477778 0.327083 0.480556 0.327604 0.480556 0.329688 0.484259 0.330208 0.484259 0.333333 0.489815 0.333854 0.489815 0.337500 0.496296 0.338021 0.496296 0.342708 0.504630 0.343229 0.504630 0.348958 0.514815 0.349479 0.514815 0.357292 0.528704 0.357812 0.528704 0.364063 0.539815 0.364583 0.539815 0.366667 0.543519 0.367188 0.543519 0.367708 0.544444 0.368229 0.544444 0.368750 0.545370 0.371354 0.545370 0.372917 0.542593 0.372917 0.541667 0.373437 0.540741 0.373437 0.539815 0.373958 0.538889 0.373958 0.537037 0.374479 0.536111 0.374479 0.535185 0.375000 0.534259 0.375000 0.533333 0.375521 0.532407 0.375521 0.530556 0.376042 0.529630 0.376042 0.528704 0.376563 0.527778 0.376563 0.526852 0.377083 0.525926 0.377083 0.524074 0.377604 0.523148 0.377604 0.522222 0.378125 0.521296 0.378125 0.520370 0.378646 0.519444 0.378646 0.516667 0.378125 0.516667 0.372917 0.507407 0.372396 0.507407 0.367188 0.498148 0.366146 0.498148 0.365625 0.497222 0.365104 0.497222 0.364583 0.496296 0.364063 0.496296 0.361979 0.492593 0.361458 0.492593 0.354687 0.480556 0.354167 0.480556 0.345833 0.465741 0.345313 0.465741 0.339062 0.454630 0.338542 0.454630 0.333854 0.446296 0.333333 0.446296 0.329688 0.439815 0.329167 0.439815 0.326562 0.435185 0.326042 0.435185 0.323958 0.431481 0.323437 0.431481 0.321875 0.428704 0.321354 0.428704 0.319792 0.425926 0.319271 0.425926 0.318750 0.425000 0.318229 0.425000 0.317188 0.423148 0.316667 0.423148 0.316146 0.422222
0 0.440625 0.488889 0.115625 0.116667 0.435937 0.430556 0.427604 0.445370 0.427083 0.445370 0.412500 0.471296 0.411979 0.471296 0.397917 0.496296 0.397396 0.496296 0.388542 0.512037 0.388542 0.512963 0.388021 0.513889 0.388021 0.515741 0.387500 0.516667 0.387500 0.517593 0.386979 0.518519 0.386979 0.519444 0.386458 0.520370 0.386458 0.522222 0.385937 0.523148 0.385937 0.524074 0.385417 0.525000 0.385417 0.525926 0.384896 0.526852 0.384896 0.528704 0.384375 0.529630 0.384375 0.530556 0.383854 0.531481 0.383854 0.532407 0.383333 0.533333 0.383333 0.535185 0.382812 0.536111 0.382812 0.540741 0.384896 0.544444 0.385417 0.544444 0.385937 0.545370 0.386979 0.545370 0.387500 0.544444 0.388021 0.544444 0.390104 0.540741 0.390625 0.540741 0.400521 0.523148 0.401042 0.523148 0.409375 0.508333 0.409896 0.508333 0.415625 0.498148 0.416146 0.498148 0.420312 0.490741 0.420833 0.490741 0.423438 0.486111 0.423958 0.486111 0.426563 0.481481 0.427083 0.481481 0.428646 0.478704 0.429167 0.478704 0.430208 0.476852 0.430729 0.476852 0.431771 0.475000 0.432292 0.475000 0.432812 0.474074 0.433333 0.474074 0.433854 0.473148 0.434375 0.473148 0.434896 0.472222 0.435417 0.472222 0.435937 0.471296 0.438021 0.471296 0.438542 0.470370 0.439063 0.470370 0.439583 0.471296 0.441667 0.471296 0.442188 0.472222 0.443229 0.472222 0.443750 0.473148 0.444271 0.473148 0.445312 0.475000 0.445833 0.475000 0.446354 0.475926 0.446875 0.475926 0.448437 0.478704 0.448958 0.478704 0.450521 0.481481 0.451042 0.481481 0.453646 0.486111 0.454167 0.486111 0.457292 0.491667 0.457813 0.491667 0.463021 0.500926 0.463542 0.500926 0.470833 0.513889 0.471354 0.513889 0.483333 0.535185 0.483854 0.535185 0.488542 0.543519 0.489063 0.543519 0.490625 0.546296 0.491146 0.546296 0.491667 0.547222 0.494271 0.547222 0.494792 0.546296 0.495312 0.546296 0.495833 0.545370 0.495833 0.544444 0.496354 0.543519 0.496354 0.540741 0.496875 0.539815 0.496875 0.535185 0.497396 0.534259 0.497396 0.529630 0.497917 0.528704 0.497917 0.525000 0.498437 0.524074 0.498437 0.523148 0.497396 0.521296 0.496875 0.521296 0.490625 0.510185 0.490104 0.510185 0.488542 0.507407 0.488021 0.507407 0.484375 0.500926 0.483854 0.500926 0.471354 0.478704 0.470833 0.478704 0.461979 0.462963 0.461458 0.462963 0.456250 0.453704 0.455729 0.453704 0.452083 0.447222 0.451562 0.447222 0.448958 0.442593 0.448437 0.442593 0.446354 0.438889 0.445833 0.438889 0.444792 0.437037 0.444271 0.437037 0.443229 0.435185 0.442708 0.435185 0.441667 0.433333 0.441146 0.433333 0.440625 0.432407 0.439583 0.432407 0.439063 0.431481 0.437500 0.431481 0.436979 0.430556
0 0.561719 0.477778 0.114062 0.131481 0.561458 0.412037 0.560937 0.412963 0.559375 0.412963 0.558854 0.413889 0.558854 0.427778 0.558333 0.428704 0.558333 0.430556 0.557813 0.431481 0.557813 0.432407 0.550000 0.446296 0.549479 0.446296 0.541667 0.460185 0.541146 0.460185 0.533854 0.473148 0.533333 0.473148 0.526042 0.486111 0.525521 0.486111 0.518229 0.499074 0.517708 0.499074 0.510417 0.512037 0.509896 0.512037 0.506250 0.518519 0.506250 0.519444 0.505729 0.520370 0.505729 0.525000 0.505208 0.525926 0.505208 0.530556 0.504687 0.531481 0.504687 0.536111 0.505729 0.537963 0.505729 0.538889 0.506250 0.538889 0.507292 0.540741 0.509375 0.540741 0.509896 0.539815 0.510417 0.539815 0.513021 0.535185 0.513542 0.535185 0.519792 0.524074 0.520312 0.524074 0.526563 0.512963 0.527083 0.512963 0.532292 0.503704 0.532813 0.503704 0.536979 0.496296 0.537500 0.496296 0.540625 0.490741 0.541146 0.490741 0.544271 0.485185 0.544792 0.485185 0.547396 0.480556 0.547917 0.480556 0.549479 0.477778 0.550000 0.477778 0.551562 0.475000 0.552083 0.475000 0.553125 0.473148 0.553646 0.473148 0.554688 0.471296 0.555208 0.471296 0.555729 0.470370 0.556250 0.470370 0.557292 0.468519 0.558333 0.468519 0.558854 0.467593 0.559896 0.467593 0.560417 0.466667 0.564063 0.466667 0.564583 0.467593 0.565625 0.467593 0.566146 0.468519 0.566667 0.468519 0.567187 0.469444 0.567708 0.469444 0.568229 0.470370 0.568750 0.470370 0.569792 0.472222 0.570312 0.472222 0.571875 0.475000 0.572396 0.475000 0.574479 0.478704 0.575000 0.478704 0.577604 0.483333 0.578125 0.483333 0.582812 0.491667 0.583333 0.491667 0.591667 0.506481 0.592187 0.506481 0.609896 0.537963 0.610417 0.537963 0.612500 0.541667 0.613021 0.541667 0.613542 0.542593 0.614583 0.542593 0.615104 0.543519 0.615625 0.543519 0.616146 0.542593 0.617188 0.542593 0.618229 0.540741 0.618229 0.539815 0.618750 0.538889 0.618750 0.533333 0.618229 0.532407 0.618229 0.522222 0.617708 0.521296 0.617708 0.518519 0.616146 0.515741 0.615625 0.515741 0.590625 0.471296 0.590104 0.471296 0.565104 0.426852 0.565104 0.425926 0.563542 0.423148 0.563542 0.421296 0.563021 0.420370 0.563021 0.418519 0.563542 0.417593 0.563542 0.412037
0 0.684635 0.486111 0.119271 0.140741 0.684375 0.415741 0.683854 0.416667 0.683333 0.416667 0.682813 0.417593 0.681771 0.417593 0.680729 0.419444 0.680208 0.419444 0.679688 0.420370 0.679167 0.420370 0.679167 0.422222 0.679688 0.423148 0.679167 0.424074 0.679167 0.425926 0.671354 0.439815 0.670833 0.439815 0.666146 0.448148 0.665625 0.448148 0.660417 0.457407 0.659896 0.457407 0.655208 0.465741 0.654687 0.465741 0.649479 0.475000 0.648958 0.475000 0.643750 0.484259 0.643229 0.484259 0.638542 0.492593 0.638021 0.492593 0.632812 0.501852 0.632292 0.501852 0.627604 0.510185 0.627083 0.510185 0.625000 0.513889 0.625000 0.523148 0.625521 0.524074 0.625521 0.531481 0.626042 0.532407 0.626042 0.540741 0.626563 0.541667 0.626563 0.548148 0.627083 0.549074 0.627083 0.550000 0.627604 0.550926 0.627604 0.551852 0.628125 0.552778 0.628646 0.552778 0.629167 0.553704 0.629687 0.553704 0.630208 0.554630 0.630729 0.554630 0.631250 0.553704 0.631771 0.553704 0.632812 0.551852 0.633333 0.551852 0.635417 0.548148 0.635938 0.548148 0.640104 0.540741 0.640625 0.540741 0.645312 0.532407 0.645833 0.532407 0.650000 0.525000 0.650521 0.525000 0.654167 0.518519 0.654687 0.518519 0.658333 0.512037 0.658854 0.512037 0.661979 0.506481 0.662500 0.506481 0.665104 0.501852 0.665625 0.501852 0.667708 0.498148 0.668229 0.498148 0.670833 0.493519 0.671354 0.493519 0.672917 0.490741 0.673438 0.490741 0.675000 0.487963 0.675521 0.487963 0.676562 0.486111 0.677083 0.486111 0.678125 0.484259 0.678646 0.484259 0.679688 0.482407 0.680208 0.482407 0.680729 0.481481 0.681250 0.481481 0.681771 0.480556 0.682292 0.480556 0.682813 0.479630 0.683854 0.479630 0.684375 0.478704 0.686458 0.478704 0.686979 0.477778 0.687500 0.478704 0.690104 0.478704 0.690625 0.479630 0.691146 0.479630 0.691667 0.480556 0.692187 0.480556 0.692708 0.481481 0.693229 0.481481 0.693750 0.482407 0.694271 0.482407 0.695833 0.485185 0.696354 0.485185 0.697917 0.487963 0.698438 0.487963 0.701042 0.492593 0.701562 0.492593 0.705729 0.500000 0.706250 0.500000 0.719271 0.523148 0.719792 0.523148 0.725521 0.533333 0.725521 0.534259 0.732812 0.547222 0.733333 0.547222 0.737500 0.554630 0.738021 0.554630 0.738542 0.555556 0.739062 0.555556 0.739583 0.556481 0.741667 0.556481 0.742188 0.555556 0.742708 0.555556 0.743750 0.553704 0.743750 0.552778 0.744271 0.551852 0.744271 0.549074 0.743750 0.548148 0.743750 0.546296 0.743229 0.545370 0.743229 0.544444 0.742708 0.543519 0.742708 0.541667 0.742188 0.540741 0.742188 0.538889 0.741667 0.537963 0.741667 0.536111 0.741146 0.535185 0.741146 0.533333 0.740625 0.532407 0.740625 0.530556 0.740104 0.529630 0.740104 0.527778 0.739583 0.526852 0.739583 0.525926 0.739062 0.525000 0.739062 0.523148 0.738542 0.522222 0.738542 0.520370 0.738021 0.519444 0.738021 0.517593 0.737500 0.516667 0.737500 0.514815 0.736979 0.513889 0.736979 0.512037 0.736458 0.511111 0.736458 0.510185 0.726042 0.491667 0.726042 0.490741 0.708333 0.459259 0.708333 0.458333 0.706771 0.455556 0.706771 0.454630 0.706250 0.453704 0.706250 0.451852 0.705729 0.450926 0.705729 0.449074 0.705208 0.448148 0.705208 0.446296 0.704688 0.445370 0.704688 0.442593 0.704167 0.441667 0.704167 0.439815 0.703646 0.438889 0.703646 0.437037 0.703125 0.436111 0.703125 0.433333 0.699479 0.426852 0.698958 0.426852 0.696875 0.423148 0.696354 0.423148 0.694792 0.420370 0.694271 0.420370 0.693750 0.419444 0.693229 0.419444 0.692187 0.417593 0.691146 0.417593 0.690625 0.416667 0.690104 0.416667 0.689583 0.415741
0 0.257292 0.467593 0.115625 0.105556 0.202083 0.414815 0.200000 0.418519 0.200000 0.419444 0.199479 0.420370 0.199479 0.423148 0.200000 0.424074 0.200000 0.425000 0.210938 0.444444 0.211458 0.444444 0.217708 0.455556 0.218229 0.455556 0.224479 0.466667 0.225000 0.466667 0.231771 0.478704 0.232292 0.478704 0.238542 0.489815 0.239063 0.489815 0.245833 0.501852 0.246354 0.501852 0.252083 0.512037 0.252604 0.512037 0.255729 0.517593 0.256250 0.517593 0.257292 0.519444 0.257812 0.519444 0.258333 0.520370 0.260417 0.520370 0.260937 0.519444 0.261458 0.519444 0.263542 0.515741 0.264062 0.515741 0.311979 0.430556 0.311979 0.429630 0.313021 0.427778 0.313021 0.426852 0.314063 0.425000 0.314063 0.424074 0.315104 0.422222 0.314583 0.421296 0.313021 0.421296 0.312500 0.420370 0.310417 0.420370 0.309896 0.421296 0.308333 0.421296 0.307812 0.422222 0.307292 0.422222 0.306771 0.423148 0.306250 0.423148 0.305729 0.424074 0.305208 0.424074 0.304688 0.425000 0.304167 0.425000 0.302604 0.427778 0.302083 0.427778 0.300521 0.430556 0.300000 0.430556 0.297396 0.435185 0.296875 0.435185 0.292708 0.442593 0.292187 0.442593 0.284896 0.455556 0.284375 0.455556 0.262500 0.494444 0.261979 0.494444 0.260937 0.496296 0.260417 0.496296 0.259896 0.497222 0.259375 0.497222 0.258854 0.496296 0.258333 0.496296 0.257292 0.494444 0.256771 0.494444 0.256250 0.493519 0.256250 0.492593 0.255208 0.490741 0.255208 0.487037 0.256250 0.485185 0.256250 0.484259 0.257292 0.482407 0.257292 0.481481 0.258854 0.478704 0.258854 0.477778 0.260417 0.475000 0.260417 0.474074 0.261979 0.471296 0.261979 0.470370 0.263021 0.468519 0.263021 0.467593 0.264583 0.464815 0.264583 0.463889 0.266146 0.461111 0.266146 0.460185 0.267188 0.458333 0.267188 0.457407 0.268750 0.454630 0.268750 0.453704 0.270313 0.450926 0.270313 0.450000 0.271875 0.447222 0.271875 0.446296 0.272917 0.444444 0.272917 0.443519 0.274479 0.440741 0.274479 0.439815 0.276042 0.437037 0.266667 0.453704 0.266146 0.453704 0.264062 0.457407 0.263542 0.457407 0.263021 0.458333 0.261979 0.458333 0.261458 0.459259 0.261458 0.460185 0.259896 0.462963 0.259896 0.463889 0.258333 0.466667 0.258333 0.467593 0.256771 0.470370 0.256771 0.471296 0.255208 0.474074 0.255208 0.475000 0.253646 0.477778 0.253646 0.478704 0.252083 0.481481 0.252083 0.482407 0.251042 0.484259 0.250000 0.484259 0.249479 0.485185 0.248438 0.485185 0.247917 0.484259 0.247396 0.484259 0.246875 0.483333 0.246354 0.483333 0.245312 0.481481 0.244792 0.481481 0.242188 0.476852 0.241667 0.476852 0.235937 0.466667 0.235417 0.466667 0.229167 0.455556 0.228646 0.455556 0.223438 0.446296 0.222917 0.446296 0.218229 0.437963 0.217708 0.437963 0.214062 0.431481 0.213542 0.431481 0.210938 0.426852 0.210417 0.426852 0.207813 0.422222 0.207292 0.422222 0.205208 0.418519 0.204687 0.418519 0.203125 0.415741 0.202604 0.415741
0 0.401823 0.475000 0.067187 0.088889 0.434896 0.430556 0.434375 0.431481 0.432812 0.431481 0.432292 0.432407 0.431250 0.432407 0.430729 0.433333 0.430208 0.433333 0.429167 0.435185 0.428646 0.435185 0.427604 0.437037 0.427083 0.437037 0.426042 0.438889 0.425521 0.438889 0.423438 0.442593 0.422917 0.442593 0.420833 0.446296 0.420312 0.446296 0.417187 0.451852 0.416667 0.451852 0.412500 0.459259 0.411979 0.459259 0.405729 0.470370 0.405208 0.470370 0.394792 0.488889 0.394271 0.488889 0.385417 0.504630 0.384896 0.504630 0.383854 0.506481 0.383333 0.506481 0.382812 0.507407 0.381250 0.507407 0.380729 0.506481 0.380208 0.506481 0.378646 0.503704 0.378646 0.502778 0.378125 0.501852 0.378125 0.500926 0.377604 0.500000 0.377604 0.499074 0.378125 0.498148 0.378125 0.496296 0.378646 0.495370 0.378646 0.494444 0.379167 0.493519 0.379167 0.492593 0.379688 0.491667 0.379688 0.490741 0.380208 0.489815 0.380208 0.488889 0.380729 0.487963 0.380729 0.486111 0.381250 0.485185 0.381250 0.484259 0.381771 0.483333 0.381771 0.482407 0.382292 0.481481 0.382292 0.480556 0.382812 0.479630 0.382812 0.478704 0.383333 0.477778 0.383333 0.475926 0.383854 0.475000 0.383854 0.474074 0.384375 0.473148 0.384375 0.472222 0.384896 0.471296 0.384896 0.470370 0.385417 0.469444 0.385417 0.468519 0.385937 0.467593 0.385937 0.466667 0.384375 0.469444 0.383854 0.469444 0.381771 0.473148 0.381250 0.473148 0.380729 0.474074 0.378125 0.474074 0.377083 0.472222 0.376563 0.473148 0.376563 0.474074 0.376042 0.475000 0.376042 0.475926 0.375521 0.476852 0.375521 0.477778 0.375000 0.478704 0.375000 0.479630 0.374479 0.480556 0.374479 0.481481 0.373958 0.482407 0.373958 0.484259 0.373437 0.485185 0.373437 0.486111 0.372917 0.487037 0.372917 0.487963 0.372396 0.488889 0.372396 0.489815 0.371875 0.490741 0.371875 0.491667 0.371354 0.492593 0.371354 0.493519 0.370833 0.494444 0.370833 0.495370 0.369271 0.498148 0.368229 0.498148 0.368229 0.499074 0.372396 0.506481 0.372917 0.506481 0.378125 0.515741 0.378646 0.515741 0.379688 0.517593 0.380208 0.517593 0.380729 0.518519 0.381250 0.518519 0.381771 0.519444 0.382292 0.518519 0.383333 0.518519 0.383854 0.517593 0.384375 0.517593 0.386458 0.513889 0.386979 0.513889 0.397396 0.495370 0.397917 0.495370 0.411979 0.470370 0.412500 0.470370 0.427083 0.444444 0.427604 0.444444 0.435417 0.430556
0 0.523958 0.468981 0.068750 0.110185 0.558333 0.413889 0.557813 0.414815 0.557292 0.414815 0.556771 0.415741 0.556250 0.415741 0.555729 0.416667 0.555208 0.416667 0.554167 0.418519 0.553646 0.418519 0.552604 0.420370 0.552083 0.420370 0.550000 0.424074 0.549479 0.424074 0.547917 0.426852 0.547396 0.426852 0.544792 0.431481 0.544271 0.431481 0.541146 0.437037 0.540625 0.437037 0.536458 0.444444 0.535937 0.444444 0.531250 0.452778 0.530729 0.452778 0.524479 0.463889 0.523958 0.463889 0.516667 0.476852 0.516146 0.476852 0.511458 0.485185 0.510938 0.485185 0.509896 0.487037 0.507812 0.487037 0.507292 0.486111 0.506771 0.486111 0.504687 0.482407 0.504687 0.475000 0.505208 0.474074 0.505208 0.469444 0.505729 0.468519 0.505729 0.465741 0.505208 0.465741 0.503646 0.468519 0.503125 0.468519 0.502083 0.470370 0.500000 0.470370 0.499479 0.469444 0.498958 0.469444 0.498958 0.472222 0.498437 0.473148 0.498437 0.476852 0.497917 0.477778 0.497917 0.481481 0.497396 0.482407 0.497396 0.487037 0.496875 0.487963 0.496875 0.491667 0.496354 0.492593 0.496354 0.496296 0.495833 0.497222 0.495833 0.501852 0.495312 0.502778 0.495312 0.505556 0.493229 0.509259 0.490104 0.509259 0.489583 0.508333 0.490104 0.509259 0.490625 0.509259 0.496875 0.520370 0.497396 0.520370 0.498958 0.523148 0.500000 0.523148 0.500521 0.524074 0.501042 0.524074 0.501563 0.523148 0.502083 0.523148 0.502604 0.522222 0.503125 0.522222 0.504687 0.519444 0.505208 0.519444 0.509896 0.511111 0.510417 0.511111 0.517708 0.498148 0.518229 0.498148 0.525521 0.485185 0.526042 0.485185 0.533333 0.472222 0.533854 0.472222 0.541146 0.459259 0.541667 0.459259 0.549479 0.445370 0.550000 0.445370 0.557292 0.432407 0.557292 0.431481 0.557813 0.430556 0.557813 0.428704 0.558333 0.427778
0 0.621354 0.465278 0.115625 0.106481 0.564063 0.412037 0.564063 0.417593 0.563542 0.418519 0.563542 0.420370 0.564063 0.421296 0.564063 0.423148 0.565625 0.425926 0.565625 0.426852 0.590104 0.470370 0.590625 0.470370 0.615625 0.514815 0.616146 0.514815 0.617708 0.517593 0.618229 0.517593 0.618750 0.518519 0.620833 0.518519 0.621354 0.517593 0.621875 0.517593 0.623437 0.514815 0.623958 0.514815 0.627083 0.509259 0.627604 0.509259 0.632292 0.500926 0.632812 0.500926 0.638021 0.491667 0.638542 0.491667 0.643229 0.483333 0.643750 0.483333 0.648958 0.474074 0.649479 0.474074 0.654687 0.464815 0.655208 0.464815 0.659896 0.456481 0.660417 0.456481 0.665625 0.447222 0.666146 0.447222 0.670833 0.438889 0.671354 0.438889 0.678646 0.425926 0.678646 0.424074 0.679167 0.423148 0.678646 0.422222 0.678646 0.421296 0.678125 0.422222 0.677604 0.422222 0.676562 0.424074 0.676042 0.424074 0.675000 0.425926 0.674479 0.425926 0.672396 0.429630 0.671875 0.429630 0.669792 0.433333 0.669271 0.433333 0.667188 0.437037 0.666667 0.437037 0.664062 0.441667 0.663542 0.441667 0.660417 0.447222 0.659896 0.447222 0.656250 0.453704 0.655729 0.453704 0.651563 0.461111 0.651042 0.461111 0.646354 0.469444 0.645833 0.469444 0.641146 0.477778 0.640625 0.477778 0.635938 0.486111 0.635417 0.486111 0.633333 0.489815 0.632812 0.489815 0.631771 0.491667 0.629687 0.491667 0.629167 0.490741 0.628646 0.490741 0.627083 0.487963 0.627083 0.487037 0.626563 0.486111 0.626563 0.483333 0.626042 0.482407 0.626042 0.476852 0.624479 0.479630 0.623958 0.479630 0.622917 0.481481 0.619792 0.481481 0.619792 0.485185 0.617708 0.488889 0.614583 0.488889 0.614062 0.487963 0.613542 0.487963 0.613021 0.487037 0.612500 0.487037 0.602604 0.469444 0.602083 0.469444 0.585417 0.439815 0.584896 0.439815 0.579688 0.430556 0.579167 0.430556 0.575521 0.424074 0.575000 0.424074 0.572917 0.420370 0.572396 0.420370 0.570833 0.417593 0.570312 0.417593 0.569792 0.416667 0.569271 0.416667 0.568229 0.414815 0.567708 0.414815 0.567187 0.413889 0.566667 0.413889 0.566146 0.412963 0.564583 0.412963
0 0.763021 0.491667 0.118750 0.116667 0.703646 0.433333 0.703646 0.436111 0.704167 0.437037 0.704167 0.438889 0.704688 0.439815 0.704688 0.441667 0.705208 0.442593 0.705208 0.445370 0.705729 0.446296 0.705729 0.448148 0.706250 0.449074 0.706250 0.450926 0.706771 0.451852 0.706771 0.453704 0.707292 0.454630 0.707292 0.455556 0.708854 0.458333 0.708854 0.459259 0.726562 0.490741 0.726562 0.491667 0.758333 0.548148 0.758854 0.548148 0.759896 0.550000 0.762500 0.550000 0.763021 0.549074 0.763542 0.549074 0.765104 0.546296 0.765625 0.546296 0.768229 0.541667 0.768750 0.541667 0.771875 0.536111 0.772396 0.536111 0.775521 0.530556 0.776042 0.530556 0.779687 0.524074 0.780208 0.524074 0.783854 0.517593 0.784375 0.517593 0.787500 0.512037 0.788021 0.512037 0.791667 0.505556 0.792188 0.505556 0.795833 0.499074 0.796354 0.499074 0.800000 0.492593 0.800521 0.492593 0.803646 0.487037 0.804167 0.487037 0.807813 0.480556 0.808333 0.480556 0.811979 0.474074 0.812500 0.474074 0.816146 0.467593 0.816667 0.467593 0.822396 0.457407 0.822396 0.452778 0.821875 0.451852 0.821875 0.450926 0.821354 0.450000 0.821354 0.449074 0.820312 0.447222 0.820312 0.446296 0.819792 0.445370 0.819271 0.446296 0.818750 0.446296 0.815104 0.452778 0.814583 0.452778 0.810937 0.459259 0.810417 0.459259 0.806771 0.465741 0.806250 0.465741 0.803125 0.471296 0.802604 0.471296 0.798958 0.477778 0.798438 0.477778 0.794792 0.484259 0.794271 0.484259 0.790625 0.490741 0.790104 0.490741 0.786458 0.497222 0.785937 0.497222 0.782292 0.503704 0.781771 0.503704 0.778646 0.509259 0.778125 0.509259 0.776042 0.512963 0.775521 0.512963 0.773958 0.515741 0.773438 0.515741 0.772917 0.516667 0.769792 0.516667 0.768229 0.513889 0.767708 0.513889 0.753125 0.487963 0.753125 0.487037 0.739062 0.462037 0.739583 0.462963 0.739583 0.464815 0.740104 0.465741 0.740104 0.466667 0.740625 0.467593 0.740625 0.469444 0.741146 0.470370 0.741146 0.472222 0.741667 0.473148 0.741667 0.474074 0.742188 0.475000 0.742188 0.476852 0.742708 0.477778 0.742708 0.478704 0.743229 0.479630 0.743229 0.481481 0.743750 0.482407 0.743750 0.484259 0.744271 0.485185 0.744271 0.489815 0.742188 0.493519 0.738542 0.493519 0.737500 0.491667 0.736979 0.491667 0.711458 0.446296 0.710938 0.446296
0 0.200260 0.420833 0.122396 0.126852 0.202083 0.357407 0.188021 0.382407 0.187500 0.382407 0.183854 0.388889 0.183854 0.389815 0.170313 0.413889 0.170313 0.414815 0.157292 0.437963 0.157292 0.438889 0.144271 0.462037 0.144271 0.462963 0.140104 0.470370 0.140104 0.471296 0.139063 0.473148 0.139063 0.476852 0.139583 0.477778 0.139583 0.478704 0.141146 0.481481 0.141667 0.481481 0.142187 0.482407 0.143750 0.482407 0.144271 0.481481 0.144792 0.481481 0.178646 0.421296 0.179167 0.421296 0.182292 0.415741 0.182812 0.415741 0.184375 0.412963 0.184896 0.412963 0.185938 0.411111 0.186458 0.411111 0.187500 0.409259 0.188021 0.409259 0.188542 0.408333 0.189583 0.408333 0.190104 0.407407 0.191667 0.407407 0.192188 0.406481 0.193229 0.406481 0.193750 0.407407 0.195833 0.407407 0.196354 0.408333 0.196875 0.408333 0.197396 0.409259 0.197917 0.409259 0.198437 0.410185 0.198958 0.410185 0.199479 0.411111 0.200000 0.411111 0.201042 0.412963 0.201563 0.412963 0.202604 0.414815 0.203125 0.414815 0.204687 0.417593 0.205208 0.417593 0.207292 0.421296 0.207813 0.421296 0.210417 0.425926 0.210938 0.425926 0.213542 0.430556 0.214062 0.430556 0.217708 0.437037 0.218229 0.437037 0.222917 0.445370 0.223438 0.445370 0.228646 0.454630 0.229167 0.454630 0.235417 0.465741 0.235937 0.465741 0.241667 0.475926 0.242188 0.475926 0.244792 0.480556 0.245312 0.480556 0.246354 0.482407 0.246875 0.482407 0.247396 0.483333 0.247917 0.483333 0.248438 0.484259 0.249479 0.484259 0.250000 0.483333 0.251042 0.483333 0.251563 0.482407 0.251563 0.481481 0.253125 0.478704 0.253125 0.477778 0.254688 0.475000 0.254688 0.474074 0.256250 0.471296 0.256250 0.470370 0.257812 0.467593 0.257812 0.466667 0.259375 0.463889 0.259375 0.462963 0.260937 0.460185 0.260937 0.459259 0.261458 0.458333 0.260417 0.458333 0.259375 0.456481 0.258854 0.456481 0.256250 0.451852 0.255729 0.451852 0.249479 0.440741 0.248958 0.440741 0.242188 0.428704 0.241667 0.428704 0.234375 0.415741 0.233854 0.415741 0.226562 0.402778 0.226042 0.402778 0.218750 0.389815 0.218229 0.389815 0.210938 0.376852 0.210417 0.376852 0.203125 0.363889 0.203125 0.362963 0.202083 0.361111
0 0.316146 0.432407 0.120833 0.131481 0.315104 0.366667 0.301563 0.390741 0.301563 0.391667 0.276562 0.436111 0.276562 0.437037 0.275000 0.439815 0.275000 0.440741 0.273438 0.443519 0.273438 0.444444 0.272396 0.446296 0.272396 0.447222 0.270833 0.450000 0.270833 0.450926 0.269271 0.453704 0.269271 0.454630 0.267708 0.457407 0.267708 0.458333 0.266667 0.460185 0.266667 0.461111 0.265104 0.463889 0.265104 0.464815 0.263542 0.467593 0.263542 0.468519 0.262500 0.470370 0.262500 0.471296 0.260937 0.474074 0.260937 0.475000 0.259375 0.477778 0.259375 0.478704 0.257812 0.481481 0.257812 0.482407 0.256771 0.484259 0.256771 0.485185 0.255729 0.487037 0.255729 0.490741 0.256771 0.492593 0.256771 0.493519 0.257292 0.493519 0.258333 0.495370 0.258854 0.495370 0.259375 0.496296 0.259896 0.496296 0.260417 0.495370 0.260937 0.495370 0.261979 0.493519 0.262500 0.493519 0.284375 0.454630 0.284896 0.454630 0.292187 0.441667 0.292708 0.441667 0.296875 0.434259 0.297396 0.434259 0.300000 0.429630 0.300521 0.429630 0.302083 0.426852 0.302604 0.426852 0.304167 0.424074 0.304688 0.424074 0.305208 0.423148 0.305729 0.423148 0.306250 0.422222 0.306771 0.422222 0.307292 0.421296 0.307812 0.421296 0.308333 0.420370 0.309896 0.420370 0.310417 0.419444 0.312500 0.419444 0.313021 0.420370 0.314583 0.420370 0.315104 0.421296 0.316146 0.421296 0.316667 0.422222 0.317188 0.422222 0.318229 0.424074 0.318750 0.424074 0.319271 0.425000 0.319792 0.425000 0.321354 0.427778 0.321875 0.427778 0.323437 0.430556 0.323958 0.430556 0.326042 0.434259 0.326562 0.434259 0.329167 0.438889 0.329688 0.438889 0.333333 0.445370 0.333854 0.445370 0.338542 0.453704 0.339062 0.453704 0.345313 0.464815 0.345833 0.464815 0.354167 0.479630 0.354687 0.479630 0.361458 0.491667 0.361979 0.491667 0.364063 0.495370 0.364583 0.495370 0.365104 0.496296 0.365625 0.496296 0.366146 0.497222 0.367188 0.497222 0.367708 0.498148 0.368229 0.497222 0.369271 0.497222 0.370312 0.495370 0.370312 0.494444 0.370833 0.493519 0.370833 0.492593 0.371354 0.491667 0.371354 0.490741 0.371875 0.489815 0.371875 0.488889 0.372396 0.487963 0.372396 0.487037 0.372917 0.486111 0.372917 0.485185 0.373437 0.484259 0.373437 0.482407 0.373958 0.481481 0.373958 0.480556 0.374479 0.479630 0.374479 0.478704 0.375000 0.477778 0.375000 0.476852 0.375521 0.475926 0.375521 0.475000 0.376042 0.474074 0.376042 0.473148 0.376563 0.472222 0.373437 0.466667 0.372917 0.466667 0.364063 0.450926 0.363542 0.450926 0.353125 0.432407 0.352604 0.432407 0.342187 0.413889 0.341667 0.413889 0.330729 0.394444 0.330208 0.394444 0.321354 0.378704 0.321354 0.377778 0.320312 0.375926 0.320312 0.372222 0.319792 0.372222 0.318750 0.370370 0.318229 0.370370 0.317188 0.368519 0.316667 0.368519 0.316146 0.367593 0.315625 0.367593
0 0.438281 0.434259 0.120313 0.148148 0.440104 0.360185 0.439583 0.361111 0.439583 0.362037 0.439063 0.362963 0.439063 0.364815 0.438542 0.365741 0.438542 0.367593 0.438021 0.368519 0.438021 0.369444 0.437500 0.370370 0.437500 0.372222 0.436979 0.373148 0.436979 0.374074 0.436458 0.375000 0.436458 0.376852 0.435937 0.377778 0.435937 0.378704 0.435417 0.379630 0.435417 0.380556 0.414583 0.417593 0.414062 0.417593 0.396354 0.449074 0.395833 0.449074 0.386458 0.465741 0.386458 0.467593 0.385937 0.468519 0.385937 0.469444 0.385417 0.470370 0.385417 0.471296 0.384896 0.472222 0.384896 0.473148 0.384375 0.474074 0.384375 0.475000 0.383854 0.475926 0.383854 0.477778 0.383333 0.478704 0.383333 0.479630 0.382812 0.480556 0.382812 0.481481 0.382292 0.482407 0.382292 0.483333 0.381771 0.484259 0.381771 0.485185 0.381250 0.486111 0.381250 0.487963 0.380729 0.488889 0.380729 0.489815 0.380208 0.490741 0.380208 0.491667 0.379688 0.492593 0.379688 0.493519 0.379167 0.494444 0.379167 0.495370 0.378646 0.496296 0.378646 0.498148 0.378125 0.499074 0.378125 0.500000 0.378646 0.500926 0.378646 0.501852 0.379167 0.502778 0.379167 0.503704 0.380208 0.505556 0.380729 0.505556 0.381250 0.506481 0.382812 0.506481 0.383333 0.505556 0.383854 0.505556 0.384896 0.503704 0.385417 0.503704 0.394271 0.487963 0.394792 0.487963 0.405208 0.469444 0.405729 0.469444 0.411979 0.458333 0.412500 0.458333 0.416667 0.450926 0.417187 0.450926 0.420312 0.445370 0.420833 0.445370 0.422917 0.441667 0.423438 0.441667 0.425521 0.437963 0.426042 0.437963 0.427083 0.436111 0.427604 0.436111 0.428646 0.434259 0.429167 0.434259 0.430208 0.432407 0.430729 0.432407 0.431250 0.431481 0.432292 0.431481 0.432812 0.430556 0.434375 0.430556 0.434896 0.429630 0.436979 0.429630 0.437500 0.430556 0.439063 0.430556 0.439583 0.431481 0.440625 0.431481 0.441146 0.432407 0.441667 0.432407 0.442708 0.434259 0.443229 0.434259 0.444271 0.436111 0.444792 0.436111 0.445833 0.437963 0.446354 0.437963 0.448437 0.441667 0.448958 0.441667 0.451562 0.446296 0.452083 0.446296 0.455729 0.452778 0.456250 0.452778 0.461458 0.462037 0.461979 0.462037 0.470833 0.477778 0.471354 0.477778 0.483854 0.500000 0.484375 0.500000 0.488021 0.506481 0.488542 0.506481 0.489063 0.507407 0.489583 0.507407 0.490104 0.508333 0.493229 0.508333 0.494792 0.505556 0.494792 0.502778 0.495312 0.501852 0.495312 0.497222 0.495833 0.496296 0.495833 0.492593 0.496354 0.491667 0.496354 0.487963 0.496875 0.487037 0.496875 0.482407 0.497396 0.481481 0.497396 0.477778 0.497917 0.476852 0.497917 0.473148 0.498437 0.472222 0.498437 0.468519 0.497917 0.467593 0.497396 0.467593 0.489583 0.453704 0.489063 0.453704 0.470313 0.420370 0.469792 0.420370 0.443750 0.374074 0.443750 0.373148 0.443229 0.372222 0.443229 0.367593 0.443750 0.366667 0.443750 0.364815 0.444271 0.363889 0.444271 0.362037 0.443750 0.362037 0.443229 0.361111 0.442708 0.361111 0.442188 0.360185
0 0.562240 0.431019 0.114062 0.113889 0.560937 0.374074 0.560417 0.375000 0.559375 0.375000 0.558854 0.375926 0.558333 0.375926 0.558333 0.376852 0.548438 0.394444 0.547917 0.394444 0.539583 0.409259 0.539062 0.409259 0.530208 0.425000 0.529687 0.425000 0.521354 0.439815 0.520833 0.439815 0.512500 0.454630 0.511979 0.454630 0.506250 0.464815 0.506250 0.468519 0.505729 0.469444 0.505729 0.474074 0.505208 0.475000 0.505208 0.482407 0.506771 0.485185 0.507292 0.485185 0.507812 0.486111 0.509896 0.486111 0.510938 0.484259 0.511458 0.484259 0.516146 0.475926 0.516667 0.475926 0.523958 0.462963 0.524479 0.462963 0.530729 0.451852 0.531250 0.451852 0.535937 0.443519 0.536458 0.443519 0.540625 0.436111 0.541146 0.436111 0.544271 0.430556 0.544792 0.430556 0.547396 0.425926 0.547917 0.425926 0.549479 0.423148 0.550000 0.423148 0.552083 0.419444 0.552604 0.419444 0.553646 0.417593 0.554167 0.417593 0.555208 0.415741 0.555729 0.415741 0.556250 0.414815 0.556771 0.414815 0.557292 0.413889 0.557813 0.413889 0.558333 0.412963 0.558854 0.412963 0.559375 0.412037 0.560937 0.412037 0.561458 0.411111 0.564063 0.411111 0.564583 0.412037 0.566146 0.412037 0.566667 0.412963 0.567187 0.412963 0.567708 0.413889 0.568229 0.413889 0.569271 0.415741 0.569792 0.415741 0.570312 0.416667 0.570833 0.416667 0.572396 0.419444 0.572917 0.419444 0.575000 0.423148 0.575521 0.423148 0.579167 0.429630 0.579688 0.429630 0.584896 0.438889 0.585417 0.438889 0.602083 0.468519 0.602604 0.468519 0.612500 0.486111 0.613021 0.486111 0.613542 0.487037 0.614062 0.487037 0.614583 0.487963 0.617708 0.487963 0.619271 0.485185 0.619271 0.480556 0.618750 0.479630 0.618229 0.479630 0.599479 0.446296 0.598958 0.446296 0.566146 0.387963 0.566146 0.387037 0.564063 0.383333 0.564063 0.382407 0.563542 0.381481 0.563542 0.374074
0 0.685156 0.431944 0.117188 0.121296 0.688021 0.371296 0.687500 0.372222 0.686458 0.372222 0.685937 0.373148 0.684896 0.373148 0.683854 0.375000 0.683333 0.375000 0.682813 0.375926 0.682292 0.375926 0.681771 0.376852 0.682292 0.377778 0.682292 0.380556 0.682813 0.381481 0.682813 0.383333 0.682292 0.384259 0.682292 0.385185 0.672396 0.402778 0.671875 0.402778 0.666667 0.412037 0.666146 0.412037 0.660937 0.421296 0.660417 0.421296 0.655208 0.430556 0.654687 0.430556 0.649479 0.439815 0.648958 0.439815 0.643750 0.449074 0.643229 0.449074 0.637500 0.459259 0.636979 0.459259 0.631771 0.468519 0.631250 0.468519 0.627083 0.475926 0.626563 0.475926 0.626563 0.482407 0.627083 0.483333 0.627083 0.486111 0.627604 0.487037 0.627604 0.487963 0.628646 0.489815 0.629167 0.489815 0.629687 0.490741 0.631771 0.490741 0.632812 0.488889 0.633333 0.488889 0.635417 0.485185 0.635938 0.485185 0.640625 0.476852 0.641146 0.476852 0.645833 0.468519 0.646354 0.468519 0.651042 0.460185 0.651563 0.460185 0.655729 0.452778 0.656250 0.452778 0.659896 0.446296 0.660417 0.446296 0.663542 0.440741 0.664062 0.440741 0.666667 0.436111 0.667188 0.436111 0.669271 0.432407 0.669792 0.432407 0.671875 0.428704 0.672396 0.428704 0.674479 0.425000 0.675000 0.425000 0.676042 0.423148 0.676562 0.423148 0.677604 0.421296 0.678125 0.421296 0.679167 0.419444 0.679688 0.419444 0.680208 0.418519 0.680729 0.418519 0.681771 0.416667 0.682813 0.416667 0.683333 0.415741 0.683854 0.415741 0.684375 0.414815 0.689583 0.414815 0.690104 0.415741 0.690625 0.415741 0.691146 0.416667 0.692187 0.416667 0.693229 0.418519 0.693750 0.418519 0.694271 0.419444 0.694792 0.419444 0.696354 0.422222 0.696875 0.422222 0.698958 0.425926 0.699479 0.425926 0.703125 0.432407 0.703646 0.432407 0.710938 0.445370 0.711458 0.445370 0.736979 0.490741 0.737500 0.490741 0.738542 0.492593 0.742188 0.492593 0.743750 0.489815 0.743750 0.485185 0.743229 0.484259 0.743229 0.482407 0.742708 0.481481 0.742708 0.479630 0.742188 0.478704 0.742188 0.477778 0.741667 0.476852 0.741667 0.475000 0.741146 0.474074 0.741146 0.473148 0.740625 0.472222 0.740625 0.470370 0.740104 0.469444 0.740104 0.467593 0.739583 0.466667 0.739583 0.465741 0.739062 0.464815 0.739062 0.462963 0.738542 0.462037 0.738542 0.461111 0.727083 0.440741 0.727083 0.439815 0.717708 0.423148 0.717708 0.422222 0.716146 0.419444 0.716146 0.417593 0.715625 0.416667 0.715625 0.414815 0.715104 0.413889 0.715104 0.412037 0.714583 0.411111 0.714583 0.409259 0.714063 0.408333 0.714063 0.406481 0.713542 0.405556 0.713542 0.403704 0.713021 0.402778 0.713021 0.401852 0.712500 0.400926 0.712500 0.399074 0.706771 0.388889 0.706250 0.388889 0.702604 0.382407 0.702083 0.382407 0.700000 0.378704 0.699479 0.378704 0.697917 0.375926 0.697396 0.375926 0.696875 0.375000 0.696354 0.375000 0.695312 0.373148 0.694271 0.373148 0.693750 0.372222 0.693229 0.372222 0.692708 0.371296
0 0.258594 0.405556 0.111979 0.103704 0.204167 0.353704 0.202604 0.356481 0.202604 0.361111 0.203646 0.362963 0.203646 0.363889 0.210417 0.375926 0.210938 0.375926 0.218229 0.388889 0.218750 0.388889 0.226042 0.401852 0.226562 0.401852 0.233854 0.414815 0.234375 0.414815 0.241667 0.427778 0.242188 0.427778 0.248958 0.439815 0.249479 0.439815 0.255729 0.450926 0.256250 0.450926 0.258854 0.455556 0.259375 0.455556 0.260417 0.457407 0.263021 0.457407 0.263542 0.456481 0.264062 0.456481 0.266146 0.452778 0.266667 0.452778 0.301042 0.391667 0.301042 0.390741 0.314583 0.366667 0.314063 0.365741 0.312500 0.365741 0.311979 0.364815 0.308854 0.364815 0.308333 0.365741 0.307292 0.365741 0.306771 0.366667 0.305729 0.366667 0.304688 0.368519 0.304167 0.368519 0.303646 0.369444 0.303125 0.369444 0.301563 0.372222 0.301042 0.372222 0.299479 0.375000 0.298958 0.375000 0.296354 0.379630 0.295833 0.379630 0.291146 0.387963 0.290625 0.387963 0.279167 0.408333 0.278646 0.408333 0.268750 0.425926 0.268750 0.426852 0.264062 0.435185 0.263542 0.435185 0.259896 0.441667 0.259375 0.441667 0.258854 0.442593 0.258333 0.442593 0.257812 0.441667 0.256771 0.441667 0.254167 0.437037 0.254167 0.431481 0.255729 0.428704 0.255729 0.427778 0.257292 0.425000 0.257292 0.424074 0.259375 0.420370 0.259375 0.419444 0.261458 0.415741 0.261458 0.414815 0.263542 0.411111 0.263542 0.410185 0.265625 0.406481 0.265625 0.405556 0.267188 0.402778 0.267188 0.401852 0.269271 0.398148 0.269271 0.397222 0.271354 0.393519 0.271354 0.392593 0.273438 0.388889 0.273438 0.387963 0.275000 0.385185 0.275000 0.384259 0.277083 0.380556 0.260417 0.410185 0.259896 0.410185 0.259375 0.411111 0.258854 0.411111 0.258333 0.412037 0.257812 0.412037 0.257812 0.412963 0.255729 0.416667 0.255729 0.417593 0.252604 0.423148 0.249479 0.423148 0.248438 0.421296 0.247917 0.421296 0.246875 0.419444 0.246354 0.419444 0.242188 0.412037 0.241667 0.412037 0.234375 0.399074 0.233854 0.399074 0.227604 0.387963 0.227083 0.387963 0.221875 0.378704 0.221354 0.378704 0.217708 0.372222 0.217188 0.372222 0.213542 0.365741 0.213021 0.365741 0.210417 0.361111 0.209896 0.361111 0.207813 0.357407 0.207292 0.357407 0.205729 0.354630 0.205208 0.354630 0.204687 0.353704
0 0.380208 0.416204 0.118750 0.113889 0.438021 0.359259 0.437500 0.360185 0.435937 0.360185 0.435417 0.361111 0.434896 0.361111 0.434375 0.362037 0.433854 0.362037 0.433333 0.362963 0.432812 0.362963 0.432292 0.363889 0.431771 0.363889 0.430729 0.365741 0.430208 0.365741 0.428646 0.368519 0.428125 0.368519 0.426042 0.372222 0.425521 0.372222 0.422396 0.377778 0.421875 0.377778 0.418229 0.384259 0.417708 0.384259 0.411979 0.394444 0.411458 0.394444 0.399479 0.415741 0.398958 0.415741 0.389062 0.433333 0.388542 0.433333 0.387500 0.435185 0.386979 0.435185 0.386458 0.436111 0.385937 0.436111 0.385417 0.435185 0.384896 0.435185 0.384375 0.434259 0.383854 0.434259 0.382812 0.432407 0.382812 0.431481 0.382292 0.430556 0.382292 0.429630 0.381771 0.428704 0.381771 0.426852 0.382292 0.425926 0.382292 0.425000 0.382812 0.424074 0.382812 0.423148 0.383333 0.422222 0.383333 0.421296 0.383854 0.420370 0.383854 0.419444 0.384375 0.418519 0.384375 0.417593 0.384896 0.416667 0.384896 0.415741 0.385417 0.414815 0.385417 0.413889 0.382812 0.418519 0.382292 0.418519 0.380729 0.421296 0.380208 0.421296 0.379688 0.422222 0.377083 0.422222 0.376563 0.421296 0.375521 0.421296 0.375521 0.422222 0.375000 0.423148 0.375000 0.424074 0.374479 0.425000 0.374479 0.425926 0.373958 0.426852 0.373958 0.427778 0.373437 0.428704 0.373437 0.429630 0.372917 0.430556 0.372917 0.431481 0.372396 0.432407 0.372396 0.433333 0.371875 0.434259 0.371875 0.435185 0.371354 0.436111 0.371354 0.437037 0.370833 0.437963 0.370833 0.438889 0.369792 0.440741 0.369792 0.441667 0.369271 0.442593 0.368750 0.442593 0.368229 0.443519 0.365104 0.443519 0.364063 0.441667 0.363542 0.441667 0.361979 0.438889 0.361458 0.438889 0.355208 0.427778 0.354687 0.427778 0.345313 0.411111 0.344792 0.411111 0.338021 0.399074 0.337500 0.399074 0.332813 0.390741 0.332292 0.390741 0.328646 0.384259 0.328125 0.384259 0.325000 0.378704 0.324479 0.378704 0.322917 0.375926 0.322396 0.375926 0.320833 0.373148 0.320833 0.375926 0.321875 0.377778 0.321875 0.378704 0.330208 0.393519 0.330729 0.393519 0.341667 0.412963 0.342187 0.412963 0.352604 0.431481 0.353125 0.431481 0.363542 0.450000 0.364063 0.450000 0.372917 0.465741 0.373437 0.465741 0.376563 0.471296 0.377083 0.471296 0.378125 0.473148 0.380729 0.473148 0.381250 0.472222 0.381771 0.472222 0.383854 0.468519 0.384375 0.468519 0.395833 0.448148 0.396354 0.448148 0.414062 0.416667 0.414583 0.416667 0.434896 0.380556 0.434896 0.379630 0.435417 0.378704 0.435417 0.377778 0.435937 0.376852 0.435937 0.375000 0.436458 0.374074 0.436458 0.373148 0.436979 0.372222 0.436979 0.370370 0.437500 0.369444 0.437500 0.368519 0.438021 0.367593 0.438021 0.365741 0.438542 0.364815 0.438542 0.362963 0.439063 0.362037 0.439063 0.361111 0.439583 0.360185 0.439583 0.359259
0 0.500781 0.416204 0.114062 0.106481 0.444792 0.362963 0.444792 0.363889 0.444271 0.364815 0.444271 0.366667 0.443750 0.367593 0.443750 0.372222 0.444271 0.373148 0.444271 0.374074 0.469792 0.419444 0.470313 0.419444 0.489063 0.452778 0.489583 0.452778 0.497396 0.466667 0.497917 0.466667 0.498958 0.468519 0.499479 0.468519 0.500000 0.469444 0.502083 0.469444 0.503125 0.467593 0.503646 0.467593 0.505208 0.464815 0.505729 0.464815 0.511979 0.453704 0.512500 0.453704 0.520833 0.438889 0.521354 0.438889 0.529687 0.424074 0.530208 0.424074 0.539062 0.408333 0.539583 0.408333 0.547917 0.393519 0.548438 0.393519 0.557813 0.376852 0.557813 0.375926 0.556771 0.377778 0.556250 0.377778 0.555729 0.378704 0.555208 0.378704 0.554167 0.380556 0.553646 0.380556 0.552604 0.382407 0.552083 0.382407 0.550521 0.385185 0.550000 0.385185 0.547917 0.388889 0.547396 0.388889 0.544792 0.393519 0.544271 0.393519 0.541146 0.399074 0.540625 0.399074 0.536979 0.405556 0.536458 0.405556 0.531771 0.413889 0.531250 0.413889 0.525000 0.425000 0.524479 0.425000 0.516146 0.439815 0.515625 0.439815 0.510417 0.449074 0.509896 0.449074 0.508854 0.450926 0.508333 0.450926 0.507812 0.451852 0.505729 0.451852 0.503125 0.447222 0.503125 0.446296 0.502604 0.445370 0.502604 0.442593 0.503125 0.441667 0.503125 0.437037 0.503646 0.436111 0.503646 0.432407 0.504167 0.431481 0.504167 0.428704 0.502083 0.432407 0.501563 0.432407 0.500521 0.434259 0.497917 0.434259 0.497396 0.433333 0.496875 0.433333 0.496875 0.434259 0.495312 0.437037 0.494271 0.437037 0.493750 0.437963 0.493229 0.437963 0.492708 0.437037 0.491667 0.437037 0.490625 0.435185 0.490104 0.435185 0.487500 0.430556 0.486979 0.430556 0.471875 0.403704 0.471354 0.403704 0.462500 0.387963 0.461979 0.387963 0.457292 0.379630 0.456771 0.379630 0.453125 0.373148 0.452604 0.373148 0.450521 0.369444 0.450000 0.369444 0.448437 0.366667 0.447917 0.366667 0.446354 0.363889 0.445833 0.363889 0.445312 0.362963
0 0.623177 0.427315 0.118229 0.106481 0.564063 0.374074 0.564063 0.381481 0.564583 0.382407 0.564583 0.383333 0.566667 0.387037 0.566667 0.387963 0.598958 0.445370 0.599479 0.445370 0.618229 0.478704 0.618750 0.478704 0.619792 0.480556 0.622917 0.480556 0.623958 0.478704 0.624479 0.478704 0.626563 0.475000 0.627083 0.475000 0.631250 0.467593 0.631771 0.467593 0.636979 0.458333 0.637500 0.458333 0.643229 0.448148 0.643750 0.448148 0.648958 0.438889 0.649479 0.438889 0.654687 0.429630 0.655208 0.429630 0.660417 0.420370 0.660937 0.420370 0.666146 0.411111 0.666667 0.411111 0.671875 0.401852 0.672396 0.401852 0.681771 0.385185 0.681771 0.384259 0.682292 0.383333 0.682292 0.381481 0.681771 0.380556 0.681771 0.377778 0.680729 0.377778 0.679688 0.379630 0.679167 0.379630 0.677604 0.382407 0.677083 0.382407 0.675521 0.385185 0.675000 0.385185 0.672917 0.388889 0.672396 0.388889 0.670312 0.392593 0.669792 0.392593 0.666667 0.398148 0.666146 0.398148 0.663021 0.403704 0.662500 0.403704 0.658854 0.410185 0.658333 0.410185 0.654167 0.417593 0.653646 0.417593 0.648438 0.426852 0.647917 0.426852 0.642708 0.436111 0.642188 0.436111 0.637500 0.444444 0.636979 0.444444 0.634896 0.448148 0.634375 0.448148 0.633854 0.449074 0.633333 0.449074 0.632812 0.450000 0.631771 0.450000 0.631250 0.449074 0.630729 0.449074 0.628646 0.445370 0.628646 0.444444 0.628125 0.443519 0.628125 0.438889 0.627604 0.437963 0.627604 0.436111 0.625521 0.439815 0.625000 0.439815 0.624479 0.440741 0.621875 0.440741 0.621354 0.439815 0.621354 0.444444 0.621875 0.445370 0.621875 0.448148 0.621354 0.449074 0.621354 0.450000 0.619271 0.453704 0.616146 0.453704 0.615625 0.452778 0.615104 0.452778 0.613542 0.450000 0.613021 0.450000 0.592708 0.413889 0.592187 0.413889 0.583333 0.398148 0.582812 0.398148 0.578125 0.389815 0.577604 0.389815 0.575000 0.385185 0.574479 0.385185 0.572396 0.381481 0.571875 0.381481 0.570833 0.379630 0.570312 0.379630 0.569271 0.377778 0.568750 0.377778 0.568229 0.376852 0.567708 0.376852 0.567187 0.375926 0.566667 0.375926 0.566146 0.375000 0.565104 0.375000 0.564583 0.374074
0 0.773438 0.397685 0.120833 0.236111 0.781250 0.279630 0.779687 0.282407 0.779167 0.282407 0.775000 0.289815 0.774479 0.289815 0.769792 0.298148 0.769271 0.298148 0.765104 0.305556 0.764583 0.305556 0.760417 0.312963 0.759896 0.312963 0.756771 0.318519 0.756250 0.318519 0.753646 0.323148 0.753125 0.323148 0.750521 0.327778 0.750000 0.327778 0.747917 0.331481 0.747396 0.331481 0.745833 0.334259 0.745313 0.334259 0.744271 0.336111 0.743750 0.336111 0.742708 0.337963 0.742188 0.337963 0.741667 0.338889 0.741146 0.338889 0.740104 0.340741 0.739062 0.340741 0.738542 0.341667 0.733854 0.341667 0.733333 0.340741 0.732292 0.340741 0.731250 0.338889 0.730729 0.338889 0.729688 0.337037 0.729167 0.337037 0.727604 0.334259 0.727083 0.334259 0.723437 0.327778 0.722917 0.327778 0.720833 0.324074 0.721354 0.325000 0.721354 0.325926 0.721875 0.326852 0.721875 0.327778 0.722396 0.328704 0.722396 0.330556 0.722917 0.331481 0.722917 0.332407 0.723437 0.333333 0.723437 0.335185 0.723958 0.336111 0.723958 0.337037 0.724479 0.337963 0.724479 0.339815 0.725000 0.340741 0.725000 0.341667 0.725521 0.342593 0.725521 0.343519 0.726042 0.344444 0.726042 0.346296 0.726562 0.347222 0.726562 0.348148 0.727083 0.349074 0.727083 0.350926 0.727604 0.351852 0.727604 0.352778 0.728125 0.353704 0.728125 0.355556 0.728646 0.356481 0.728646 0.357407 0.729167 0.358333 0.729167 0.359259 0.729688 0.360185 0.729688 0.362037 0.730208 0.362963 0.730208 0.363889 0.730729 0.364815 0.730729 0.366667 0.731250 0.367593 0.731250 0.368519 0.731771 0.369444 0.731771 0.371296 0.732292 0.372222 0.732292 0.373148 0.732812 0.374074 0.732812 0.375000 0.733333 0.375926 0.733333 0.377778 0.733854 0.378704 0.733854 0.379630 0.734375 0.380556 0.734375 0.382407 0.734896 0.383333 0.734896 0.384259 0.735417 0.385185 0.735417 0.387037 0.735938 0.387963 0.735938 0.388889 0.736458 0.389815 0.736458 0.390741 0.736979 0.391667 0.736979 0.393519 0.737500 0.394444 0.737500 0.395370 0.738021 0.396296 0.738021 0.398148 0.738542 0.399074 0.738542 0.400000 0.739062 0.400926 0.739062 0.402778 0.739583 0.403704 0.739583 0.404630 0.740104 0.405556 0.740104 0.406481 0.740625 0.407407 0.740625 0.409259 0.741146 0.410185 0.741146 0.411111 0.741667 0.412037 0.741667 0.413889 0.742188 0.414815 0.742188 0.415741 0.742708 0.416667 0.742708 0.417593 0.743229 0.418519 0.743229 0.420370 0.743750 0.421296 0.743750 0.422222 0.744271 0.423148 0.744271 0.425000 0.744792 0.425926 0.744792 0.426852 0.745313 0.427778 0.745313 0.429630 0.745833 0.430556 0.745833 0.431481 0.746354 0.432407 0.746354 0.433333 0.746875 0.434259 0.746875 0.436111 0.747396 0.437037 0.747396 0.437963 0.747917 0.438889 0.747917 0.440741 0.748437 0.441667 0.748437 0.442593 0.748958 0.443519 0.748958 0.446296 0.748437 0.447222 0.748437 0.448148 0.746875 0.450926 0.746354 0.450926 0.745833 0.451852 0.743750 0.451852 0.743229 0.450926 0.742708 0.450926 0.742188 0.450000 0.741667 0.450000 0.738542 0.444444 0.738021 0.444444 0.731771 0.433333 0.731771 0.432407 0.714583 0.401852 0.714063 0.401852 0.713021 0.400000 0.713021 0.400926 0.713542 0.401852 0.713542 0.402778 0.714063 0.403704 0.714063 0.405556 0.714583 0.406481 0.714583 0.408333 0.715104 0.409259 0.715104 0.411111 0.715625 0.412037 0.715625 0.413889 0.716146 0.414815 0.716146 0.416667 0.716667 0.417593 0.716667 0.419444 0.718229 0.422222 0.718229 0.423148 0.727604 0.439815 0.727604 0.440741 0.753646 0.487037 0.753646 0.487963 0.767708 0.512963 0.768229 0.512963 0.769792 0.515741 0.772917 0.515741 0.773438 0.514815 0.773958 0.514815 0.775521 0.512037 0.776042 0.512037 0.778125 0.508333 0.778646 0.508333 0.781771 0.502778 0.782292 0.502778 0.785937 0.496296 0.786458 0.496296 0.790104 0.489815 0.790625 0.489815 0.794271 0.483333 0.794792 0.483333 0.798438 0.476852 0.798958 0.476852 0.802604 0.470370 0.803125 0.470370 0.806250 0.464815 0.806771 0.464815 0.810417 0.458333 0.810937 0.458333 0.814583 0.451852 0.815104 0.451852 0.818750 0.445370 0.819271 0.445370 0.822917 0.438889 0.823438 0.438889 0.827083 0.432407 0.827604 0.432407 0.833333 0.422222 0.833333 0.421296 0.833854 0.420370 0.833854 0.418519 0.833333 0.417593 0.833333 0.416667 0.832812 0.415741 0.832812 0.414815 0.831771 0.412963 0.831771 0.412037 0.831250 0.411111 0.831250 0.410185 0.830208 0.408333 0.830208 0.407407 0.829167 0.405556 0.829167 0.404630 0.828125 0.402778 0.828125 0.401852 0.827604 0.400926 0.827604 0.400000 0.826562 0.398148 0.826562 0.397222 0.825521 0.395370 0.825521 0.394444 0.824479 0.392593 0.824479 0.391667 0.823438 0.389815 0.823438 0.388889 0.822917 0.387963 0.822917 0.387037 0.821875 0.385185 0.821875 0.384259 0.820833 0.382407 0.820833 0.381481 0.819792 0.379630 0.819792 0.378704 0.819271 0.377778 0.819271 0.376852 0.818229 0.375000 0.818229 0.374074 0.817187 0.372222 0.817187 0.371296 0.816146 0.369444 0.816146 0.368519 0.815625 0.367593 0.815625 0.366667 0.814583 0.364815 0.814583 0.363889 0.813542 0.362037 0.813542 0.361111 0.812500 0.359259 0.812500 0.358333 0.811458 0.356481 0.811458 0.355556 0.810937 0.354630 0.810937 0.353704 0.809896 0.351852 0.809896 0.350926 0.808854 0.349074 0.808854 0.348148 0.807813 0.346296 0.807813 0.345370 0.807292 0.344444 0.807292 0.343519 0.806250 0.341667 0.806250 0.340741 0.805208 0.338889 0.805208 0.337963 0.804167 0.336111 0.804167 0.335185 0.803646 0.334259 0.803646 0.333333 0.802604 0.331481 0.802604 0.330556 0.801562 0.328704 0.801562 0.327778 0.800521 0.325926 0.800521 0.325000 0.799479 0.323148 0.799479 0.322222 0.798958 0.321296 0.798958 0.320370 0.797917 0.318519 0.797917 0.317593 0.796875 0.315741 0.796875 0.314815 0.795833 0.312963 0.795833 0.312037 0.795312 0.311111 0.795312 0.310185 0.794271 0.308333 0.794271 0.307407 0.793229 0.305556 0.793229 0.304630 0.792188 0.302778 0.792188 0.301852 0.791667 0.300926 0.791667 0.300000 0.790625 0.298148 0.790625 0.297222 0.789583 0.295370 0.789583 0.294444 0.788542 0.292593 0.788542 0.291667 0.787500 0.289815 0.787500 0.288889 0.786979 0.287963 0.786979 0.287037 0.785937 0.285185 0.785937 0.284259 0.784896 0.282407 0.784896 0.281481 0.783854 0.279630
0 0.199479 0.366204 0.115625 0.112037 0.196875 0.310185 0.194792 0.313889 0.194271 0.313889 0.189583 0.322222 0.189062 0.322222 0.186979 0.325926 0.186979 0.326852 0.175521 0.347222 0.175521 0.348148 0.164583 0.367593 0.164583 0.368519 0.154167 0.387037 0.154167 0.387963 0.145313 0.403704 0.145313 0.404630 0.142187 0.410185 0.142187 0.411111 0.141667 0.412037 0.141667 0.415741 0.142187 0.416667 0.142187 0.417593 0.143750 0.420370 0.144271 0.420370 0.144792 0.421296 0.146354 0.421296 0.147396 0.419444 0.147917 0.419444 0.155208 0.406481 0.155729 0.406481 0.162500 0.394444 0.163021 0.394444 0.170313 0.381481 0.170833 0.381481 0.178125 0.368519 0.178646 0.368519 0.185938 0.355556 0.186458 0.355556 0.191667 0.346296 0.192188 0.346296 0.192708 0.345370 0.197396 0.345370 0.197917 0.346296 0.198958 0.346296 0.199479 0.347222 0.200000 0.347222 0.200521 0.348148 0.201042 0.348148 0.202083 0.350000 0.202604 0.350000 0.203646 0.351852 0.204167 0.351852 0.205208 0.353704 0.205729 0.353704 0.207292 0.356481 0.207813 0.356481 0.209896 0.360185 0.210417 0.360185 0.213021 0.364815 0.213542 0.364815 0.217188 0.371296 0.217708 0.371296 0.221354 0.377778 0.221875 0.377778 0.227083 0.387037 0.227604 0.387037 0.233854 0.398148 0.234375 0.398148 0.241667 0.411111 0.242188 0.411111 0.246354 0.418519 0.246875 0.418519 0.247917 0.420370 0.248438 0.420370 0.249479 0.422222 0.252604 0.422222 0.255208 0.417593 0.255208 0.416667 0.257292 0.412963 0.257292 0.412037 0.256771 0.411111 0.256250 0.411111 0.255729 0.410185 0.255208 0.410185 0.253125 0.406481 0.252604 0.406481 0.247396 0.397222 0.246875 0.397222 0.239063 0.383333 0.238542 0.383333 0.230729 0.369444 0.230208 0.369444 0.222917 0.356481 0.222396 0.356481 0.214583 0.342593 0.214062 0.342593 0.206250 0.328704 0.205729 0.328704 0.197917 0.314815 0.197917 0.313889 0.197396 0.312963 0.197396 0.312037 0.196875 0.311111
0 0.315104 0.329167 0.120833 0.226852 0.359375 0.215741 0.357812 0.218519 0.357292 0.218519 0.345313 0.239815 0.345313 0.240741 0.343229 0.244444 0.343229 0.245370 0.341667 0.248148 0.341667 0.249074 0.340104 0.251852 0.340104 0.252778 0.338021 0.256481 0.338021 0.257407 0.336458 0.260185 0.336458 0.261111 0.334375 0.264815 0.334375 0.265741 0.332813 0.268519 0.332813 0.269444 0.331250 0.272222 0.331250 0.273148 0.329167 0.276852 0.329167 0.277778 0.327604 0.280556 0.327604 0.281481 0.325521 0.285185 0.325521 0.286111 0.323958 0.288889 0.323958 0.289815 0.321875 0.293519 0.321875 0.294444 0.320312 0.297222 0.320312 0.298148 0.318750 0.300926 0.318750 0.301852 0.316667 0.305556 0.316667 0.306481 0.315104 0.309259 0.315104 0.310185 0.313021 0.313889 0.313021 0.314815 0.311458 0.317593 0.311458 0.318519 0.297917 0.342593 0.297917 0.343519 0.277604 0.379630 0.277604 0.380556 0.275521 0.384259 0.275521 0.385185 0.273958 0.387963 0.273958 0.388889 0.271875 0.392593 0.271875 0.393519 0.269792 0.397222 0.269792 0.398148 0.267708 0.401852 0.267708 0.402778 0.266146 0.405556 0.266146 0.406481 0.264062 0.410185 0.264062 0.411111 0.261979 0.414815 0.261979 0.415741 0.259896 0.419444 0.259896 0.420370 0.257812 0.424074 0.257812 0.425000 0.256250 0.427778 0.256250 0.428704 0.254688 0.431481 0.254688 0.437037 0.256771 0.440741 0.257812 0.440741 0.258333 0.441667 0.258854 0.441667 0.259375 0.440741 0.259896 0.440741 0.263542 0.434259 0.264062 0.434259 0.268229 0.426852 0.268229 0.425926 0.278646 0.407407 0.279167 0.407407 0.290625 0.387037 0.291146 0.387037 0.295833 0.378704 0.296354 0.378704 0.298958 0.374074 0.299479 0.374074 0.301042 0.371296 0.301563 0.371296 0.303125 0.368519 0.303646 0.368519 0.304167 0.367593 0.304688 0.367593 0.305729 0.365741 0.306771 0.365741 0.307292 0.364815 0.308333 0.364815 0.308854 0.363889 0.311979 0.363889 0.312500 0.364815 0.314063 0.364815 0.314583 0.365741 0.315104 0.365741 0.315625 0.366667 0.316146 0.366667 0.316667 0.367593 0.317188 0.367593 0.318229 0.369444 0.318750 0.369444 0.319792 0.371296 0.320312 0.371296 0.322396 0.375000 0.322917 0.375000 0.324479 0.377778 0.325000 0.377778 0.328125 0.383333 0.328646 0.383333 0.332292 0.389815 0.332813 0.389815 0.337500 0.398148 0.338021 0.398148 0.344792 0.410185 0.345313 0.410185 0.354687 0.426852 0.355208 0.426852 0.361458 0.437963 0.361979 0.437963 0.363542 0.440741 0.364063 0.440741 0.365104 0.442593 0.368229 0.442593 0.368750 0.441667 0.369271 0.441667 0.369271 0.440741 0.370312 0.438889 0.370312 0.437963 0.370833 0.437037 0.370833 0.436111 0.371354 0.435185 0.371354 0.434259 0.371875 0.433333 0.371875 0.432407 0.372396 0.431481 0.372396 0.430556 0.372917 0.429630 0.372917 0.428704 0.373437 0.427778 0.373437 0.426852 0.373958 0.425926 0.373958 0.425000 0.374479 0.424074 0.374479 0.423148 0.375000 0.422222 0.375000 0.421296 0.375521 0.420370 0.374479 0.418519 0.373958 0.418519 0.367188 0.406481 0.366667 0.406481 0.354687 0.385185 0.354167 0.385185 0.342708 0.364815 0.342187 0.364815 0.330208 0.343519 0.329688 0.343519 0.319792 0.325926 0.319792 0.325000 0.318750 0.323148 0.318750 0.317593 0.319792 0.315741 0.319792 0.314815 0.321875 0.311111 0.321875 0.310185 0.323437 0.307407 0.323437 0.306481 0.325000 0.303704 0.325000 0.302778 0.327083 0.299074 0.327083 0.298148 0.328646 0.295370 0.328646 0.294444 0.330208 0.291667 0.330208 0.290741 0.331771 0.287963 0.331771 0.287037 0.333854 0.283333 0.333854 0.282407 0.335417 0.279630 0.335417 0.278704 0.336979 0.275926 0.336979 0.275000 0.339062 0.271296 0.339062 0.270370 0.340625 0.267593 0.340625 0.266667 0.342187 0.263889 0.342187 0.262963 0.343750 0.260185 0.343750 0.259259 0.345833 0.255556 0.345833 0.254630 0.347396 0.251852 0.347396 0.250926 0.348958 0.248148 0.348958 0.247222 0.351042 0.243519 0.351042 0.242593 0.352604 0.239815 0.352604 0.238889 0.354167 0.236111 0.354167 0.235185 0.356250 0.231481 0.356250 0.230556 0.357812 0.227778 0.357812 0.226852 0.359375 0.224074 0.359375 0.223148 0.360938 0.220370 0.360938 0.219444 0.362500 0.216667 0.361979 0.216667 0.361458 0.215741
0 0.439323 0.325463 0.114062 0.223148 0.464062 0.213889 0.462500 0.216667 0.461979 0.216667 0.459896 0.220370 0.459896 0.221296 0.459375 0.222222 0.459375 0.223148 0.458854 0.224074 0.458854 0.225926 0.458333 0.226852 0.458333 0.227778 0.457813 0.228704 0.457813 0.229630 0.457292 0.230556 0.457292 0.232407 0.456771 0.233333 0.456771 0.234259 0.456250 0.235185 0.456250 0.237037 0.455729 0.237963 0.455729 0.238889 0.455208 0.239815 0.455208 0.240741 0.454688 0.241667 0.454688 0.243519 0.454167 0.244444 0.454167 0.245370 0.453646 0.246296 0.453646 0.248148 0.453125 0.249074 0.453125 0.250000 0.452604 0.250926 0.452604 0.251852 0.452083 0.252778 0.452083 0.254630 0.451562 0.255556 0.451562 0.256481 0.451042 0.257407 0.451042 0.259259 0.450521 0.260185 0.450521 0.261111 0.450000 0.262037 0.450000 0.262963 0.449479 0.263889 0.449479 0.265741 0.448958 0.266667 0.448958 0.267593 0.448437 0.268519 0.448437 0.270370 0.447917 0.271296 0.447917 0.272222 0.447396 0.273148 0.447396 0.274074 0.446875 0.275000 0.446875 0.276852 0.446354 0.277778 0.446354 0.278704 0.445833 0.279630 0.445833 0.281481 0.445312 0.282407 0.445312 0.283333 0.444792 0.284259 0.444792 0.285185 0.444271 0.286111 0.444271 0.287963 0.443750 0.288889 0.443750 0.289815 0.443229 0.290741 0.443229 0.292593 0.442708 0.293519 0.442708 0.294444 0.442188 0.295370 0.442188 0.296296 0.441667 0.297222 0.441667 0.299074 0.441146 0.300000 0.441146 0.300926 0.440625 0.301852 0.440625 0.303704 0.440104 0.304630 0.440104 0.305556 0.439583 0.306481 0.439583 0.307407 0.439063 0.308333 0.439063 0.310185 0.438542 0.311111 0.438542 0.312037 0.438021 0.312963 0.438021 0.314815 0.437500 0.315741 0.437500 0.316667 0.436979 0.317593 0.436979 0.318519 0.436458 0.319444 0.436458 0.321296 0.435937 0.322222 0.435937 0.323148 0.435417 0.324074 0.435417 0.325000 0.434896 0.325926 0.434896 0.326852 0.433333 0.329630 0.433333 0.330556 0.423958 0.347222 0.423438 0.347222 0.398438 0.391667 0.397917 0.391667 0.385937 0.412963 0.385937 0.414815 0.385417 0.415741 0.385417 0.416667 0.384896 0.417593 0.384896 0.418519 0.384375 0.419444 0.384375 0.420370 0.383854 0.421296 0.383854 0.422222 0.383333 0.423148 0.383333 0.424074 0.382812 0.425000 0.382812 0.425926 0.382292 0.426852 0.382292 0.428704 0.382812 0.429630 0.382812 0.430556 0.383333 0.431481 0.383333 0.432407 0.383854 0.433333 0.384375 0.433333 0.384896 0.434259 0.385417 0.434259 0.385937 0.435185 0.386458 0.435185 0.386979 0.434259 0.387500 0.434259 0.388542 0.432407 0.389062 0.432407 0.398958 0.414815 0.399479 0.414815 0.411458 0.393519 0.411979 0.393519 0.417708 0.383333 0.418229 0.383333 0.421875 0.376852 0.422396 0.376852 0.425521 0.371296 0.426042 0.371296 0.428125 0.367593 0.428646 0.367593 0.430208 0.364815 0.430729 0.364815 0.431771 0.362963 0.432292 0.362963 0.432812 0.362037 0.433333 0.362037 0.433854 0.361111 0.434375 0.361111 0.434896 0.360185 0.435417 0.360185 0.435937 0.359259 0.437500 0.359259 0.438021 0.358333 0.439583 0.358333 0.440104 0.359259 0.442188 0.359259 0.442708 0.360185 0.443229 0.360185 0.443750 0.361111 0.444271 0.361111 0.444792 0.362037 0.445312 0.362037 0.445833 0.362963 0.446354 0.362963 0.447917 0.365741 0.448437 0.365741 0.450000 0.368519 0.450521 0.368519 0.452604 0.372222 0.453125 0.372222 0.456771 0.378704 0.457292 0.378704 0.461979 0.387037 0.462500 0.387037 0.471354 0.402778 0.471875 0.402778 0.486979 0.429630 0.487500 0.429630 0.490104 0.434259 0.490625 0.434259 0.491667 0.436111 0.492708 0.436111 0.493229 0.437037 0.493750 0.437037 0.494271 0.436111 0.495312 0.436111 0.496354 0.434259 0.496354 0.432407 0.494792 0.429630 0.494271 0.429630 0.480729 0.405556 0.480208 0.405556 0.458333 0.366667 0.457813 0.366667 0.441146 0.337037 0.441146 0.336111 0.440104 0.334259 0.440104 0.333333 0.439583 0.332407 0.439583 0.328704 0.440104 0.327778 0.440104 0.325926 0.440625 0.325000 0.440625 0.324074 0.441146 0.323148 0.441146 0.321296 0.441667 0.320370 0.441667 0.319444 0.442188 0.318519 0.442188 0.316667 0.442708 0.315741 0.442708 0.314815 0.443229 0.313889 0.443229 0.312037 0.443750 0.311111 0.443750 0.310185 0.444271 0.309259 0.444271 0.307407 0.444792 0.306481 0.444792 0.305556 0.445312 0.304630 0.445312 0.302778 0.445833 0.301852 0.445833 0.300926 0.446354 0.300000 0.446354 0.298148 0.446875 0.297222 0.446875 0.296296 0.447396 0.295370 0.447396 0.293519 0.447917 0.292593 0.447917 0.291667 0.448437 0.290741 0.448437 0.288889 0.448958 0.287963 0.448958 0.286111 0.449479 0.285185 0.449479 0.284259 0.450000 0.283333 0.450000 0.281481 0.450521 0.280556 0.450521 0.279630 0.451042 0.278704 0.451042 0.276852 0.451562 0.275926 0.451562 0.275000 0.452083 0.274074 0.452083 0.272222 0.452604 0.271296 0.452604 0.270370 0.453125 0.269444 0.453125 0.267593 0.453646 0.266667 0.453646 0.265741 0.454167 0.264815 0.454167 0.262963 0.454688 0.262037 0.454688 0.261111 0.455208 0.260185 0.455208 0.258333 0.455729 0.257407 0.455729 0.256481 0.456250 0.255556 0.456250 0.253704 0.456771 0.252778 0.456771 0.251852 0.457292 0.250926 0.457292 0.249074 0.457813 0.248148 0.457813 0.247222 0.458333 0.246296 0.458333 0.244444 0.458854 0.243519 0.458854 0.242593 0.459375 0.241667 0.459375 0.239815 0.459896 0.238889 0.459896 0.237963 0.460417 0.237037 0.460417 0.235185 0.460938 0.234259 0.460938 0.233333 0.461458 0.232407 0.461458 0.230556 0.461979 0.229630 0.461979 0.228704 0.462500 0.227778 0.462500 0.225926 0.463021 0.225000 0.463021 0.224074 0.463542 0.223148 0.463542 0.221296 0.464062 0.220370 0.464062 0.219444 0.464583 0.218519 0.464583 0.216667 0.465104 0.215741 0.465104 0.214815 0.465625 0.213889
0 0.562240 0.337037 0.118229 0.231481 0.565104 0.221296 0.564063 0.223148 0.563542 0.223148 0.562500 0.225000 0.562500 0.225926 0.561979 0.226852 0.561979 0.242593 0.561458 0.243519 0.561458 0.260185 0.560937 0.261111 0.560937 0.277778 0.560417 0.278704 0.560417 0.294444 0.559896 0.295370 0.559896 0.312037 0.559375 0.312963 0.559375 0.329630 0.558854 0.330556 0.558854 0.335185 0.558333 0.336111 0.558333 0.337037 0.555729 0.341667 0.555729 0.342593 0.554167 0.345370 0.553646 0.345370 0.543229 0.363889 0.542708 0.363889 0.533333 0.380556 0.532813 0.380556 0.523438 0.397222 0.522917 0.397222 0.513542 0.413889 0.513021 0.413889 0.505208 0.427778 0.504687 0.427778 0.504687 0.431481 0.504167 0.432407 0.504167 0.436111 0.503646 0.437037 0.503646 0.441667 0.503125 0.442593 0.503125 0.445370 0.503646 0.446296 0.503646 0.447222 0.505729 0.450926 0.507812 0.450926 0.508333 0.450000 0.508854 0.450000 0.509896 0.448148 0.510417 0.448148 0.515625 0.438889 0.516146 0.438889 0.524479 0.424074 0.525000 0.424074 0.531250 0.412963 0.531771 0.412963 0.536458 0.404630 0.536979 0.404630 0.540625 0.398148 0.541146 0.398148 0.544271 0.392593 0.544792 0.392593 0.547396 0.387963 0.547917 0.387963 0.550000 0.384259 0.550521 0.384259 0.552083 0.381481 0.552604 0.381481 0.553646 0.379630 0.554167 0.379630 0.555208 0.377778 0.555729 0.377778 0.556250 0.376852 0.556771 0.376852 0.557813 0.375000 0.558854 0.375000 0.559375 0.374074 0.560417 0.374074 0.560937 0.373148 0.564583 0.373148 0.565104 0.374074 0.566146 0.374074 0.566667 0.375000 0.567187 0.375000 0.567708 0.375926 0.568229 0.375926 0.568750 0.376852 0.569271 0.376852 0.570312 0.378704 0.570833 0.378704 0.571875 0.380556 0.572396 0.380556 0.574479 0.384259 0.575000 0.384259 0.577604 0.388889 0.578125 0.388889 0.582812 0.397222 0.583333 0.397222 0.592187 0.412963 0.592708 0.412963 0.613021 0.449074 0.613542 0.449074 0.615104 0.451852 0.615625 0.451852 0.616146 0.452778 0.619271 0.452778 0.620833 0.450000 0.620833 0.449074 0.621354 0.448148 0.621354 0.445370 0.620833 0.444444 0.620833 0.439815 0.619792 0.437963 0.619271 0.437963 0.565104 0.341667 0.565104 0.340741 0.564063 0.338889 0.564063 0.337963 0.563542 0.337037 0.563542 0.330556 0.564063 0.329630 0.564063 0.306481 0.564583 0.305556 0.564583 0.283333 0.565104 0.282407 0.565104 0.259259 0.565625 0.258333 0.565625 0.236111 0.566146 0.235185 0.566146 0.221296
0 0.688281 0.333796 0.120313 0.234259 0.668229 0.216667 0.667708 0.217593 0.667188 0.217593 0.666667 0.218519 0.666146 0.218519 0.665625 0.219444 0.666146 0.220370 0.666146 0.222222 0.666667 0.223148 0.666667 0.225000 0.667188 0.225926 0.667188 0.228704 0.667708 0.229630 0.667708 0.231481 0.668229 0.232407 0.668229 0.234259 0.668750 0.235185 0.668750 0.237037 0.669271 0.237963 0.669271 0.240741 0.669792 0.241667 0.669792 0.243519 0.670312 0.244444 0.670312 0.246296 0.670833 0.247222 0.670833 0.250000 0.671354 0.250926 0.671354 0.252778 0.671875 0.253704 0.671875 0.255556 0.672396 0.256481 0.672396 0.259259 0.672917 0.260185 0.672917 0.262037 0.673438 0.262963 0.673438 0.264815 0.673958 0.265741 0.673958 0.267593 0.674479 0.268519 0.674479 0.271296 0.675000 0.272222 0.675000 0.274074 0.675521 0.275000 0.675521 0.276852 0.676042 0.277778 0.676042 0.280556 0.676562 0.281481 0.676562 0.283333 0.677083 0.284259 0.677083 0.286111 0.677604 0.287037 0.677604 0.288889 0.678125 0.289815 0.678125 0.292593 0.678646 0.293519 0.678646 0.295370 0.679167 0.296296 0.679167 0.298148 0.679688 0.299074 0.679688 0.301852 0.680208 0.302778 0.680208 0.304630 0.680729 0.305556 0.680729 0.307407 0.681250 0.308333 0.681250 0.311111 0.681771 0.312037 0.681771 0.313889 0.682292 0.314815 0.682292 0.316667 0.682813 0.317593 0.682813 0.319444 0.683333 0.320370 0.683333 0.323148 0.683854 0.324074 0.683854 0.325926 0.684375 0.326852 0.684375 0.328704 0.684896 0.329630 0.684896 0.332407 0.685417 0.333333 0.685417 0.335185 0.685937 0.336111 0.685937 0.339815 0.685417 0.340741 0.685417 0.341667 0.675521 0.359259 0.675000 0.359259 0.669271 0.369444 0.668750 0.369444 0.663021 0.379630 0.662500 0.379630 0.656771 0.389815 0.656250 0.389815 0.650521 0.400000 0.650000 0.400000 0.644271 0.410185 0.643750 0.410185 0.638021 0.420370 0.637500 0.420370 0.632292 0.429630 0.631771 0.429630 0.628125 0.436111 0.628125 0.437963 0.628646 0.438889 0.628646 0.443519 0.629167 0.444444 0.629167 0.445370 0.630729 0.448148 0.631250 0.448148 0.631771 0.449074 0.632812 0.449074 0.633333 0.448148 0.633854 0.448148 0.634375 0.447222 0.634896 0.447222 0.636979 0.443519 0.637500 0.443519 0.642188 0.435185 0.642708 0.435185 0.647917 0.425926 0.648438 0.425926 0.653646 0.416667 0.654167 0.416667 0.658333 0.409259 0.658854 0.409259 0.662500 0.402778 0.663021 0.402778 0.666146 0.397222 0.666667 0.397222 0.669792 0.391667 0.670312 0.391667 0.672396 0.387963 0.672917 0.387963 0.675000 0.384259 0.675521 0.384259 0.677083 0.381481 0.677604 0.381481 0.679167 0.378704 0.679688 0.378704 0.680729 0.376852 0.681250 0.376852 0.682292 0.375000 0.682813 0.375000 0.683333 0.374074 0.683854 0.374074 0.684896 0.372222 0.685937 0.372222 0.686458 0.371296 0.687500 0.371296 0.688021 0.370370 0.692708 0.370370 0.693229 0.371296 0.693750 0.371296 0.694271 0.372222 0.695312 0.372222 0.696354 0.374074 0.696875 0.374074 0.697396 0.375000 0.697917 0.375000 0.699479 0.377778 0.700000 0.377778 0.702083 0.381481 0.702604 0.381481 0.706250 0.387963 0.706771 0.387963 0.714063 0.400926 0.714583 0.400926 0.732292 0.432407 0.732292 0.433333 0.738021 0.443519 0.738542 0.443519 0.741667 0.449074 0.742188 0.449074 0.742708 0.450000 0.743229 0.450000 0.743750 0.450926 0.745833 0.450926 0.746354 0.450000 0.746875 0.450000 0.747917 0.448148 0.747917 0.447222 0.748437 0.446296 0.748437 0.443519 0.747917 0.442593 0.747917 0.441667 0.747396 0.440741 0.747396 0.438889 0.746875 0.437963 0.746875 0.437037 0.746354 0.436111 0.746354 0.434259 0.745833 0.433333 0.745833 0.432407 0.745313 0.431481 0.745313 0.430556 0.744792 0.429630 0.744792 0.427778 0.744271 0.426852 0.744271 0.425926 0.743750 0.425000 0.743750 0.423148 0.743229 0.422222 0.743229 0.421296 0.742708 0.420370 0.742708 0.418519 0.742188 0.417593 0.742188 0.416667 0.741667 0.415741 0.741667 0.414815 0.741146 0.413889 0.741146 0.412037 0.740625 0.411111 0.740625 0.410185 0.740104 0.409259 0.740104 0.407407 0.739583 0.406481 0.739583 0.405556 0.739062 0.404630 0.739062 0.403704 0.738542 0.402778 0.738542 0.400926 0.738021 0.400000 0.738021 0.399074 0.737500 0.398148 0.737500 0.396296 0.736979 0.395370 0.736979 0.394444 0.736458 0.393519 0.736458 0.391667 0.735938 0.390741 0.735938 0.389815 0.735417 0.388889 0.735417 0.387963 0.734896 0.387037 0.734896 0.385185 0.734375 0.384259 0.734375 0.383333 0.733854 0.382407 0.733854 0.380556 0.733333 0.379630 0.733333 0.378704 0.732812 0.377778 0.732812 0.375926 0.732292 0.375000 0.732292 0.374074 0.731771 0.373148 0.731771 0.372222 0.731250 0.371296 0.731250 0.369444 0.730729 0.368519 0.730729 0.367593 0.730208 0.366667 0.730208 0.364815 0.729688 0.363889 0.729688 0.362963 0.729167 0.362037 0.729167 0.360185 0.728646 0.359259 0.728646 0.358333 0.728125 0.357407 0.728125 0.356481 0.727604 0.355556 0.727604 0.353704 0.727083 0.352778 0.727083 0.351852 0.726562 0.350926 0.726562 0.349074 0.726042 0.348148 0.726042 0.347222 0.725521 0.346296 0.725521 0.344444 0.725000 0.343519 0.725000 0.342593 0.724479 0.341667 0.724479 0.340741 0.723958 0.339815 0.723958 0.337963 0.723437 0.337037 0.723437 0.336111 0.722917 0.335185 0.722917 0.333333 0.722396 0.332407 0.722396 0.331481 0.721875 0.330556 0.721875 0.328704 0.721354 0.327778 0.721354 0.326852 0.720833 0.325926 0.720833 0.325000 0.720313 0.324074 0.720313 0.322222 0.719792 0.321296 0.719792 0.320370 0.719271 0.319444 0.719271 0.317593 0.718750 0.316667 0.718750 0.315741 0.718229 0.314815 0.718229 0.312963 0.717708 0.312037 0.717708 0.311111 0.717187 0.310185 0.717187 0.309259 0.716667 0.308333 0.716667 0.306481 0.716146 0.305556 0.716146 0.304630 0.715625 0.303704 0.715625 0.301852 0.715104 0.300926 0.715104 0.300000 0.714583 0.299074 0.714583 0.298148 0.710938 0.291667 0.710938 0.290741 0.695833 0.263889 0.695833 0.262963 0.679167 0.233333 0.679167 0.232407 0.671875 0.219444 0.671354 0.219444 0.670312 0.217593 0.669792 0.217593 0.669271 0.216667