0 0.249740 0.531019 0.091146 0.080556 0.204687 0.490741 0.204167 0.491667 0.204167 0.496296 0.205208 0.498148 0.205208 0.499074 0.208333 0.504630 0.208333 0.505556 0.225000 0.535185 0.225000 0.536111 0.244271 0.570370 0.244792 0.570370 0.245312 0.571296 0.251563 0.571296 0.252083 0.570370 0.252604 0.570370 0.254167 0.567593 0.254688 0.567593 0.255729 0.565741 0.256250 0.565741 0.257812 0.562963 0.258333 0.562963 0.259375 0.561111 0.259896 0.561111 0.261458 0.558333 0.261979 0.558333 0.263021 0.556481 0.263542 0.556481 0.265104 0.553704 0.265625 0.553704 0.267188 0.550926 0.267708 0.550926 0.268750 0.549074 0.269271 0.549074 0.270833 0.546296 0.271354 0.546296 0.272396 0.544444 0.272917 0.544444 0.274479 0.541667 0.275000 0.541667 0.276042 0.539815 0.276562 0.539815 0.278125 0.537037 0.278646 0.537037 0.280208 0.534259 0.280729 0.534259 0.281771 0.532407 0.282292 0.532407 0.283854 0.529630 0.284375 0.529630 0.285417 0.527778 0.285938 0.527778 0.287500 0.525000 0.288021 0.525000 0.289062 0.523148 0.289583 0.523148 0.291146 0.520370 0.291667 0.520370 0.292708 0.518519 0.293229 0.518519 0.294271 0.516667 0.294271 0.514815 0.292708 0.512037 0.292708 0.511111 0.291667 0.509259 0.291667 0.504630 0.293750 0.500926 0.294271 0.500926 0.295312 0.499074 0.295312 0.498148 0.294792 0.498148 0.293229 0.495370 0.292708 0.495370 0.291667 0.493519 0.291146 0.493519 0.290625 0.492593 0.288021 0.492593 0.287500 0.493519 0.286979 0.493519 0.285938 0.495370 0.285417 0.495370 0.284375 0.497222 0.283854 0.497222 0.282813 0.499074 0.282292 0.499074 0.266146 0.527778 0.265625 0.527778 0.264583 0.529630 0.264062 0.529630 0.262500 0.532407 0.261979 0.532407 0.260937 0.534259 0.260417 0.534259 0.259375 0.536111 0.258854 0.536111 0.257812 0.537963 0.257292 0.537963 0.255729 0.540741 0.255208 0.540741 0.254167 0.542593 0.253646 0.542593 0.252604 0.544444 0.252083 0.544444 0.251042 0.546296 0.249479 0.546296 0.247917 0.543519 0.247917 0.542593 0.247396 0.541667 0.247396 0.538889 0.247917 0.537963 0.247917 0.537037 0.251042 0.531481 0.251042 0.530556 0.250521 0.530556 0.249479 0.532407 0.248958 0.532407 0.247917 0.534259 0.247396 0.534259 0.246354 0.536111 0.245833 0.536111 0.244792 0.537963 0.244271 0.537963 0.243229 0.539815 0.242708 0.539815 0.241667 0.541667 0.241146 0.541667 0.240104 0.543519 0.239583 0.543519 0.238542 0.545370 0.236458 0.545370 0.235937 0.544444 0.235417 0.544444 0.227083 0.529630 0.227083 0.528704 0.214583 0.506481 0.214583 0.505556 0.206250 0.490741
0 0.242448 0.500000 0.098437 0.090741 0.285417 0.454630 0.284375 0.456481 0.283854 0.456481 0.282813 0.458333 0.282292 0.458333 0.281771 0.459259 0.281250 0.459259 0.280208 0.461111 0.279687 0.461111 0.278646 0.462963 0.278125 0.462963 0.277083 0.464815 0.276562 0.464815 0.276042 0.465741 0.275521 0.465741 0.274479 0.467593 0.273958 0.467593 0.272917 0.469444 0.272396 0.469444 0.257812 0.495370 0.257292 0.495370 0.256771 0.496296 0.256250 0.496296 0.255208 0.498148 0.254688 0.498148 0.253646 0.500000 0.253125 0.500000 0.252083 0.501852 0.251563 0.501852 0.251042 0.502778 0.250521 0.502778 0.249479 0.504630 0.248958 0.504630 0.247917 0.506481 0.247396 0.506481 0.246354 0.508333 0.245833 0.508333 0.245312 0.509259 0.244792 0.509259 0.244271 0.508333 0.243750 0.508333 0.241667 0.504630 0.241667 0.501852 0.241146 0.502778 0.240625 0.502778 0.239583 0.504630 0.239063 0.504630 0.238542 0.505556 0.238021 0.505556 0.236979 0.507407 0.235937 0.507407 0.235417 0.506481 0.234896 0.506481 0.221875 0.483333 0.220833 0.485185 0.220312 0.485185 0.219792 0.486111 0.219271 0.486111 0.218750 0.487037 0.218229 0.487037 0.217708 0.487963 0.217188 0.487963 0.216667 0.487037 0.216146 0.487037 0.215104 0.485185 0.214583 0.485185 0.208333 0.474074 0.208333 0.473148 0.198958 0.456481 0.197917 0.456481 0.197396 0.457407 0.196875 0.457407 0.196354 0.458333 0.195833 0.458333 0.194792 0.460185 0.194271 0.460185 0.193229 0.462037 0.193229 0.464815 0.193750 0.465741 0.193750 0.466667 0.194792 0.468519 0.194792 0.469444 0.202604 0.483333 0.202604 0.484259 0.215104 0.506481 0.215104 0.507407 0.227604 0.529630 0.227604 0.530556 0.234896 0.543519 0.235417 0.543519 0.236458 0.545370 0.238021 0.545370 0.238542 0.544444 0.239063 0.544444 0.240104 0.542593 0.240625 0.542593 0.241667 0.540741 0.242188 0.540741 0.243229 0.538889 0.243750 0.538889 0.244792 0.537037 0.245312 0.537037 0.246354 0.535185 0.246875 0.535185 0.247917 0.533333 0.248438 0.533333 0.249479 0.531481 0.250000 0.531481 0.251042 0.529630 0.251563 0.529630 0.270833 0.495370 0.270833 0.494444 0.283854 0.471296 0.284375 0.471296 0.285938 0.468519 0.286458 0.468519 0.287500 0.466667 0.288021 0.466667 0.289062 0.464815 0.289583 0.464815 0.290625 0.462963 0.291146 0.462963 0.291667 0.462037 0.290104 0.459259 0.289583 0.459259 0.288021 0.456481 0.287500 0.456481 0.286458 0.454630
0 0.259115 0.456019 0.073438 0.100926 0.294792 0.405556 0.294271 0.406481 0.293750 0.406481 0.293229 0.407407 0.292708 0.407407 0.291667 0.409259 0.291146 0.409259 0.290625 0.410185 0.290104 0.410185 0.289583 0.411111 0.289062 0.411111 0.288021 0.412963 0.287500 0.412963 0.286979 0.413889 0.286458 0.413889 0.285417 0.415741 0.284896 0.415741 0.284375 0.416667 0.283854 0.416667 0.283333 0.417593 0.282813 0.417593 0.281771 0.419444 0.281250 0.419444 0.280729 0.420370 0.280208 0.420370 0.279687 0.421296 0.279167 0.421296 0.278125 0.423148 0.277604 0.423148 0.277083 0.424074 0.276562 0.424074 0.275521 0.425926 0.275000 0.425926 0.274479 0.426852 0.273958 0.426852 0.273438 0.427778 0.272917 0.427778 0.271875 0.429630 0.271354 0.429630 0.259896 0.450000 0.259375 0.450000 0.258854 0.450926 0.258333 0.450926 0.257292 0.452778 0.256771 0.452778 0.256250 0.453704 0.255729 0.453704 0.254688 0.455556 0.254167 0.455556 0.253646 0.456481 0.253125 0.456481 0.252604 0.457407 0.252083 0.456481 0.251563 0.456481 0.250521 0.454630 0.249479 0.454630 0.248438 0.456481 0.247917 0.456481 0.247396 0.457407 0.246875 0.457407 0.245833 0.459259 0.245312 0.459259 0.244792 0.460185 0.244271 0.460185 0.243750 0.461111 0.243229 0.461111 0.242188 0.462963 0.241667 0.462963 0.241146 0.463889 0.240625 0.463889 0.239583 0.465741 0.239063 0.465741 0.238542 0.466667 0.238021 0.466667 0.237500 0.467593 0.236979 0.467593 0.235937 0.469444 0.235417 0.469444 0.234896 0.470370 0.234375 0.470370 0.233333 0.472222 0.232813 0.472222 0.232292 0.473148 0.231771 0.473148 0.231250 0.474074 0.230729 0.474074 0.229687 0.475926 0.229167 0.475926 0.228646 0.476852 0.228125 0.476852 0.227083 0.478704 0.226562 0.478704 0.226042 0.479630 0.225521 0.479630 0.225000 0.480556 0.224479 0.480556 0.223438 0.482407 0.222917 0.482407 0.222396 0.483333 0.234896 0.505556 0.235417 0.505556 0.235937 0.506481 0.236979 0.506481 0.238021 0.504630 0.238542 0.504630 0.239063 0.503704 0.239583 0.503704 0.240625 0.501852 0.241146 0.501852 0.242188 0.500000 0.242188 0.499074 0.244271 0.495370 0.244271 0.494444 0.260937 0.464815 0.260937 0.463889 0.280208 0.429630 0.280729 0.429630 0.281771 0.427778 0.282292 0.427778 0.282813 0.426852 0.283333 0.426852 0.284375 0.425000 0.284896 0.425000 0.285417 0.424074 0.285938 0.424074 0.286979 0.422222 0.287500 0.422222 0.288021 0.421296 0.288542 0.421296 0.289583 0.419444 0.290104 0.419444 0.290625 0.418519 0.291146 0.418519 0.291146 0.416667 0.290625 0.415741 0.290625 0.414815 0.291146 0.413889 0.291146 0.412963 0.292708 0.410185 0.293229 0.410185 0.293750 0.409259 0.294271 0.409259 0.294792 0.408333 0.295312 0.408333 0.295833 0.407407
0 0.228125 0.433333 0.111458 0.107407 0.282292 0.379630 0.281771 0.380556 0.281250 0.380556 0.280729 0.381481 0.280208 0.381481 0.279687 0.382407 0.279167 0.382407 0.278125 0.384259 0.277604 0.384259 0.277083 0.385185 0.276562 0.385185 0.276042 0.386111 0.275521 0.386111 0.275000 0.387037 0.274479 0.387037 0.273958 0.387963 0.273438 0.387963 0.272917 0.388889 0.272396 0.388889 0.271875 0.389815 0.271354 0.389815 0.270313 0.391667 0.269792 0.391667 0.269271 0.392593 0.268750 0.392593 0.268229 0.393519 0.267708 0.393519 0.267188 0.394444 0.266667 0.394444 0.266146 0.395370 0.265625 0.395370 0.265104 0.396296 0.264583 0.396296 0.263542 0.398148 0.263021 0.398148 0.262500 0.399074 0.261979 0.399074 0.261458 0.400000 0.260937 0.400000 0.260417 0.400926 0.259896 0.400926 0.259375 0.401852 0.258854 0.401852 0.258333 0.402778 0.257812 0.402778 0.256771 0.404630 0.256250 0.404630 0.255729 0.405556 0.255208 0.405556 0.254688 0.406481 0.254167 0.406481 0.253646 0.407407 0.253125 0.407407 0.244792 0.422222 0.244271 0.422222 0.243750 0.423148 0.243229 0.423148 0.242188 0.425000 0.241667 0.425000 0.241146 0.425926 0.240625 0.425926 0.240104 0.426852 0.239583 0.426852 0.239063 0.427778 0.238542 0.427778 0.238021 0.428704 0.237500 0.428704 0.236458 0.430556 0.235937 0.430556 0.235417 0.431481 0.234896 0.431481 0.234375 0.432407 0.233854 0.432407 0.233333 0.433333 0.232813 0.433333 0.232292 0.434259 0.231771 0.434259 0.231250 0.435185 0.230729 0.435185 0.229687 0.437037 0.229167 0.437037 0.228646 0.437963 0.228125 0.437963 0.227604 0.438889 0.227083 0.438889 0.226562 0.439815 0.226042 0.439815 0.225521 0.440741 0.225000 0.440741 0.223958 0.442593 0.223438 0.442593 0.222917 0.443519 0.222396 0.443519 0.221875 0.444444 0.220312 0.444444 0.219792 0.443519 0.219271 0.443519 0.208854 0.425000 0.208854 0.424074 0.195833 0.400926 0.195833 0.400000 0.188542 0.387037 0.188021 0.387963 0.187500 0.387963 0.186979 0.388889 0.186458 0.388889 0.185938 0.389815 0.185417 0.389815 0.184896 0.390741 0.184375 0.390741 0.183854 0.391667 0.183333 0.391667 0.182812 0.392593 0.181771 0.392593 0.181250 0.393519 0.180729 0.393519 0.180208 0.394444 0.179688 0.394444 0.179167 0.395370 0.178646 0.395370 0.178125 0.396296 0.177604 0.396296 0.177083 0.397222 0.176042 0.397222 0.175521 0.398148 0.175000 0.398148 0.174479 0.399074 0.173958 0.399074 0.173437 0.400000 0.172917 0.400000 0.172917 0.400926 0.172396 0.401852 0.172396 0.404630 0.172917 0.405556 0.172917 0.406481 0.175000 0.410185 0.175000 0.411111 0.184375 0.427778 0.184375 0.428704 0.196875 0.450926 0.196875 0.451852 0.208854 0.473148 0.208854 0.474074 0.214583 0.484259 0.215104 0.484259 0.216146 0.486111 0.216667 0.486111 0.217188 0.487037 0.217708 0.487037 0.218229 0.486111 0.218750 0.486111 0.219271 0.485185 0.219792 0.485185 0.220312 0.484259 0.220833 0.484259 0.221875 0.482407 0.222396 0.482407 0.222917 0.481481 0.223438 0.481481 0.224479 0.479630 0.225000 0.479630 0.225521 0.478704 0.226042 0.478704 0.226562 0.477778 0.227083 0.477778 0.228125 0.475926 0.228646 0.475926 0.229167 0.475000 0.229687 0.475000 0.230729 0.473148 0.231250 0.473148 0.231771 0.472222 0.232292 0.472222 0.232813 0.471296 0.233333 0.471296 0.234375 0.469444 0.234896 0.469444 0.235417 0.468519 0.235937 0.468519 0.236979 0.466667 0.237500 0.466667 0.238021 0.465741 0.238542 0.465741 0.239063 0.464815 0.239583 0.464815 0.240625 0.462963 0.241146 0.462963 0.241667 0.462037 0.242188 0.462037 0.243229 0.460185 0.243750 0.460185 0.244271 0.459259 0.244792 0.459259 0.245312 0.458333 0.245833 0.458333 0.246875 0.456481 0.247396 0.456481 0.247917 0.455556 0.248438 0.455556 0.249479 0.453704 0.250000 0.453704 0.249479 0.452778 0.249479 0.450926 0.248958 0.450000 0.249479 0.449074 0.249479 0.448148 0.250521 0.446296 0.250521 0.445370 0.257812 0.432407 0.257812 0.431481 0.271354 0.407407 0.271354 0.406481 0.283854 0.384259 0.282813 0.382407 0.282813 0.381481 0.282292 0.380556
0 0.240365 0.360648 0.127604 0.165741 0.283854 0.277778 0.283333 0.278704 0.282813 0.278704 0.282292 0.279630 0.281250 0.279630 0.280729 0.280556 0.280208 0.280556 0.279687 0.281481 0.279167 0.281481 0.278646 0.282407 0.277604 0.282407 0.277083 0.283333 0.276562 0.283333 0.276042 0.284259 0.275521 0.284259 0.275000 0.285185 0.273958 0.285185 0.273438 0.286111 0.272917 0.286111 0.272396 0.287037 0.271354 0.287037 0.270833 0.287963 0.270313 0.287963 0.269792 0.288889 0.269271 0.288889 0.268750 0.289815 0.267708 0.289815 0.267188 0.290741 0.266667 0.290741 0.266146 0.291667 0.265625 0.291667 0.265104 0.292593 0.264062 0.292593 0.263542 0.293519 0.263021 0.293519 0.262500 0.294444 0.261979 0.294444 0.261458 0.295370 0.260417 0.295370 0.259896 0.296296 0.259375 0.296296 0.258854 0.297222 0.257812 0.297222 0.257292 0.298148 0.256771 0.298148 0.256250 0.299074 0.255729 0.299074 0.255208 0.300000 0.254167 0.300000 0.253646 0.300926 0.253125 0.300926 0.252604 0.301852 0.252083 0.301852 0.251563 0.302778 0.250521 0.302778 0.250000 0.303704 0.249479 0.303704 0.248958 0.304630 0.248438 0.304630 0.247917 0.305556 0.246875 0.305556 0.246354 0.306481 0.245833 0.306481 0.245312 0.307407 0.244271 0.307407 0.243750 0.308333 0.243229 0.308333 0.242708 0.309259 0.242188 0.309259 0.241667 0.310185 0.240625 0.310185 0.240104 0.311111 0.239583 0.311111 0.239063 0.312037 0.238542 0.312037 0.238021 0.312963 0.236979 0.312963 0.236458 0.313889 0.235937 0.313889 0.235417 0.314815 0.234375 0.314815 0.233854 0.315741 0.233333 0.315741 0.232813 0.316667 0.232292 0.316667 0.231771 0.317593 0.230729 0.317593 0.230208 0.318519 0.229687 0.318519 0.229167 0.319444 0.228646 0.319444 0.228125 0.320370 0.227083 0.320370 0.226562 0.321296 0.226042 0.321296 0.225521 0.322222 0.225000 0.322222 0.224479 0.323148 0.223438 0.323148 0.222917 0.324074 0.222396 0.324074 0.221875 0.325000 0.220833 0.325000 0.220312 0.325926 0.219792 0.325926 0.219271 0.326852 0.218750 0.326852 0.218229 0.327778 0.217188 0.327778 0.216667 0.328704 0.216146 0.328704 0.215625 0.329630 0.215104 0.329630 0.214583 0.330556 0.213542 0.330556 0.213021 0.331481 0.212500 0.331481 0.211979 0.332407 0.210938 0.332407 0.210417 0.333333 0.209896 0.333333 0.209375 0.334259 0.208854 0.334259 0.208333 0.335185 0.207292 0.335185 0.206771 0.336111 0.206250 0.336111 0.205729 0.337037 0.205208 0.337037 0.204687 0.337963 0.203646 0.337963 0.203125 0.338889 0.202604 0.338889 0.202083 0.339815 0.201563 0.339815 0.201042 0.340741 0.200000 0.340741 0.199479 0.341667 0.198958 0.341667 0.198437 0.342593 0.197396 0.342593 0.196875 0.343519 0.196354 0.343519 0.195833 0.344444 0.195312 0.344444 0.194792 0.345370 0.193750 0.345370 0.193229 0.346296 0.192708 0.346296 0.192188 0.347222 0.191667 0.347222 0.191146 0.348148 0.190104 0.348148 0.189583 0.349074 0.189062 0.349074 0.188542 0.350000 0.187500 0.350000 0.186979 0.350926 0.186458 0.350926 0.185938 0.351852 0.185417 0.351852 0.184896 0.352778 0.183854 0.352778 0.183333 0.353704 0.182812 0.353704 0.182292 0.354630 0.181771 0.354630 0.181250 0.355556 0.180208 0.355556 0.179688 0.356481 0.179167 0.356481 0.178646 0.357407 0.178125 0.357407 0.177604 0.358333 0.177083 0.358333 0.177083 0.359259 0.176563 0.360185 0.176563 0.362037 0.177083 0.362963 0.177083 0.363889 0.177604 0.364815 0.177604 0.365741 0.182812 0.375000 0.182812 0.375926 0.196354 0.400000 0.196354 0.400926 0.209375 0.424074 0.209375 0.425000 0.219271 0.442593 0.219792 0.442593 0.220312 0.443519 0.221875 0.443519 0.222396 0.442593 0.222917 0.442593 0.223438 0.441667 0.223958 0.441667 0.225000 0.439815 0.225521 0.439815 0.226042 0.438889 0.226562 0.438889 0.227083 0.437963 0.227604 0.437963 0.228125 0.437037 0.228646 0.437037 0.229167 0.436111 0.229687 0.436111 0.230729 0.434259 0.231250 0.434259 0.231771 0.433333 0.232292 0.433333 0.232813 0.432407 0.233333 0.432407 0.233854 0.431481 0.234375 0.431481 0.234896 0.430556 0.235417 0.430556 0.235937 0.429630 0.236458 0.429630 0.237500 0.427778 0.238021 0.427778 0.238542 0.426852 0.239063 0.426852 0.239583 0.425926 0.240104 0.425926 0.240625 0.425000 0.241146 0.425000 0.241667 0.424074 0.242188 0.424074 0.243229 0.422222 0.243750 0.422222 0.244271 0.421296 0.244792 0.421296 0.246354 0.418519 0.244792 0.418519 0.243229 0.415741 0.243229 0.414815 0.242708 0.413889 0.242708 0.410185 0.243750 0.408333 0.243750 0.407407 0.250000 0.396296 0.250000 0.395370 0.259896 0.377778 0.259896 0.376852 0.269271 0.360185 0.269271 0.359259 0.281771 0.337037 0.282292 0.337037 0.282813 0.336111 0.283333 0.336111 0.283854 0.335185 0.284375 0.335185 0.284896 0.334259 0.285417 0.334259 0.285938 0.333333 0.286458 0.333333 0.286979 0.332407 0.287500 0.332407 0.288021 0.331481 0.288542 0.331481 0.289062 0.330556 0.289583 0.330556 0.290104 0.329630 0.290625 0.329630 0.291146 0.328704 0.291146 0.324074 0.292708 0.321296 0.293229 0.321296 0.293750 0.320370 0.294271 0.320370 0.294792 0.319444 0.295312 0.319444 0.295833 0.318519 0.296354 0.318519 0.296875 0.317593 0.297396 0.317593 0.297917 0.316667 0.298438 0.316667 0.298958 0.315741 0.299479 0.315741 0.300000 0.314815 0.300521 0.314815 0.301042 0.313889 0.301563 0.313889 0.302083 0.312963 0.303125 0.312963 0.303646 0.312037 0.304167 0.312037 0.304167 0.311111 0.300521 0.304630 0.300521 0.303704 0.286458 0.278704 0.285938 0.278704 0.285417 0.277778
0 0.371615 0.328704 0.159896 0.162963 0.379688 0.247222 0.379167 0.248148 0.378646 0.248148 0.378125 0.249074 0.377604 0.249074 0.377083 0.250000 0.376563 0.250000 0.376042 0.250926 0.375521 0.250926 0.375000 0.251852 0.374479 0.251852 0.373958 0.252778 0.373437 0.252778 0.372917 0.253704 0.372396 0.253704 0.371875 0.254630 0.371354 0.254630 0.370833 0.255556 0.370312 0.255556 0.369792 0.256481 0.369271 0.256481 0.368750 0.257407 0.367708 0.257407 0.367188 0.258333 0.366667 0.258333 0.366146 0.259259 0.365625 0.259259 0.365104 0.260185 0.364583 0.260185 0.364063 0.261111 0.363542 0.261111 0.363021 0.262037 0.362500 0.262037 0.361979 0.262963 0.361458 0.262963 0.360938 0.263889 0.360417 0.263889 0.359896 0.264815 0.359375 0.264815 0.358854 0.265741 0.358333 0.265741 0.357812 0.266667 0.357292 0.266667 0.356771 0.267593 0.356250 0.267593 0.355729 0.268519 0.355208 0.268519 0.354687 0.269444 0.354167 0.269444 0.353646 0.270370 0.353125 0.270370 0.352604 0.271296 0.351562 0.271296 0.351042 0.272222 0.350521 0.272222 0.350000 0.273148 0.349479 0.273148 0.348958 0.274074 0.348438 0.274074 0.347917 0.275000 0.347396 0.275000 0.346875 0.275926 0.346354 0.275926 0.345833 0.276852 0.345313 0.276852 0.344792 0.277778 0.344271 0.277778 0.343750 0.278704 0.343229 0.278704 0.342708 0.279630 0.342187 0.279630 0.341667 0.280556 0.341146 0.280556 0.340625 0.281481 0.340104 0.281481 0.339583 0.282407 0.339062 0.282407 0.338542 0.283333 0.338021 0.283333 0.337500 0.284259 0.336979 0.284259 0.336458 0.285185 0.335417 0.285185 0.334896 0.286111 0.334375 0.286111 0.333854 0.287037 0.333333 0.287037 0.332813 0.287963 0.332292 0.287963 0.331771 0.288889 0.331250 0.288889 0.330729 0.289815 0.330208 0.289815 0.329688 0.290741 0.329167 0.290741 0.328646 0.291667 0.328125 0.291667 0.327604 0.292593 0.327083 0.292593 0.326562 0.293519 0.326042 0.293519 0.325521 0.294444 0.325000 0.294444 0.324479 0.295370 0.323958 0.295370 0.323437 0.296296 0.322917 0.296296 0.322396 0.297222 0.321875 0.297222 0.321354 0.298148 0.320833 0.298148 0.320312 0.299074 0.319792 0.299074 0.319271 0.300000 0.318229 0.300000 0.317708 0.300926 0.317188 0.300926 0.316667 0.301852 0.316146 0.301852 0.315625 0.302778 0.315104 0.302778 0.314583 0.303704 0.314063 0.303704 0.313542 0.304630 0.313021 0.304630 0.312500 0.305556 0.311979 0.305556 0.311458 0.306481 0.310937 0.306481 0.310417 0.307407 0.309896 0.307407 0.309375 0.308333 0.308854 0.308333 0.308333 0.309259 0.307812 0.309259 0.307292 0.310185 0.306771 0.310185 0.306250 0.311111 0.305729 0.311111 0.305208 0.312037 0.304688 0.312037 0.304167 0.312963 0.303646 0.312963 0.303125 0.313889 0.302083 0.313889 0.301563 0.314815 0.301042 0.314815 0.300521 0.315741 0.300000 0.315741 0.299479 0.316667 0.298958 0.316667 0.298438 0.317593 0.297917 0.317593 0.297396 0.318519 0.296875 0.318519 0.296354 0.319444 0.295833 0.319444 0.295312 0.320370 0.294792 0.320370 0.294271 0.321296 0.293750 0.321296 0.293229 0.322222 0.292708 0.322222 0.291667 0.324074 0.291667 0.328704 0.293229 0.331481 0.293229 0.332407 0.298438 0.341667 0.298438 0.342593 0.308333 0.360185 0.308333 0.361111 0.317708 0.377778 0.317708 0.378704 0.327604 0.396296 0.327604 0.397222 0.333854 0.408333 0.334375 0.408333 0.335417 0.410185 0.337500 0.410185 0.338542 0.408333 0.339062 0.408333 0.340104 0.406481 0.340625 0.406481 0.341146 0.405556 0.341667 0.405556 0.367188 0.360185 0.367188 0.359259 0.371875 0.350926 0.372396 0.350926 0.376042 0.344444 0.376563 0.344444 0.377604 0.342593 0.378125 0.342593 0.378646 0.341667 0.379167 0.341667 0.380208 0.339815 0.380729 0.339815 0.381250 0.338889 0.381771 0.338889 0.382812 0.337037 0.383333 0.337037 0.384375 0.335185 0.384896 0.335185 0.385417 0.334259 0.385937 0.334259 0.386979 0.332407 0.387500 0.332407 0.388542 0.330556 0.389062 0.330556 0.389583 0.329630 0.390104 0.329630 0.391146 0.327778 0.391667 0.327778 0.392188 0.326852 0.392708 0.326852 0.393750 0.325000 0.394271 0.325000 0.395313 0.323148 0.395833 0.323148 0.396354 0.322222 0.396875 0.322222 0.397917 0.320370 0.398438 0.320370 0.398958 0.319444 0.399479 0.319444 0.400521 0.317593 0.401042 0.317593 0.402083 0.315741 0.402604 0.315741 0.403125 0.314815 0.403646 0.314815 0.404687 0.312963 0.405208 0.312963 0.406250 0.311111 0.406771 0.311111 0.407292 0.310185 0.407813 0.310185 0.408854 0.308333 0.409375 0.308333 0.409896 0.307407 0.410417 0.307407 0.411458 0.305556 0.411979 0.305556 0.413021 0.303704 0.413542 0.303704 0.414062 0.302778 0.414583 0.302778 0.415625 0.300926 0.416146 0.300926 0.417187 0.299074 0.417708 0.299074 0.418229 0.298148 0.418750 0.298148 0.419792 0.296296 0.420312 0.296296 0.420833 0.295370 0.421354 0.295370 0.422396 0.293519 0.422917 0.293519 0.423958 0.291667 0.424479 0.291667 0.425000 0.290741 0.425521 0.290741 0.426563 0.288889 0.427083 0.288889 0.428125 0.287037 0.428646 0.287037 0.429167 0.286111 0.429688 0.286111 0.430729 0.284259 0.431250 0.284259 0.431771 0.283333 0.432292 0.283333 0.433333 0.281481 0.433854 0.281481 0.434896 0.279630 0.435417 0.279630 0.435937 0.278704 0.436458 0.278704 0.437500 0.276852 0.438021 0.276852 0.439063 0.275000 0.439583 0.275000 0.440104 0.274074 0.440625 0.274074 0.441667 0.272222 0.442188 0.272222 0.442708 0.271296 0.443229 0.271296 0.444271 0.269444 0.444792 0.269444 0.445833 0.267593 0.446354 0.267593 0.451562 0.258333 0.451562 0.253704 0.450521 0.251852 0.450000 0.251852 0.449479 0.250926 0.448958 0.251852 0.448437 0.251852 0.447917 0.252778 0.447396 0.252778 0.446875 0.253704 0.446354 0.253704 0.445312 0.255556 0.444792 0.255556 0.444271 0.256481 0.443750 0.256481 0.442708 0.258333 0.442188 0.258333 0.441667 0.259259 0.441146 0.259259 0.440104 0.261111 0.439583 0.261111 0.439063 0.262037 0.438542 0.262037 0.438021 0.262963 0.437500 0.262963 0.436458 0.264815 0.435937 0.264815 0.435417 0.265741 0.434896 0.265741 0.433854 0.267593 0.433333 0.267593 0.432812 0.268519 0.432292 0.268519 0.431250 0.270370 0.430729 0.270370 0.430208 0.271296 0.429688 0.271296 0.428646 0.273148 0.428125 0.273148 0.427604 0.274074 0.427083 0.274074 0.426563 0.275000 0.426042 0.275000 0.425000 0.276852 0.424479 0.276852 0.423958 0.277778 0.423438 0.277778 0.422396 0.279630 0.421875 0.279630 0.421354 0.280556 0.420833 0.280556 0.419792 0.282407 0.419271 0.282407 0.418750 0.283333 0.418229 0.283333 0.417187 0.285185 0.416667 0.285185 0.416146 0.286111 0.415625 0.286111 0.415104 0.287037 0.414583 0.287037 0.413542 0.288889 0.413021 0.288889 0.412500 0.289815 0.411979 0.289815 0.410938 0.291667 0.410417 0.291667 0.409896 0.292593 0.409375 0.292593 0.408854 0.293519 0.408333 0.293519 0.406771 0.290741 0.406250 0.290741 0.394792 0.270370 0.394792 0.269444 0.382292 0.247222
0 0.455469 0.346296 0.151562 0.174074 0.455208 0.259259 0.454167 0.261111 0.453646 0.261111 0.452604 0.262963 0.452083 0.262963 0.451562 0.263889 0.451042 0.263889 0.450000 0.265741 0.449479 0.265741 0.448437 0.267593 0.447917 0.267593 0.447396 0.268519 0.446875 0.268519 0.445833 0.270370 0.445312 0.270370 0.444271 0.272222 0.443750 0.272222 0.443229 0.273148 0.442708 0.273148 0.441667 0.275000 0.441146 0.275000 0.440625 0.275926 0.440104 0.275926 0.439063 0.277778 0.438542 0.277778 0.437500 0.279630 0.436979 0.279630 0.436458 0.280556 0.435937 0.280556 0.434896 0.282407 0.434375 0.282407 0.433333 0.284259 0.432812 0.284259 0.432292 0.285185 0.431771 0.285185 0.430729 0.287037 0.430208 0.287037 0.429167 0.288889 0.428646 0.288889 0.428125 0.289815 0.427604 0.289815 0.426563 0.291667 0.426042 0.291667 0.425000 0.293519 0.424479 0.293519 0.423958 0.294444 0.423438 0.294444 0.422396 0.296296 0.421875 0.296296 0.420833 0.298148 0.420312 0.298148 0.419792 0.299074 0.419271 0.299074 0.418229 0.300926 0.417708 0.300926 0.417187 0.301852 0.416667 0.301852 0.415625 0.303704 0.415104 0.303704 0.414062 0.305556 0.413542 0.305556 0.413021 0.306481 0.412500 0.306481 0.411458 0.308333 0.410938 0.308333 0.409896 0.310185 0.409375 0.310185 0.408854 0.311111 0.408333 0.311111 0.407292 0.312963 0.406771 0.312963 0.405729 0.314815 0.405208 0.314815 0.404687 0.315741 0.404167 0.315741 0.403125 0.317593 0.402604 0.317593 0.401562 0.319444 0.401042 0.319444 0.400521 0.320370 0.400000 0.320370 0.398958 0.322222 0.398438 0.322222 0.397917 0.323148 0.397396 0.323148 0.396354 0.325000 0.395833 0.325000 0.394792 0.326852 0.394271 0.326852 0.393750 0.327778 0.393229 0.327778 0.392188 0.329630 0.391667 0.329630 0.390625 0.331481 0.390104 0.331481 0.389583 0.332407 0.389062 0.332407 0.388021 0.334259 0.387500 0.334259 0.386458 0.336111 0.385937 0.336111 0.385417 0.337037 0.384896 0.337037 0.383854 0.338889 0.383333 0.338889 0.382292 0.340741 0.381771 0.340741 0.381250 0.341667 0.380729 0.341667 0.380208 0.342593 0.380208 0.343519 0.379688 0.344444 0.379688 0.347222 0.380208 0.348148 0.380208 0.349074 0.381771 0.351852 0.381771 0.352778 0.388021 0.363889 0.388021 0.364815 0.397396 0.381481 0.397396 0.382407 0.406250 0.398148 0.406250 0.399074 0.415625 0.415741 0.415625 0.416667 0.424479 0.432407 0.425000 0.432407 0.425521 0.433333 0.427083 0.433333 0.427604 0.432407 0.428125 0.432407 0.429688 0.429630 0.430208 0.429630 0.432812 0.425000 0.433333 0.425000 0.436458 0.419444 0.436979 0.419444 0.439583 0.414815 0.440104 0.414815 0.443229 0.409259 0.443750 0.409259 0.446354 0.404630 0.446875 0.404630 0.450000 0.399074 0.450521 0.399074 0.453646 0.393519 0.454167 0.393519 0.456771 0.388889 0.457292 0.388889 0.460417 0.383333 0.460938 0.383333 0.463542 0.378704 0.464062 0.378704 0.468750 0.370370 0.469271 0.370370 0.477604 0.355556 0.478125 0.355556 0.481250 0.350000 0.481771 0.350000 0.484375 0.345370 0.484896 0.345370 0.488021 0.339815 0.488542 0.339815 0.491146 0.335185 0.491667 0.335185 0.494792 0.329630 0.495312 0.329630 0.497917 0.325000 0.498437 0.325000 0.501563 0.319444 0.502083 0.319444 0.504687 0.314815 0.505208 0.314815 0.513542 0.300000 0.514062 0.300000 0.525521 0.279630 0.526042 0.279630 0.529687 0.273148 0.529687 0.272222 0.530729 0.270370 0.530729 0.269444 0.531250 0.268519 0.530729 0.267593 0.530729 0.266667 0.530208 0.265741 0.530208 0.264815 0.529687 0.264815 0.529167 0.263889 0.527604 0.263889 0.526042 0.266667 0.525521 0.266667 0.523438 0.270370 0.522917 0.270370 0.520833 0.274074 0.520312 0.274074 0.518229 0.277778 0.517708 0.277778 0.515625 0.281481 0.515104 0.281481 0.512500 0.286111 0.511979 0.286111 0.509896 0.289815 0.509375 0.289815 0.507292 0.293519 0.506771 0.293519 0.504687 0.297222 0.504167 0.297222 0.502083 0.300926 0.501563 0.300926 0.499479 0.304630 0.498958 0.304630 0.496875 0.308333 0.496354 0.308333 0.493750 0.312963 0.493229 0.312963 0.492188 0.314815 0.491146 0.314815 0.490625 0.313889 0.489583 0.313889 0.488542 0.312037 0.488021 0.312037 0.486458 0.309259 0.485938 0.309259 0.481250 0.300926 0.480729 0.300926 0.473958 0.288889 0.473958 0.287963 0.464062 0.270370 0.464062 0.269444 0.458854 0.260185 0.458333 0.260185 0.457813 0.259259
0 0.553906 0.346759 0.132812 0.175000 0.544271 0.259259 0.543750 0.260185 0.543229 0.260185 0.541667 0.262963 0.541146 0.262963 0.538021 0.268519 0.537500 0.268519 0.534896 0.273148 0.534375 0.273148 0.531250 0.278704 0.530729 0.278704 0.527604 0.284259 0.527083 0.284259 0.524479 0.288889 0.523958 0.288889 0.520833 0.294444 0.520312 0.294444 0.517708 0.299074 0.517188 0.299074 0.514062 0.304630 0.513542 0.304630 0.510938 0.309259 0.510417 0.309259 0.507292 0.314815 0.506771 0.314815 0.504167 0.319444 0.503646 0.319444 0.500521 0.325000 0.500000 0.325000 0.497396 0.329630 0.496875 0.329630 0.493750 0.335185 0.493229 0.335185 0.490625 0.339815 0.490104 0.339815 0.487500 0.344444 0.487500 0.349074 0.488542 0.350926 0.488542 0.351852 0.492188 0.358333 0.492188 0.359259 0.500000 0.373148 0.500000 0.374074 0.508333 0.388889 0.508333 0.389815 0.516667 0.404630 0.516667 0.405556 0.525000 0.420370 0.525000 0.421296 0.531771 0.433333 0.532292 0.433333 0.532813 0.434259 0.534896 0.434259 0.535937 0.432407 0.536458 0.432407 0.538542 0.428704 0.539062 0.428704 0.544271 0.419444 0.544792 0.419444 0.550521 0.409259 0.551042 0.409259 0.556250 0.400000 0.556771 0.400000 0.562500 0.389815 0.563021 0.389815 0.568750 0.379630 0.569271 0.379630 0.575000 0.369444 0.575521 0.369444 0.581771 0.358333 0.581771 0.357407 0.583854 0.353704 0.583854 0.352778 0.585417 0.350000 0.585417 0.349074 0.587500 0.345370 0.587500 0.344444 0.589583 0.340741 0.589583 0.339815 0.591146 0.337037 0.591146 0.336111 0.593229 0.332407 0.593229 0.331481 0.594792 0.328704 0.594792 0.327778 0.596875 0.324074 0.596875 0.323148 0.598958 0.319444 0.598958 0.318519 0.600521 0.315741 0.600521 0.314815 0.602604 0.311111 0.602604 0.310185 0.604688 0.306481 0.604688 0.305556 0.606250 0.302778 0.606250 0.301852 0.608333 0.298148 0.608333 0.297222 0.609896 0.294444 0.609896 0.293519 0.611979 0.289815 0.611979 0.288889 0.614062 0.285185 0.614062 0.284259 0.615625 0.281481 0.615625 0.280556 0.617708 0.276852 0.617708 0.275926 0.619271 0.273148 0.619271 0.272222 0.620313 0.270370 0.620313 0.267593 0.619792 0.266667 0.619792 0.265741 0.619271 0.264815 0.618750 0.264815 0.618229 0.263889 0.617708 0.263889 0.617188 0.264815 0.616667 0.264815 0.614583 0.268519 0.614062 0.268519 0.607812 0.279630 0.607292 0.279630 0.602083 0.288889 0.601562 0.288889 0.597396 0.296296 0.596875 0.296296 0.593750 0.301852 0.593229 0.301852 0.591146 0.305556 0.590625 0.305556 0.588542 0.309259 0.588021 0.309259 0.586979 0.311111 0.586458 0.311111 0.585417 0.312963 0.584896 0.312963 0.584375 0.313889 0.583854 0.313889 0.583333 0.314815 0.582292 0.314815 0.581771 0.315741 0.579688 0.315741 0.579167 0.314815 0.578125 0.314815 0.577604 0.313889 0.577083 0.313889 0.576042 0.312037 0.575521 0.312037 0.573958 0.309259 0.573438 0.309259 0.555208 0.276852 0.555208 0.275926 0.546354 0.260185 0.545833 0.260185 0.545312 0.259259
0 0.648698 0.362500 0.119271 0.184259 0.628125 0.270370 0.626042 0.274074 0.626042 0.275000 0.624479 0.277778 0.624479 0.278704 0.622917 0.281481 0.622917 0.282407 0.621354 0.285185 0.621354 0.286111 0.619792 0.288889 0.619792 0.289815 0.618229 0.292593 0.618229 0.293519 0.616667 0.296296 0.616667 0.297222 0.615104 0.300000 0.615104 0.300926 0.613542 0.303704 0.613542 0.304630 0.611979 0.307407 0.611979 0.308333 0.610417 0.311111 0.610417 0.312037 0.608854 0.314815 0.608854 0.315741 0.607292 0.318519 0.607292 0.319444 0.606250 0.321296 0.606250 0.322222 0.604688 0.325000 0.604688 0.325926 0.603125 0.328704 0.603125 0.329630 0.601562 0.332407 0.601562 0.333333 0.600000 0.336111 0.600000 0.337037 0.598437 0.339815 0.598437 0.340741 0.596875 0.343519 0.596875 0.344444 0.595313 0.347222 0.595313 0.348148 0.593750 0.350926 0.593750 0.351852 0.592187 0.354630 0.592187 0.355556 0.590625 0.358333 0.590625 0.359259 0.589583 0.361111 0.589583 0.362037 0.589063 0.362963 0.589063 0.364815 0.589583 0.365741 0.589583 0.366667 0.591146 0.369444 0.591146 0.370370 0.595313 0.377778 0.595313 0.378704 0.602604 0.391667 0.602604 0.392593 0.610417 0.406481 0.610417 0.407407 0.617708 0.420370 0.617708 0.421296 0.625521 0.435185 0.625521 0.436111 0.635417 0.453704 0.635938 0.453704 0.636458 0.454630 0.638021 0.454630 0.638542 0.453704 0.639062 0.453704 0.639583 0.452778 0.640104 0.452778 0.642188 0.449074 0.642708 0.449074 0.645833 0.443519 0.646354 0.443519 0.649479 0.437963 0.650000 0.437963 0.653646 0.431481 0.654167 0.431481 0.657813 0.425000 0.658333 0.425000 0.661979 0.418519 0.662500 0.418519 0.665625 0.412963 0.666146 0.412963 0.669792 0.406481 0.670312 0.406481 0.673958 0.400000 0.674479 0.400000 0.677604 0.394444 0.678125 0.394444 0.681771 0.387963 0.682292 0.387963 0.686458 0.380556 0.686979 0.380556 0.688542 0.377778 0.688542 0.376852 0.689583 0.375000 0.689583 0.374074 0.690104 0.373148 0.690104 0.371296 0.690625 0.370370 0.690625 0.368519 0.691146 0.367593 0.691146 0.365741 0.691667 0.364815 0.691667 0.363889 0.692187 0.362963 0.692187 0.361111 0.692708 0.360185 0.692708 0.358333 0.693229 0.357407 0.693229 0.355556 0.693750 0.354630 0.693750 0.352778 0.694271 0.351852 0.694271 0.350926 0.694792 0.350000 0.694792 0.348148 0.695312 0.347222 0.695312 0.345370 0.695833 0.344444 0.695833 0.342593 0.696354 0.341667 0.696354 0.339815 0.696875 0.338889 0.696875 0.337963 0.697396 0.337037 0.697396 0.335185 0.697917 0.334259 0.697917 0.332407 0.698438 0.331481 0.698438 0.329630 0.698958 0.328704 0.698958 0.326852 0.699479 0.325926 0.699479 0.325000 0.700000 0.324074 0.700000 0.322222 0.700521 0.321296 0.700521 0.319444 0.701042 0.318519 0.701042 0.316667 0.701562 0.315741 0.701562 0.313889 0.702083 0.312963 0.702083 0.312037 0.702604 0.311111 0.702604 0.309259 0.703125 0.308333 0.703125 0.306481 0.703646 0.305556 0.703646 0.303704 0.704167 0.302778 0.704167 0.300926 0.704688 0.300000 0.704688 0.299074 0.705208 0.298148 0.705208 0.296296 0.705729 0.295370 0.705729 0.293519 0.706250 0.292593 0.706250 0.290741 0.706771 0.289815 0.706771 0.287963 0.707292 0.287037 0.707292 0.286111 0.707812 0.285185 0.707812 0.283333 0.708333 0.282407 0.708333 0.278704 0.706771 0.275926 0.704688 0.275926 0.703125 0.278704 0.702604 0.278704 0.698958 0.285185 0.698438 0.285185 0.694271 0.292593 0.693750 0.292593 0.690104 0.299074 0.689583 0.299074 0.686458 0.304630 0.685937 0.304630 0.683333 0.309259 0.682813 0.309259 0.680208 0.313889 0.679688 0.313889 0.677604 0.317593 0.677083 0.317593 0.675521 0.320370 0.675000 0.320370 0.673438 0.323148 0.672917 0.323148 0.671875 0.325000 0.671354 0.325000 0.670833 0.325926 0.670312 0.325926 0.669792 0.326852 0.669271 0.326852 0.668750 0.327778 0.666667 0.327778 0.666146 0.328704 0.665625 0.327778 0.664062 0.327778 0.663542 0.326852 0.663021 0.326852 0.662500 0.325926 0.661979 0.325926 0.660937 0.324074 0.660417 0.324074 0.658333 0.320370 0.657813 0.320370 0.642188 0.292593 0.642188 0.291667 0.634375 0.277778 0.634375 0.276852 0.632292 0.273148 0.631771 0.273148 0.630208 0.270370
0 0.340625 0.542593 0.097917 0.088889 0.381250 0.498148 0.380729 0.499074 0.380208 0.499074 0.379688 0.500000 0.379167 0.500000 0.376563 0.504630 0.376042 0.504630 0.372917 0.510185 0.372396 0.510185 0.369792 0.514815 0.369271 0.514815 0.366146 0.520370 0.365625 0.520370 0.362500 0.525926 0.361979 0.525926 0.359375 0.530556 0.358854 0.530556 0.355729 0.536111 0.355208 0.536111 0.352083 0.541667 0.351562 0.541667 0.348958 0.546296 0.348438 0.546296 0.345313 0.551852 0.344792 0.551852 0.343750 0.553704 0.341667 0.553704 0.339583 0.550000 0.339583 0.545370 0.340625 0.543519 0.340625 0.542593 0.344271 0.536111 0.341667 0.540741 0.341146 0.540741 0.338542 0.545370 0.338021 0.545370 0.335417 0.550000 0.334896 0.550000 0.332813 0.553704 0.332292 0.553704 0.330729 0.556481 0.330208 0.556481 0.329688 0.557407 0.329167 0.556481 0.328125 0.556481 0.327604 0.555556 0.327083 0.555556 0.316667 0.537037 0.316667 0.536111 0.298958 0.504630 0.298438 0.504630 0.295833 0.500000 0.294792 0.500000 0.293750 0.501852 0.293229 0.501852 0.291667 0.504630 0.291667 0.509259 0.293229 0.512037 0.293229 0.512963 0.298438 0.522222 0.298438 0.523148 0.306771 0.537963 0.306771 0.538889 0.314583 0.552778 0.314583 0.553704 0.322917 0.568519 0.322917 0.569444 0.332292 0.586111 0.334896 0.586111 0.335417 0.587037 0.338542 0.587037 0.342708 0.579630 0.343229 0.579630 0.347396 0.572222 0.347917 0.572222 0.352604 0.563889 0.353125 0.563889 0.357292 0.556481 0.357812 0.556481 0.362500 0.548148 0.363021 0.548148 0.367188 0.540741 0.367708 0.540741 0.372396 0.532407 0.372917 0.532407 0.377083 0.525000 0.377604 0.525000 0.382292 0.516667 0.382812 0.516667 0.387500 0.508333 0.388021 0.508333 0.389583 0.505556 0.388021 0.502778 0.387500 0.502778 0.386458 0.500926 0.385937 0.500926 0.385417 0.500000 0.384896 0.500000 0.384375 0.499074 0.383333 0.499074 0.382812 0.498148
0 0.432812 0.556019 0.095833 0.097222 0.391146 0.507407 0.387500 0.513889 0.386979 0.513889 0.384896 0.517593 0.384896 0.522222 0.386458 0.525000 0.386458 0.525926 0.392188 0.536111 0.392188 0.537037 0.402604 0.555556 0.402604 0.556481 0.413021 0.575000 0.413021 0.575926 0.423438 0.594444 0.423438 0.595370 0.426563 0.600926 0.427083 0.600926 0.428646 0.603704 0.429167 0.603704 0.429688 0.604630 0.430208 0.604630 0.430729 0.603704 0.431250 0.603704 0.431771 0.602778 0.432292 0.602778 0.434375 0.599074 0.434896 0.599074 0.439583 0.590741 0.440104 0.590741 0.445833 0.580556 0.446354 0.580556 0.451562 0.571296 0.452083 0.571296 0.457813 0.561111 0.458333 0.561111 0.464062 0.550926 0.464583 0.550926 0.470313 0.540741 0.470833 0.540741 0.473438 0.536111 0.473438 0.535185 0.476562 0.529630 0.476562 0.528704 0.479687 0.523148 0.479687 0.522222 0.480729 0.520370 0.480729 0.519444 0.480208 0.519444 0.479687 0.518519 0.475521 0.518519 0.475000 0.519444 0.473958 0.519444 0.473438 0.520370 0.472917 0.520370 0.472396 0.521296 0.471875 0.521296 0.470833 0.523148 0.470313 0.523148 0.469271 0.525000 0.468750 0.525000 0.467187 0.527778 0.466667 0.527778 0.464583 0.531481 0.464062 0.531481 0.461458 0.536111 0.460938 0.536111 0.457813 0.541667 0.457292 0.541667 0.453646 0.548148 0.453125 0.548148 0.447917 0.557407 0.447396 0.557407 0.441667 0.567593 0.441146 0.567593 0.437500 0.574074 0.436979 0.574074 0.436458 0.575000 0.434375 0.575000 0.432292 0.571296 0.432292 0.569444 0.431771 0.568519 0.432292 0.567593 0.432292 0.566667 0.432812 0.565741 0.432812 0.564815 0.438542 0.554630 0.438542 0.553704 0.445312 0.541667 0.445312 0.540741 0.452083 0.528704 0.452083 0.527778 0.452604 0.526852 0.445833 0.538889 0.445312 0.538889 0.439063 0.550000 0.438542 0.550000 0.432812 0.560185 0.432292 0.560185 0.429167 0.565741 0.428646 0.565741 0.428125 0.566667 0.426042 0.566667 0.425521 0.565741 0.425000 0.565741 0.423958 0.563889 0.422917 0.563889 0.406771 0.535185 0.406771 0.534259 0.395833 0.514815 0.395313 0.514815
0 0.552604 0.564815 0.063542 0.083333 0.582812 0.523148 0.582292 0.524074 0.580729 0.524074 0.580208 0.525000 0.579688 0.525000 0.579167 0.525926 0.578646 0.525926 0.578125 0.526852 0.577604 0.526852 0.576562 0.528704 0.576042 0.528704 0.575000 0.530556 0.574479 0.530556 0.573438 0.532407 0.572917 0.532407 0.571354 0.535185 0.570833 0.535185 0.568750 0.538889 0.568229 0.538889 0.566146 0.542593 0.565625 0.542593 0.563542 0.546296 0.563021 0.546296 0.560417 0.550926 0.559896 0.550926 0.556771 0.556481 0.556250 0.556481 0.552604 0.562963 0.552083 0.562963 0.548438 0.569444 0.547917 0.569444 0.544792 0.575000 0.544271 0.575000 0.541667 0.579630 0.541146 0.579630 0.540625 0.580556 0.538542 0.580556 0.535937 0.575926 0.535937 0.573148 0.536458 0.572222 0.536458 0.571296 0.537500 0.569444 0.537500 0.568519 0.538542 0.566667 0.538542 0.565741 0.539583 0.563889 0.539583 0.562963 0.540625 0.561111 0.540625 0.560185 0.541667 0.558333 0.541667 0.557407 0.542188 0.556481 0.542188 0.555556 0.543229 0.553704 0.543229 0.552778 0.543750 0.551852 0.539583 0.559259 0.539062 0.559259 0.536458 0.563889 0.535937 0.563889 0.534896 0.565741 0.534375 0.565741 0.533854 0.566667 0.532813 0.566667 0.532292 0.565741 0.531771 0.565741 0.531250 0.564815 0.530729 0.565741 0.530729 0.566667 0.529687 0.568519 0.529687 0.569444 0.528646 0.571296 0.528646 0.572222 0.527604 0.574074 0.527604 0.575000 0.526563 0.576852 0.526563 0.577778 0.525521 0.579630 0.525521 0.580556 0.524479 0.582407 0.524479 0.583333 0.522917 0.586111 0.520833 0.586111 0.525521 0.594444 0.525521 0.595370 0.531250 0.605556 0.531771 0.605556 0.532292 0.606481 0.535417 0.606481 0.536458 0.604630 0.536979 0.604630 0.539583 0.600000 0.540104 0.600000 0.543750 0.593519 0.544271 0.593519 0.547396 0.587963 0.547917 0.587963 0.551562 0.581481 0.552083 0.581481 0.555729 0.575000 0.556250 0.575000 0.559896 0.568519 0.560417 0.568519 0.564063 0.562037 0.564583 0.562037 0.567708 0.556481 0.568229 0.556481 0.571875 0.550000 0.572396 0.550000 0.576042 0.543519 0.576562 0.543519 0.579688 0.537963 0.579688 0.537037 0.580729 0.535185 0.580729 0.534259 0.581250 0.533333 0.581250 0.532407 0.581771 0.531481 0.581771 0.530556 0.582812 0.528704 0.582812 0.527778 0.583333 0.526852 0.583333 0.525926 0.583854 0.525000 0.583854 0.524074 0.584375 0.523148
0 0.637500 0.581481 0.100000 0.101852 0.591146 0.530556 0.591146 0.531481 0.590625 0.532407 0.590625 0.533333 0.590104 0.534259 0.590104 0.535185 0.589583 0.536111 0.589583 0.537037 0.588542 0.538889 0.588542 0.539815 0.588021 0.540741 0.588021 0.541667 0.587500 0.542593 0.587500 0.547222 0.588021 0.548148 0.588021 0.549074 0.591146 0.554630 0.591146 0.555556 0.598958 0.569444 0.598958 0.570370 0.607292 0.585185 0.607292 0.586111 0.615625 0.600926 0.615625 0.601852 0.623958 0.616667 0.623958 0.617593 0.631771 0.631481 0.632292 0.631481 0.632812 0.632407 0.635417 0.632407 0.635938 0.631481 0.636458 0.631481 0.638021 0.628704 0.638542 0.628704 0.640625 0.625000 0.641146 0.625000 0.643750 0.620370 0.644271 0.620370 0.646875 0.615741 0.647396 0.615741 0.650000 0.611111 0.650521 0.611111 0.653125 0.606481 0.653646 0.606481 0.655729 0.602778 0.656250 0.602778 0.658854 0.598148 0.659375 0.598148 0.661979 0.593519 0.662500 0.593519 0.665104 0.588889 0.665625 0.588889 0.668229 0.584259 0.668750 0.584259 0.671354 0.579630 0.671875 0.579630 0.674479 0.575000 0.675000 0.575000 0.677604 0.570370 0.678125 0.570370 0.680729 0.565741 0.681250 0.565741 0.684375 0.560185 0.684375 0.559259 0.684896 0.558333 0.684896 0.555556 0.685417 0.554630 0.685417 0.552778 0.685937 0.551852 0.685937 0.549074 0.686458 0.548148 0.686458 0.545370 0.686979 0.544444 0.686979 0.542593 0.687500 0.541667 0.687500 0.539815 0.686979 0.539815 0.686458 0.540741 0.685937 0.540741 0.684896 0.542593 0.684375 0.542593 0.683333 0.544444 0.682813 0.544444 0.681771 0.546296 0.681250 0.546296 0.680208 0.548148 0.679688 0.548148 0.678125 0.550926 0.677604 0.550926 0.676042 0.553704 0.675521 0.553704 0.673438 0.557407 0.672917 0.557407 0.670833 0.561111 0.670312 0.561111 0.668750 0.563889 0.668229 0.563889 0.665625 0.568519 0.665104 0.568519 0.663021 0.572222 0.662500 0.572222 0.659896 0.576852 0.659375 0.576852 0.656771 0.581481 0.656250 0.581481 0.653646 0.586111 0.653125 0.586111 0.650521 0.590741 0.650000 0.590741 0.648438 0.593519 0.647917 0.593519 0.647396 0.594444 0.646875 0.594444 0.646354 0.595370 0.645833 0.595370 0.645312 0.594444 0.644792 0.594444 0.642708 0.590741 0.642708 0.585185 0.643229 0.584259 0.643229 0.583333 0.643750 0.582407 0.643750 0.580556 0.644271 0.579630 0.644271 0.577778 0.644792 0.576852 0.644792 0.575000 0.645312 0.574074 0.645312 0.573148 0.645833 0.572222 0.645833 0.571296 0.643750 0.575000 0.643229 0.575000 0.640625 0.579630 0.640104 0.579630 0.639062 0.581481 0.638542 0.581481 0.637500 0.583333 0.634896 0.583333 0.633854 0.581481 0.633333 0.581481 0.632812 0.580556 0.632812 0.582407 0.632292 0.583333 0.632292 0.584259 0.631771 0.585185 0.631771 0.587037 0.631250 0.587963 0.631250 0.588889 0.629687 0.591667 0.629167 0.591667 0.628646 0.592593 0.627604 0.592593 0.627083 0.591667 0.626563 0.591667 0.625521 0.589815 0.625000 0.589815 0.618229 0.577778 0.618229 0.576852 0.608854 0.560185 0.608854 0.559259 0.596875 0.537963 0.596354 0.537963 0.592187 0.530556
0 0.751823 0.595370 0.101562 0.101852 0.702604 0.544444 0.702083 0.545370 0.702083 0.548148 0.701562 0.549074 0.701562 0.552778 0.701042 0.553704 0.701042 0.559259 0.702083 0.561111 0.702083 0.562037 0.705729 0.568519 0.705729 0.569444 0.713021 0.582407 0.713021 0.583333 0.720313 0.596296 0.720313 0.597222 0.728125 0.611111 0.728125 0.612037 0.735417 0.625000 0.735417 0.625926 0.746354 0.645370 0.746875 0.645370 0.747396 0.646296 0.749479 0.646296 0.750000 0.645370 0.750521 0.645370 0.751563 0.643519 0.752083 0.643519 0.753646 0.640741 0.754167 0.640741 0.755729 0.637963 0.756250 0.637963 0.758333 0.634259 0.758854 0.634259 0.760938 0.630556 0.761458 0.630556 0.763542 0.626852 0.764062 0.626852 0.765625 0.624074 0.766146 0.624074 0.768229 0.620370 0.768750 0.620370 0.770833 0.616667 0.771354 0.616667 0.773438 0.612963 0.773958 0.612963 0.775521 0.610185 0.776042 0.610185 0.778125 0.606481 0.778646 0.606481 0.780729 0.602778 0.781250 0.602778 0.783333 0.599074 0.783854 0.599074 0.785417 0.596296 0.785937 0.596296 0.788021 0.592593 0.788542 0.592593 0.790625 0.588889 0.791146 0.588889 0.793229 0.585185 0.793750 0.585185 0.795833 0.581481 0.796354 0.581481 0.798438 0.577778 0.798958 0.577778 0.802604 0.571296 0.802604 0.559259 0.802083 0.558333 0.802083 0.550926 0.801562 0.550926 0.799479 0.554630 0.798958 0.554630 0.796875 0.558333 0.796354 0.558333 0.794271 0.562037 0.793750 0.562037 0.792188 0.564815 0.791667 0.564815 0.789583 0.568519 0.789062 0.568519 0.786979 0.572222 0.786458 0.572222 0.784375 0.575926 0.783854 0.575926 0.781771 0.579630 0.781250 0.579630 0.779167 0.583333 0.778646 0.583333 0.776563 0.587037 0.776042 0.587037 0.773958 0.590741 0.773438 0.590741 0.771354 0.594444 0.770833 0.594444 0.769271 0.597222 0.768750 0.597222 0.766667 0.600926 0.766146 0.600926 0.764062 0.604630 0.763542 0.604630 0.761979 0.607407 0.761458 0.607407 0.759896 0.610185 0.759375 0.610185 0.758333 0.612037 0.757292 0.612037 0.756771 0.612963 0.755729 0.612963 0.755208 0.612037 0.754687 0.612037 0.744792 0.594444 0.744792 0.593519 0.743229 0.590741 0.743229 0.596296 0.742708 0.597222 0.742708 0.602778 0.742188 0.603704 0.742188 0.604630 0.741146 0.606481 0.740104 0.606481 0.739583 0.607407 0.739062 0.607407 0.738542 0.606481 0.737500 0.606481 0.736458 0.604630 0.735938 0.604630 0.730208 0.594444 0.730208 0.593519 0.722396 0.579630 0.722396 0.578704 0.704688 0.547222 0.704167 0.547222
0 0.302604 0.509722 0.110417 0.093519 0.291667 0.462963 0.291146 0.463889 0.290625 0.463889 0.289583 0.465741 0.289062 0.465741 0.288021 0.467593 0.287500 0.467593 0.286458 0.469444 0.285938 0.469444 0.284375 0.472222 0.283854 0.472222 0.271354 0.494444 0.271354 0.495370 0.248438 0.536111 0.248438 0.537037 0.247396 0.538889 0.247396 0.541667 0.248438 0.543519 0.248438 0.544444 0.248958 0.545370 0.249479 0.545370 0.250000 0.546296 0.250521 0.546296 0.251042 0.545370 0.251563 0.545370 0.252604 0.543519 0.253125 0.543519 0.254167 0.541667 0.254688 0.541667 0.255729 0.539815 0.256250 0.539815 0.257812 0.537037 0.258333 0.537037 0.259375 0.535185 0.259896 0.535185 0.260937 0.533333 0.261458 0.533333 0.262500 0.531481 0.263021 0.531481 0.264583 0.528704 0.265104 0.528704 0.266146 0.526852 0.266667 0.526852 0.282813 0.498148 0.283333 0.498148 0.284375 0.496296 0.284896 0.496296 0.285938 0.494444 0.286458 0.494444 0.287500 0.492593 0.288021 0.492593 0.288542 0.491667 0.289583 0.491667 0.290104 0.492593 0.291146 0.492593 0.292187 0.494444 0.292708 0.494444 0.294271 0.497222 0.294792 0.497222 0.298438 0.503704 0.298958 0.503704 0.317188 0.536111 0.317188 0.537037 0.327083 0.554630 0.327604 0.554630 0.328125 0.555556 0.329167 0.555556 0.329688 0.556481 0.330208 0.555556 0.330729 0.555556 0.332292 0.552778 0.332813 0.552778 0.334896 0.549074 0.335417 0.549074 0.338021 0.544444 0.338542 0.544444 0.341146 0.539815 0.341667 0.539815 0.344271 0.535185 0.344792 0.535185 0.347396 0.530556 0.347917 0.530556 0.357812 0.512963 0.355729 0.516667 0.355208 0.516667 0.352604 0.521296 0.352083 0.521296 0.350000 0.525000 0.349479 0.525000 0.346875 0.529630 0.346354 0.529630 0.343750 0.534259 0.343229 0.534259 0.341146 0.537963 0.340625 0.537963 0.338542 0.541667 0.338021 0.541667 0.337500 0.542593 0.336458 0.542593 0.335938 0.541667 0.335417 0.541667 0.321875 0.517593 0.321875 0.516667 0.310417 0.496296 0.310417 0.495370 0.299479 0.475926 0.299479 0.475000 0.294792 0.466667 0.294271 0.466667 0.292187 0.462963
0 0.381771 0.516204 0.083333 0.093519 0.384896 0.469444 0.384375 0.470370 0.383854 0.470370 0.381771 0.474074 0.381250 0.474074 0.378646 0.478704 0.378125 0.478704 0.364583 0.502778 0.364063 0.502778 0.347396 0.532407 0.346875 0.532407 0.341146 0.542593 0.341146 0.543519 0.340104 0.545370 0.340104 0.550000 0.341667 0.552778 0.343750 0.552778 0.344792 0.550926 0.345313 0.550926 0.348438 0.545370 0.348958 0.545370 0.351562 0.540741 0.352083 0.540741 0.355208 0.535185 0.355729 0.535185 0.358854 0.529630 0.359375 0.529630 0.361979 0.525000 0.362500 0.525000 0.365625 0.519444 0.366146 0.519444 0.369271 0.513889 0.369792 0.513889 0.372396 0.509259 0.372917 0.509259 0.376042 0.503704 0.376563 0.503704 0.379167 0.499074 0.379688 0.499074 0.380208 0.498148 0.380729 0.498148 0.381250 0.497222 0.382812 0.497222 0.383333 0.498148 0.384375 0.498148 0.384896 0.499074 0.385417 0.499074 0.385937 0.500000 0.386458 0.500000 0.387500 0.501852 0.388021 0.501852 0.389583 0.504630 0.390104 0.504630 0.395313 0.513889 0.395833 0.513889 0.407292 0.534259 0.407292 0.535185 0.422917 0.562963 0.423438 0.562963 0.416146 0.550000 0.416146 0.549074 0.406250 0.531481 0.406250 0.530556 0.396354 0.512963 0.396354 0.512037 0.386458 0.494444 0.386458 0.493519 0.381771 0.485185 0.381771 0.484259 0.380729 0.482407 0.380729 0.478704 0.381250 0.477778 0.381250 0.476852 0.381771 0.475926 0.382292 0.475926 0.384896 0.471296 0.385417 0.471296 0.385417 0.470370
0 0.481510 0.526389 0.098437 0.117593 0.485938 0.467593 0.485417 0.468519 0.485417 0.469444 0.479167 0.480556 0.479167 0.481481 0.472396 0.493519 0.472396 0.494444 0.467187 0.503704 0.466667 0.503704 0.459896 0.515741 0.459375 0.515741 0.452604 0.527778 0.452604 0.528704 0.445833 0.540741 0.445833 0.541667 0.439063 0.553704 0.439063 0.554630 0.433333 0.564815 0.433333 0.565741 0.432812 0.566667 0.432812 0.567593 0.432292 0.568519 0.432812 0.569444 0.432812 0.571296 0.434375 0.574074 0.436458 0.574074 0.436979 0.573148 0.437500 0.573148 0.441146 0.566667 0.441667 0.566667 0.447396 0.556481 0.447917 0.556481 0.453125 0.547222 0.453646 0.547222 0.457292 0.540741 0.457813 0.540741 0.460938 0.535185 0.461458 0.535185 0.464062 0.530556 0.464583 0.530556 0.466667 0.526852 0.467187 0.526852 0.468750 0.524074 0.469271 0.524074 0.470313 0.522222 0.470833 0.522222 0.471875 0.520370 0.472396 0.520370 0.472917 0.519444 0.473438 0.519444 0.473958 0.518519 0.475000 0.518519 0.475521 0.517593 0.479687 0.517593 0.480208 0.518519 0.480729 0.518519 0.481250 0.519444 0.481771 0.519444 0.482812 0.521296 0.483333 0.521296 0.484896 0.524074 0.485417 0.524074 0.488542 0.529630 0.489063 0.529630 0.506771 0.561111 0.506771 0.562037 0.519271 0.584259 0.519792 0.584259 0.520312 0.585185 0.522917 0.585185 0.523958 0.583333 0.523958 0.582407 0.525000 0.580556 0.525000 0.579630 0.526042 0.577778 0.526042 0.576852 0.527083 0.575000 0.527083 0.574074 0.528125 0.572222 0.528125 0.571296 0.529167 0.569444 0.529167 0.568519 0.530208 0.566667 0.530208 0.565741 0.530729 0.564815 0.530729 0.563889 0.529167 0.561111 0.528646 0.561111 0.528125 0.560185 0.528125 0.559259 0.518229 0.541667 0.518229 0.540741 0.509375 0.525000 0.509375 0.524074 0.500521 0.508333 0.500521 0.507407 0.491667 0.491667 0.491667 0.490741 0.488021 0.484259 0.488021 0.483333 0.487500 0.482407 0.487500 0.481481 0.486979 0.480556 0.486979 0.478704 0.487500 0.477778 0.487500 0.476852 0.489583 0.473148 0.489583 0.472222 0.489063 0.472222 0.487500 0.469444 0.486979 0.469444
0 0.584375 0.534722 0.095833 0.113889 0.585938 0.477778 0.585417 0.478704 0.585417 0.479630 0.584896 0.480556 0.584896 0.481481 0.583854 0.483333 0.583854 0.484259 0.583333 0.485185 0.583333 0.486111 0.582292 0.487963 0.582292 0.488889 0.581771 0.489815 0.581771 0.490741 0.580729 0.492593 0.580729 0.493519 0.575000 0.503704 0.574479 0.503704 0.570833 0.510185 0.570312 0.510185 0.566146 0.517593 0.565625 0.517593 0.561979 0.524074 0.561458 0.524074 0.557292 0.531481 0.556771 0.531481 0.553125 0.537963 0.552604 0.537963 0.548438 0.545370 0.547917 0.545370 0.543750 0.552778 0.543750 0.553704 0.542708 0.555556 0.542708 0.556481 0.542188 0.557407 0.542188 0.558333 0.541146 0.560185 0.541146 0.561111 0.540104 0.562963 0.540104 0.563889 0.539062 0.565741 0.539062 0.566667 0.538021 0.568519 0.538021 0.569444 0.536979 0.571296 0.536979 0.572222 0.536458 0.573148 0.536458 0.575926 0.538542 0.579630 0.540625 0.579630 0.541146 0.578704 0.541667 0.578704 0.544271 0.574074 0.544792 0.574074 0.547917 0.568519 0.548438 0.568519 0.552083 0.562037 0.552604 0.562037 0.556250 0.555556 0.556771 0.555556 0.559896 0.550000 0.560417 0.550000 0.563021 0.545370 0.563542 0.545370 0.565625 0.541667 0.566146 0.541667 0.568229 0.537963 0.568750 0.537963 0.570833 0.534259 0.571354 0.534259 0.572917 0.531481 0.573438 0.531481 0.574479 0.529630 0.575000 0.529630 0.576042 0.527778 0.576562 0.527778 0.577604 0.525926 0.578125 0.525926 0.578646 0.525000 0.579167 0.525000 0.579688 0.524074 0.580208 0.524074 0.580729 0.523148 0.582292 0.523148 0.582812 0.522222 0.584375 0.522222 0.584896 0.523148 0.586458 0.523148 0.586979 0.524074 0.587500 0.524074 0.588021 0.525000 0.588542 0.525000 0.589583 0.526852 0.590104 0.526852 0.591667 0.529630 0.592187 0.529630 0.596354 0.537037 0.596875 0.537037 0.609375 0.559259 0.609375 0.560185 0.618750 0.576852 0.618750 0.577778 0.625000 0.588889 0.625521 0.588889 0.626563 0.590741 0.627083 0.590741 0.627604 0.591667 0.628646 0.591667 0.629167 0.590741 0.629687 0.590741 0.630729 0.588889 0.630729 0.587963 0.631250 0.587037 0.631250 0.585185 0.631771 0.584259 0.631771 0.583333 0.632292 0.582407 0.632292 0.579630 0.628125 0.572222 0.628125 0.571296 0.620313 0.557407 0.620313 0.556481 0.611979 0.541667 0.611979 0.540741 0.603646 0.525926 0.603646 0.525000 0.595833 0.511111 0.595833 0.510185 0.590625 0.500926 0.590625 0.500000 0.589583 0.498148 0.589583 0.497222 0.589063 0.496296 0.589063 0.493519 0.589583 0.492593 0.589583 0.491667 0.590104 0.490741 0.590104 0.489815 0.591146 0.487963 0.591146 0.487037 0.591667 0.486111 0.591667 0.485185 0.592187 0.484259 0.592187 0.483333 0.591146 0.481481 0.590625 0.481481 0.589583 0.479630 0.589063 0.479630 0.588542 0.478704 0.588021 0.478704 0.587500 0.477778
0 0.692969 0.547222 0.099479 0.118519 0.693229 0.487963 0.692708 0.488889 0.691667 0.488889 0.691146 0.489815 0.690625 0.489815 0.690104 0.490741 0.690104 0.491667 0.689583 0.492593 0.689583 0.495370 0.689063 0.496296 0.689063 0.498148 0.688542 0.499074 0.688542 0.500926 0.688021 0.501852 0.688021 0.504630 0.687500 0.505556 0.687500 0.507407 0.686979 0.508333 0.686979 0.509259 0.683333 0.515741 0.682813 0.515741 0.679688 0.521296 0.679167 0.521296 0.676042 0.526852 0.675521 0.526852 0.672917 0.531481 0.672396 0.531481 0.669792 0.536111 0.669271 0.536111 0.666667 0.540741 0.666146 0.540741 0.663021 0.546296 0.662500 0.546296 0.659896 0.550926 0.659375 0.550926 0.656771 0.555556 0.656250 0.555556 0.653125 0.561111 0.652604 0.561111 0.650000 0.565741 0.649479 0.565741 0.646875 0.570370 0.646354 0.570370 0.646354 0.572222 0.645833 0.573148 0.645833 0.574074 0.645312 0.575000 0.645312 0.576852 0.644792 0.577778 0.644792 0.579630 0.644271 0.580556 0.644271 0.582407 0.643750 0.583333 0.643750 0.584259 0.643229 0.585185 0.643229 0.590741 0.644792 0.593519 0.645312 0.593519 0.645833 0.594444 0.646354 0.594444 0.646875 0.593519 0.647396 0.593519 0.647917 0.592593 0.648438 0.592593 0.650000 0.589815 0.650521 0.589815 0.653125 0.585185 0.653646 0.585185 0.656250 0.580556 0.656771 0.580556 0.659375 0.575926 0.659896 0.575926 0.662500 0.571296 0.663021 0.571296 0.665104 0.567593 0.665625 0.567593 0.668229 0.562963 0.668750 0.562963 0.670312 0.560185 0.670833 0.560185 0.672917 0.556481 0.673438 0.556481 0.675521 0.552778 0.676042 0.552778 0.677604 0.550000 0.678125 0.550000 0.679688 0.547222 0.680208 0.547222 0.681250 0.545370 0.681771 0.545370 0.682813 0.543519 0.683333 0.543519 0.684375 0.541667 0.684896 0.541667 0.685937 0.539815 0.686458 0.539815 0.686979 0.538889 0.687500 0.538889 0.688021 0.537963 0.688542 0.537963 0.689063 0.537037 0.689583 0.537037 0.690104 0.536111 0.691146 0.536111 0.691667 0.535185 0.695312 0.535185 0.695833 0.536111 0.696354 0.536111 0.696875 0.537037 0.697917 0.537037 0.698958 0.538889 0.699479 0.538889 0.701042 0.541667 0.701562 0.541667 0.704167 0.546296 0.704688 0.546296 0.722917 0.578704 0.722917 0.579630 0.730729 0.593519 0.730729 0.594444 0.735938 0.603704 0.736458 0.603704 0.737500 0.605556 0.738542 0.605556 0.739062 0.606481 0.739583 0.606481 0.740104 0.605556 0.741146 0.605556 0.741667 0.604630 0.741667 0.603704 0.742188 0.602778 0.742188 0.597222 0.742708 0.596296 0.742708 0.589815 0.737500 0.580556 0.737500 0.579630 0.730208 0.566667 0.730208 0.565741 0.722917 0.552778 0.722917 0.551852 0.715625 0.538889 0.715625 0.537963 0.710417 0.528704 0.710417 0.527778 0.708854 0.525000 0.708854 0.524074 0.708333 0.523148 0.708333 0.520370 0.708854 0.519444 0.708854 0.515741 0.709375 0.514815 0.709375 0.512037 0.709896 0.511111 0.709896 0.507407 0.710417 0.506481 0.705208 0.497222 0.704688 0.497222 0.702604 0.493519 0.702083 0.493519 0.701042 0.491667 0.700521 0.491667 0.699479 0.489815 0.698958 0.489815 0.698438 0.488889 0.697396 0.488889 0.696875 0.487963
0 0.342187 0.501389 0.084375 0.080556 0.376563 0.461111 0.375000 0.463889 0.374479 0.463889 0.368750 0.474074 0.368229 0.474074 0.364063 0.481481 0.363542 0.481481 0.361458 0.485185 0.360938 0.485185 0.359375 0.487963 0.358854 0.487963 0.356771 0.491667 0.356250 0.491667 0.354167 0.495370 0.353646 0.495370 0.352083 0.498148 0.351562 0.498148 0.349479 0.501852 0.348958 0.501852 0.347396 0.504630 0.346875 0.504630 0.344792 0.508333 0.344271 0.508333 0.342187 0.512037 0.341667 0.512037 0.340104 0.514815 0.339583 0.514815 0.338021 0.517593 0.337500 0.517593 0.336979 0.518519 0.335938 0.518519 0.335417 0.517593 0.334896 0.517593 0.333854 0.515741 0.333854 0.514815 0.333333 0.513889 0.333333 0.512963 0.332813 0.512037 0.333333 0.511111 0.333333 0.509259 0.336458 0.503704 0.334896 0.506481 0.334375 0.506481 0.332813 0.509259 0.332292 0.509259 0.330208 0.512963 0.329688 0.512963 0.328125 0.515741 0.327604 0.515741 0.326042 0.518519 0.323958 0.518519 0.323437 0.517593 0.322917 0.517593 0.310937 0.496296 0.322396 0.516667 0.322396 0.517593 0.335417 0.540741 0.335938 0.540741 0.336458 0.541667 0.337500 0.541667 0.338021 0.540741 0.338542 0.540741 0.340625 0.537037 0.341146 0.537037 0.343229 0.533333 0.343750 0.533333 0.346354 0.528704 0.346875 0.528704 0.349479 0.524074 0.350000 0.524074 0.352083 0.520370 0.352604 0.520370 0.355208 0.515741 0.355729 0.515741 0.357812 0.512037 0.358333 0.512037 0.364063 0.501852 0.364583 0.501852 0.378125 0.477778 0.378646 0.477778 0.381250 0.473148 0.381771 0.473148 0.383854 0.469444 0.384375 0.469444 0.384375 0.468519 0.383333 0.466667 0.382812 0.466667 0.381771 0.464815 0.381250 0.464815 0.380208 0.462963 0.379688 0.462963 0.379167 0.462037 0.378125 0.462037 0.377604 0.461111
0 0.433333 0.495833 0.104167 0.139815 0.485417 0.425926 0.465625 0.461111 0.465104 0.461111 0.457292 0.475000 0.456771 0.475000 0.449479 0.487963 0.448958 0.487963 0.441146 0.501852 0.440625 0.501852 0.434375 0.512963 0.433854 0.512963 0.431771 0.516667 0.431250 0.516667 0.430729 0.517593 0.429688 0.517593 0.429167 0.516667 0.428646 0.516667 0.428125 0.515741 0.420833 0.528704 0.419271 0.528704 0.418750 0.527778 0.418229 0.527778 0.417708 0.526852 0.417187 0.526852 0.407813 0.510185 0.407813 0.509259 0.386458 0.471296 0.385937 0.471296 0.385417 0.472222 0.384896 0.472222 0.382292 0.476852 0.381771 0.476852 0.381771 0.477778 0.381250 0.478704 0.381250 0.482407 0.382292 0.484259 0.382292 0.485185 0.386979 0.493519 0.386979 0.494444 0.396875 0.512037 0.396875 0.512963 0.406771 0.530556 0.406771 0.531481 0.416667 0.549074 0.416667 0.550000 0.425000 0.564815 0.425521 0.564815 0.426042 0.565741 0.428125 0.565741 0.428646 0.564815 0.429167 0.564815 0.432292 0.559259 0.432812 0.559259 0.438542 0.549074 0.439063 0.549074 0.445312 0.537963 0.445833 0.537963 0.452604 0.525926 0.453125 0.525926 0.459375 0.514815 0.459896 0.514815 0.466667 0.502778 0.467187 0.502778 0.471875 0.494444 0.471875 0.493519 0.478646 0.481481 0.478646 0.480556 0.484896 0.469444 0.484896 0.468519 0.485417 0.467593 0.484896 0.466667 0.484375 0.466667 0.483854 0.465741 0.479687 0.465741 0.479167 0.466667 0.478125 0.466667 0.477604 0.467593 0.477083 0.467593 0.476562 0.468519 0.476042 0.468519 0.475000 0.470370 0.474479 0.470370 0.472917 0.473148 0.472396 0.473148 0.470833 0.475926 0.470313 0.475926 0.467708 0.480556 0.467187 0.480556 0.464583 0.485185 0.464062 0.485185 0.459896 0.492593 0.459375 0.492593 0.454688 0.500926 0.454167 0.500926 0.447396 0.512963 0.446875 0.512963 0.442188 0.521296 0.441667 0.521296 0.440625 0.523148 0.439583 0.523148 0.439063 0.522222 0.438542 0.522222 0.436979 0.519444 0.436979 0.518519 0.436458 0.517593 0.436458 0.514815 0.437500 0.512963 0.437500 0.512037 0.485417 0.426852
0 0.536458 0.519444 0.097917 0.092593 0.490104 0.473148 0.488021 0.476852 0.488021 0.477778 0.487500 0.478704 0.487500 0.480556 0.488021 0.481481 0.488021 0.482407 0.488542 0.483333 0.488542 0.484259 0.492188 0.490741 0.492188 0.491667 0.501042 0.507407 0.501042 0.508333 0.509896 0.524074 0.509896 0.525000 0.518750 0.540741 0.518750 0.541667 0.528646 0.559259 0.528646 0.560185 0.529167 0.560185 0.531771 0.564815 0.532292 0.564815 0.532813 0.565741 0.533854 0.565741 0.534375 0.564815 0.534896 0.564815 0.535937 0.562963 0.536458 0.562963 0.539062 0.558333 0.539583 0.558333 0.543750 0.550926 0.544271 0.550926 0.547917 0.544444 0.548438 0.544444 0.552604 0.537037 0.553125 0.537037 0.556771 0.530556 0.557292 0.530556 0.561458 0.523148 0.561979 0.523148 0.565625 0.516667 0.566146 0.516667 0.570312 0.509259 0.570833 0.509259 0.574479 0.502778 0.575000 0.502778 0.580208 0.493519 0.580208 0.492593 0.581250 0.490741 0.581250 0.489815 0.581771 0.488889 0.581771 0.487963 0.582812 0.486111 0.582812 0.485185 0.583333 0.484259 0.583333 0.483333 0.584375 0.481481 0.584375 0.480556 0.584896 0.479630 0.584896 0.478704 0.585417 0.477778 0.585417 0.476852 0.584375 0.476852 0.583854 0.477778 0.582292 0.477778 0.581771 0.478704 0.580729 0.478704 0.580208 0.479630 0.579688 0.479630 0.579167 0.480556 0.578646 0.480556 0.577604 0.482407 0.577083 0.482407 0.576042 0.484259 0.575521 0.484259 0.573958 0.487037 0.573438 0.487037 0.571875 0.489815 0.571354 0.489815 0.569271 0.493519 0.568750 0.493519 0.566146 0.498148 0.565625 0.498148 0.563021 0.502778 0.562500 0.502778 0.559375 0.508333 0.558854 0.508333 0.555729 0.513889 0.555208 0.513889 0.551042 0.521296 0.550521 0.521296 0.546354 0.528704 0.545833 0.528704 0.543229 0.533333 0.542708 0.533333 0.541667 0.535185 0.541146 0.535185 0.540625 0.536111 0.540104 0.536111 0.539583 0.535185 0.539062 0.535185 0.537500 0.532407 0.537500 0.531481 0.536979 0.530556 0.536979 0.526852 0.538542 0.524074 0.538542 0.523148 0.539583 0.521296 0.539583 0.520370 0.540625 0.518519 0.540625 0.517593 0.542188 0.514815 0.542188 0.513889 0.543229 0.512037 0.542188 0.513889 0.541667 0.513889 0.537500 0.521296 0.536979 0.521296 0.534896 0.525000 0.534375 0.525000 0.533333 0.526852 0.532813 0.526852 0.532292 0.527778 0.531250 0.527778 0.530729 0.526852 0.530208 0.526852 0.529687 0.525926 0.529167 0.526852 0.529167 0.527778 0.528125 0.529630 0.528125 0.530556 0.527083 0.532407 0.526563 0.532407 0.526042 0.533333 0.524479 0.533333 0.523958 0.532407 0.523438 0.532407 0.520833 0.527778 0.520312 0.527778 0.519271 0.525926 0.519271 0.525000 0.509375 0.507407 0.509375 0.506481 0.493229 0.477778 0.492708 0.477778
0 0.639583 0.533333 0.100000 0.098148 0.592708 0.484259 0.592187 0.485185 0.592187 0.486111 0.591667 0.487037 0.591667 0.487963 0.590625 0.489815 0.590625 0.490741 0.590104 0.491667 0.590104 0.492593 0.589583 0.493519 0.589583 0.496296 0.590104 0.497222 0.590104 0.498148 0.591146 0.500000 0.591146 0.500926 0.596354 0.510185 0.596354 0.511111 0.604167 0.525000 0.604167 0.525926 0.612500 0.540741 0.612500 0.541667 0.620833 0.556481 0.620833 0.557407 0.628646 0.571296 0.628646 0.572222 0.633333 0.580556 0.633854 0.580556 0.634896 0.582407 0.637500 0.582407 0.638542 0.580556 0.639062 0.580556 0.640104 0.578704 0.640625 0.578704 0.643229 0.574074 0.643750 0.574074 0.646354 0.569444 0.646875 0.569444 0.649479 0.564815 0.650000 0.564815 0.652604 0.560185 0.653125 0.560185 0.656250 0.554630 0.656771 0.554630 0.659375 0.550000 0.659896 0.550000 0.662500 0.545370 0.663021 0.545370 0.666146 0.539815 0.666667 0.539815 0.669271 0.535185 0.669792 0.535185 0.672396 0.530556 0.672917 0.530556 0.675521 0.525926 0.676042 0.525926 0.679167 0.520370 0.679688 0.520370 0.682813 0.514815 0.683333 0.514815 0.686458 0.509259 0.686458 0.508333 0.686979 0.507407 0.686979 0.505556 0.687500 0.504630 0.687500 0.501852 0.688021 0.500926 0.688021 0.499074 0.688542 0.498148 0.688542 0.496296 0.689063 0.495370 0.689063 0.492593 0.689583 0.491667 0.689583 0.490741 0.689063 0.491667 0.688542 0.491667 0.687500 0.493519 0.686979 0.493519 0.686458 0.494444 0.685937 0.494444 0.684375 0.497222 0.683854 0.497222 0.682813 0.499074 0.682292 0.499074 0.680729 0.501852 0.680208 0.501852 0.678646 0.504630 0.678125 0.504630 0.676042 0.508333 0.675521 0.508333 0.673958 0.511111 0.673438 0.511111 0.671354 0.514815 0.670833 0.514815 0.668229 0.519444 0.667708 0.519444 0.665104 0.524074 0.664583 0.524074 0.661979 0.528704 0.661458 0.528704 0.658854 0.533333 0.658333 0.533333 0.655208 0.538889 0.654687 0.538889 0.652083 0.543519 0.651563 0.543519 0.650000 0.546296 0.649479 0.546296 0.648438 0.548148 0.646875 0.548148 0.645833 0.546296 0.645312 0.546296 0.644792 0.545370 0.644792 0.544444 0.644271 0.543519 0.644271 0.542593 0.643750 0.541667 0.643750 0.540741 0.644271 0.539815 0.644271 0.537963 0.644792 0.537037 0.644792 0.536111 0.645312 0.535185 0.645312 0.533333 0.645833 0.532407 0.645833 0.531481 0.646354 0.530556 0.646354 0.528704 0.646875 0.527778 0.646875 0.525926 0.647396 0.525000 0.647396 0.524074 0.647917 0.523148 0.647917 0.521296 0.648438 0.520370 0.646354 0.524074 0.645833 0.524074 0.643229 0.528704 0.642708 0.528704 0.641146 0.531481 0.640625 0.531481 0.640104 0.532407 0.639583 0.532407 0.639062 0.533333 0.638021 0.533333 0.637500 0.532407 0.636979 0.532407 0.635417 0.529630 0.635417 0.530556 0.634896 0.531481 0.634896 0.533333 0.634375 0.534259 0.634375 0.535185 0.633854 0.536111 0.633854 0.537037 0.633333 0.537963 0.633333 0.539815 0.632812 0.540741 0.632812 0.541667 0.632292 0.542593 0.632292 0.543519 0.630729 0.546296 0.628125 0.546296 0.627083 0.544444 0.626563 0.544444 0.618750 0.530556 0.618750 0.529630 0.609896 0.513889 0.609896 0.512963 0.597917 0.491667 0.597396 0.491667 0.593229 0.484259
0 0.759896 0.559722 0.102083 0.104630 0.710417 0.507407 0.710417 0.511111 0.709896 0.512037 0.709896 0.514815 0.709375 0.515741 0.709375 0.519444 0.708854 0.520370 0.708854 0.523148 0.709375 0.524074 0.709375 0.525000 0.710938 0.527778 0.710938 0.528704 0.716146 0.537963 0.716146 0.538889 0.723437 0.551852 0.723437 0.552778 0.730729 0.565741 0.730729 0.566667 0.738021 0.579630 0.738021 0.580556 0.745313 0.593519 0.745313 0.594444 0.754687 0.611111 0.755208 0.611111 0.755729 0.612037 0.756771 0.612037 0.757292 0.611111 0.758333 0.611111 0.759375 0.609259 0.759896 0.609259 0.761458 0.606481 0.761979 0.606481 0.763542 0.603704 0.764062 0.603704 0.766146 0.600000 0.766667 0.600000 0.768750 0.596296 0.769271 0.596296 0.770833 0.593519 0.771354 0.593519 0.773438 0.589815 0.773958 0.589815 0.776042 0.586111 0.776563 0.586111 0.778646 0.582407 0.779167 0.582407 0.781250 0.578704 0.781771 0.578704 0.783854 0.575000 0.784375 0.575000 0.786458 0.571296 0.786979 0.571296 0.789062 0.567593 0.789583 0.567593 0.791667 0.563889 0.792188 0.563889 0.793750 0.561111 0.794271 0.561111 0.796354 0.557407 0.796875 0.557407 0.798958 0.553704 0.799479 0.553704 0.801562 0.550000 0.802083 0.550000 0.804167 0.546296 0.804688 0.546296 0.806771 0.542593 0.807292 0.542593 0.810937 0.536111 0.810937 0.521296 0.810417 0.520370 0.810417 0.510185 0.809375 0.512037 0.808854 0.512037 0.806771 0.515741 0.806250 0.515741 0.804167 0.519444 0.803646 0.519444 0.801562 0.523148 0.801042 0.523148 0.798958 0.526852 0.798438 0.526852 0.796354 0.530556 0.795833 0.530556 0.793750 0.534259 0.793229 0.534259 0.791146 0.537963 0.790625 0.537963 0.788542 0.541667 0.788021 0.541667 0.785937 0.545370 0.785417 0.545370 0.783333 0.549074 0.782813 0.549074 0.780729 0.552778 0.780208 0.552778 0.778125 0.556481 0.777604 0.556481 0.775521 0.560185 0.775000 0.560185 0.772917 0.563889 0.772396 0.563889 0.770312 0.567593 0.769792 0.567593 0.768750 0.569444 0.768229 0.569444 0.767188 0.571296 0.766667 0.571296 0.766146 0.572222 0.763542 0.572222 0.762500 0.570370 0.761979 0.570370 0.757292 0.562037 0.757292 0.561111 0.750000 0.548148 0.750000 0.547222 0.745313 0.538889 0.745313 0.544444 0.744792 0.545370 0.744792 0.552778 0.744271 0.553704 0.744271 0.555556 0.742188 0.559259 0.740104 0.559259 0.739583 0.558333 0.739062 0.558333 0.737500 0.555556 0.736979 0.555556 0.733333 0.549074 0.733333 0.548148 0.725521 0.534259 0.725521 0.533333 0.710938 0.507407
0 0.294010 0.468056 0.103646 0.099074 0.291667 0.418519 0.291146 0.419444 0.290625 0.419444 0.290104 0.420370 0.289583 0.420370 0.288542 0.422222 0.288021 0.422222 0.287500 0.423148 0.286979 0.423148 0.285938 0.425000 0.285417 0.425000 0.284896 0.425926 0.284375 0.425926 0.283333 0.427778 0.282813 0.427778 0.282292 0.428704 0.281771 0.428704 0.280729 0.430556 0.280208 0.430556 0.261458 0.463889 0.261458 0.464815 0.244792 0.494444 0.244792 0.495370 0.242708 0.499074 0.242708 0.500000 0.242188 0.500926 0.242188 0.504630 0.243750 0.507407 0.244271 0.507407 0.244792 0.508333 0.245312 0.508333 0.245833 0.507407 0.246354 0.507407 0.247396 0.505556 0.247917 0.505556 0.248958 0.503704 0.249479 0.503704 0.250521 0.501852 0.251042 0.501852 0.251563 0.500926 0.252083 0.500926 0.253125 0.499074 0.253646 0.499074 0.254688 0.497222 0.255208 0.497222 0.256250 0.495370 0.256771 0.495370 0.257292 0.494444 0.257812 0.494444 0.272396 0.468519 0.272917 0.468519 0.273958 0.466667 0.274479 0.466667 0.275521 0.464815 0.276042 0.464815 0.276562 0.463889 0.277083 0.463889 0.278125 0.462037 0.278646 0.462037 0.279687 0.460185 0.280208 0.460185 0.281250 0.458333 0.281771 0.458333 0.282292 0.457407 0.282813 0.457407 0.283854 0.455556 0.284375 0.455556 0.285417 0.453704 0.286458 0.453704 0.287500 0.455556 0.288021 0.455556 0.289583 0.458333 0.290104 0.458333 0.294271 0.465741 0.294792 0.465741 0.310417 0.493519 0.310417 0.494444 0.322917 0.516667 0.323437 0.516667 0.323958 0.517593 0.326042 0.517593 0.327604 0.514815 0.328125 0.514815 0.329688 0.512037 0.330208 0.512037 0.332292 0.508333 0.332813 0.508333 0.334375 0.505556 0.334896 0.505556 0.336458 0.502778 0.336979 0.502778 0.345833 0.487037 0.343750 0.490741 0.343229 0.490741 0.341667 0.493519 0.341146 0.493519 0.339583 0.496296 0.339062 0.496296 0.337500 0.499074 0.336979 0.499074 0.336458 0.500000 0.335417 0.500000 0.334896 0.499074 0.334375 0.499074 0.323437 0.479630 0.323437 0.478704 0.313021 0.460185 0.313021 0.459259 0.302604 0.440741 0.302604 0.439815 0.293750 0.424074 0.293750 0.423148 0.291667 0.419444
0 0.380469 0.477778 0.094271 0.100000 0.382292 0.427778 0.380729 0.430556 0.380208 0.430556 0.378646 0.433333 0.378125 0.433333 0.376563 0.436111 0.376042 0.436111 0.374479 0.438889 0.373958 0.438889 0.365104 0.454630 0.364583 0.454630 0.333854 0.509259 0.333854 0.511111 0.333333 0.512037 0.333854 0.512963 0.333854 0.513889 0.334375 0.514815 0.334375 0.515741 0.334896 0.516667 0.335417 0.516667 0.335938 0.517593 0.336979 0.517593 0.337500 0.516667 0.338021 0.516667 0.339583 0.513889 0.340104 0.513889 0.341667 0.511111 0.342187 0.511111 0.344271 0.507407 0.344792 0.507407 0.346875 0.503704 0.347396 0.503704 0.348958 0.500926 0.349479 0.500926 0.351562 0.497222 0.352083 0.497222 0.353646 0.494444 0.354167 0.494444 0.356250 0.490741 0.356771 0.490741 0.358854 0.487037 0.359375 0.487037 0.360938 0.484259 0.361458 0.484259 0.363542 0.480556 0.364063 0.480556 0.368229 0.473148 0.368750 0.473148 0.374479 0.462963 0.375000 0.462963 0.376563 0.460185 0.377604 0.460185 0.378125 0.461111 0.379167 0.461111 0.379688 0.462037 0.380208 0.462037 0.381250 0.463889 0.381771 0.463889 0.382812 0.465741 0.383333 0.465741 0.385937 0.470370 0.386458 0.470370 0.408333 0.509259 0.408333 0.510185 0.417187 0.525926 0.417708 0.525926 0.418229 0.526852 0.418750 0.526852 0.419271 0.527778 0.420833 0.527778 0.427604 0.515741 0.427604 0.514815 0.414583 0.491667 0.414583 0.490741 0.405208 0.474074 0.405208 0.473148 0.395833 0.456481 0.395833 0.455556 0.386979 0.439815 0.386979 0.438889 0.384896 0.435185 0.384896 0.434259 0.383854 0.432407 0.383854 0.429630 0.383333 0.428704 0.382812 0.428704
0 0.483073 0.479630 0.092188 0.105556 0.485938 0.426852 0.438021 0.512037 0.438021 0.512963 0.436979 0.514815 0.436979 0.517593 0.437500 0.518519 0.437500 0.519444 0.438542 0.521296 0.439063 0.521296 0.439583 0.522222 0.440625 0.522222 0.441667 0.520370 0.442188 0.520370 0.446875 0.512037 0.447396 0.512037 0.454167 0.500000 0.454688 0.500000 0.459375 0.491667 0.459896 0.491667 0.464062 0.484259 0.464583 0.484259 0.467187 0.479630 0.467708 0.479630 0.470313 0.475000 0.470833 0.475000 0.472396 0.472222 0.472917 0.472222 0.474479 0.469444 0.475000 0.469444 0.476042 0.467593 0.476562 0.467593 0.477083 0.466667 0.477604 0.466667 0.478125 0.465741 0.479167 0.465741 0.479687 0.464815 0.483854 0.464815 0.484375 0.465741 0.484896 0.465741 0.485417 0.466667 0.485938 0.466667 0.486979 0.468519 0.487500 0.468519 0.489063 0.471296 0.489583 0.471296 0.492708 0.476852 0.493229 0.476852 0.509896 0.506481 0.509896 0.507407 0.519792 0.525000 0.519792 0.525926 0.520312 0.526852 0.520833 0.526852 0.523438 0.531481 0.523958 0.531481 0.524479 0.532407 0.526042 0.532407 0.526563 0.531481 0.527083 0.531481 0.527604 0.530556 0.527604 0.529630 0.528646 0.527778 0.528646 0.526852 0.529167 0.525926 0.529167 0.525000 0.519271 0.507407 0.519271 0.506481 0.510417 0.490741 0.510417 0.489815 0.501563 0.474074 0.501563 0.473148 0.493229 0.458333 0.493229 0.457407 0.486979 0.446296 0.486979 0.445370 0.485417 0.442593 0.485417 0.440741 0.484896 0.439815 0.484896 0.438889 0.485417 0.437963 0.485417 0.437037 0.488542 0.431481 0.488542 0.430556 0.486979 0.427778 0.486458 0.427778
0 0.586198 0.486111 0.097396 0.118519 0.589063 0.426852 0.589063 0.427778 0.588542 0.428704 0.588542 0.429630 0.587500 0.431481 0.587500 0.432407 0.586458 0.434259 0.586458 0.435185 0.585417 0.437037 0.585417 0.437963 0.584375 0.439815 0.584375 0.440741 0.583333 0.442593 0.583333 0.443519 0.582292 0.445370 0.582292 0.446296 0.581250 0.448148 0.581250 0.449074 0.580208 0.450926 0.580208 0.451852 0.578646 0.454630 0.578646 0.455556 0.577083 0.458333 0.576562 0.458333 0.571354 0.467593 0.570833 0.467593 0.566667 0.475000 0.566146 0.475000 0.561979 0.482407 0.561458 0.482407 0.556771 0.490741 0.556250 0.490741 0.552083 0.498148 0.551562 0.498148 0.547396 0.505556 0.546875 0.505556 0.543750 0.511111 0.543750 0.512037 0.542708 0.513889 0.542708 0.514815 0.541146 0.517593 0.541146 0.518519 0.540104 0.520370 0.540104 0.521296 0.539062 0.523148 0.539062 0.524074 0.537500 0.526852 0.537500 0.530556 0.538021 0.531481 0.538021 0.532407 0.539062 0.534259 0.539583 0.534259 0.540104 0.535185 0.540625 0.535185 0.541146 0.534259 0.541667 0.534259 0.542708 0.532407 0.543229 0.532407 0.545833 0.527778 0.546354 0.527778 0.550521 0.520370 0.551042 0.520370 0.555208 0.512963 0.555729 0.512963 0.558854 0.507407 0.559375 0.507407 0.562500 0.501852 0.563021 0.501852 0.565625 0.497222 0.566146 0.497222 0.568750 0.492593 0.569271 0.492593 0.571354 0.488889 0.571875 0.488889 0.573438 0.486111 0.573958 0.486111 0.575521 0.483333 0.576042 0.483333 0.577083 0.481481 0.577604 0.481481 0.578646 0.479630 0.579167 0.479630 0.579688 0.478704 0.580208 0.478704 0.580729 0.477778 0.581771 0.477778 0.582292 0.476852 0.583854 0.476852 0.584375 0.475926 0.585417 0.475926 0.585938 0.476852 0.587500 0.476852 0.588021 0.477778 0.588542 0.477778 0.589063 0.478704 0.589583 0.478704 0.590625 0.480556 0.591146 0.480556 0.592708 0.483333 0.593229 0.483333 0.597396 0.490741 0.597917 0.490741 0.610417 0.512963 0.610417 0.513889 0.619271 0.529630 0.619271 0.530556 0.626563 0.543519 0.627083 0.543519 0.628125 0.545370 0.630729 0.545370 0.631771 0.543519 0.631771 0.542593 0.632292 0.541667 0.632292 0.540741 0.632812 0.539815 0.632812 0.537963 0.633333 0.537037 0.633333 0.536111 0.633854 0.535185 0.633854 0.534259 0.634375 0.533333 0.634375 0.531481 0.634896 0.530556 0.634896 0.528704 0.634375 0.527778 0.633854 0.527778 0.633333 0.526852 0.633333 0.525926 0.624479 0.510185 0.624479 0.509259 0.616667 0.495370 0.616667 0.494444 0.608854 0.480556 0.608854 0.479630 0.601042 0.465741 0.601042 0.464815 0.594271 0.452778 0.594271 0.451852 0.592187 0.448148 0.592187 0.447222 0.591667 0.446296 0.591667 0.442593 0.592708 0.440741 0.592708 0.439815 0.593229 0.438889 0.593229 0.437963 0.594271 0.436111 0.594271 0.435185 0.595313 0.433333 0.594792 0.433333 0.593229 0.430556 0.592708 0.430556 0.591667 0.428704 0.591146 0.428704 0.590625 0.427778 0.589583 0.427778
0 0.694531 0.503704 0.100521 0.109259 0.692708 0.449074 0.692187 0.450000 0.691146 0.450000 0.690625 0.450926 0.690625 0.451852 0.690104 0.452778 0.690104 0.454630 0.689583 0.455556 0.689583 0.457407 0.684896 0.465741 0.684375 0.465741 0.681250 0.471296 0.680729 0.471296 0.678125 0.475926 0.677604 0.475926 0.674479 0.481481 0.673958 0.481481 0.670833 0.487037 0.670312 0.487037 0.667188 0.492593 0.666667 0.492593 0.664062 0.497222 0.663542 0.497222 0.660417 0.502778 0.659896 0.502778 0.656771 0.508333 0.656250 0.508333 0.653125 0.513889 0.652604 0.513889 0.650000 0.518519 0.649479 0.518519 0.648958 0.519444 0.648958 0.520370 0.648438 0.521296 0.648438 0.523148 0.647917 0.524074 0.647917 0.525000 0.647396 0.525926 0.647396 0.527778 0.646875 0.528704 0.646875 0.530556 0.646354 0.531481 0.646354 0.532407 0.645833 0.533333 0.645833 0.535185 0.645312 0.536111 0.645312 0.537037 0.644792 0.537963 0.644792 0.539815 0.644271 0.540741 0.644271 0.541667 0.644792 0.542593 0.644792 0.543519 0.645312 0.544444 0.645312 0.545370 0.645833 0.545370 0.646875 0.547222 0.648438 0.547222 0.649479 0.545370 0.650000 0.545370 0.651563 0.542593 0.652083 0.542593 0.654687 0.537963 0.655208 0.537963 0.658333 0.532407 0.658854 0.532407 0.661458 0.527778 0.661979 0.527778 0.664583 0.523148 0.665104 0.523148 0.667708 0.518519 0.668229 0.518519 0.670833 0.513889 0.671354 0.513889 0.673438 0.510185 0.673958 0.510185 0.675521 0.507407 0.676042 0.507407 0.678125 0.503704 0.678646 0.503704 0.680208 0.500926 0.680729 0.500926 0.682292 0.498148 0.682813 0.498148 0.683854 0.496296 0.684375 0.496296 0.685937 0.493519 0.686458 0.493519 0.686979 0.492593 0.687500 0.492593 0.688542 0.490741 0.689063 0.490741 0.689583 0.489815 0.690104 0.489815 0.690625 0.488889 0.691146 0.488889 0.691667 0.487963 0.692708 0.487963 0.693229 0.487037 0.696875 0.487037 0.697396 0.487963 0.698438 0.487963 0.698958 0.488889 0.699479 0.488889 0.700521 0.490741 0.701042 0.490741 0.702083 0.492593 0.702604 0.492593 0.704688 0.496296 0.705208 0.496296 0.726042 0.533333 0.726042 0.534259 0.733854 0.548148 0.733854 0.549074 0.736979 0.554630 0.737500 0.554630 0.739062 0.557407 0.739583 0.557407 0.740104 0.558333 0.742188 0.558333 0.743750 0.555556 0.743750 0.553704 0.744271 0.552778 0.744271 0.545370 0.744792 0.544444 0.744792 0.537963 0.742708 0.534259 0.742708 0.533333 0.735417 0.520370 0.735417 0.519444 0.728125 0.506481 0.728125 0.505556 0.721354 0.493519 0.721354 0.492593 0.718229 0.487037 0.718229 0.486111 0.717187 0.484259 0.717187 0.478704 0.705208 0.457407 0.704688 0.457407 0.702604 0.453704 0.702083 0.453704 0.701042 0.451852 0.700521 0.451852 0.700000 0.450926 0.699479 0.450926 0.698958 0.450000 0.698438 0.450000 0.697917 0.449074
0 0.336458 0.453704 0.090625 0.090741 0.295833 0.408333 0.295312 0.409259 0.294792 0.409259 0.294271 0.410185 0.293750 0.410185 0.293229 0.411111 0.292708 0.411111 0.291667 0.412963 0.291667 0.413889 0.291146 0.414815 0.291146 0.415741 0.291667 0.416667 0.291667 0.417593 0.292187 0.418519 0.292187 0.419444 0.294271 0.423148 0.294271 0.424074 0.303125 0.439815 0.303125 0.440741 0.313542 0.459259 0.313542 0.460185 0.323958 0.478704 0.323958 0.479630 0.334375 0.498148 0.334896 0.498148 0.335417 0.499074 0.336458 0.499074 0.336979 0.498148 0.337500 0.498148 0.339062 0.495370 0.339583 0.495370 0.341146 0.492593 0.341667 0.492593 0.343229 0.489815 0.343750 0.489815 0.345833 0.486111 0.346354 0.486111 0.364583 0.453704 0.365104 0.453704 0.373958 0.437963 0.374479 0.437963 0.376042 0.435185 0.376563 0.435185 0.378125 0.432407 0.378646 0.432407 0.380208 0.429630 0.380729 0.429630 0.381771 0.427778 0.381771 0.426852 0.380208 0.424074 0.379688 0.424074 0.378646 0.422222 0.378125 0.422222 0.377604 0.421296 0.377083 0.421296 0.376563 0.420370 0.375521 0.420370 0.375000 0.419444 0.374479 0.419444 0.373958 0.420370 0.373437 0.420370 0.363542 0.437963 0.363021 0.437963 0.356771 0.449074 0.356250 0.449074 0.354687 0.451852 0.354167 0.451852 0.352604 0.454630 0.352083 0.454630 0.351042 0.456481 0.350521 0.456481 0.348958 0.459259 0.348438 0.459259 0.346875 0.462037 0.346354 0.462037 0.345313 0.463889 0.344792 0.463889 0.343229 0.466667 0.342708 0.466667 0.341146 0.469444 0.340625 0.469444 0.339583 0.471296 0.339062 0.471296 0.337500 0.474074 0.336979 0.474074 0.335417 0.476852 0.334896 0.476852 0.334375 0.477778 0.332813 0.477778 0.332292 0.476852 0.331771 0.476852 0.330729 0.475000 0.330729 0.474074 0.330208 0.473148 0.330208 0.469444 0.330729 0.468519 0.330729 0.467593 0.331771 0.465741 0.331250 0.465741 0.330729 0.464815 0.329167 0.464815 0.328646 0.465741 0.328125 0.465741 0.327604 0.464815 0.327083 0.464815 0.324479 0.460185 0.323958 0.460185 0.323437 0.459259 0.323437 0.458333 0.311979 0.437963 0.311979 0.437037 0.301563 0.418519 0.301563 0.417593 0.296354 0.408333
0 0.436458 0.449074 0.104167 0.135185 0.487500 0.381481 0.483333 0.388889 0.482812 0.388889 0.477083 0.399074 0.476562 0.399074 0.470313 0.410185 0.469792 0.410185 0.463542 0.421296 0.463021 0.421296 0.457292 0.431481 0.456771 0.431481 0.450521 0.442593 0.450000 0.442593 0.443750 0.453704 0.443229 0.453704 0.437500 0.463889 0.436979 0.463889 0.433333 0.470370 0.432812 0.470370 0.431771 0.472222 0.430208 0.472222 0.429688 0.471296 0.428646 0.471296 0.425000 0.477778 0.424479 0.477778 0.419271 0.487037 0.418229 0.487037 0.417708 0.487963 0.417187 0.487963 0.416667 0.487037 0.416146 0.487037 0.415104 0.485185 0.414583 0.485185 0.406250 0.470370 0.406250 0.469444 0.384375 0.430556 0.384375 0.432407 0.385417 0.434259 0.385417 0.435185 0.387500 0.438889 0.387500 0.439815 0.396354 0.455556 0.396354 0.456481 0.405729 0.473148 0.405729 0.474074 0.415104 0.490741 0.415104 0.491667 0.428646 0.515741 0.429167 0.515741 0.429688 0.516667 0.430729 0.516667 0.431250 0.515741 0.431771 0.515741 0.433854 0.512037 0.434375 0.512037 0.440625 0.500926 0.441146 0.500926 0.448958 0.487037 0.449479 0.487037 0.456771 0.474074 0.457292 0.474074 0.465104 0.460185 0.465625 0.460185 0.484896 0.425926 0.484375 0.425000 0.483854 0.425000 0.483333 0.424074 0.482292 0.424074 0.481771 0.423148 0.479167 0.423148 0.478646 0.424074 0.477604 0.424074 0.477083 0.425000 0.476562 0.425000 0.476042 0.425926 0.475521 0.425926 0.475000 0.426852 0.474479 0.426852 0.472917 0.429630 0.472396 0.429630 0.471354 0.431481 0.470833 0.431481 0.468750 0.435185 0.468229 0.435185 0.465625 0.439815 0.465104 0.439815 0.461458 0.446296 0.460938 0.446296 0.455729 0.455556 0.455208 0.455556 0.447917 0.468519 0.447396 0.468519 0.441146 0.479630 0.440625 0.479630 0.439583 0.481481 0.439063 0.481481 0.438542 0.482407 0.438021 0.482407 0.437500 0.481481 0.436979 0.481481 0.435417 0.478704 0.435417 0.477778 0.434896 0.476852 0.434896 0.474074 0.435417 0.473148 0.435417 0.472222 0.445312 0.454630 0.445833 0.454630 0.454688 0.438889 0.455208 0.438889 0.464583 0.422222 0.465104 0.422222 0.473958 0.406481 0.474479 0.406481 0.481250 0.394444 0.481771 0.394444 0.488542 0.382407 0.488021 0.382407
0 0.536979 0.476852 0.103125 0.100000 0.585938 0.426852 0.585417 0.427778 0.584375 0.427778 0.583854 0.428704 0.583333 0.428704 0.582812 0.429630 0.582292 0.429630 0.581771 0.430556 0.581250 0.430556 0.580729 0.431481 0.580208 0.431481 0.579167 0.433333 0.578646 0.433333 0.577083 0.436111 0.576562 0.436111 0.574479 0.439815 0.573958 0.439815 0.572396 0.442593 0.571875 0.442593 0.569271 0.447222 0.568750 0.447222 0.565625 0.452778 0.565104 0.452778 0.561979 0.458333 0.561458 0.458333 0.557292 0.465741 0.556771 0.465741 0.552604 0.473148 0.552083 0.473148 0.547396 0.481481 0.546875 0.481481 0.544792 0.485185 0.544271 0.485185 0.543750 0.486111 0.542188 0.486111 0.539583 0.481481 0.539583 0.477778 0.540625 0.475926 0.540625 0.475000 0.542188 0.472222 0.542188 0.471296 0.543750 0.468519 0.543750 0.467593 0.538542 0.476852 0.538021 0.476852 0.534896 0.482407 0.534375 0.482407 0.532813 0.485185 0.532292 0.485185 0.531771 0.486111 0.529687 0.486111 0.529167 0.485185 0.528646 0.485185 0.528646 0.486111 0.527083 0.488889 0.527083 0.489815 0.526563 0.490741 0.526042 0.490741 0.525521 0.491667 0.523958 0.491667 0.523438 0.490741 0.522917 0.490741 0.522396 0.489815 0.521875 0.489815 0.513542 0.475000 0.513542 0.474074 0.503125 0.455556 0.503125 0.454630 0.495312 0.440741 0.494792 0.440741 0.489583 0.431481 0.489063 0.431481 0.485938 0.437037 0.485938 0.437963 0.485417 0.438889 0.485417 0.439815 0.485938 0.440741 0.485938 0.442593 0.487500 0.445370 0.487500 0.446296 0.493750 0.457407 0.493750 0.458333 0.502083 0.473148 0.502083 0.474074 0.510938 0.489815 0.510938 0.490741 0.519792 0.506481 0.519792 0.507407 0.530208 0.525926 0.530729 0.525926 0.531250 0.526852 0.532292 0.526852 0.532813 0.525926 0.533333 0.525926 0.534375 0.524074 0.534896 0.524074 0.536979 0.520370 0.537500 0.520370 0.541667 0.512963 0.542188 0.512963 0.546875 0.504630 0.547396 0.504630 0.551562 0.497222 0.552083 0.497222 0.556250 0.489815 0.556771 0.489815 0.561458 0.481481 0.561979 0.481481 0.566146 0.474074 0.566667 0.474074 0.570833 0.466667 0.571354 0.466667 0.576562 0.457407 0.577083 0.457407 0.578125 0.455556 0.578125 0.454630 0.579688 0.451852 0.579688 0.450926 0.580729 0.449074 0.580729 0.448148 0.581771 0.446296 0.581771 0.445370 0.582812 0.443519 0.582812 0.442593 0.583854 0.440741 0.583854 0.439815 0.584896 0.437963 0.584896 0.437037 0.585938 0.435185 0.585938 0.434259 0.586979 0.432407 0.586979 0.431481 0.588021 0.429630 0.588021 0.428704 0.588542 0.427778 0.588542 0.426852
0 0.641146 0.483333 0.097917 0.098148 0.595313 0.434259 0.594792 0.435185 0.594792 0.436111 0.593750 0.437963 0.593750 0.438889 0.593229 0.439815 0.593229 0.440741 0.592187 0.442593 0.592187 0.446296 0.592708 0.447222 0.592708 0.448148 0.594792 0.451852 0.594792 0.452778 0.601562 0.464815 0.601562 0.465741 0.609375 0.479630 0.609375 0.480556 0.617188 0.494444 0.617188 0.495370 0.625000 0.509259 0.625000 0.510185 0.633854 0.525926 0.633854 0.526852 0.634375 0.526852 0.636979 0.531481 0.637500 0.531481 0.638021 0.532407 0.639062 0.532407 0.639583 0.531481 0.640104 0.531481 0.640625 0.530556 0.641146 0.530556 0.642708 0.527778 0.643229 0.527778 0.645833 0.523148 0.646354 0.523148 0.649479 0.517593 0.650000 0.517593 0.652604 0.512963 0.653125 0.512963 0.656250 0.507407 0.656771 0.507407 0.659896 0.501852 0.660417 0.501852 0.663542 0.496296 0.664062 0.496296 0.666667 0.491667 0.667188 0.491667 0.670312 0.486111 0.670833 0.486111 0.673958 0.480556 0.674479 0.480556 0.677604 0.475000 0.678125 0.475000 0.680729 0.470370 0.681250 0.470370 0.684375 0.464815 0.684896 0.464815 0.689063 0.457407 0.689063 0.455556 0.689583 0.454630 0.689583 0.452778 0.690104 0.451852 0.689583 0.451852 0.689063 0.452778 0.688542 0.452778 0.688021 0.453704 0.687500 0.453704 0.686458 0.455556 0.685937 0.455556 0.684896 0.457407 0.684375 0.457407 0.682813 0.460185 0.682292 0.460185 0.680729 0.462963 0.680208 0.462963 0.678646 0.465741 0.678125 0.465741 0.676562 0.468519 0.676042 0.468519 0.673958 0.472222 0.673438 0.472222 0.670833 0.476852 0.670312 0.476852 0.668229 0.480556 0.667708 0.480556 0.664583 0.486111 0.664062 0.486111 0.661458 0.490741 0.660937 0.490741 0.657813 0.496296 0.657292 0.496296 0.654687 0.500926 0.654167 0.500926 0.651042 0.506481 0.650521 0.506481 0.648958 0.509259 0.648438 0.509259 0.647917 0.510185 0.645833 0.510185 0.645312 0.509259 0.644792 0.509259 0.644271 0.508333 0.644271 0.507407 0.643229 0.505556 0.643229 0.501852 0.643750 0.500926 0.643750 0.500000 0.644271 0.499074 0.644271 0.497222 0.644792 0.496296 0.644792 0.495370 0.645312 0.494444 0.645312 0.492593 0.645833 0.491667 0.645833 0.490741 0.646354 0.489815 0.644271 0.493519 0.643750 0.493519 0.640625 0.499074 0.640104 0.499074 0.638542 0.501852 0.638021 0.501852 0.637500 0.502778 0.636979 0.502778 0.636458 0.503704 0.634896 0.503704 0.634375 0.502778 0.633854 0.502778 0.622917 0.483333 0.622917 0.482407 0.614583 0.467593 0.614583 0.466667 0.598958 0.438889 0.598437 0.438889 0.595833 0.434259
0 0.768750 0.525463 0.102083 0.091667 0.717708 0.479630 0.717708 0.484259 0.718750 0.486111 0.718750 0.487037 0.721875 0.492593 0.721875 0.493519 0.728646 0.505556 0.728646 0.506481 0.735938 0.519444 0.735938 0.520370 0.743229 0.533333 0.743229 0.534259 0.750521 0.547222 0.750521 0.548148 0.757812 0.561111 0.757812 0.562037 0.761979 0.569444 0.762500 0.569444 0.763542 0.571296 0.766146 0.571296 0.766667 0.570370 0.767188 0.570370 0.768229 0.568519 0.768750 0.568519 0.769792 0.566667 0.770312 0.566667 0.772396 0.562963 0.772917 0.562963 0.775000 0.559259 0.775521 0.559259 0.777604 0.555556 0.778125 0.555556 0.780208 0.551852 0.780729 0.551852 0.782813 0.548148 0.783333 0.548148 0.785417 0.544444 0.785937 0.544444 0.788021 0.540741 0.788542 0.540741 0.790625 0.537037 0.791146 0.537037 0.793229 0.533333 0.793750 0.533333 0.795833 0.529630 0.796354 0.529630 0.798438 0.525926 0.798958 0.525926 0.801042 0.522222 0.801562 0.522222 0.803646 0.518519 0.804167 0.518519 0.806250 0.514815 0.806771 0.514815 0.808854 0.511111 0.809375 0.511111 0.811458 0.507407 0.811979 0.507407 0.814583 0.502778 0.815104 0.502778 0.819271 0.495370 0.819271 0.494444 0.819792 0.493519 0.819271 0.492593 0.819271 0.484259 0.818750 0.485185 0.818229 0.485185 0.816146 0.488889 0.815625 0.488889 0.813021 0.493519 0.812500 0.493519 0.810417 0.497222 0.809896 0.497222 0.807813 0.500926 0.807292 0.500926 0.805208 0.504630 0.804688 0.504630 0.802604 0.508333 0.802083 0.508333 0.800000 0.512037 0.799479 0.512037 0.797396 0.515741 0.796875 0.515741 0.794792 0.519444 0.794271 0.519444 0.792188 0.523148 0.791667 0.523148 0.789583 0.526852 0.789062 0.526852 0.786458 0.531481 0.785937 0.531481 0.783854 0.535185 0.783333 0.535185 0.781250 0.538889 0.780729 0.538889 0.779167 0.541667 0.778646 0.541667 0.777083 0.544444 0.776563 0.544444 0.775521 0.546296 0.775000 0.546296 0.774479 0.547222 0.773958 0.547222 0.773438 0.548148 0.772396 0.548148 0.771875 0.547222 0.771354 0.547222 0.770833 0.546296 0.770312 0.546296 0.765104 0.537037 0.765104 0.536111 0.757812 0.523148 0.757812 0.522222 0.750521 0.509259 0.750521 0.508333 0.746354 0.500926 0.746354 0.508333 0.745833 0.509259 0.745833 0.515741 0.745313 0.516667 0.745313 0.517593 0.743229 0.521296 0.741146 0.521296 0.740625 0.520370 0.740104 0.520370 0.738542 0.517593 0.738021 0.517593 0.734375 0.511111 0.734375 0.510185 0.726562 0.496296 0.726562 0.495370
0 0.294271 0.425000 0.089583 0.079630 0.339062 0.452778 0.338021 0.454630 0.337500 0.454630 0.335938 0.457407 0.335417 0.457407 0.334375 0.459259 0.333854 0.459259 0.332292 0.462037 0.331771 0.462037 0.330729 0.463889 0.330208 0.463889 0.330729 0.463889 0.331250 0.464815 0.332292 0.464815
0 0.379688 0.432407 0.097917 0.109259 0.386979 0.377778 0.385937 0.379630 0.385417 0.379630 0.384375 0.381481 0.383854 0.381481 0.382812 0.383333 0.382292 0.383333 0.381250 0.385185 0.380729 0.385185 0.379167 0.387963 0.378646 0.387963 0.377604 0.389815 0.377083 0.389815 0.376042 0.391667 0.375521 0.391667 0.374479 0.393519 0.373958 0.393519 0.372917 0.395370 0.372396 0.395370 0.370833 0.398148 0.370312 0.398148 0.331250 0.467593 0.331250 0.468519 0.330729 0.469444 0.330729 0.473148 0.331250 0.474074 0.331250 0.475000 0.331771 0.475926 0.332292 0.475926 0.332813 0.476852 0.334375 0.476852 0.334896 0.475926 0.335417 0.475926 0.336979 0.473148 0.337500 0.473148 0.339062 0.470370 0.339583 0.470370 0.340625 0.468519 0.341146 0.468519 0.342708 0.465741 0.343229 0.465741 0.344792 0.462963 0.345313 0.462963 0.346354 0.461111 0.346875 0.461111 0.348438 0.458333 0.348958 0.458333 0.350521 0.455556 0.351042 0.455556 0.352083 0.453704 0.352604 0.453704 0.354167 0.450926 0.354687 0.450926 0.356250 0.448148 0.356771 0.448148 0.363021 0.437037 0.363542 0.437037 0.373437 0.419444 0.373958 0.419444 0.374479 0.418519 0.375000 0.418519 0.375521 0.419444 0.376563 0.419444 0.377083 0.420370 0.377604 0.420370 0.378125 0.421296 0.378646 0.421296 0.379688 0.423148 0.380208 0.423148 0.382812 0.427778 0.383333 0.427778 0.406771 0.469444 0.406771 0.470370 0.414583 0.484259 0.415104 0.484259 0.416146 0.486111 0.416667 0.486111 0.417187 0.487037 0.417708 0.487037 0.418229 0.486111 0.419271 0.486111 0.424479 0.476852 0.425000 0.476852 0.428646 0.470370 0.419271 0.453704 0.419271 0.452778 0.409896 0.436111 0.409896 0.435185 0.400521 0.418519 0.400521 0.417593 0.391146 0.400926 0.391146 0.400000 0.385937 0.390741 0.385937 0.389815 0.384896 0.387963 0.384896 0.387037 0.384375 0.386111 0.384375 0.384259 0.384896 0.383333 0.384896 0.382407 0.385937 0.380556 0.386458 0.380556 0.387500 0.378704
0 0.481771 0.437037 0.092708 0.107407 0.488542 0.383333 0.481771 0.395370 0.481250 0.395370 0.474479 0.407407 0.473958 0.407407 0.465104 0.423148 0.464583 0.423148 0.455208 0.439815 0.454688 0.439815 0.445833 0.455556 0.445312 0.455556 0.435937 0.472222 0.435937 0.473148 0.435417 0.474074 0.435417 0.476852 0.435937 0.477778 0.435937 0.478704 0.436979 0.480556 0.437500 0.480556 0.438021 0.481481 0.438542 0.481481 0.439063 0.480556 0.439583 0.480556 0.440625 0.478704 0.441146 0.478704 0.447396 0.467593 0.447917 0.467593 0.455208 0.454630 0.455729 0.454630 0.460938 0.445370 0.461458 0.445370 0.465104 0.438889 0.465625 0.438889 0.468229 0.434259 0.468750 0.434259 0.470833 0.430556 0.471354 0.430556 0.472396 0.428704 0.472917 0.428704 0.474479 0.425926 0.475000 0.425926 0.475521 0.425000 0.476042 0.425000 0.476562 0.424074 0.477083 0.424074 0.477604 0.423148 0.478646 0.423148 0.479167 0.422222 0.481771 0.422222 0.482292 0.423148 0.483333 0.423148 0.483854 0.424074 0.484375 0.424074 0.484896 0.425000 0.485417 0.425000 0.486458 0.426852 0.486979 0.426852 0.489063 0.430556 0.489583 0.430556 0.494792 0.439815 0.495312 0.439815 0.503646 0.454630 0.503646 0.455556 0.514062 0.474074 0.514062 0.475000 0.521875 0.488889 0.522396 0.488889 0.522917 0.489815 0.523438 0.489815 0.523958 0.490741 0.525521 0.490741 0.526042 0.489815 0.526563 0.489815 0.526563 0.488889 0.528125 0.486111 0.528125 0.484259 0.521354 0.472222 0.521354 0.471296 0.512500 0.455556 0.512500 0.454630 0.504167 0.439815 0.504167 0.438889 0.495312 0.423148 0.495312 0.422222 0.487500 0.408333 0.487500 0.407407 0.484375 0.401852 0.484375 0.400926 0.483854 0.400000 0.483854 0.399074 0.483333 0.398148 0.483333 0.397222 0.483854 0.396296 0.483854 0.395370 0.489583 0.385185 0.489583 0.384259 0.489063 0.383333
0 0.582031 0.438889 0.083854 0.092593 0.586458 0.392593 0.584896 0.395370 0.584896 0.396296 0.583854 0.398148 0.583854 0.399074 0.582292 0.401852 0.582292 0.402778 0.581250 0.404630 0.581250 0.405556 0.579688 0.408333 0.579688 0.409259 0.570833 0.425000 0.570312 0.425000 0.565625 0.433333 0.565104 0.433333 0.560417 0.441667 0.559896 0.441667 0.554688 0.450926 0.554167 0.450926 0.549479 0.459259 0.548958 0.459259 0.544271 0.467593 0.544271 0.468519 0.542708 0.471296 0.542708 0.472222 0.541146 0.475000 0.541146 0.475926 0.540104 0.477778 0.540104 0.481481 0.542188 0.485185 0.543750 0.485185 0.544271 0.484259 0.544792 0.484259 0.546875 0.480556 0.547396 0.480556 0.552083 0.472222 0.552604 0.472222 0.556771 0.464815 0.557292 0.464815 0.561458 0.457407 0.561979 0.457407 0.565104 0.451852 0.565625 0.451852 0.568750 0.446296 0.569271 0.446296 0.571875 0.441667 0.572396 0.441667 0.573958 0.438889 0.574479 0.438889 0.576562 0.435185 0.577083 0.435185 0.578646 0.432407 0.579167 0.432407 0.580208 0.430556 0.580729 0.430556 0.581250 0.429630 0.581771 0.429630 0.582292 0.428704 0.582812 0.428704 0.583333 0.427778 0.583854 0.427778 0.584375 0.426852 0.585417 0.426852 0.585938 0.425926 0.589063 0.425926 0.589583 0.426852 0.590625 0.426852 0.591146 0.427778 0.591667 0.427778 0.592708 0.429630 0.593229 0.429630 0.594792 0.432407 0.595313 0.432407 0.598437 0.437963 0.598958 0.437963 0.608333 0.454630 0.600521 0.440741 0.600521 0.439815 0.593229 0.426852 0.593229 0.425926 0.589063 0.418519 0.589063 0.417593 0.587500 0.414815 0.587500 0.410185 0.588021 0.409259 0.588021 0.408333 0.589063 0.406481 0.589063 0.405556 0.590625 0.402778 0.590625 0.401852 0.591667 0.400000 0.591667 0.398148 0.590625 0.396296 0.590104 0.396296 0.589063 0.394444 0.588542 0.394444 0.588021 0.393519 0.587500 0.393519 0.586979 0.392593
0 0.694792 0.450463 0.102083 0.139815 0.704688 0.380556 0.704167 0.381481 0.703125 0.381481 0.702604 0.382407 0.701562 0.382407 0.700521 0.384259 0.700000 0.384259 0.699479 0.385185 0.698958 0.385185 0.697917 0.387037 0.697396 0.387037 0.696354 0.388889 0.695833 0.388889 0.694271 0.391667 0.694271 0.393519 0.693750 0.394444 0.693750 0.396296 0.693229 0.397222 0.693229 0.399074 0.692708 0.400000 0.692708 0.401852 0.692187 0.402778 0.692187 0.404630 0.691667 0.405556 0.691667 0.407407 0.691146 0.408333 0.691146 0.410185 0.690625 0.411111 0.690625 0.412963 0.690104 0.413889 0.690104 0.415741 0.689583 0.416667 0.689583 0.418519 0.689063 0.419444 0.689063 0.421296 0.688542 0.422222 0.688542 0.424074 0.687500 0.425926 0.687500 0.426852 0.685937 0.429630 0.685417 0.429630 0.681250 0.437037 0.680729 0.437037 0.677604 0.442593 0.677083 0.442593 0.673958 0.448148 0.673438 0.448148 0.669792 0.454630 0.669271 0.454630 0.666146 0.460185 0.665625 0.460185 0.662500 0.465741 0.661979 0.465741 0.658854 0.471296 0.658333 0.471296 0.655208 0.476852 0.654687 0.476852 0.651563 0.482407 0.651042 0.482407 0.647917 0.487963 0.647396 0.487963 0.646875 0.488889 0.646875 0.489815 0.646354 0.490741 0.646354 0.491667 0.645833 0.492593 0.645833 0.494444 0.645312 0.495370 0.645312 0.496296 0.644792 0.497222 0.644792 0.499074 0.644271 0.500000 0.644271 0.500926 0.643750 0.501852 0.643750 0.505556 0.644792 0.507407 0.644792 0.508333 0.645312 0.508333 0.645833 0.509259 0.647917 0.509259 0.648438 0.508333 0.648958 0.508333 0.650521 0.505556 0.651042 0.505556 0.654167 0.500000 0.654687 0.500000 0.657292 0.495370 0.657813 0.495370 0.660937 0.489815 0.661458 0.489815 0.664062 0.485185 0.664583 0.485185 0.667708 0.479630 0.668229 0.479630 0.670312 0.475926 0.670833 0.475926 0.673438 0.471296 0.673958 0.471296 0.676042 0.467593 0.676562 0.467593 0.678125 0.464815 0.678646 0.464815 0.680208 0.462037 0.680729 0.462037 0.682292 0.459259 0.682813 0.459259 0.684375 0.456481 0.684896 0.456481 0.685937 0.454630 0.686458 0.454630 0.687500 0.452778 0.688021 0.452778 0.688542 0.451852 0.689063 0.451852 0.689583 0.450926 0.690104 0.450926 0.691146 0.449074 0.692187 0.449074 0.692708 0.448148 0.697917 0.448148 0.698438 0.449074 0.698958 0.449074 0.699479 0.450000 0.700000 0.450000 0.700521 0.450926 0.701042 0.450926 0.702083 0.452778 0.702604 0.452778 0.704688 0.456481 0.705208 0.456481 0.727083 0.495370 0.727083 0.496296 0.734896 0.510185 0.734896 0.511111 0.738021 0.516667 0.738542 0.516667 0.740104 0.519444 0.740625 0.519444 0.741146 0.520370 0.743229 0.520370 0.744792 0.517593 0.744792 0.516667 0.745313 0.515741 0.745313 0.509259 0.745833 0.508333 0.745833 0.500000 0.743750 0.496296 0.743750 0.495370 0.736458 0.482407 0.736458 0.481481 0.729688 0.469444 0.729688 0.468519 0.726042 0.462037 0.726042 0.461111 0.724479 0.458333 0.724479 0.450926 0.725000 0.450000 0.725000 0.446296 0.725521 0.445370 0.725521 0.441667 0.726042 0.440741 0.726042 0.437037 0.726562 0.436111 0.726562 0.432407 0.727083 0.431481 0.727083 0.427778 0.727604 0.426852 0.727604 0.423148 0.728125 0.422222 0.728125 0.418519 0.728646 0.417593 0.728646 0.413889 0.729167 0.412963 0.729167 0.412037 0.717187 0.390741 0.716667 0.390741 0.714063 0.386111 0.713542 0.386111 0.712500 0.384259 0.711979 0.384259 0.710938 0.382407 0.710417 0.382407 0.709896 0.381481 0.708854 0.381481 0.708333 0.380556
0 0.334635 0.416667 0.103646 0.096296 0.291146 0.368519 0.290625 0.369444 0.290104 0.369444 0.289583 0.370370 0.289062 0.370370 0.288021 0.372222 0.287500 0.372222 0.286979 0.373148 0.286458 0.373148 0.285938 0.374074 0.285417 0.374074 0.284896 0.375000 0.284375 0.375000 0.282813 0.377778 0.282813 0.380556 0.283333 0.381481 0.283333 0.382407 0.284896 0.385185 0.284896 0.386111 0.292187 0.399074 0.292187 0.400000 0.302083 0.417593 0.302083 0.418519 0.312500 0.437037 0.312500 0.437963 0.323958 0.458333 0.323958 0.459259 0.324479 0.459259 0.327083 0.463889 0.327604 0.463889 0.328125 0.464815 0.328646 0.464815 0.329167 0.463889 0.329688 0.463889 0.330208 0.462963 0.330729 0.462963 0.331771 0.461111 0.332292 0.461111 0.333854 0.458333 0.334375 0.458333 0.335417 0.456481 0.335938 0.456481 0.337500 0.453704 0.338021 0.453704 0.339062 0.451852 0.339583 0.451852 0.370312 0.397222 0.370833 0.397222 0.372396 0.394444 0.372917 0.394444 0.373958 0.392593 0.374479 0.392593 0.375521 0.390741 0.376042 0.390741 0.377083 0.388889 0.377604 0.388889 0.378646 0.387037 0.379167 0.387037 0.380729 0.384259 0.381250 0.384259 0.382292 0.382407 0.382812 0.382407 0.383854 0.380556 0.384375 0.380556 0.385417 0.378704 0.385937 0.378704 0.386458 0.377778 0.386458 0.376852 0.385417 0.375000 0.384896 0.375000 0.383333 0.372222 0.382812 0.372222 0.382292 0.371296 0.381771 0.371296 0.381250 0.370370 0.380729 0.370370 0.380208 0.369444 0.379167 0.369444 0.378646 0.370370 0.378125 0.370370 0.377083 0.372222 0.376563 0.372222 0.375521 0.374074 0.375000 0.374074 0.374479 0.375000 0.373958 0.375000 0.372917 0.376852 0.372396 0.376852 0.371354 0.378704 0.370833 0.378704 0.369792 0.380556 0.369271 0.380556 0.368229 0.382407 0.367708 0.382407 0.366667 0.384259 0.366146 0.384259 0.347396 0.417593 0.346875 0.417593 0.345833 0.419444 0.345313 0.419444 0.344271 0.421296 0.343750 0.421296 0.342708 0.423148 0.342187 0.423148 0.341146 0.425000 0.340625 0.425000 0.339583 0.426852 0.339062 0.426852 0.338542 0.427778 0.336979 0.427778 0.336458 0.426852 0.335938 0.426852 0.335417 0.425926 0.335417 0.425000 0.334375 0.423148 0.334375 0.419444 0.334896 0.418519 0.334375 0.418519 0.333333 0.420370 0.332813 0.420370 0.331771 0.422222 0.331250 0.422222 0.330729 0.423148 0.330208 0.423148 0.329167 0.425000 0.328646 0.425000 0.327604 0.426852 0.325000 0.426852 0.323958 0.425000 0.323437 0.425000 0.316667 0.412963 0.316667 0.412037 0.292708 0.369444 0.292187 0.369444 0.291667 0.368519
0 0.435937 0.424074 0.102083 0.094444 0.480208 0.376852 0.479687 0.377778 0.478646 0.377778 0.478125 0.378704 0.477604 0.378704 0.477083 0.379630 0.476562 0.379630 0.476042 0.380556 0.475521 0.380556 0.471354 0.387963 0.470833 0.387963 0.467187 0.394444 0.466667 0.394444 0.462500 0.401852 0.461979 0.401852 0.457813 0.409259 0.457292 0.409259 0.453646 0.415741 0.453125 0.415741 0.448958 0.423148 0.448437 0.423148 0.444271 0.430556 0.443750 0.430556 0.441146 0.435185 0.440625 0.435185 0.439583 0.437037 0.438542 0.437037 0.435937 0.432407 0.435937 0.431481 0.435417 0.430556 0.435417 0.429630 0.435937 0.428704 0.435937 0.427778 0.436458 0.426852 0.436458 0.425926 0.443750 0.412963 0.444271 0.412963 0.456250 0.391667 0.456771 0.391667 0.463542 0.379630 0.460938 0.384259 0.460417 0.384259 0.457292 0.389815 0.456771 0.389815 0.454167 0.394444 0.453646 0.394444 0.450521 0.400000 0.450000 0.400000 0.446875 0.405556 0.446354 0.405556 0.443750 0.410185 0.443229 0.410185 0.440104 0.415741 0.439583 0.415741 0.436979 0.420370 0.436458 0.420370 0.433333 0.425926 0.432812 0.425926 0.430208 0.430556 0.429688 0.430556 0.428125 0.433333 0.427604 0.433333 0.427083 0.434259 0.425521 0.434259 0.425000 0.433333 0.424479 0.433333 0.422917 0.436111 0.421875 0.436111 0.421354 0.437037 0.420833 0.436111 0.419792 0.436111 0.416667 0.430556 0.416146 0.430556 0.415625 0.429630 0.415625 0.428704 0.404687 0.409259 0.404687 0.408333 0.389583 0.381481 0.389062 0.381481 0.388021 0.379630 0.387500 0.379630 0.386458 0.381481 0.385937 0.381481 0.385417 0.382407 0.385417 0.383333 0.384896 0.384259 0.384896 0.386111 0.385417 0.387037 0.385417 0.387963 0.386458 0.389815 0.386458 0.390741 0.391667 0.400000 0.391667 0.400926 0.401042 0.417593 0.401042 0.418519 0.410417 0.435185 0.410417 0.436111 0.419792 0.452778 0.419792 0.453704 0.429167 0.470370 0.429688 0.470370 0.430208 0.471296 0.431771 0.471296 0.432812 0.469444 0.433333 0.469444 0.436979 0.462963 0.437500 0.462963 0.443229 0.452778 0.443750 0.452778 0.450000 0.441667 0.450521 0.441667 0.456771 0.430556 0.457292 0.430556 0.463021 0.420370 0.463542 0.420370 0.469792 0.409259 0.470313 0.409259 0.476562 0.398148 0.477083 0.398148 0.482812 0.387963 0.483333 0.387963 0.486979 0.381481 0.486979 0.380556 0.486458 0.379630 0.485938 0.379630 0.485417 0.378704 0.484896 0.378704 0.484375 0.377778 0.483333 0.377778 0.482812 0.376852
0 0.534896 0.435185 0.102083 0.100000 0.490104 0.385185 0.484375 0.395370 0.484375 0.396296 0.483854 0.397222 0.483854 0.398148 0.484375 0.399074 0.484375 0.400000 0.484896 0.400926 0.484896 0.401852 0.488021 0.407407 0.488021 0.408333 0.495833 0.422222 0.495833 0.423148 0.504687 0.438889 0.504687 0.439815 0.513021 0.454630 0.513021 0.455556 0.521875 0.471296 0.521875 0.472222 0.528646 0.484259 0.529167 0.484259 0.529687 0.485185 0.531771 0.485185 0.532292 0.484259 0.532813 0.484259 0.534375 0.481481 0.534896 0.481481 0.538021 0.475926 0.538542 0.475926 0.543750 0.466667 0.544271 0.466667 0.548958 0.458333 0.549479 0.458333 0.554167 0.450000 0.554688 0.450000 0.559896 0.440741 0.560417 0.440741 0.565104 0.432407 0.565625 0.432407 0.570312 0.424074 0.570833 0.424074 0.579167 0.409259 0.579167 0.408333 0.580729 0.405556 0.580729 0.404630 0.581771 0.402778 0.581771 0.401852 0.583333 0.399074 0.583333 0.398148 0.584375 0.396296 0.584375 0.395370 0.585938 0.392593 0.585938 0.391667 0.582292 0.391667 0.581771 0.392593 0.580729 0.392593 0.580208 0.393519 0.579688 0.393519 0.579167 0.394444 0.578646 0.394444 0.578125 0.395370 0.577604 0.395370 0.576562 0.397222 0.576042 0.397222 0.575000 0.399074 0.574479 0.399074 0.572917 0.401852 0.572396 0.401852 0.570833 0.404630 0.570312 0.404630 0.567708 0.409259 0.567187 0.409259 0.564583 0.413889 0.564063 0.413889 0.560937 0.419444 0.560417 0.419444 0.556250 0.426852 0.555729 0.426852 0.551562 0.434259 0.551042 0.434259 0.545833 0.443519 0.545312 0.443519 0.541667 0.450000 0.541146 0.450000 0.539583 0.452778 0.537500 0.452778 0.534896 0.448148 0.534896 0.444444 0.535937 0.442593 0.535937 0.441667 0.538021 0.437963 0.538021 0.437037 0.540104 0.433333 0.540104 0.432407 0.542708 0.427778 0.542708 0.426852 0.544792 0.423148 0.544792 0.422222 0.546875 0.418519 0.546875 0.417593 0.548958 0.413889 0.548958 0.412963 0.550521 0.410185 0.544792 0.420370 0.544271 0.420370 0.539062 0.429630 0.538542 0.429630 0.536458 0.433333 0.535937 0.433333 0.534896 0.435185 0.532813 0.435185 0.532292 0.434259 0.531250 0.436111 0.531250 0.437037 0.528646 0.441667 0.528646 0.442593 0.527083 0.445370 0.524479 0.445370 0.523958 0.444444 0.523438 0.444444 0.511979 0.424074 0.511979 0.423148 0.491146 0.386111 0.490625 0.386111
0 0.641146 0.446759 0.106250 0.112037 0.694271 0.390741 0.692708 0.393519 0.692187 0.393519 0.690104 0.397222 0.689583 0.397222 0.687500 0.400926 0.686979 0.400926 0.684896 0.404630 0.684375 0.404630 0.682292 0.408333 0.681771 0.408333 0.679167 0.412963 0.678646 0.412963 0.675521 0.418519 0.675000 0.418519 0.671875 0.424074 0.671354 0.424074 0.668229 0.429630 0.667708 0.429630 0.664062 0.436111 0.663542 0.436111 0.661458 0.439815 0.660937 0.439815 0.659375 0.442593 0.658854 0.442593 0.658333 0.443519 0.657813 0.443519 0.657292 0.442593 0.656771 0.442593 0.654687 0.438889 0.654687 0.437963 0.654167 0.437037 0.654167 0.435185 0.654687 0.434259 0.654687 0.433333 0.655208 0.432407 0.655208 0.430556 0.655729 0.429630 0.654167 0.432407 0.653646 0.432407 0.650000 0.438889 0.649479 0.438889 0.646354 0.444444 0.645833 0.444444 0.642708 0.450000 0.642188 0.450000 0.640104 0.453704 0.639583 0.453704 0.639062 0.454630 0.638542 0.454630 0.638021 0.455556 0.636458 0.455556 0.635938 0.454630 0.635417 0.454630 0.634375 0.452778 0.633854 0.453704 0.633854 0.454630 0.633333 0.455556 0.633333 0.456481 0.632812 0.457407 0.632812 0.458333 0.632292 0.459259 0.632292 0.460185 0.631250 0.462037 0.630208 0.462037 0.629687 0.462963 0.629167 0.462037 0.628125 0.462037 0.627604 0.461111 0.627083 0.461111 0.617708 0.444444 0.617708 0.443519 0.608333 0.426852 0.608333 0.425926 0.597917 0.407407 0.597396 0.407407 0.592708 0.399074 0.592187 0.399074 0.592187 0.400000 0.591146 0.401852 0.591146 0.402778 0.589583 0.405556 0.589583 0.406481 0.588542 0.408333 0.588542 0.409259 0.588021 0.410185 0.588021 0.414815 0.589583 0.417593 0.589583 0.418519 0.593750 0.425926 0.593750 0.426852 0.601042 0.439815 0.601042 0.440741 0.608854 0.454630 0.608854 0.455556 0.616667 0.469444 0.616667 0.470370 0.624479 0.484259 0.624479 0.485185 0.633854 0.501852 0.634375 0.501852 0.634896 0.502778 0.636458 0.502778 0.636979 0.501852 0.637500 0.501852 0.638021 0.500926 0.638542 0.500926 0.640104 0.498148 0.640625 0.498148 0.643750 0.492593 0.644271 0.492593 0.647396 0.487037 0.647917 0.487037 0.651042 0.481481 0.651563 0.481481 0.654687 0.475926 0.655208 0.475926 0.658333 0.470370 0.658854 0.470370 0.661979 0.464815 0.662500 0.464815 0.665625 0.459259 0.666146 0.459259 0.669271 0.453704 0.669792 0.453704 0.673438 0.447222 0.673958 0.447222 0.677083 0.441667 0.677604 0.441667 0.680729 0.436111 0.681250 0.436111 0.685417 0.428704 0.685937 0.428704 0.686979 0.426852 0.686979 0.425926 0.688021 0.424074 0.688021 0.422222 0.688542 0.421296 0.688542 0.419444 0.689063 0.418519 0.689063 0.416667 0.689583 0.415741 0.689583 0.413889 0.690104 0.412963 0.690104 0.411111 0.690625 0.410185 0.690625 0.408333 0.691146 0.407407 0.691146 0.405556 0.691667 0.404630 0.691667 0.402778 0.692187 0.401852 0.692187 0.400000 0.692708 0.399074 0.692708 0.397222 0.693229 0.396296 0.693229 0.394444 0.693750 0.393519 0.693750 0.391667
0 0.776823 0.449074 0.103646 0.196296 0.817187 0.350926 0.816667 0.351852 0.816146 0.351852 0.814583 0.354630 0.814063 0.354630 0.811458 0.359259 0.810937 0.359259 0.808333 0.363889 0.807813 0.363889 0.805208 0.368519 0.804688 0.368519 0.802083 0.373148 0.801562 0.373148 0.799479 0.376852 0.798958 0.376852 0.796875 0.380556 0.796354 0.380556 0.794271 0.384259 0.793750 0.384259 0.792188 0.387037 0.791667 0.387037 0.790104 0.389815 0.789583 0.389815 0.788021 0.392593 0.787500 0.392593 0.785937 0.395370 0.785417 0.395370 0.784375 0.397222 0.783854 0.397222 0.783333 0.398148 0.782813 0.398148 0.781771 0.400000 0.781250 0.400000 0.780729 0.400926 0.780208 0.400926 0.779687 0.401852 0.778646 0.401852 0.778125 0.402778 0.775521 0.402778 0.775000 0.401852 0.773958 0.401852 0.773438 0.400926 0.772917 0.400926 0.772396 0.400000 0.771875 0.400000 0.770312 0.397222 0.769792 0.397222 0.766146 0.390741 0.765625 0.390741 0.759896 0.380556 0.759896 0.387037 0.759375 0.387963 0.759375 0.396296 0.758854 0.397222 0.758854 0.405556 0.758333 0.406481 0.758333 0.415741 0.757812 0.416667 0.757812 0.425000 0.757292 0.425926 0.757292 0.434259 0.756771 0.435185 0.756771 0.443519 0.756250 0.444444 0.756250 0.449074 0.754687 0.451852 0.754167 0.451852 0.753646 0.452778 0.752083 0.452778 0.751563 0.451852 0.751042 0.451852 0.750521 0.450926 0.750000 0.450926 0.742708 0.437963 0.742708 0.437037 0.735417 0.424074 0.735417 0.423148 0.729688 0.412963 0.729167 0.413889 0.729167 0.417593 0.728646 0.418519 0.728646 0.422222 0.728125 0.423148 0.728125 0.426852 0.727604 0.427778 0.727604 0.431481 0.727083 0.432407 0.727083 0.436111 0.726562 0.437037 0.726562 0.440741 0.726042 0.441667 0.726042 0.445370 0.725521 0.446296 0.725521 0.450000 0.725000 0.450926 0.725000 0.458333 0.726562 0.461111 0.726562 0.462037 0.730208 0.468519 0.730208 0.469444 0.736979 0.481481 0.736979 0.482407 0.744271 0.495370 0.744271 0.496296 0.751042 0.508333 0.751042 0.509259 0.758333 0.522222 0.758333 0.523148 0.765625 0.536111 0.765625 0.537037 0.770312 0.545370 0.770833 0.545370 0.771354 0.546296 0.771875 0.546296 0.772396 0.547222 0.773438 0.547222 0.773958 0.546296 0.774479 0.546296 0.775000 0.545370 0.775521 0.545370 0.776563 0.543519 0.777083 0.543519 0.778646 0.540741 0.779167 0.540741 0.780729 0.537963 0.781250 0.537963 0.783333 0.534259 0.783854 0.534259 0.785937 0.530556 0.786458 0.530556 0.789062 0.525926 0.789583 0.525926 0.791667 0.522222 0.792188 0.522222 0.794271 0.518519 0.794792 0.518519 0.796875 0.514815 0.797396 0.514815 0.799479 0.511111 0.800000 0.511111 0.802083 0.507407 0.802604 0.507407 0.804688 0.503704 0.805208 0.503704 0.807292 0.500000 0.807813 0.500000 0.809896 0.496296 0.810417 0.496296 0.812500 0.492593 0.813021 0.492593 0.815625 0.487963 0.816146 0.487963 0.818229 0.484259 0.818750 0.484259 0.820833 0.480556 0.821354 0.480556 0.823438 0.476852 0.823958 0.476852 0.828646 0.468519 0.828646 0.460185 0.828125 0.459259 0.828125 0.452778 0.827604 0.451852 0.827604 0.446296 0.827083 0.445370 0.827083 0.438889 0.826562 0.437963 0.826562 0.431481 0.826042 0.430556 0.826042 0.425000 0.825521 0.424074 0.825521 0.417593 0.825000 0.416667 0.825000 0.410185 0.824479 0.409259 0.824479 0.403704 0.823958 0.402778 0.823958 0.396296 0.823438 0.395370 0.823438 0.388889 0.822917 0.387963 0.822917 0.382407 0.822396 0.381481 0.822396 0.375000 0.821875 0.374074 0.821875 0.367593 0.821354 0.366667 0.821354 0.361111 0.820833 0.360185 0.820833 0.354630 0.820312 0.353704 0.820312 0.352778 0.819271 0.350926
0 0.292187 0.377778 0.097917 0.096296 0.291146 0.329630 0.290625 0.330556 0.290104 0.330556 0.289583 0.331481 0.289062 0.331481 0.288542 0.332407 0.288021 0.332407 0.287500 0.333333 0.286979 0.333333 0.286458 0.334259 0.285938 0.334259 0.285417 0.335185 0.284896 0.335185 0.284375 0.336111 0.283854 0.336111 0.283333 0.337037 0.282813 0.337037 0.282292 0.337963 0.281771 0.337963 0.269792 0.359259 0.269792 0.360185 0.260417 0.376852 0.260417 0.377778 0.250521 0.395370 0.250521 0.396296 0.244271 0.407407 0.244271 0.408333 0.243229 0.410185 0.243229 0.413889 0.243750 0.414815 0.243750 0.415741 0.244792 0.417593 0.246875 0.417593 0.253125 0.406481 0.253646 0.406481 0.254167 0.405556 0.254688 0.405556 0.255208 0.404630 0.255729 0.404630 0.256250 0.403704 0.256771 0.403704 0.257812 0.401852 0.258333 0.401852 0.258854 0.400926 0.259375 0.400926 0.259896 0.400000 0.260417 0.400000 0.260937 0.399074 0.261458 0.399074 0.261979 0.398148 0.262500 0.398148 0.263021 0.397222 0.263542 0.397222 0.264583 0.395370 0.265104 0.395370 0.265625 0.394444 0.266146 0.394444 0.266667 0.393519 0.267188 0.393519 0.267708 0.392593 0.268229 0.392593 0.268750 0.391667 0.269271 0.391667 0.269792 0.390741 0.270313 0.390741 0.271354 0.388889 0.271875 0.388889 0.272396 0.387963 0.272917 0.387963 0.273438 0.387037 0.273958 0.387037 0.274479 0.386111 0.275000 0.386111 0.275521 0.385185 0.276042 0.385185 0.276562 0.384259 0.277083 0.384259 0.277604 0.383333 0.278125 0.383333 0.279167 0.381481 0.279687 0.381481 0.280208 0.380556 0.280729 0.380556 0.281250 0.379630 0.281771 0.379630 0.282292 0.378704 0.282292 0.377778 0.284375 0.374074 0.284896 0.374074 0.285417 0.373148 0.285938 0.373148 0.286458 0.372222 0.286979 0.372222 0.287500 0.371296 0.288021 0.371296 0.289062 0.369444 0.289583 0.369444 0.290104 0.368519 0.290625 0.368519 0.291146 0.367593 0.291667 0.367593 0.292187 0.368519 0.292708 0.368519 0.317188 0.412037 0.317188 0.412963 0.323437 0.424074 0.323958 0.424074 0.325000 0.425926 0.327604 0.425926 0.328646 0.424074 0.329167 0.424074 0.330208 0.422222 0.330729 0.422222 0.331250 0.421296 0.331771 0.421296 0.332813 0.419444 0.333333 0.419444 0.334375 0.417593 0.334896 0.417593 0.341146 0.406481 0.340625 0.407407 0.340104 0.407407 0.339062 0.409259 0.338542 0.409259 0.337500 0.411111 0.335417 0.411111 0.334375 0.409259 0.333854 0.409259 0.327083 0.397222 0.327083 0.396296 0.317188 0.378704 0.317188 0.377778 0.307812 0.361111 0.307812 0.360185 0.297917 0.342593 0.297917 0.341667 0.292708 0.332407 0.292708 0.331481 0.291667 0.329630
0 0.393750 0.349074 0.117708 0.174074 0.452083 0.262037 0.451562 0.262963 0.451042 0.262963 0.450000 0.264815 0.449479 0.264815 0.448958 0.265741 0.448437 0.265741 0.447396 0.267593 0.446875 0.267593 0.446354 0.268519 0.445833 0.268519 0.444792 0.270370 0.444271 0.270370 0.443229 0.272222 0.442708 0.272222 0.442188 0.273148 0.441667 0.273148 0.440625 0.275000 0.440104 0.275000 0.439583 0.275926 0.439063 0.275926 0.438021 0.277778 0.437500 0.277778 0.436458 0.279630 0.435937 0.279630 0.435417 0.280556 0.434896 0.280556 0.433854 0.282407 0.433333 0.282407 0.432292 0.284259 0.431771 0.284259 0.431250 0.285185 0.430729 0.285185 0.429688 0.287037 0.429167 0.287037 0.428646 0.287963 0.428125 0.287963 0.427083 0.289815 0.426563 0.289815 0.425521 0.291667 0.425000 0.291667 0.424479 0.292593 0.423958 0.292593 0.422917 0.294444 0.422396 0.294444 0.421354 0.296296 0.420833 0.296296 0.420312 0.297222 0.419792 0.297222 0.418750 0.299074 0.418229 0.299074 0.417708 0.300000 0.417187 0.300000 0.416146 0.301852 0.415625 0.301852 0.414583 0.303704 0.414062 0.303704 0.413542 0.304630 0.413021 0.304630 0.411979 0.306481 0.411458 0.306481 0.410417 0.308333 0.409896 0.308333 0.409375 0.309259 0.408854 0.309259 0.407813 0.311111 0.407292 0.311111 0.406771 0.312037 0.406250 0.312037 0.405208 0.313889 0.404687 0.313889 0.403646 0.315741 0.403125 0.315741 0.402604 0.316667 0.402083 0.316667 0.401042 0.318519 0.400521 0.318519 0.399479 0.320370 0.398958 0.320370 0.398438 0.321296 0.397917 0.321296 0.396875 0.323148 0.396354 0.323148 0.395833 0.324074 0.395313 0.324074 0.394271 0.325926 0.393750 0.325926 0.392708 0.327778 0.392188 0.327778 0.391667 0.328704 0.391146 0.328704 0.390104 0.330556 0.389583 0.330556 0.389062 0.331481 0.388542 0.331481 0.387500 0.333333 0.386979 0.333333 0.385937 0.335185 0.385417 0.335185 0.384896 0.336111 0.384375 0.336111 0.383333 0.337963 0.382812 0.337963 0.381771 0.339815 0.381250 0.339815 0.380729 0.340741 0.380208 0.340741 0.379167 0.342593 0.378646 0.342593 0.378125 0.343519 0.377604 0.343519 0.376563 0.345370 0.376042 0.345370 0.372396 0.351852 0.371875 0.351852 0.367708 0.359259 0.367708 0.360185 0.335417 0.417593 0.335417 0.418519 0.334896 0.419444 0.334896 0.423148 0.335938 0.425000 0.335938 0.425926 0.336458 0.425926 0.336979 0.426852 0.338542 0.426852 0.339062 0.425926 0.339583 0.425926 0.340625 0.424074 0.341146 0.424074 0.342187 0.422222 0.342708 0.422222 0.343750 0.420370 0.344271 0.420370 0.345313 0.418519 0.345833 0.418519 0.346875 0.416667 0.347396 0.416667 0.366146 0.383333 0.366667 0.383333 0.367708 0.381481 0.368229 0.381481 0.369271 0.379630 0.369792 0.379630 0.370833 0.377778 0.371354 0.377778 0.372396 0.375926 0.372917 0.375926 0.373958 0.374074 0.374479 0.374074 0.375000 0.373148 0.375521 0.373148 0.376563 0.371296 0.377083 0.371296 0.378125 0.369444 0.378646 0.369444 0.379167 0.368519 0.380208 0.368519 0.380729 0.369444 0.381250 0.369444 0.381771 0.370370 0.382292 0.370370 0.382812 0.371296 0.383333 0.371296 0.384896 0.374074 0.385417 0.374074 0.389062 0.380556 0.389583 0.380556 0.405208 0.408333 0.405208 0.409259 0.416146 0.428704 0.416146 0.429630 0.416667 0.429630 0.419792 0.435185 0.420833 0.435185 0.421354 0.436111 0.421875 0.435185 0.422917 0.435185 0.423958 0.433333 0.423958 0.432407 0.415104 0.416667 0.415104 0.415741 0.405729 0.399074 0.405729 0.398148 0.396875 0.382407 0.396875 0.381481 0.387500 0.364815 0.387500 0.363889 0.381250 0.352778 0.381250 0.351852 0.379688 0.349074 0.379688 0.348148 0.379167 0.347222 0.379167 0.344444 0.379688 0.343519 0.379688 0.342593 0.380729 0.340741 0.381250 0.340741 0.381771 0.339815 0.382292 0.339815 0.383333 0.337963 0.383854 0.337963 0.384896 0.336111 0.385417 0.336111 0.385937 0.335185 0.386458 0.335185 0.387500 0.333333 0.388021 0.333333 0.389062 0.331481 0.389583 0.331481 0.390104 0.330556 0.390625 0.330556 0.391667 0.328704 0.392188 0.328704 0.393229 0.326852 0.393750 0.326852 0.394271 0.325926 0.394792 0.325926 0.395833 0.324074 0.396354 0.324074 0.397396 0.322222 0.397917 0.322222 0.398438 0.321296 0.398958 0.321296 0.400000 0.319444 0.400521 0.319444 0.401042 0.318519 0.401562 0.318519 0.402604 0.316667 0.403125 0.316667 0.404167 0.314815 0.404687 0.314815 0.405208 0.313889 0.405729 0.313889 0.406771 0.312037 0.407292 0.312037 0.408333 0.310185 0.408854 0.310185 0.409375 0.309259 0.409896 0.309259 0.410938 0.307407 0.411458 0.307407 0.412500 0.305556 0.413021 0.305556 0.413542 0.304630 0.414062 0.304630 0.415104 0.302778 0.415625 0.302778 0.416667 0.300926 0.417187 0.300926 0.417708 0.300000 0.418229 0.300000 0.419271 0.298148 0.419792 0.298148 0.420312 0.297222 0.420833 0.297222 0.421875 0.295370 0.422396 0.295370 0.423438 0.293519 0.423958 0.293519 0.424479 0.292593 0.425000 0.292593 0.426042 0.290741 0.426563 0.290741 0.427604 0.288889 0.428125 0.288889 0.428646 0.287963 0.429167 0.287963 0.430208 0.286111 0.430729 0.286111 0.431771 0.284259 0.432292 0.284259 0.432812 0.283333 0.433333 0.283333 0.434375 0.281481 0.434896 0.281481 0.435937 0.279630 0.436458 0.279630 0.436979 0.278704 0.437500 0.278704 0.438542 0.276852 0.439063 0.276852 0.440104 0.275000 0.440625 0.275000 0.441146 0.274074 0.441667 0.274074 0.442708 0.272222 0.443229 0.272222 0.443750 0.271296 0.444271 0.271296 0.445312 0.269444 0.445833 0.269444 0.446875 0.267593 0.447396 0.267593 0.447917 0.266667 0.448437 0.266667 0.449479 0.264815 0.450000 0.264815 0.451042 0.262963 0.451562 0.262963 0.452083 0.262037 0.452604 0.262037
0 0.486979 0.356019 0.102083 0.176852 0.536979 0.267593 0.535937 0.269444 0.535417 0.269444 0.532292 0.275000 0.531771 0.275000 0.529167 0.279630 0.528646 0.279630 0.525521 0.285185 0.525000 0.285185 0.522396 0.289815 0.521875 0.289815 0.518750 0.295370 0.518229 0.295370 0.515625 0.300000 0.515104 0.300000 0.511979 0.305556 0.511458 0.305556 0.508854 0.310185 0.508333 0.310185 0.505208 0.315741 0.504687 0.315741 0.502083 0.320370 0.501563 0.320370 0.498437 0.325926 0.497917 0.325926 0.495312 0.330556 0.494792 0.330556 0.491667 0.336111 0.491146 0.336111 0.488542 0.340741 0.488021 0.340741 0.484896 0.346296 0.484375 0.346296 0.481771 0.350926 0.481250 0.350926 0.478125 0.356481 0.477604 0.356481 0.469271 0.371296 0.468750 0.371296 0.456771 0.392593 0.456250 0.392593 0.444271 0.413889 0.443750 0.413889 0.436979 0.425926 0.436979 0.426852 0.436458 0.427778 0.436458 0.428704 0.435937 0.429630 0.435937 0.430556 0.436458 0.431481 0.436458 0.432407 0.438542 0.436111 0.439583 0.436111 0.440625 0.434259 0.441146 0.434259 0.443750 0.429630 0.444271 0.429630 0.448437 0.422222 0.448958 0.422222 0.453125 0.414815 0.453646 0.414815 0.457292 0.408333 0.457813 0.408333 0.461979 0.400926 0.462500 0.400926 0.466667 0.393519 0.467187 0.393519 0.470833 0.387037 0.471354 0.387037 0.475521 0.379630 0.476042 0.379630 0.476562 0.378704 0.477083 0.378704 0.477604 0.377778 0.478125 0.377778 0.478646 0.376852 0.479687 0.376852 0.480208 0.375926 0.482812 0.375926 0.483333 0.376852 0.484375 0.376852 0.484896 0.377778 0.485417 0.377778 0.485938 0.378704 0.486458 0.378704 0.488021 0.381481 0.488542 0.381481 0.490625 0.385185 0.491146 0.385185 0.512500 0.423148 0.512500 0.424074 0.523438 0.443519 0.523958 0.443519 0.524479 0.444444 0.527083 0.444444 0.528125 0.442593 0.528125 0.441667 0.530729 0.437037 0.530729 0.436111 0.531771 0.434259 0.524479 0.421296 0.524479 0.420370 0.516146 0.405556 0.516146 0.404630 0.507812 0.389815 0.507812 0.388889 0.499479 0.374074 0.499479 0.373148 0.491667 0.359259 0.491667 0.358333 0.488021 0.351852 0.488021 0.350926 0.486979 0.349074 0.486979 0.344444 0.490104 0.338889 0.490625 0.338889 0.493229 0.334259 0.493750 0.334259 0.496875 0.328704 0.497396 0.328704 0.500000 0.324074 0.500521 0.324074 0.503646 0.318519 0.504167 0.318519 0.506771 0.313889 0.507292 0.313889 0.510417 0.308333 0.510938 0.308333 0.513542 0.303704 0.514062 0.303704 0.517188 0.298148 0.517708 0.298148 0.520312 0.293519 0.520833 0.293519 0.523958 0.287963 0.524479 0.287963 0.527083 0.283333 0.527604 0.283333 0.530729 0.277778 0.531250 0.277778 0.534375 0.272222 0.534896 0.272222 0.537500 0.267593 0.538021 0.267593
0 0.584635 0.369444 0.098437 0.185185 0.621875 0.276852 0.621354 0.277778 0.620833 0.277778 0.618750 0.281481 0.618229 0.281481 0.612500 0.291667 0.611979 0.291667 0.608854 0.297222 0.608854 0.298148 0.606771 0.301852 0.606771 0.302778 0.605208 0.305556 0.605208 0.306481 0.603125 0.310185 0.603125 0.311111 0.601042 0.314815 0.601042 0.315741 0.599479 0.318519 0.599479 0.319444 0.597396 0.323148 0.597396 0.324074 0.595313 0.327778 0.595313 0.328704 0.593750 0.331481 0.593750 0.332407 0.591667 0.336111 0.591667 0.337037 0.590104 0.339815 0.590104 0.340741 0.588021 0.344444 0.588021 0.345370 0.585938 0.349074 0.585938 0.350000 0.584375 0.352778 0.584375 0.353704 0.582292 0.357407 0.582292 0.358333 0.575521 0.370370 0.575000 0.370370 0.569271 0.380556 0.568750 0.380556 0.563021 0.390741 0.562500 0.390741 0.556771 0.400926 0.556250 0.400926 0.549479 0.412963 0.549479 0.413889 0.547396 0.417593 0.547396 0.418519 0.545312 0.422222 0.545312 0.423148 0.543229 0.426852 0.543229 0.427778 0.540625 0.432407 0.540625 0.433333 0.538542 0.437037 0.538542 0.437963 0.536458 0.441667 0.536458 0.442593 0.535417 0.444444 0.535417 0.448148 0.537500 0.451852 0.539583 0.451852 0.541146 0.449074 0.541667 0.449074 0.545312 0.442593 0.545833 0.442593 0.551042 0.433333 0.551562 0.433333 0.555729 0.425926 0.556250 0.425926 0.560417 0.418519 0.560937 0.418519 0.564063 0.412963 0.564583 0.412963 0.567187 0.408333 0.567708 0.408333 0.570312 0.403704 0.570833 0.403704 0.572396 0.400926 0.572917 0.400926 0.574479 0.398148 0.575000 0.398148 0.576042 0.396296 0.576562 0.396296 0.577604 0.394444 0.578125 0.394444 0.578646 0.393519 0.579167 0.393519 0.579688 0.392593 0.580208 0.392593 0.580729 0.391667 0.581771 0.391667 0.582292 0.390741 0.585938 0.390741 0.586458 0.391667 0.586979 0.391667 0.587500 0.392593 0.588021 0.392593 0.588542 0.393519 0.589063 0.393519 0.590104 0.395370 0.590625 0.395370 0.592187 0.398148 0.592708 0.398148 0.597396 0.406481 0.597917 0.406481 0.608854 0.425926 0.608854 0.426852 0.618229 0.443519 0.618229 0.444444 0.627083 0.460185 0.627604 0.460185 0.628125 0.461111 0.629167 0.461111 0.629687 0.462037 0.630208 0.461111 0.631250 0.461111 0.631771 0.460185 0.631771 0.459259 0.632292 0.458333 0.632292 0.457407 0.632812 0.456481 0.632812 0.455556 0.633333 0.454630 0.633333 0.453704 0.633854 0.452778 0.633854 0.451852 0.625000 0.436111 0.625000 0.435185 0.617188 0.421296 0.617188 0.420370 0.609896 0.407407 0.609896 0.406481 0.602083 0.392593 0.602083 0.391667 0.594792 0.378704 0.594792 0.377778 0.590625 0.370370 0.590625 0.369444 0.589063 0.366667 0.589063 0.365741 0.588542 0.364815 0.588542 0.362963 0.589063 0.362037 0.589063 0.361111 0.590104 0.359259 0.590104 0.358333 0.591667 0.355556 0.591667 0.354630 0.593229 0.351852 0.593229 0.350926 0.594792 0.348148 0.594792 0.347222 0.596354 0.344444 0.596354 0.343519 0.597917 0.340741 0.597917 0.339815 0.599479 0.337037 0.599479 0.336111 0.601042 0.333333 0.601042 0.332407 0.602604 0.329630 0.602604 0.328704 0.604167 0.325926 0.604167 0.325000 0.605729 0.322222 0.605729 0.321296 0.606771 0.319444 0.606771 0.318519 0.608333 0.315741 0.608333 0.314815 0.609896 0.312037 0.609896 0.311111 0.611458 0.308333 0.611458 0.307407 0.613021 0.304630 0.613021 0.303704 0.614583 0.300926 0.614583 0.300000 0.616146 0.297222 0.616146 0.296296 0.617708 0.293519 0.617708 0.292593 0.619271 0.289815 0.619271 0.288889 0.620833 0.286111 0.620833 0.285185 0.622396 0.282407 0.622396 0.281481 0.623958 0.278704 0.623958 0.276852
0 0.708073 0.358796 0.106771 0.186111 0.722396 0.265741 0.721875 0.266667 0.721354 0.266667 0.720833 0.267593 0.720313 0.267593 0.718229 0.271296 0.717708 0.271296 0.714063 0.277778 0.713542 0.277778 0.709375 0.285185 0.708854 0.285185 0.707292 0.287963 0.707292 0.289815 0.706771 0.290741 0.706771 0.292593 0.706250 0.293519 0.706250 0.295370 0.705729 0.296296 0.705729 0.298148 0.705208 0.299074 0.705208 0.300000 0.704688 0.300926 0.704688 0.302778 0.704167 0.303704 0.704167 0.305556 0.703646 0.306481 0.703646 0.308333 0.703125 0.309259 0.703125 0.311111 0.702604 0.312037 0.702604 0.312963 0.702083 0.313889 0.702083 0.315741 0.701562 0.316667 0.701562 0.318519 0.701042 0.319444 0.701042 0.321296 0.700521 0.322222 0.700521 0.324074 0.700000 0.325000 0.700000 0.325926 0.699479 0.326852 0.699479 0.328704 0.698958 0.329630 0.698958 0.331481 0.698438 0.332407 0.698438 0.334259 0.697917 0.335185 0.697917 0.337037 0.697396 0.337963 0.697396 0.338889 0.696875 0.339815 0.696875 0.341667 0.696354 0.342593 0.696354 0.344444 0.695833 0.345370 0.695833 0.347222 0.695312 0.348148 0.695312 0.350000 0.694792 0.350926 0.694792 0.351852 0.694271 0.352778 0.694271 0.354630 0.693750 0.355556 0.693750 0.357407 0.693229 0.358333 0.693229 0.360185 0.692708 0.361111 0.692708 0.362963 0.692187 0.363889 0.692187 0.364815 0.691667 0.365741 0.691667 0.367593 0.691146 0.368519 0.691146 0.370370 0.690625 0.371296 0.690625 0.373148 0.690104 0.374074 0.690104 0.375000 0.689063 0.376852 0.689063 0.377778 0.686979 0.381481 0.686458 0.381481 0.682292 0.388889 0.681771 0.388889 0.678125 0.395370 0.677604 0.395370 0.674479 0.400926 0.673958 0.400926 0.670312 0.407407 0.669792 0.407407 0.666146 0.413889 0.665625 0.413889 0.662500 0.419444 0.661979 0.419444 0.658333 0.425926 0.657813 0.425926 0.656250 0.428704 0.656250 0.429630 0.655729 0.430556 0.655729 0.432407 0.655208 0.433333 0.655208 0.434259 0.654687 0.435185 0.654687 0.437037 0.655208 0.437963 0.655208 0.438889 0.656771 0.441667 0.657292 0.441667 0.657813 0.442593 0.658333 0.442593 0.658854 0.441667 0.659375 0.441667 0.660937 0.438889 0.661458 0.438889 0.663542 0.435185 0.664062 0.435185 0.667708 0.428704 0.668229 0.428704 0.671354 0.423148 0.671875 0.423148 0.675000 0.417593 0.675521 0.417593 0.678646 0.412037 0.679167 0.412037 0.681771 0.407407 0.682292 0.407407 0.684375 0.403704 0.684896 0.403704 0.686979 0.400000 0.687500 0.400000 0.689583 0.396296 0.690104 0.396296 0.692187 0.392593 0.692708 0.392593 0.694271 0.389815 0.694792 0.389815 0.695833 0.387963 0.696354 0.387963 0.697396 0.386111 0.697917 0.386111 0.698958 0.384259 0.699479 0.384259 0.700000 0.383333 0.700521 0.383333 0.701562 0.381481 0.702604 0.381481 0.703125 0.380556 0.704167 0.380556 0.704688 0.379630 0.708333 0.379630 0.708854 0.380556 0.709896 0.380556 0.710417 0.381481 0.710938 0.381481 0.711979 0.383333 0.712500 0.383333 0.713542 0.385185 0.714063 0.385185 0.716667 0.389815 0.717187 0.389815 0.735938 0.423148 0.735938 0.424074 0.743229 0.437037 0.743229 0.437963 0.750000 0.450000 0.750521 0.450000 0.751042 0.450926 0.751563 0.450926 0.752083 0.451852 0.753646 0.451852 0.754167 0.450926 0.754687 0.450926 0.755729 0.449074 0.755729 0.444444 0.756250 0.443519 0.756250 0.435185 0.756771 0.434259 0.756771 0.425926 0.757292 0.425000 0.757292 0.416667 0.757812 0.415741 0.757812 0.406481 0.758333 0.405556 0.758333 0.397222 0.758854 0.396296 0.758854 0.387963 0.759375 0.387037 0.759375 0.378704 0.759896 0.377778 0.759896 0.369444 0.760417 0.368519 0.760417 0.359259 0.760938 0.358333 0.760938 0.350000 0.761458 0.349074 0.761458 0.338889 0.760938 0.337963 0.760938 0.337037 0.759375 0.334259 0.759375 0.333333 0.753646 0.323148 0.753646 0.322222 0.747396 0.311111 0.747396 0.310185 0.740625 0.298148 0.740625 0.297222 0.734375 0.286111 0.734375 0.285185 0.727604 0.273148 0.727604 0.272222 0.725521 0.268519 0.725000 0.268519 0.723437 0.265741