0 0.226042 0.556019 0.102083 0.091667 0.270313 0.510185 0.269792 0.511111 0.269271 0.511111 0.268229 0.512963 0.267708 0.512963 0.266667 0.514815 0.266146 0.514815 0.265104 0.516667 0.264583 0.516667 0.264062 0.517593 0.263542 0.517593 0.262500 0.519444 0.261979 0.519444 0.241146 0.556481 0.240625 0.556481 0.239583 0.558333 0.239063 0.558333 0.238021 0.560185 0.237500 0.560185 0.236458 0.562037 0.235937 0.562037 0.234896 0.563889 0.234375 0.563889 0.233333 0.565741 0.232813 0.565741 0.231771 0.567593 0.231250 0.567593 0.230208 0.569444 0.229687 0.569444 0.228646 0.571296 0.228125 0.571296 0.227604 0.572222 0.225521 0.572222 0.223438 0.568519 0.223438 0.564815 0.223958 0.563889 0.223958 0.562963 0.226042 0.559259 0.226042 0.558333 0.225521 0.558333 0.224479 0.560185 0.223958 0.560185 0.222917 0.562037 0.222396 0.562037 0.221875 0.562963 0.221354 0.562963 0.220312 0.564815 0.219792 0.564815 0.218750 0.566667 0.218229 0.566667 0.217708 0.567593 0.217188 0.567593 0.216146 0.569444 0.215625 0.569444 0.214583 0.571296 0.214062 0.571296 0.213542 0.572222 0.211458 0.572222 0.210417 0.570370 0.209896 0.570370 0.178125 0.513889 0.177083 0.515741 0.176563 0.515741 0.176042 0.516667 0.175521 0.516667 0.175000 0.517593 0.175000 0.524074 0.176563 0.526852 0.176563 0.527778 0.189583 0.550926 0.190104 0.550926 0.217188 0.599074 0.217708 0.599074 0.219271 0.601852 0.226562 0.601852 0.227083 0.600926 0.227604 0.600926 0.229167 0.598148 0.229687 0.598148 0.230729 0.596296 0.231250 0.596296 0.232292 0.594444 0.232813 0.594444 0.233854 0.592593 0.234375 0.592593 0.235937 0.589815 0.236458 0.589815 0.237500 0.587963 0.238021 0.587963 0.239063 0.586111 0.239583 0.586111 0.240625 0.584259 0.241146 0.584259 0.242708 0.581481 0.243229 0.581481 0.244271 0.579630 0.244792 0.579630 0.245833 0.577778 0.246354 0.577778 0.247396 0.575926 0.247917 0.575926 0.249479 0.573148 0.250000 0.573148 0.251042 0.571296 0.251563 0.571296 0.252604 0.569444 0.253125 0.569444 0.254167 0.567593 0.254688 0.567593 0.256250 0.564815 0.256771 0.564815 0.257812 0.562963 0.258333 0.562963 0.259375 0.561111 0.259896 0.561111 0.260937 0.559259 0.261458 0.559259 0.263021 0.556481 0.263542 0.556481 0.264583 0.554630 0.265104 0.554630 0.266146 0.552778 0.266667 0.552778 0.267708 0.550926 0.268229 0.550926 0.269792 0.548148 0.270313 0.548148 0.271354 0.546296 0.271875 0.546296 0.272917 0.544444 0.273438 0.544444 0.274479 0.542593 0.275000 0.542593 0.276562 0.539815 0.277083 0.539815 0.277083 0.537037 0.276562 0.536111 0.276562 0.535185 0.272917 0.528704 0.272917 0.523148 0.273958 0.521296 0.274479 0.521296 0.275521 0.519444 0.276042 0.519444 0.277083 0.517593 0.277083 0.515741 0.276562 0.515741 0.275521 0.513889 0.275000 0.513889 0.273958 0.512037 0.273438 0.512037 0.272917 0.511111 0.272396 0.511111 0.271875 0.510185
0 0.219010 0.520370 0.109896 0.103704 0.269792 0.468519 0.269271 0.469444 0.268750 0.469444 0.268229 0.470370 0.267708 0.470370 0.266667 0.472222 0.266146 0.472222 0.265625 0.473148 0.265104 0.473148 0.264583 0.474074 0.264062 0.474074 0.263021 0.475926 0.262500 0.475926 0.261979 0.476852 0.261458 0.476852 0.260937 0.477778 0.260417 0.477778 0.259896 0.478704 0.259375 0.478704 0.258333 0.480556 0.257812 0.480556 0.257292 0.481481 0.256771 0.481481 0.256250 0.482407 0.255729 0.482407 0.254688 0.484259 0.254167 0.484259 0.253646 0.485185 0.253125 0.485185 0.234375 0.518519 0.233854 0.518519 0.233333 0.519444 0.232813 0.519444 0.231771 0.521296 0.231250 0.521296 0.230729 0.522222 0.230208 0.522222 0.229687 0.523148 0.229167 0.523148 0.228125 0.525000 0.227604 0.525000 0.227083 0.525926 0.226562 0.525926 0.225521 0.527778 0.225000 0.527778 0.224479 0.528704 0.223958 0.528704 0.223438 0.529630 0.222917 0.529630 0.222396 0.530556 0.221875 0.530556 0.221354 0.529630 0.220833 0.529630 0.218750 0.525926 0.218750 0.525000 0.218229 0.525000 0.217708 0.525926 0.217188 0.525926 0.216146 0.527778 0.215625 0.527778 0.215104 0.528704 0.214583 0.528704 0.214062 0.529630 0.213542 0.529630 0.212500 0.531481 0.211979 0.531481 0.211458 0.532407 0.209375 0.532407 0.208854 0.531481 0.208333 0.531481 0.194271 0.506481 0.193750 0.507407 0.191667 0.507407 0.190625 0.505556 0.190104 0.505556 0.173437 0.475926 0.172917 0.475926 0.172396 0.476852 0.171354 0.476852 0.170833 0.477778 0.170313 0.477778 0.169792 0.478704 0.169271 0.478704 0.168750 0.479630 0.168229 0.479630 0.167708 0.480556 0.167187 0.480556 0.166667 0.481481 0.165625 0.481481 0.164062 0.484259 0.164062 0.487963 0.165104 0.489815 0.165104 0.490741 0.209375 0.569444 0.209896 0.569444 0.210938 0.571296 0.211458 0.571296 0.211979 0.572222 0.213021 0.572222 0.213542 0.571296 0.214062 0.571296 0.214583 0.570370 0.215104 0.570370 0.216146 0.568519 0.216667 0.568519 0.217708 0.566667 0.218229 0.566667 0.218750 0.565741 0.219271 0.565741 0.220312 0.563889 0.220833 0.563889 0.221875 0.562037 0.222396 0.562037 0.222917 0.561111 0.223438 0.561111 0.224479 0.559259 0.225000 0.559259 0.226042 0.557407 0.226562 0.557407 0.234375 0.543519 0.234375 0.542593 0.266667 0.485185 0.267188 0.485185 0.268229 0.483333 0.268750 0.483333 0.269271 0.482407 0.269792 0.482407 0.270833 0.480556 0.271354 0.480556 0.271875 0.479630 0.272396 0.479630 0.273438 0.477778 0.273958 0.477778 0.273438 0.476852 0.273438 0.475926 0.272917 0.475000 0.272917 0.474074 0.273438 0.473148 0.272917 0.472222 0.272396 0.472222 0.270833 0.469444 0.270313 0.469444
0 0.233854 0.478241 0.078125 0.106481 0.272917 0.425000 0.272396 0.425926 0.271875 0.425926 0.271354 0.426852 0.270833 0.426852 0.270313 0.427778 0.269792 0.427778 0.269271 0.428704 0.268750 0.428704 0.268229 0.429630 0.267708 0.429630 0.267188 0.430556 0.266667 0.430556 0.266146 0.431481 0.265625 0.431481 0.265104 0.432407 0.264583 0.432407 0.264062 0.433333 0.263542 0.433333 0.263021 0.434259 0.262500 0.434259 0.261979 0.435185 0.261458 0.435185 0.260937 0.436111 0.260417 0.436111 0.259896 0.437037 0.259375 0.437037 0.258854 0.437963 0.258333 0.437963 0.257812 0.438889 0.257292 0.438889 0.256771 0.439815 0.256250 0.439815 0.255729 0.440741 0.255208 0.440741 0.254688 0.441667 0.254167 0.441667 0.253646 0.442593 0.253125 0.442593 0.252604 0.443519 0.252083 0.443519 0.251563 0.444444 0.251042 0.444444 0.250521 0.445370 0.250000 0.445370 0.239583 0.463889 0.239583 0.464815 0.236458 0.470370 0.235937 0.470370 0.235417 0.471296 0.234896 0.471296 0.234375 0.472222 0.233854 0.472222 0.233333 0.473148 0.232813 0.473148 0.232292 0.474074 0.231771 0.474074 0.231250 0.475000 0.230729 0.475000 0.229687 0.476852 0.228125 0.476852 0.227604 0.475926 0.227083 0.476852 0.226562 0.476852 0.226042 0.477778 0.225521 0.477778 0.225000 0.478704 0.224479 0.478704 0.223438 0.480556 0.222917 0.480556 0.222396 0.481481 0.221875 0.481481 0.221354 0.482407 0.220833 0.482407 0.220312 0.483333 0.219792 0.483333 0.219271 0.484259 0.218750 0.484259 0.218229 0.485185 0.217708 0.485185 0.217188 0.486111 0.216667 0.486111 0.216146 0.487037 0.215625 0.487037 0.215104 0.487963 0.214583 0.487963 0.214062 0.488889 0.213542 0.488889 0.213021 0.489815 0.212500 0.489815 0.211979 0.490741 0.211458 0.490741 0.210938 0.491667 0.210417 0.491667 0.209896 0.492593 0.209375 0.492593 0.208854 0.493519 0.208333 0.493519 0.207813 0.494444 0.207292 0.494444 0.206771 0.495370 0.206250 0.495370 0.205729 0.496296 0.205208 0.496296 0.204687 0.497222 0.204167 0.497222 0.203646 0.498148 0.203125 0.498148 0.202604 0.499074 0.202083 0.499074 0.201563 0.500000 0.201042 0.500000 0.200521 0.500926 0.200000 0.500926 0.199479 0.501852 0.198958 0.501852 0.198437 0.502778 0.197917 0.502778 0.197396 0.503704 0.196875 0.503704 0.195833 0.505556 0.195312 0.505556 0.194792 0.506481 0.208333 0.530556 0.208854 0.530556 0.209375 0.531481 0.211458 0.531481 0.211979 0.530556 0.212500 0.530556 0.213542 0.528704 0.214062 0.528704 0.214583 0.527778 0.215104 0.527778 0.215625 0.526852 0.216146 0.526852 0.217188 0.525000 0.217708 0.525000 0.218229 0.524074 0.218229 0.523148 0.218750 0.522222 0.218750 0.521296 0.219271 0.520370 0.219271 0.519444 0.223438 0.512037 0.223438 0.511111 0.240625 0.480556 0.240625 0.479630 0.262500 0.440741 0.263021 0.440741 0.263542 0.439815 0.264062 0.439815 0.264583 0.438889 0.265104 0.438889 0.266146 0.437037 0.266667 0.437037 0.267188 0.436111 0.267708 0.436111 0.268229 0.435185 0.268750 0.435185 0.269271 0.434259 0.269792 0.434259 0.270313 0.433333 0.270833 0.433333 0.271354 0.432407 0.271875 0.432407 0.272396 0.431481 0.272917 0.431481 0.272396 0.430556 0.272396 0.425926
0 0.204687 0.449074 0.122917 0.114815 0.266146 0.391667 0.265625 0.392593 0.265104 0.392593 0.264583 0.393519 0.264062 0.393519 0.263542 0.394444 0.262500 0.394444 0.261979 0.395370 0.261458 0.395370 0.260937 0.396296 0.260417 0.396296 0.259896 0.397222 0.258854 0.397222 0.258333 0.398148 0.257812 0.398148 0.257292 0.399074 0.256771 0.399074 0.256250 0.400000 0.255729 0.400000 0.255208 0.400926 0.254167 0.400926 0.253646 0.401852 0.253125 0.401852 0.252604 0.402778 0.252083 0.402778 0.251563 0.403704 0.250521 0.403704 0.250000 0.404630 0.249479 0.404630 0.248958 0.405556 0.248438 0.405556 0.247917 0.406481 0.246875 0.406481 0.246354 0.407407 0.245833 0.407407 0.245312 0.408333 0.244792 0.408333 0.244271 0.409259 0.243229 0.409259 0.242708 0.410185 0.242188 0.410185 0.241667 0.411111 0.241146 0.411111 0.240625 0.412037 0.240104 0.412037 0.239583 0.412963 0.238542 0.412963 0.238021 0.413889 0.237500 0.413889 0.236979 0.414815 0.236458 0.414815 0.235937 0.415741 0.234896 0.415741 0.234375 0.416667 0.233854 0.416667 0.218229 0.444444 0.218229 0.445370 0.217708 0.446296 0.217188 0.446296 0.216667 0.447222 0.215625 0.447222 0.215104 0.448148 0.214583 0.448148 0.214062 0.449074 0.213542 0.449074 0.213021 0.450000 0.212500 0.450000 0.211979 0.450926 0.211458 0.450926 0.210938 0.451852 0.209896 0.451852 0.209375 0.452778 0.208854 0.452778 0.208333 0.453704 0.207813 0.453704 0.207292 0.454630 0.206771 0.454630 0.206250 0.455556 0.205729 0.455556 0.205208 0.456481 0.204167 0.456481 0.203646 0.457407 0.203125 0.457407 0.202604 0.458333 0.202083 0.458333 0.201563 0.459259 0.201042 0.459259 0.200521 0.460185 0.199479 0.460185 0.198958 0.461111 0.198437 0.461111 0.197917 0.462037 0.197396 0.462037 0.196875 0.462963 0.196354 0.462963 0.195833 0.463889 0.193750 0.463889 0.193229 0.462963 0.192708 0.462963 0.189583 0.457407 0.189062 0.457407 0.159896 0.405556 0.158333 0.405556 0.157812 0.406481 0.156771 0.406481 0.156250 0.407407 0.155208 0.407407 0.154688 0.408333 0.154167 0.408333 0.153646 0.409259 0.152604 0.409259 0.152083 0.410185 0.151042 0.410185 0.150521 0.411111 0.149479 0.411111 0.148958 0.412037 0.147917 0.412037 0.147396 0.412963 0.146354 0.412963 0.145833 0.413889 0.145313 0.413889 0.144792 0.414815 0.144271 0.414815 0.143229 0.416667 0.143229 0.420370 0.144271 0.422222 0.144271 0.423148 0.190104 0.504630 0.190625 0.504630 0.191667 0.506481 0.193750 0.506481 0.194271 0.505556 0.194792 0.505556 0.195312 0.504630 0.195833 0.504630 0.196875 0.502778 0.197396 0.502778 0.197917 0.501852 0.198437 0.501852 0.198958 0.500926 0.199479 0.500926 0.200000 0.500000 0.200521 0.500000 0.201042 0.499074 0.201563 0.499074 0.202083 0.498148 0.202604 0.498148 0.203125 0.497222 0.203646 0.497222 0.204167 0.496296 0.204687 0.496296 0.205208 0.495370 0.205729 0.495370 0.206250 0.494444 0.206771 0.494444 0.207292 0.493519 0.207813 0.493519 0.208333 0.492593 0.208854 0.492593 0.209375 0.491667 0.209896 0.491667 0.210417 0.490741 0.210938 0.490741 0.211458 0.489815 0.211979 0.489815 0.212500 0.488889 0.213021 0.488889 0.213542 0.487963 0.214062 0.487963 0.214583 0.487037 0.215104 0.487037 0.215625 0.486111 0.216146 0.486111 0.216667 0.485185 0.217188 0.485185 0.217708 0.484259 0.218229 0.484259 0.218750 0.483333 0.219271 0.483333 0.219792 0.482407 0.220312 0.482407 0.220833 0.481481 0.221354 0.481481 0.221875 0.480556 0.222396 0.480556 0.222917 0.479630 0.223438 0.479630 0.224479 0.477778 0.225000 0.477778 0.225521 0.476852 0.226042 0.476852 0.226562 0.475926 0.227083 0.475926 0.226042 0.474074 0.226042 0.473148 0.225521 0.472222 0.225521 0.471296 0.225000 0.470370 0.225000 0.469444 0.225521 0.468519 0.225521 0.467593 0.226042 0.466667 0.226042 0.465741 0.232292 0.454630 0.232292 0.453704 0.247396 0.426852 0.247396 0.425926 0.261979 0.400000 0.261979 0.399074
0 0.202604 0.392593 0.113542 0.140741 0.240625 0.322222 0.240104 0.323148 0.239063 0.323148 0.238542 0.324074 0.236979 0.324074 0.236458 0.325000 0.235417 0.325000 0.234896 0.325926 0.233854 0.325926 0.233333 0.326852 0.231771 0.326852 0.231250 0.327778 0.230208 0.327778 0.229687 0.328704 0.228646 0.328704 0.228125 0.329630 0.227083 0.329630 0.226562 0.330556 0.225000 0.330556 0.224479 0.331481 0.223438 0.331481 0.222917 0.332407 0.221875 0.332407 0.221354 0.333333 0.219792 0.333333 0.219271 0.334259 0.218229 0.334259 0.217708 0.335185 0.216667 0.335185 0.216146 0.336111 0.215104 0.336111 0.214583 0.337037 0.213021 0.337037 0.212500 0.337963 0.211458 0.337963 0.210938 0.338889 0.209896 0.338889 0.209375 0.339815 0.207813 0.339815 0.207292 0.340741 0.206250 0.340741 0.205729 0.341667 0.204687 0.341667 0.204167 0.342593 0.203125 0.342593 0.202604 0.343519 0.201042 0.343519 0.200521 0.344444 0.199479 0.344444 0.198958 0.345370 0.197917 0.345370 0.197396 0.346296 0.195833 0.346296 0.195312 0.347222 0.194271 0.347222 0.193750 0.348148 0.192708 0.348148 0.192188 0.349074 0.190625 0.349074 0.190104 0.350000 0.189062 0.350000 0.188542 0.350926 0.187500 0.350926 0.186979 0.351852 0.185938 0.351852 0.185417 0.352778 0.183854 0.352778 0.183333 0.353704 0.182292 0.353704 0.181771 0.354630 0.180729 0.354630 0.180208 0.355556 0.178646 0.355556 0.178125 0.356481 0.177083 0.356481 0.176563 0.357407 0.175521 0.357407 0.175000 0.358333 0.173958 0.358333 0.173437 0.359259 0.171875 0.359259 0.171354 0.360185 0.170313 0.360185 0.169792 0.361111 0.168750 0.361111 0.168229 0.362037 0.166667 0.362037 0.166146 0.362963 0.165104 0.362963 0.164583 0.363889 0.163542 0.363889 0.163021 0.364815 0.161979 0.364815 0.161458 0.365741 0.159896 0.365741 0.159375 0.366667 0.158333 0.366667 0.157812 0.367593 0.156771 0.367593 0.156250 0.368519 0.154688 0.368519 0.154167 0.369444 0.153125 0.369444 0.152604 0.370370 0.151562 0.370370 0.151042 0.371296 0.149479 0.371296 0.148958 0.372222 0.147917 0.372222 0.147396 0.373148 0.146875 0.373148 0.146354 0.374074 0.146354 0.375000 0.145833 0.375926 0.145833 0.377778 0.146354 0.378704 0.146354 0.379630 0.147396 0.381481 0.147396 0.382407 0.189062 0.456481 0.189583 0.456481 0.192708 0.462037 0.193229 0.462037 0.193750 0.462963 0.195833 0.462963 0.196354 0.462037 0.196875 0.462037 0.197396 0.461111 0.197917 0.461111 0.198437 0.460185 0.198958 0.460185 0.199479 0.459259 0.200521 0.459259 0.201042 0.458333 0.201563 0.458333 0.202083 0.457407 0.202604 0.457407 0.203125 0.456481 0.203646 0.456481 0.204167 0.455556 0.205208 0.455556 0.205729 0.454630 0.206250 0.454630 0.206771 0.453704 0.207292 0.453704 0.207813 0.452778 0.208333 0.452778 0.208854 0.451852 0.209375 0.451852 0.209896 0.450926 0.210938 0.450926 0.211458 0.450000 0.211979 0.450000 0.212500 0.449074 0.213021 0.449074 0.213542 0.448148 0.214062 0.448148 0.214583 0.447222 0.215104 0.447222 0.215625 0.446296 0.216667 0.446296 0.217188 0.445370 0.217708 0.445370 0.217708 0.444444 0.223958 0.433333 0.222396 0.433333 0.219792 0.428704 0.219792 0.425000 0.220312 0.424074 0.220312 0.423148 0.222917 0.418519 0.222917 0.417593 0.233854 0.398148 0.233854 0.397222 0.245833 0.375926 0.245833 0.375000 0.257292 0.354630 0.257292 0.353704 0.259375 0.350000 0.258854 0.349074 0.258333 0.349074 0.243750 0.323148 0.243229 0.323148 0.242708 0.322222
0 0.346354 0.352778 0.146875 0.135185 0.344792 0.285185 0.344271 0.286111 0.343229 0.286111 0.342708 0.287037 0.341667 0.287037 0.341146 0.287963 0.340104 0.287963 0.339583 0.288889 0.338542 0.288889 0.338021 0.289815 0.336979 0.289815 0.336458 0.290741 0.335417 0.290741 0.334896 0.291667 0.333854 0.291667 0.333333 0.292593 0.332813 0.292593 0.332292 0.293519 0.331250 0.293519 0.330729 0.294444 0.329688 0.294444 0.329167 0.295370 0.328125 0.295370 0.327604 0.296296 0.326562 0.296296 0.326042 0.297222 0.325000 0.297222 0.324479 0.298148 0.323437 0.298148 0.322917 0.299074 0.321875 0.299074 0.321354 0.300000 0.320312 0.300000 0.319792 0.300926 0.319271 0.300926 0.318750 0.301852 0.317708 0.301852 0.317188 0.302778 0.316146 0.302778 0.315625 0.303704 0.314583 0.303704 0.314063 0.304630 0.313021 0.304630 0.312500 0.305556 0.311458 0.305556 0.310937 0.306481 0.309896 0.306481 0.309375 0.307407 0.308333 0.307407 0.307812 0.308333 0.306771 0.308333 0.306250 0.309259 0.305729 0.309259 0.305208 0.310185 0.304167 0.310185 0.303646 0.311111 0.302604 0.311111 0.302083 0.312037 0.301042 0.312037 0.300521 0.312963 0.299479 0.312963 0.298958 0.313889 0.297917 0.313889 0.297396 0.314815 0.296354 0.314815 0.295833 0.315741 0.294792 0.315741 0.294271 0.316667 0.293229 0.316667 0.292708 0.317593 0.291667 0.317593 0.291146 0.318519 0.290625 0.318519 0.290104 0.319444 0.289062 0.319444 0.288542 0.320370 0.287500 0.320370 0.286979 0.321296 0.285938 0.321296 0.285417 0.322222 0.284375 0.322222 0.283854 0.323148 0.282813 0.323148 0.282292 0.324074 0.281250 0.324074 0.280729 0.325000 0.279687 0.325000 0.279167 0.325926 0.278125 0.325926 0.277604 0.326852 0.277083 0.326852 0.276562 0.327778 0.275521 0.327778 0.275000 0.328704 0.274479 0.328704 0.273438 0.330556 0.273438 0.331481 0.272917 0.332407 0.272917 0.333333 0.273438 0.334259 0.273438 0.335185 0.273958 0.336111 0.273958 0.337037 0.280729 0.349074 0.280729 0.350000 0.319271 0.418519 0.319792 0.418519 0.320312 0.419444 0.320833 0.419444 0.321354 0.420370 0.321875 0.420370 0.322396 0.419444 0.322917 0.419444 0.323437 0.418519 0.323958 0.418519 0.324479 0.417593 0.325000 0.417593 0.325521 0.416667 0.326042 0.416667 0.326562 0.415741 0.327083 0.415741 0.336458 0.399074 0.336458 0.398148 0.367188 0.343519 0.367708 0.343519 0.368229 0.342593 0.368750 0.342593 0.369271 0.341667 0.369792 0.341667 0.370312 0.340741 0.370833 0.340741 0.371354 0.339815 0.371875 0.339815 0.372396 0.338889 0.372917 0.338889 0.373958 0.337037 0.374479 0.337037 0.375000 0.336111 0.375521 0.336111 0.376042 0.335185 0.376563 0.335185 0.377083 0.334259 0.377604 0.334259 0.378125 0.333333 0.378646 0.333333 0.379167 0.332407 0.379688 0.332407 0.380208 0.331481 0.380729 0.331481 0.381250 0.330556 0.381771 0.330556 0.382292 0.329630 0.382812 0.329630 0.383333 0.328704 0.383854 0.328704 0.384896 0.326852 0.385417 0.326852 0.385937 0.325926 0.386458 0.325926 0.386979 0.325000 0.387500 0.325000 0.388021 0.324074 0.388542 0.324074 0.389062 0.323148 0.389583 0.323148 0.390104 0.322222 0.390625 0.322222 0.391146 0.321296 0.391667 0.321296 0.392188 0.320370 0.392708 0.320370 0.393229 0.319444 0.393750 0.319444 0.394271 0.318519 0.394792 0.318519 0.395313 0.317593 0.395833 0.317593 0.396354 0.316667 0.396875 0.316667 0.397396 0.315741 0.397917 0.315741 0.398438 0.314815 0.398958 0.314815 0.399479 0.313889 0.400000 0.313889 0.400521 0.312963 0.401042 0.312963 0.401562 0.312037 0.402083 0.312037 0.402604 0.311111 0.403125 0.311111 0.403646 0.310185 0.404167 0.310185 0.404687 0.309259 0.405208 0.309259 0.405729 0.308333 0.406250 0.308333 0.406771 0.307407 0.407292 0.307407 0.407813 0.306481 0.408333 0.306481 0.408854 0.305556 0.409375 0.305556 0.409896 0.304630 0.410417 0.304630 0.410938 0.303704 0.411458 0.303704 0.411979 0.302778 0.412500 0.302778 0.413021 0.301852 0.413542 0.301852 0.414062 0.300926 0.414583 0.300926 0.415104 0.300000 0.415625 0.300000 0.416146 0.299074 0.416667 0.299074 0.419792 0.293519 0.419792 0.288889 0.418750 0.287037 0.416146 0.287037 0.415625 0.287963 0.415104 0.287963 0.414583 0.288889 0.414062 0.288889 0.413542 0.289815 0.413021 0.289815 0.412500 0.290741 0.411979 0.290741 0.411458 0.291667 0.410938 0.291667 0.410417 0.292593 0.409375 0.292593 0.408854 0.293519 0.408333 0.293519 0.407813 0.294444 0.407292 0.294444 0.406771 0.295370 0.406250 0.295370 0.405729 0.296296 0.405208 0.296296 0.404687 0.297222 0.404167 0.297222 0.403646 0.298148 0.403125 0.298148 0.402604 0.299074 0.401562 0.299074 0.401042 0.300000 0.400521 0.300000 0.400000 0.300926 0.399479 0.300926 0.398958 0.301852 0.398438 0.301852 0.397917 0.302778 0.397396 0.302778 0.396875 0.303704 0.396354 0.303704 0.395833 0.304630 0.394792 0.304630 0.394271 0.305556 0.393750 0.305556 0.393229 0.306481 0.392708 0.306481 0.392188 0.307407 0.391667 0.307407 0.391146 0.308333 0.390625 0.308333 0.390104 0.309259 0.389583 0.309259 0.389062 0.310185 0.388542 0.310185 0.388021 0.311111 0.386979 0.311111 0.386458 0.312037 0.385937 0.312037 0.385417 0.312963 0.384896 0.312963 0.384375 0.313889 0.383854 0.313889 0.383333 0.314815 0.382812 0.314815 0.382292 0.315741 0.381771 0.315741 0.381250 0.316667 0.380208 0.316667 0.379688 0.317593 0.379167 0.317593 0.378646 0.318519 0.378125 0.318519 0.377604 0.319444 0.377083 0.319444 0.376563 0.320370 0.376042 0.320370 0.375521 0.321296 0.375000 0.321296 0.374479 0.322222 0.373958 0.322222 0.373437 0.323148 0.372396 0.323148 0.371875 0.324074 0.371354 0.324074 0.370833 0.325000 0.370312 0.325000 0.369792 0.325926 0.369271 0.325926 0.347396 0.287037 0.346875 0.287037 0.346354 0.286111 0.345833 0.286111 0.345313 0.285185
0 0.439063 0.361574 0.132292 0.141667 0.426042 0.290741 0.425521 0.291667 0.425000 0.291667 0.424479 0.292593 0.423958 0.292593 0.423438 0.293519 0.422917 0.293519 0.421875 0.295370 0.421354 0.295370 0.420833 0.296296 0.420312 0.296296 0.419792 0.297222 0.419271 0.297222 0.418750 0.298148 0.418229 0.298148 0.417708 0.299074 0.417187 0.299074 0.416667 0.300000 0.416146 0.300000 0.415625 0.300926 0.415104 0.300926 0.414583 0.301852 0.414062 0.301852 0.413542 0.302778 0.413021 0.302778 0.412500 0.303704 0.411979 0.303704 0.411458 0.304630 0.410938 0.304630 0.410417 0.305556 0.409896 0.305556 0.409375 0.306481 0.408854 0.306481 0.408333 0.307407 0.407813 0.307407 0.407292 0.308333 0.406771 0.308333 0.406250 0.309259 0.405729 0.309259 0.405208 0.310185 0.404687 0.310185 0.404167 0.311111 0.403646 0.311111 0.403125 0.312037 0.402604 0.312037 0.402083 0.312963 0.401562 0.312963 0.401042 0.313889 0.400521 0.313889 0.400000 0.314815 0.399479 0.314815 0.398958 0.315741 0.398438 0.315741 0.397917 0.316667 0.397396 0.316667 0.396875 0.317593 0.396354 0.317593 0.395833 0.318519 0.395313 0.318519 0.394792 0.319444 0.394271 0.319444 0.393750 0.320370 0.393229 0.320370 0.392708 0.321296 0.392188 0.321296 0.391667 0.322222 0.391146 0.322222 0.390625 0.323148 0.390104 0.323148 0.389583 0.324074 0.389062 0.324074 0.388542 0.325000 0.388021 0.325000 0.387500 0.325926 0.386979 0.325926 0.386458 0.326852 0.385937 0.326852 0.385417 0.327778 0.384896 0.327778 0.383854 0.329630 0.383333 0.329630 0.382812 0.330556 0.382292 0.330556 0.381771 0.331481 0.381250 0.331481 0.380729 0.332407 0.380208 0.332407 0.379688 0.333333 0.379167 0.333333 0.378646 0.334259 0.378125 0.334259 0.377604 0.335185 0.377083 0.335185 0.376563 0.336111 0.376042 0.336111 0.375521 0.337037 0.375000 0.337037 0.374479 0.337963 0.373958 0.337963 0.372917 0.339815 0.372917 0.344444 0.373437 0.345370 0.373437 0.346296 0.376042 0.350926 0.376042 0.351852 0.402083 0.398148 0.402083 0.399074 0.419271 0.429630 0.419792 0.429630 0.421354 0.432407 0.423438 0.432407 0.423958 0.431481 0.424479 0.431481 0.426042 0.428704 0.426563 0.428704 0.430208 0.422222 0.430729 0.422222 0.434375 0.415741 0.434896 0.415741 0.438542 0.409259 0.439063 0.409259 0.442708 0.402778 0.443229 0.402778 0.446875 0.396296 0.447396 0.396296 0.451562 0.388889 0.452083 0.388889 0.455729 0.382407 0.456250 0.382407 0.459896 0.375926 0.460417 0.375926 0.468750 0.361111 0.469271 0.361111 0.478125 0.345370 0.478646 0.345370 0.500000 0.307407 0.500521 0.307407 0.501563 0.305556 0.501563 0.304630 0.504687 0.299074 0.504687 0.298148 0.505208 0.297222 0.505208 0.295370 0.504167 0.293519 0.504167 0.292593 0.503646 0.292593 0.503125 0.291667 0.502083 0.291667 0.501563 0.292593 0.501042 0.292593 0.498958 0.296296 0.498437 0.296296 0.496354 0.300000 0.495833 0.300000 0.494271 0.302778 0.493750 0.302778 0.491667 0.306481 0.491146 0.306481 0.489063 0.310185 0.488542 0.310185 0.486458 0.313889 0.485938 0.313889 0.483854 0.317593 0.483333 0.317593 0.481771 0.320370 0.481250 0.320370 0.479167 0.324074 0.478646 0.324074 0.476562 0.327778 0.476042 0.327778 0.473958 0.331481 0.473438 0.331481 0.471354 0.335185 0.470833 0.335185 0.468750 0.338889 0.468229 0.338889 0.466146 0.342593 0.465625 0.342593 0.463542 0.346296 0.462500 0.346296 0.461979 0.345370 0.461458 0.345370 0.460417 0.343519 0.459896 0.343519 0.458854 0.341667 0.458333 0.341667 0.455729 0.337037 0.455208 0.337037 0.447917 0.324074 0.447396 0.324074 0.439063 0.309259 0.439063 0.308333 0.430729 0.293519 0.430208 0.293519 0.428646 0.290741
0 0.540365 0.359722 0.109896 0.139815 0.516146 0.289815 0.513542 0.294444 0.513021 0.294444 0.509375 0.300926 0.508854 0.300926 0.505208 0.307407 0.504687 0.307407 0.501042 0.313889 0.500521 0.313889 0.496875 0.320370 0.496354 0.320370 0.492708 0.326852 0.492188 0.326852 0.488542 0.333333 0.488021 0.333333 0.485417 0.337963 0.485417 0.342593 0.485938 0.343519 0.485938 0.344444 0.489583 0.350926 0.489583 0.351852 0.509896 0.387963 0.509896 0.388889 0.532292 0.428704 0.532813 0.428704 0.533333 0.429630 0.535417 0.429630 0.535937 0.428704 0.536458 0.428704 0.540104 0.422222 0.540625 0.422222 0.552083 0.401852 0.552604 0.401852 0.564583 0.380556 0.565104 0.380556 0.577604 0.358333 0.578125 0.358333 0.583333 0.349074 0.583333 0.348148 0.584375 0.346296 0.584375 0.345370 0.584896 0.344444 0.584896 0.343519 0.585417 0.342593 0.585417 0.340741 0.585938 0.339815 0.585938 0.338889 0.586458 0.337963 0.586458 0.336111 0.586979 0.335185 0.586979 0.333333 0.587500 0.332407 0.587500 0.331481 0.588021 0.330556 0.588021 0.328704 0.588542 0.327778 0.588542 0.326852 0.589063 0.325926 0.589063 0.324074 0.589583 0.323148 0.589583 0.321296 0.590104 0.320370 0.590104 0.319444 0.590625 0.318519 0.590625 0.316667 0.591146 0.315741 0.591146 0.314815 0.591667 0.313889 0.591667 0.312037 0.592187 0.311111 0.592187 0.309259 0.592708 0.308333 0.592708 0.307407 0.593229 0.306481 0.593229 0.304630 0.593750 0.303704 0.593750 0.302778 0.594271 0.301852 0.594271 0.300000 0.594792 0.299074 0.594792 0.297222 0.595313 0.296296 0.595313 0.293519 0.593750 0.290741 0.592187 0.290741 0.591667 0.291667 0.591146 0.291667 0.586458 0.300000 0.585938 0.300000 0.575000 0.319444 0.574479 0.319444 0.569271 0.328704 0.568750 0.328704 0.565104 0.335185 0.564583 0.335185 0.562500 0.338889 0.561979 0.338889 0.560417 0.341667 0.559896 0.341667 0.559375 0.342593 0.558854 0.342593 0.558333 0.343519 0.557813 0.343519 0.557292 0.344444 0.556771 0.344444 0.556250 0.345370 0.553125 0.345370 0.552604 0.344444 0.552083 0.344444 0.551562 0.343519 0.551042 0.343519 0.550521 0.342593 0.550000 0.342593 0.548438 0.339815 0.547917 0.339815 0.545312 0.335185 0.544792 0.335185 0.519792 0.290741 0.519271 0.290741 0.518750 0.289815
0 0.647135 0.366204 0.103646 0.145370 0.605208 0.293519 0.604688 0.294444 0.604167 0.294444 0.604167 0.295370 0.603646 0.296296 0.603646 0.298148 0.603125 0.299074 0.603125 0.300926 0.602604 0.301852 0.602604 0.303704 0.602083 0.304630 0.602083 0.307407 0.601562 0.308333 0.601562 0.310185 0.601042 0.311111 0.601042 0.312963 0.600521 0.313889 0.600521 0.315741 0.600000 0.316667 0.600000 0.319444 0.599479 0.320370 0.599479 0.322222 0.598958 0.323148 0.598958 0.325000 0.598437 0.325926 0.598437 0.327778 0.597917 0.328704 0.597917 0.331481 0.597396 0.332407 0.597396 0.334259 0.596875 0.335185 0.596875 0.337037 0.596354 0.337963 0.596354 0.340741 0.595833 0.341667 0.595833 0.343519 0.595313 0.344444 0.595313 0.349074 0.595833 0.350000 0.595833 0.350926 0.597396 0.353704 0.597396 0.354630 0.608854 0.375000 0.608854 0.375926 0.625521 0.405556 0.625521 0.406481 0.643229 0.437963 0.643750 0.437963 0.644271 0.438889 0.646354 0.438889 0.646875 0.437963 0.647396 0.437963 0.648438 0.436111 0.648958 0.436111 0.653125 0.428704 0.653646 0.428704 0.660937 0.415741 0.661458 0.415741 0.668229 0.403704 0.668750 0.403704 0.676042 0.390741 0.676562 0.390741 0.683333 0.378704 0.683854 0.378704 0.691146 0.365741 0.691667 0.365741 0.697917 0.354630 0.697917 0.353704 0.698958 0.351852 0.698958 0.348148 0.698438 0.347222 0.698438 0.346296 0.697917 0.345370 0.697917 0.344444 0.697396 0.343519 0.697396 0.342593 0.696875 0.341667 0.696875 0.339815 0.696354 0.338889 0.696354 0.337963 0.695833 0.337037 0.695833 0.336111 0.695312 0.335185 0.695312 0.334259 0.694792 0.333333 0.694792 0.331481 0.694271 0.330556 0.694271 0.329630 0.693750 0.328704 0.693750 0.327778 0.693229 0.326852 0.693229 0.325000 0.692708 0.324074 0.692708 0.323148 0.692187 0.322222 0.692187 0.321296 0.691667 0.320370 0.691667 0.319444 0.691146 0.318519 0.691146 0.316667 0.690625 0.315741 0.690625 0.314815 0.690104 0.313889 0.690104 0.312963 0.689583 0.312037 0.689583 0.311111 0.689063 0.310185 0.689063 0.308333 0.688542 0.307407 0.688542 0.306481 0.688021 0.305556 0.688021 0.304630 0.687500 0.303704 0.687500 0.302778 0.686979 0.301852 0.686979 0.300000 0.686458 0.299074 0.686458 0.298148 0.685937 0.297222 0.685937 0.296296 0.685417 0.295370 0.684896 0.295370 0.684375 0.294444 0.683333 0.294444 0.682292 0.296296 0.681771 0.296296 0.677604 0.303704 0.677083 0.303704 0.669271 0.317593 0.668750 0.317593 0.663021 0.327778 0.662500 0.327778 0.658854 0.334259 0.658333 0.334259 0.655208 0.339815 0.654687 0.339815 0.652604 0.343519 0.652083 0.343519 0.650521 0.346296 0.650000 0.346296 0.649479 0.347222 0.648958 0.347222 0.647917 0.349074 0.647396 0.349074 0.646875 0.350000 0.645312 0.350000 0.644792 0.350926 0.643229 0.350926 0.642708 0.350000 0.641667 0.350000 0.641146 0.349074 0.640625 0.349074 0.640104 0.348148 0.639583 0.348148 0.639062 0.347222 0.638542 0.347222 0.636458 0.343519 0.635938 0.343519 0.631771 0.336111 0.631250 0.336111 0.615104 0.307407 0.615104 0.306481 0.609375 0.296296 0.608854 0.296296 0.607812 0.294444 0.607292 0.294444 0.606771 0.293519
0 0.326302 0.559259 0.106771 0.100000 0.370312 0.509259 0.366146 0.516667 0.365625 0.516667 0.361979 0.523148 0.361458 0.523148 0.357812 0.529630 0.357292 0.529630 0.353646 0.536111 0.353125 0.536111 0.349479 0.542593 0.348958 0.542593 0.345313 0.549074 0.344792 0.549074 0.340625 0.556481 0.340104 0.556481 0.336458 0.562963 0.335938 0.562963 0.332292 0.569444 0.331771 0.569444 0.330208 0.572222 0.329688 0.572222 0.329167 0.573148 0.328646 0.573148 0.328125 0.572222 0.327604 0.572222 0.325521 0.568519 0.325521 0.563889 0.326562 0.562037 0.326562 0.561111 0.331250 0.552778 0.328125 0.558333 0.327604 0.558333 0.325000 0.562963 0.324479 0.562963 0.321354 0.568519 0.320833 0.568519 0.318229 0.573148 0.317708 0.573148 0.315625 0.576852 0.313021 0.576852 0.311979 0.575000 0.311458 0.575000 0.292187 0.540741 0.291667 0.540741 0.283333 0.525926 0.282813 0.525926 0.279167 0.519444 0.278646 0.519444 0.277604 0.517593 0.277083 0.518519 0.276562 0.518519 0.275521 0.520370 0.275000 0.520370 0.273958 0.522222 0.273438 0.522222 0.272917 0.523148 0.272917 0.527778 0.273438 0.528704 0.273438 0.529630 0.277083 0.536111 0.277083 0.537037 0.299479 0.576852 0.299479 0.577778 0.317188 0.609259 0.323958 0.609259 0.328646 0.600926 0.329167 0.600926 0.339062 0.583333 0.339583 0.583333 0.348958 0.566667 0.349479 0.566667 0.358854 0.550000 0.359375 0.550000 0.369271 0.532407 0.369792 0.532407 0.379167 0.515741 0.379688 0.515741 0.379688 0.514815 0.378646 0.512963 0.378125 0.512963 0.377604 0.512037 0.377083 0.512037 0.376042 0.510185 0.375000 0.510185 0.374479 0.509259
0 0.427604 0.568056 0.103125 0.099074 0.381771 0.518519 0.376563 0.527778 0.376563 0.528704 0.376042 0.529630 0.376042 0.531481 0.376563 0.532407 0.376563 0.533333 0.377604 0.535185 0.377604 0.536111 0.411979 0.597222 0.411979 0.598148 0.419792 0.612037 0.420312 0.612037 0.422917 0.616667 0.423438 0.616667 0.423958 0.617593 0.426042 0.617593 0.426563 0.616667 0.427083 0.616667 0.430208 0.611111 0.430729 0.611111 0.442188 0.590741 0.442708 0.590741 0.454688 0.569444 0.455208 0.569444 0.467187 0.548148 0.467708 0.548148 0.471354 0.541667 0.471354 0.540741 0.472917 0.537963 0.472917 0.537037 0.473958 0.535185 0.473958 0.534259 0.475000 0.532407 0.475000 0.531481 0.476042 0.529630 0.476042 0.528704 0.477083 0.526852 0.477083 0.525926 0.478125 0.524074 0.478125 0.523148 0.479167 0.521296 0.479167 0.520370 0.478646 0.519444 0.476562 0.519444 0.476042 0.520370 0.474479 0.520370 0.473958 0.521296 0.473438 0.521296 0.472917 0.522222 0.472396 0.522222 0.471875 0.523148 0.471354 0.523148 0.470313 0.525000 0.469792 0.525000 0.468229 0.527778 0.467708 0.527778 0.465625 0.531481 0.465104 0.531481 0.462500 0.536111 0.461979 0.536111 0.458333 0.542593 0.457813 0.542593 0.451562 0.553704 0.451042 0.553704 0.441146 0.571296 0.440625 0.571296 0.433854 0.583333 0.433333 0.583333 0.432812 0.584259 0.432292 0.584259 0.431771 0.585185 0.431250 0.584259 0.430208 0.584259 0.428646 0.581481 0.428646 0.580556 0.428125 0.579630 0.428125 0.575926 0.429167 0.574074 0.429167 0.573148 0.430729 0.570370 0.430729 0.569444 0.432812 0.565741 0.432812 0.564815 0.434375 0.562037 0.434375 0.561111 0.436458 0.557407 0.436458 0.556481 0.438021 0.553704 0.438021 0.552778 0.440104 0.549074 0.430729 0.565741 0.430208 0.565741 0.425521 0.574074 0.425000 0.574074 0.424479 0.575000 0.423958 0.575000 0.423438 0.575926 0.422396 0.575926 0.421875 0.575000 0.421354 0.575000 0.420833 0.574074 0.419271 0.576852 0.417187 0.576852 0.416667 0.575926 0.416146 0.575926 0.414062 0.572222 0.413542 0.572222 0.388021 0.526852 0.387500 0.526852 0.383333 0.519444 0.382812 0.519444 0.382292 0.518519
0 0.535156 0.567130 0.099479 0.093519 0.583854 0.520370 0.582812 0.522222 0.582292 0.522222 0.581771 0.523148 0.581250 0.523148 0.579688 0.525926 0.579167 0.525926 0.577604 0.528704 0.577083 0.528704 0.575000 0.532407 0.574479 0.532407 0.571875 0.537037 0.571354 0.537037 0.567708 0.543519 0.567187 0.543519 0.563021 0.550926 0.562500 0.550926 0.556771 0.561111 0.556250 0.561111 0.548958 0.574074 0.548438 0.574074 0.544271 0.581481 0.543750 0.581481 0.542708 0.583333 0.540625 0.583333 0.538021 0.578704 0.538021 0.575000 0.538542 0.574074 0.538542 0.572222 0.539062 0.571296 0.539062 0.570370 0.539583 0.569444 0.539583 0.567593 0.540104 0.566667 0.540104 0.564815 0.540625 0.563889 0.540625 0.562963 0.541146 0.562037 0.541146 0.561111 0.540625 0.562037 0.540104 0.562037 0.536458 0.568519 0.535937 0.568519 0.534896 0.570370 0.532813 0.570370 0.532292 0.569444 0.531771 0.569444 0.531250 0.568519 0.530729 0.568519 0.530729 0.569444 0.530208 0.570370 0.530208 0.572222 0.529687 0.573148 0.529687 0.574074 0.529167 0.575000 0.529167 0.576852 0.528646 0.577778 0.528646 0.578704 0.528125 0.579630 0.528125 0.581481 0.527604 0.582407 0.527604 0.583333 0.527083 0.584259 0.527083 0.585185 0.526563 0.586111 0.526563 0.587037 0.526042 0.587963 0.525521 0.587963 0.525000 0.588889 0.522917 0.588889 0.522396 0.587963 0.521875 0.587963 0.520312 0.585185 0.519792 0.585185 0.492188 0.536111 0.491667 0.536111 0.488021 0.529630 0.487500 0.529630 0.485938 0.526852 0.485417 0.527778 0.485417 0.528704 0.485938 0.529630 0.485938 0.530556 0.486458 0.531481 0.486458 0.532407 0.488542 0.536111 0.488542 0.537037 0.516667 0.587037 0.516667 0.587963 0.530208 0.612037 0.530729 0.612037 0.531771 0.613889 0.535417 0.613889 0.535937 0.612963 0.536458 0.612963 0.539583 0.607407 0.540104 0.607407 0.546875 0.595370 0.547396 0.595370 0.554167 0.583333 0.554688 0.583333 0.561979 0.570370 0.562500 0.570370 0.569271 0.558333 0.569792 0.558333 0.577083 0.545370 0.577604 0.545370 0.581771 0.537963 0.581771 0.537037 0.582812 0.535185 0.582812 0.533333 0.583333 0.532407 0.583333 0.529630 0.583854 0.528704 0.583854 0.525000 0.584375 0.524074 0.584375 0.521296 0.584896 0.520370
0 0.644010 0.575463 0.101562 0.106481 0.594792 0.522222 0.594792 0.524074 0.594271 0.525000 0.594271 0.529630 0.593750 0.530556 0.593750 0.534259 0.593229 0.535185 0.593229 0.541667 0.593750 0.542593 0.593750 0.543519 0.597917 0.550926 0.597917 0.551852 0.619271 0.589815 0.619271 0.590741 0.640104 0.627778 0.640625 0.627778 0.641146 0.628704 0.643229 0.628704 0.643750 0.627778 0.644271 0.627778 0.645833 0.625000 0.646354 0.625000 0.649479 0.619444 0.650000 0.619444 0.655208 0.610185 0.655729 0.610185 0.660417 0.601852 0.660937 0.601852 0.666146 0.592593 0.666667 0.592593 0.671354 0.584259 0.671875 0.584259 0.677083 0.575000 0.677604 0.575000 0.682292 0.566667 0.682813 0.566667 0.688021 0.557407 0.688542 0.557407 0.694271 0.547222 0.694271 0.545370 0.694792 0.544444 0.694271 0.543519 0.694271 0.539815 0.693750 0.538889 0.693750 0.536111 0.693229 0.535185 0.693229 0.531481 0.692708 0.530556 0.691667 0.532407 0.691146 0.532407 0.689063 0.536111 0.688542 0.536111 0.686458 0.539815 0.685937 0.539815 0.683333 0.544444 0.682813 0.544444 0.679167 0.550926 0.678646 0.550926 0.675000 0.557407 0.674479 0.557407 0.670312 0.564815 0.669792 0.564815 0.664583 0.574074 0.664062 0.574074 0.659375 0.582407 0.658854 0.582407 0.656771 0.586111 0.656250 0.586111 0.655729 0.587037 0.653646 0.587037 0.651563 0.583333 0.651563 0.582407 0.651042 0.581481 0.651042 0.572222 0.650521 0.571296 0.650521 0.568519 0.648438 0.572222 0.647917 0.572222 0.645833 0.575926 0.645312 0.575926 0.644271 0.577778 0.641667 0.577778 0.641146 0.576852 0.640625 0.576852 0.638542 0.573148 0.638542 0.582407 0.638021 0.583333 0.638021 0.584259 0.636458 0.587037 0.635938 0.587037 0.635417 0.587963 0.634375 0.587963 0.633854 0.587037 0.633333 0.587037 0.632812 0.586111 0.632292 0.586111 0.604688 0.537037 0.604167 0.537037 0.599479 0.528704 0.598958 0.528704 0.596875 0.525000 0.596354 0.525000
0 0.760938 0.577315 0.107292 0.110185 0.707292 0.522222 0.707812 0.523148 0.707812 0.525000 0.708333 0.525926 0.708333 0.528704 0.708854 0.529630 0.708854 0.531481 0.709375 0.532407 0.709375 0.534259 0.709896 0.535185 0.709896 0.537963 0.710417 0.538889 0.710417 0.540741 0.710938 0.541667 0.710938 0.543519 0.711458 0.544444 0.711458 0.545370 0.711979 0.546296 0.711979 0.547222 0.716667 0.555556 0.716667 0.556481 0.732812 0.585185 0.732812 0.586111 0.749479 0.615741 0.749479 0.616667 0.756771 0.629630 0.757292 0.629630 0.758854 0.632407 0.761458 0.632407 0.761979 0.631481 0.762500 0.631481 0.764062 0.628704 0.764583 0.628704 0.767188 0.624074 0.767708 0.624074 0.771354 0.617593 0.771875 0.617593 0.775521 0.611111 0.776042 0.611111 0.779687 0.604630 0.780208 0.604630 0.784375 0.597222 0.784896 0.597222 0.788542 0.590741 0.789062 0.590741 0.792708 0.584259 0.793229 0.584259 0.796875 0.577778 0.797396 0.577778 0.801562 0.570370 0.802083 0.570370 0.805729 0.563889 0.806250 0.563889 0.810417 0.556481 0.810937 0.556481 0.814063 0.550926 0.814063 0.550000 0.814583 0.549074 0.814583 0.545370 0.814063 0.544444 0.814063 0.543519 0.813021 0.541667 0.813021 0.540741 0.811458 0.537963 0.811458 0.537037 0.810417 0.535185 0.810417 0.534259 0.809896 0.533333 0.806250 0.539815 0.805729 0.539815 0.802083 0.546296 0.801562 0.546296 0.797396 0.553704 0.796875 0.553704 0.793229 0.560185 0.792708 0.560185 0.788542 0.567593 0.788021 0.567593 0.784375 0.574074 0.783854 0.574074 0.779687 0.581481 0.779167 0.581481 0.775521 0.587963 0.775000 0.587963 0.771875 0.593519 0.771354 0.593519 0.770312 0.595370 0.769792 0.595370 0.769271 0.596296 0.768750 0.596296 0.768229 0.597222 0.767188 0.597222 0.766667 0.596296 0.766146 0.596296 0.764062 0.592593 0.763542 0.592593 0.759375 0.585185 0.759375 0.584259 0.750521 0.568519 0.751042 0.569444 0.751042 0.571296 0.751563 0.572222 0.751563 0.573148 0.752083 0.574074 0.752083 0.575000 0.752604 0.575926 0.752604 0.577778 0.753125 0.578704 0.753125 0.579630 0.753646 0.580556 0.753646 0.581481 0.754167 0.582407 0.754167 0.584259 0.754687 0.585185 0.754687 0.586111 0.754167 0.587037 0.754167 0.587963 0.752604 0.590741 0.752083 0.590741 0.751563 0.591667 0.750000 0.591667 0.749479 0.590741 0.748958 0.590741 0.747396 0.587963 0.746875 0.587963 0.736979 0.570370 0.736979 0.569444 0.721875 0.542593 0.721354 0.542593 0.715625 0.532407 0.715104 0.532407 0.712500 0.527778 0.711979 0.527778 0.710417 0.525000 0.709896 0.525000 0.709375 0.524074 0.708854 0.524074 0.707812 0.522222
0 0.283594 0.527315 0.120313 0.097222 0.273438 0.478704 0.272396 0.480556 0.271875 0.480556 0.271354 0.481481 0.270833 0.481481 0.269792 0.483333 0.269271 0.483333 0.268750 0.484259 0.268229 0.484259 0.267188 0.486111 0.266667 0.486111 0.234896 0.542593 0.234896 0.543519 0.224479 0.562037 0.224479 0.562963 0.223958 0.563889 0.223958 0.564815 0.223438 0.565741 0.223438 0.567593 0.223958 0.568519 0.223958 0.569444 0.225000 0.571296 0.225521 0.571296 0.226042 0.572222 0.227083 0.572222 0.227604 0.571296 0.228125 0.571296 0.228646 0.570370 0.229167 0.570370 0.230208 0.568519 0.230729 0.568519 0.231771 0.566667 0.232292 0.566667 0.233333 0.564815 0.233854 0.564815 0.234896 0.562963 0.235417 0.562963 0.236458 0.561111 0.236979 0.561111 0.238021 0.559259 0.238542 0.559259 0.239583 0.557407 0.240104 0.557407 0.241146 0.555556 0.241667 0.555556 0.262500 0.518519 0.263021 0.518519 0.264062 0.516667 0.264583 0.516667 0.265104 0.515741 0.265625 0.515741 0.266667 0.513889 0.267188 0.513889 0.268229 0.512037 0.268750 0.512037 0.269792 0.510185 0.270313 0.510185 0.270833 0.509259 0.271354 0.510185 0.272396 0.510185 0.272917 0.511111 0.273438 0.511111 0.274479 0.512963 0.275000 0.512963 0.276042 0.514815 0.276562 0.514815 0.278646 0.518519 0.279167 0.518519 0.282813 0.525000 0.283333 0.525000 0.291667 0.539815 0.292187 0.539815 0.311458 0.574074 0.311979 0.574074 0.313021 0.575926 0.315625 0.575926 0.317708 0.572222 0.318229 0.572222 0.320833 0.567593 0.321354 0.567593 0.324479 0.562037 0.325000 0.562037 0.327604 0.557407 0.328125 0.557407 0.331250 0.551852 0.331771 0.551852 0.343750 0.530556 0.341146 0.535185 0.340625 0.535185 0.338021 0.539815 0.337500 0.539815 0.334896 0.544444 0.334375 0.544444 0.331771 0.549074 0.331250 0.549074 0.328646 0.553704 0.328125 0.553704 0.325521 0.558333 0.325000 0.558333 0.323437 0.561111 0.322917 0.561111 0.322396 0.562037 0.321354 0.562037 0.320833 0.561111 0.320312 0.561111 0.318750 0.558333 0.318229 0.558333 0.277083 0.485185 0.277083 0.484259 0.273958 0.478704
0 0.373177 0.525463 0.094271 0.100926 0.377083 0.475000 0.374479 0.479630 0.373958 0.479630 0.371354 0.484259 0.370833 0.484259 0.366667 0.491667 0.366146 0.491667 0.327083 0.561111 0.327083 0.562037 0.326042 0.563889 0.326042 0.568519 0.327604 0.571296 0.328125 0.571296 0.328646 0.572222 0.329167 0.572222 0.329688 0.571296 0.330208 0.571296 0.331771 0.568519 0.332292 0.568519 0.335938 0.562037 0.336458 0.562037 0.340104 0.555556 0.340625 0.555556 0.344792 0.548148 0.345313 0.548148 0.348958 0.541667 0.349479 0.541667 0.353125 0.535185 0.353646 0.535185 0.357292 0.528704 0.357812 0.528704 0.361458 0.522222 0.361979 0.522222 0.365625 0.515741 0.366146 0.515741 0.370312 0.508333 0.374479 0.508333 0.375000 0.509259 0.376042 0.509259 0.377083 0.511111 0.377604 0.511111 0.378125 0.512037 0.378646 0.512037 0.380208 0.514815 0.380729 0.514815 0.382812 0.518519 0.383333 0.518519 0.387500 0.525926 0.388021 0.525926 0.413542 0.571296 0.414062 0.571296 0.416146 0.575000 0.416667 0.575000 0.417187 0.575926 0.419271 0.575926 0.420312 0.574074 0.420312 0.573148 0.419792 0.573148 0.392188 0.524074 0.392188 0.523148 0.374479 0.491667 0.374479 0.490741 0.373437 0.488889 0.373437 0.487963 0.372917 0.487037 0.372917 0.485185 0.373437 0.484259 0.373437 0.483333 0.375000 0.480556 0.375521 0.480556 0.378125 0.475926 0.378646 0.475926 0.378125 0.475926 0.377604 0.475000
0 0.479687 0.527778 0.102083 0.120370 0.482812 0.467593 0.482292 0.468519 0.482292 0.469444 0.480729 0.472222 0.480729 0.473148 0.479167 0.475926 0.479167 0.476852 0.477604 0.479630 0.477604 0.480556 0.476042 0.483333 0.476042 0.484259 0.474479 0.487037 0.474479 0.487963 0.472917 0.490741 0.472917 0.491667 0.471354 0.494444 0.471354 0.495370 0.460938 0.513889 0.460417 0.513889 0.445833 0.539815 0.445312 0.539815 0.440625 0.548148 0.440625 0.549074 0.438542 0.552778 0.438542 0.553704 0.436979 0.556481 0.436979 0.557407 0.434896 0.561111 0.434896 0.562037 0.433333 0.564815 0.433333 0.565741 0.431250 0.569444 0.431250 0.570370 0.429688 0.573148 0.429688 0.574074 0.428646 0.575926 0.428646 0.579630 0.429167 0.580556 0.429167 0.581481 0.430208 0.583333 0.431250 0.583333 0.431771 0.584259 0.432292 0.583333 0.432812 0.583333 0.433333 0.582407 0.433854 0.582407 0.440625 0.570370 0.441146 0.570370 0.451042 0.552778 0.451562 0.552778 0.457813 0.541667 0.458333 0.541667 0.461979 0.535185 0.462500 0.535185 0.465104 0.530556 0.465625 0.530556 0.467708 0.526852 0.468229 0.526852 0.469792 0.524074 0.470313 0.524074 0.471354 0.522222 0.471875 0.522222 0.472396 0.521296 0.472917 0.521296 0.473438 0.520370 0.473958 0.520370 0.474479 0.519444 0.476042 0.519444 0.476562 0.518519 0.478646 0.518519 0.479167 0.519444 0.480208 0.519444 0.480729 0.520370 0.481250 0.520370 0.481771 0.521296 0.482292 0.521296 0.482812 0.522222 0.483333 0.522222 0.484896 0.525000 0.485417 0.525000 0.487500 0.528704 0.488021 0.528704 0.491667 0.535185 0.492188 0.535185 0.519792 0.584259 0.520312 0.584259 0.521875 0.587037 0.522396 0.587037 0.522917 0.587963 0.525000 0.587963 0.525521 0.587037 0.526042 0.587037 0.526042 0.586111 0.526563 0.585185 0.526563 0.584259 0.527083 0.583333 0.527083 0.582407 0.527604 0.581481 0.527604 0.579630 0.528125 0.578704 0.528125 0.577778 0.528646 0.576852 0.528646 0.575000 0.529167 0.574074 0.529167 0.573148 0.529687 0.572222 0.529687 0.570370 0.530208 0.569444 0.530208 0.568519 0.530729 0.567593 0.500521 0.513889 0.500521 0.512963 0.486458 0.487963 0.486458 0.487037 0.484896 0.484259 0.484896 0.479630 0.485938 0.477778 0.485938 0.476852 0.487500 0.474074 0.487500 0.472222 0.486979 0.471296 0.486458 0.471296 0.485417 0.469444 0.484896 0.469444 0.484375 0.468519 0.483854 0.468519 0.483333 0.467593
0 0.588281 0.528704 0.099479 0.116667 0.586458 0.470370 0.585938 0.471296 0.585938 0.475000 0.585417 0.475926 0.585417 0.478704 0.584896 0.479630 0.584896 0.482407 0.584375 0.483333 0.584375 0.486111 0.583854 0.487037 0.583854 0.487963 0.583333 0.488889 0.583333 0.489815 0.574479 0.505556 0.573958 0.505556 0.566146 0.519444 0.565625 0.519444 0.557292 0.534259 0.556771 0.534259 0.548958 0.548148 0.548438 0.548148 0.541667 0.560185 0.541667 0.562037 0.541146 0.562963 0.541146 0.563889 0.540625 0.564815 0.540625 0.566667 0.540104 0.567593 0.540104 0.569444 0.539583 0.570370 0.539583 0.571296 0.539062 0.572222 0.539062 0.574074 0.538542 0.575000 0.538542 0.578704 0.540625 0.582407 0.542708 0.582407 0.543750 0.580556 0.544271 0.580556 0.548438 0.573148 0.548958 0.573148 0.556250 0.560185 0.556771 0.560185 0.562500 0.550000 0.563021 0.550000 0.567187 0.542593 0.567708 0.542593 0.571354 0.536111 0.571875 0.536111 0.574479 0.531481 0.575000 0.531481 0.577083 0.527778 0.577604 0.527778 0.579167 0.525000 0.579688 0.525000 0.581250 0.522222 0.581771 0.522222 0.582292 0.521296 0.582812 0.521296 0.583854 0.519444 0.584896 0.519444 0.585417 0.518519 0.585938 0.518519 0.586458 0.517593 0.590625 0.517593 0.591146 0.518519 0.591667 0.518519 0.592187 0.519444 0.592708 0.519444 0.593229 0.520370 0.593750 0.520370 0.594271 0.521296 0.594792 0.521296 0.596354 0.524074 0.596875 0.524074 0.598958 0.527778 0.599479 0.527778 0.604167 0.536111 0.604688 0.536111 0.632292 0.585185 0.632812 0.585185 0.633333 0.586111 0.633854 0.586111 0.634375 0.587037 0.635417 0.587037 0.635938 0.586111 0.636458 0.586111 0.637500 0.584259 0.637500 0.583333 0.638021 0.582407 0.638021 0.572222 0.624479 0.548148 0.624479 0.547222 0.604167 0.511111 0.604167 0.510185 0.594792 0.493519 0.594792 0.492593 0.593750 0.490741 0.593750 0.488889 0.593229 0.487963 0.593750 0.487037 0.593750 0.483333 0.594271 0.482407 0.594271 0.478704 0.594792 0.477778 0.594792 0.473148 0.594271 0.473148 0.593750 0.472222 0.593229 0.472222 0.592708 0.471296 0.592187 0.471296 0.591667 0.470370
0 0.702604 0.531019 0.103125 0.119444 0.702604 0.471296 0.702083 0.472222 0.701042 0.472222 0.700521 0.473148 0.700000 0.473148 0.699479 0.474074 0.698958 0.474074 0.698438 0.475000 0.697917 0.475000 0.696875 0.476852 0.696354 0.476852 0.694792 0.479630 0.694271 0.479630 0.693750 0.480556 0.694271 0.481481 0.694271 0.484259 0.694792 0.485185 0.694792 0.487963 0.695312 0.488889 0.695312 0.491667 0.695833 0.492593 0.695312 0.493519 0.695312 0.494444 0.694792 0.495370 0.694792 0.496296 0.689063 0.506481 0.688542 0.506481 0.683333 0.515741 0.682813 0.515741 0.677083 0.525926 0.676562 0.525926 0.671354 0.535185 0.670833 0.535185 0.665104 0.545370 0.664583 0.545370 0.659375 0.554630 0.658854 0.554630 0.653646 0.563889 0.653125 0.563889 0.651042 0.567593 0.651042 0.571296 0.651563 0.572222 0.651563 0.581481 0.652083 0.582407 0.652083 0.583333 0.653646 0.586111 0.655729 0.586111 0.656250 0.585185 0.656771 0.585185 0.658854 0.581481 0.659375 0.581481 0.664062 0.573148 0.664583 0.573148 0.669792 0.563889 0.670312 0.563889 0.674479 0.556481 0.675000 0.556481 0.678646 0.550000 0.679167 0.550000 0.682813 0.543519 0.683333 0.543519 0.685937 0.538889 0.686458 0.538889 0.688542 0.535185 0.689063 0.535185 0.691146 0.531481 0.691667 0.531481 0.693229 0.528704 0.693750 0.528704 0.695312 0.525926 0.695833 0.525926 0.696875 0.524074 0.697396 0.524074 0.697917 0.523148 0.698438 0.523148 0.698958 0.522222 0.699479 0.522222 0.700000 0.521296 0.701042 0.521296 0.701562 0.520370 0.706250 0.520370 0.706771 0.521296 0.707812 0.521296 0.708854 0.523148 0.709375 0.523148 0.709896 0.524074 0.710417 0.524074 0.711979 0.526852 0.712500 0.526852 0.715104 0.531481 0.715625 0.531481 0.721354 0.541667 0.721875 0.541667 0.737500 0.569444 0.737500 0.570370 0.746875 0.587037 0.747396 0.587037 0.748958 0.589815 0.749479 0.589815 0.750000 0.590741 0.751563 0.590741 0.752083 0.589815 0.752604 0.589815 0.753646 0.587963 0.753646 0.587037 0.754167 0.586111 0.754167 0.585185 0.753646 0.584259 0.753646 0.582407 0.753125 0.581481 0.753125 0.580556 0.752604 0.579630 0.752604 0.578704 0.752083 0.577778 0.752083 0.575926 0.751563 0.575000 0.751563 0.574074 0.751042 0.573148 0.751042 0.572222 0.750521 0.571296 0.750521 0.569444 0.750000 0.568519 0.750000 0.567593 0.743750 0.556481 0.743750 0.555556 0.728125 0.527778 0.728125 0.526852 0.719792 0.512037 0.719792 0.511111 0.718229 0.508333 0.718229 0.506481 0.717708 0.505556 0.717708 0.503704 0.717187 0.502778 0.717187 0.501852 0.716667 0.500926 0.716667 0.499074 0.716146 0.498148 0.716146 0.496296 0.715625 0.495370 0.715625 0.493519 0.715104 0.492593 0.715104 0.490741 0.714583 0.489815 0.714583 0.487963 0.714063 0.487037 0.714063 0.486111 0.713542 0.485185 0.713542 0.483333 0.713021 0.482407 0.713021 0.480556 0.712500 0.479630 0.712500 0.477778 0.710938 0.475000 0.710417 0.475000 0.709896 0.474074 0.709375 0.474074 0.708854 0.473148 0.708333 0.473148 0.707812 0.472222 0.707292 0.472222 0.706771 0.471296
0 0.325260 0.513889 0.103646 0.094444 0.368750 0.466667 0.367188 0.469444 0.366667 0.469444 0.364583 0.473148 0.364063 0.473148 0.361979 0.476852 0.361458 0.476852 0.349479 0.498148 0.348958 0.498148 0.346875 0.501852 0.346354 0.501852 0.344792 0.504630 0.344271 0.504630 0.342187 0.508333 0.341667 0.508333 0.339583 0.512037 0.339062 0.512037 0.337500 0.514815 0.336979 0.514815 0.334896 0.518519 0.334375 0.518519 0.332813 0.521296 0.332292 0.521296 0.330208 0.525000 0.329688 0.525000 0.328125 0.527778 0.327604 0.527778 0.325521 0.531481 0.322917 0.531481 0.320833 0.527778 0.320833 0.526852 0.320312 0.525926 0.320312 0.524074 0.320833 0.523148 0.320833 0.522222 0.322917 0.518519 0.321354 0.521296 0.320833 0.521296 0.319271 0.524074 0.318750 0.524074 0.317188 0.526852 0.316667 0.526852 0.315104 0.529630 0.314583 0.529630 0.313021 0.532407 0.312500 0.532407 0.311979 0.533333 0.311458 0.533333 0.310937 0.534259 0.310417 0.533333 0.309375 0.533333 0.308854 0.532407 0.308333 0.532407 0.304167 0.525000 0.303646 0.525000 0.280208 0.483333 0.279687 0.483333 0.276042 0.476852 0.275521 0.476852 0.273958 0.474074 0.273438 0.474074 0.273438 0.475000 0.273958 0.475926 0.273958 0.476852 0.274479 0.477778 0.274479 0.478704 0.277604 0.484259 0.277604 0.485185 0.318229 0.557407 0.318750 0.557407 0.320312 0.560185 0.320833 0.560185 0.321354 0.561111 0.322396 0.561111 0.322917 0.560185 0.323437 0.560185 0.325000 0.557407 0.325521 0.557407 0.328125 0.552778 0.328646 0.552778 0.331250 0.548148 0.331771 0.548148 0.334375 0.543519 0.334896 0.543519 0.337500 0.538889 0.338021 0.538889 0.340625 0.534259 0.341146 0.534259 0.343750 0.529630 0.344271 0.529630 0.366146 0.490741 0.366667 0.490741 0.370833 0.483333 0.371354 0.483333 0.373958 0.478704 0.374479 0.478704 0.377083 0.474074 0.376042 0.472222 0.375521 0.472222 0.374479 0.470370 0.373958 0.470370 0.372917 0.468519 0.372396 0.468519 0.371875 0.467593 0.370833 0.467593 0.370312 0.466667
0 0.427865 0.520370 0.108854 0.109259 0.479687 0.465741 0.479167 0.466667 0.477083 0.466667 0.476562 0.467593 0.476042 0.467593 0.475521 0.468519 0.475000 0.468519 0.474479 0.469444 0.473958 0.469444 0.472917 0.471296 0.472396 0.471296 0.470833 0.474074 0.470313 0.474074 0.468229 0.477778 0.467708 0.477778 0.465104 0.482407 0.464583 0.482407 0.459896 0.490741 0.459375 0.490741 0.452083 0.503704 0.451562 0.503704 0.439063 0.525926 0.438542 0.525926 0.435937 0.530556 0.435417 0.530556 0.434896 0.531481 0.434375 0.531481 0.433854 0.530556 0.433333 0.530556 0.431250 0.526852 0.431250 0.525926 0.430729 0.525000 0.430729 0.523148 0.431771 0.521296 0.431771 0.520370 0.434375 0.515741 0.434375 0.514815 0.437500 0.509259 0.437500 0.508333 0.441146 0.501852 0.441146 0.500926 0.444271 0.495370 0.444271 0.494444 0.447917 0.487963 0.447917 0.487037 0.430729 0.517593 0.430208 0.517593 0.427083 0.523148 0.426563 0.523148 0.426042 0.524074 0.423958 0.524074 0.423438 0.523148 0.422396 0.523148 0.421875 0.524074 0.421875 0.525000 0.416146 0.535185 0.413542 0.535185 0.413021 0.534259 0.412500 0.534259 0.390625 0.495370 0.390104 0.495370 0.382292 0.481481 0.381771 0.481481 0.379167 0.476852 0.378125 0.476852 0.375521 0.481481 0.375000 0.481481 0.373958 0.483333 0.373958 0.484259 0.373437 0.485185 0.373437 0.487037 0.373958 0.487963 0.373958 0.488889 0.375000 0.490741 0.375000 0.491667 0.392708 0.523148 0.392708 0.524074 0.419792 0.572222 0.420312 0.572222 0.421354 0.574074 0.421875 0.574074 0.422396 0.575000 0.423438 0.575000 0.423958 0.574074 0.424479 0.574074 0.425000 0.573148 0.425521 0.573148 0.430208 0.564815 0.430729 0.564815 0.445312 0.538889 0.445833 0.538889 0.460417 0.512963 0.460938 0.512963 0.470833 0.495370 0.470833 0.494444 0.472396 0.491667 0.472396 0.490741 0.473958 0.487963 0.473958 0.487037 0.475521 0.484259 0.475521 0.483333 0.477083 0.480556 0.477083 0.479630 0.478646 0.476852 0.478646 0.475926 0.480208 0.473148 0.480208 0.472222 0.481771 0.469444 0.481771 0.468519 0.482292 0.467593 0.482292 0.466667 0.480208 0.466667
0 0.535417 0.520370 0.100000 0.098148 0.585417 0.471296 0.584896 0.472222 0.584375 0.472222 0.583854 0.473148 0.583333 0.473148 0.582292 0.475000 0.581771 0.475000 0.580729 0.476852 0.580208 0.476852 0.578646 0.479630 0.578125 0.479630 0.576042 0.483333 0.575521 0.483333 0.572917 0.487963 0.572396 0.487963 0.568750 0.494444 0.568229 0.494444 0.563542 0.502778 0.563021 0.502778 0.556771 0.513889 0.556250 0.513889 0.547917 0.528704 0.547396 0.528704 0.544271 0.534259 0.543750 0.534259 0.543229 0.535185 0.542708 0.535185 0.542188 0.536111 0.541667 0.536111 0.541146 0.535185 0.540625 0.535185 0.539062 0.532407 0.539062 0.531481 0.538542 0.530556 0.538542 0.526852 0.539062 0.525926 0.539062 0.525000 0.539583 0.524074 0.539583 0.522222 0.540104 0.521296 0.540104 0.520370 0.540625 0.519444 0.540625 0.518519 0.541146 0.517593 0.541146 0.516667 0.537500 0.523148 0.536979 0.523148 0.534896 0.526852 0.533854 0.526852 0.533333 0.527778 0.532813 0.527778 0.532292 0.526852 0.531771 0.526852 0.530729 0.525000 0.530208 0.525000 0.530208 0.526852 0.529687 0.527778 0.529687 0.528704 0.529167 0.529630 0.529167 0.530556 0.528646 0.531481 0.528646 0.532407 0.528125 0.533333 0.527604 0.533333 0.527083 0.534259 0.526563 0.534259 0.526042 0.535185 0.525521 0.535185 0.525000 0.534259 0.524479 0.534259 0.523958 0.533333 0.523438 0.533333 0.521875 0.530556 0.521354 0.530556 0.510417 0.511111 0.510417 0.510185 0.502604 0.496296 0.502083 0.496296 0.493229 0.480556 0.492708 0.480556 0.489583 0.475000 0.489063 0.475000 0.488021 0.473148 0.488021 0.474074 0.486458 0.476852 0.486458 0.477778 0.485417 0.479630 0.485417 0.484259 0.486979 0.487037 0.486979 0.487963 0.501042 0.512963 0.501042 0.513889 0.531771 0.568519 0.532292 0.568519 0.532813 0.569444 0.534896 0.569444 0.535937 0.567593 0.536458 0.567593 0.540104 0.561111 0.540625 0.561111 0.548438 0.547222 0.548958 0.547222 0.556771 0.533333 0.557292 0.533333 0.565625 0.518519 0.566146 0.518519 0.573958 0.504630 0.574479 0.504630 0.582812 0.489815 0.582812 0.488889 0.583333 0.487963 0.583333 0.487037 0.583854 0.486111 0.583854 0.483333 0.584375 0.482407 0.584375 0.479630 0.584896 0.478704 0.584896 0.475926 0.585417 0.475000
0 0.644531 0.525463 0.101562 0.102778 0.595313 0.474074 0.595313 0.477778 0.594792 0.478704 0.594792 0.482407 0.594271 0.483333 0.594271 0.487037 0.593750 0.487963 0.594271 0.488889 0.594271 0.490741 0.595313 0.492593 0.595313 0.493519 0.604688 0.510185 0.604688 0.511111 0.625000 0.547222 0.625000 0.548148 0.640625 0.575926 0.641146 0.575926 0.641667 0.576852 0.644271 0.576852 0.645312 0.575000 0.645833 0.575000 0.647917 0.571296 0.648438 0.571296 0.653125 0.562963 0.653646 0.562963 0.658854 0.553704 0.659375 0.553704 0.664583 0.544444 0.665104 0.544444 0.670833 0.534259 0.671354 0.534259 0.676562 0.525000 0.677083 0.525000 0.682813 0.514815 0.683333 0.514815 0.688542 0.505556 0.689063 0.505556 0.694271 0.496296 0.694271 0.495370 0.694792 0.494444 0.694792 0.493519 0.695312 0.492593 0.694792 0.491667 0.694792 0.488889 0.694271 0.487963 0.694271 0.485185 0.693750 0.484259 0.693750 0.481481 0.693229 0.481481 0.692708 0.482407 0.692187 0.482407 0.690625 0.485185 0.690104 0.485185 0.687500 0.489815 0.686979 0.489815 0.684375 0.494444 0.683854 0.494444 0.680208 0.500926 0.679688 0.500926 0.675521 0.508333 0.675000 0.508333 0.670312 0.516667 0.669792 0.516667 0.664062 0.526852 0.663542 0.526852 0.659375 0.534259 0.658854 0.534259 0.657292 0.537037 0.656771 0.537037 0.656250 0.537963 0.654687 0.537963 0.654167 0.537037 0.653646 0.537037 0.652083 0.534259 0.652083 0.532407 0.651563 0.531481 0.651563 0.518519 0.651042 0.517593 0.650521 0.518519 0.650000 0.518519 0.646875 0.524074 0.646354 0.524074 0.645312 0.525926 0.644792 0.525926 0.644271 0.526852 0.642708 0.526852 0.641667 0.525000 0.641146 0.525000 0.639062 0.521296 0.639062 0.535185 0.636979 0.538889 0.636458 0.538889 0.635938 0.539815 0.635417 0.539815 0.634896 0.538889 0.633854 0.538889 0.632812 0.537037 0.632292 0.537037 0.602604 0.484259 0.602083 0.484259 0.598958 0.478704 0.598437 0.478704 0.596354 0.475000 0.595833 0.475000
0 0.767708 0.537037 0.109375 0.118519 0.713021 0.477778 0.713021 0.479630 0.713542 0.480556 0.713542 0.482407 0.714063 0.483333 0.714063 0.485185 0.714583 0.486111 0.714583 0.487037 0.715104 0.487963 0.715104 0.489815 0.715625 0.490741 0.715625 0.492593 0.716146 0.493519 0.716146 0.495370 0.716667 0.496296 0.716667 0.498148 0.717187 0.499074 0.717187 0.500926 0.717708 0.501852 0.717708 0.502778 0.718229 0.503704 0.718229 0.505556 0.718750 0.506481 0.718750 0.508333 0.720313 0.511111 0.720313 0.512037 0.728646 0.526852 0.728646 0.527778 0.744271 0.555556 0.744271 0.556481 0.759896 0.584259 0.759896 0.585185 0.763542 0.591667 0.764062 0.591667 0.766146 0.595370 0.766667 0.595370 0.767188 0.596296 0.768229 0.596296 0.768750 0.595370 0.769271 0.595370 0.769792 0.594444 0.770312 0.594444 0.771354 0.592593 0.771875 0.592593 0.775000 0.587037 0.775521 0.587037 0.779167 0.580556 0.779687 0.580556 0.783854 0.573148 0.784375 0.573148 0.788021 0.566667 0.788542 0.566667 0.792708 0.559259 0.793229 0.559259 0.796875 0.552778 0.797396 0.552778 0.801562 0.545370 0.802083 0.545370 0.805729 0.538889 0.806250 0.538889 0.810417 0.531481 0.810937 0.531481 0.814583 0.525000 0.815104 0.525000 0.822396 0.512037 0.822396 0.508333 0.821875 0.507407 0.821875 0.506481 0.819792 0.502778 0.819792 0.501852 0.817708 0.498148 0.817708 0.497222 0.816146 0.494444 0.815625 0.494444 0.815104 0.495370 0.814583 0.495370 0.810417 0.502778 0.809896 0.502778 0.805729 0.510185 0.805208 0.510185 0.801562 0.516667 0.801042 0.516667 0.796875 0.524074 0.796354 0.524074 0.792188 0.531481 0.791667 0.531481 0.787500 0.538889 0.786979 0.538889 0.782813 0.546296 0.782292 0.546296 0.779167 0.551852 0.778646 0.551852 0.777083 0.554630 0.776563 0.554630 0.775521 0.556481 0.773438 0.556481 0.772917 0.555556 0.772396 0.555556 0.769271 0.550000 0.768750 0.550000 0.767708 0.548148 0.767708 0.547222 0.752083 0.519444 0.752083 0.518519 0.749479 0.513889 0.750000 0.514815 0.750000 0.515741 0.750521 0.516667 0.750521 0.517593 0.751042 0.518519 0.751042 0.519444 0.751563 0.520370 0.751563 0.521296 0.752083 0.522222 0.752083 0.524074 0.752604 0.525000 0.752604 0.525926 0.753125 0.526852 0.753125 0.527778 0.753646 0.528704 0.753646 0.529630 0.754167 0.530556 0.754167 0.531481 0.754687 0.532407 0.754687 0.533333 0.755208 0.534259 0.755208 0.537963 0.753125 0.541667 0.750521 0.541667 0.750000 0.540741 0.749479 0.540741 0.747917 0.537963 0.747396 0.537963 0.739583 0.524074 0.739583 0.523148 0.720833 0.489815 0.720313 0.489815 0.715625 0.481481 0.715104 0.481481
0 0.274740 0.482870 0.111979 0.100926 0.272396 0.432407 0.271875 0.433333 0.271354 0.433333 0.270833 0.434259 0.270313 0.434259 0.269792 0.435185 0.269271 0.435185 0.268750 0.436111 0.268229 0.436111 0.267708 0.437037 0.267188 0.437037 0.266667 0.437963 0.266146 0.437963 0.265104 0.439815 0.264583 0.439815 0.264062 0.440741 0.263542 0.440741 0.263021 0.441667 0.262500 0.441667 0.241146 0.479630 0.241146 0.480556 0.223958 0.511111 0.223958 0.512037 0.219792 0.519444 0.219792 0.520370 0.219271 0.521296 0.219271 0.522222 0.218750 0.523148 0.218750 0.524074 0.219271 0.525000 0.219271 0.525926 0.220833 0.528704 0.221354 0.528704 0.221875 0.529630 0.222396 0.529630 0.222917 0.528704 0.223438 0.528704 0.223958 0.527778 0.224479 0.527778 0.225000 0.526852 0.225521 0.526852 0.226562 0.525000 0.227083 0.525000 0.227604 0.524074 0.228125 0.524074 0.229167 0.522222 0.229687 0.522222 0.230208 0.521296 0.230729 0.521296 0.231250 0.520370 0.231771 0.520370 0.232813 0.518519 0.233333 0.518519 0.233854 0.517593 0.234375 0.517593 0.253125 0.484259 0.253646 0.484259 0.254167 0.483333 0.254688 0.483333 0.255729 0.481481 0.256250 0.481481 0.256771 0.480556 0.257292 0.480556 0.257812 0.479630 0.258333 0.479630 0.259375 0.477778 0.259896 0.477778 0.260417 0.476852 0.260937 0.476852 0.261458 0.475926 0.261979 0.475926 0.262500 0.475000 0.263021 0.475000 0.264062 0.473148 0.264583 0.473148 0.265104 0.472222 0.265625 0.472222 0.266146 0.471296 0.266667 0.471296 0.267708 0.469444 0.268229 0.469444 0.268750 0.468519 0.269271 0.468519 0.269792 0.467593 0.270313 0.468519 0.270833 0.468519 0.272396 0.471296 0.272917 0.471296 0.275521 0.475926 0.276042 0.475926 0.279687 0.482407 0.280208 0.482407 0.303646 0.524074 0.304167 0.524074 0.308333 0.531481 0.308854 0.531481 0.309375 0.532407 0.310417 0.532407 0.310937 0.533333 0.311458 0.532407 0.311979 0.532407 0.312500 0.531481 0.313021 0.531481 0.314583 0.528704 0.315104 0.528704 0.316667 0.525926 0.317188 0.525926 0.318750 0.523148 0.319271 0.523148 0.320833 0.520370 0.321354 0.520370 0.330729 0.503704 0.329167 0.506481 0.328646 0.506481 0.327083 0.509259 0.326562 0.509259 0.325521 0.511111 0.325000 0.511111 0.323437 0.513889 0.322917 0.513889 0.322396 0.514815 0.321875 0.514815 0.321354 0.515741 0.320312 0.515741 0.319271 0.513889 0.318750 0.513889 0.273958 0.434259 0.273958 0.433333 0.273438 0.432407
0 0.371615 0.481944 0.101562 0.104630 0.376042 0.429630 0.374479 0.432407 0.373958 0.432407 0.372917 0.434259 0.372396 0.434259 0.370833 0.437037 0.370312 0.437037 0.369271 0.438889 0.368750 0.438889 0.367708 0.440741 0.367188 0.440741 0.365104 0.444444 0.364583 0.444444 0.323437 0.517593 0.323437 0.518519 0.321354 0.522222 0.321354 0.523148 0.320833 0.524074 0.320833 0.525926 0.321354 0.526852 0.321354 0.527778 0.322917 0.530556 0.325521 0.530556 0.327604 0.526852 0.328125 0.526852 0.329688 0.524074 0.330208 0.524074 0.332292 0.520370 0.332813 0.520370 0.334375 0.517593 0.334896 0.517593 0.336979 0.513889 0.337500 0.513889 0.339062 0.511111 0.339583 0.511111 0.341667 0.507407 0.342187 0.507407 0.344271 0.503704 0.344792 0.503704 0.346354 0.500926 0.346875 0.500926 0.348958 0.497222 0.349479 0.497222 0.361458 0.475926 0.361979 0.475926 0.364063 0.472222 0.364583 0.472222 0.366667 0.468519 0.367188 0.468519 0.368750 0.465741 0.370312 0.465741 0.370833 0.466667 0.371875 0.466667 0.372396 0.467593 0.372917 0.467593 0.373958 0.469444 0.374479 0.469444 0.375521 0.471296 0.376042 0.471296 0.378125 0.475000 0.378646 0.475000 0.381771 0.480556 0.382292 0.480556 0.390104 0.494444 0.390625 0.494444 0.412500 0.533333 0.413021 0.533333 0.413542 0.534259 0.416146 0.534259 0.421354 0.525000 0.421354 0.524074 0.422396 0.522222 0.382812 0.451852 0.382812 0.450926 0.376563 0.439815 0.376563 0.438889 0.375521 0.437037 0.375521 0.433333 0.376042 0.432407 0.376042 0.431481 0.376563 0.430556 0.377083 0.430556 0.376563 0.429630
0 0.480469 0.478241 0.098437 0.112037 0.483333 0.422222 0.480729 0.426852 0.480729 0.427778 0.478125 0.432407 0.478125 0.433333 0.475000 0.438889 0.475000 0.439815 0.471354 0.446296 0.471354 0.447222 0.467708 0.453704 0.467187 0.453704 0.448437 0.487037 0.448437 0.487963 0.444792 0.494444 0.444792 0.495370 0.441667 0.500926 0.441667 0.501852 0.438021 0.508333 0.438021 0.509259 0.434896 0.514815 0.434896 0.515741 0.432292 0.520370 0.432292 0.521296 0.431250 0.523148 0.431250 0.525000 0.431771 0.525926 0.431771 0.526852 0.433333 0.529630 0.433854 0.529630 0.434375 0.530556 0.434896 0.530556 0.435417 0.529630 0.435937 0.529630 0.438542 0.525000 0.439063 0.525000 0.451562 0.502778 0.452083 0.502778 0.459375 0.489815 0.459896 0.489815 0.464583 0.481481 0.465104 0.481481 0.467708 0.476852 0.468229 0.476852 0.470313 0.473148 0.470833 0.473148 0.472396 0.470370 0.472917 0.470370 0.473958 0.468519 0.474479 0.468519 0.475000 0.467593 0.475521 0.467593 0.476042 0.466667 0.476562 0.466667 0.477083 0.465741 0.479167 0.465741 0.479687 0.464815 0.480208 0.465741 0.482292 0.465741 0.482812 0.466667 0.483333 0.466667 0.483854 0.467593 0.484375 0.467593 0.484896 0.468519 0.485417 0.468519 0.486458 0.470370 0.486979 0.470370 0.489063 0.474074 0.489583 0.474074 0.492708 0.479630 0.493229 0.479630 0.502083 0.495370 0.502604 0.495370 0.510938 0.510185 0.510938 0.511111 0.521354 0.529630 0.521875 0.529630 0.523438 0.532407 0.523958 0.532407 0.524479 0.533333 0.525000 0.533333 0.525521 0.534259 0.526042 0.534259 0.526563 0.533333 0.527083 0.533333 0.527604 0.532407 0.528125 0.532407 0.528125 0.531481 0.528646 0.530556 0.528646 0.529630 0.529167 0.528704 0.529167 0.527778 0.529687 0.526852 0.529687 0.524074 0.514583 0.497222 0.514583 0.496296 0.489063 0.450926 0.489063 0.450000 0.484375 0.441667 0.484375 0.440741 0.483854 0.439815 0.483854 0.435185 0.485938 0.431481 0.485938 0.430556 0.487500 0.427778 0.485938 0.425000 0.485417 0.425000 0.484375 0.423148 0.483854 0.423148
0 0.588802 0.478704 0.099479 0.120370 0.590104 0.418519 0.589583 0.419444 0.587500 0.419444 0.587500 0.422222 0.586979 0.423148 0.586979 0.425000 0.586458 0.425926 0.586458 0.428704 0.585938 0.429630 0.585938 0.431481 0.585417 0.432407 0.585417 0.435185 0.584896 0.436111 0.584896 0.438889 0.584375 0.439815 0.584375 0.441667 0.583854 0.442593 0.583854 0.443519 0.583333 0.444444 0.583333 0.445370 0.572917 0.463889 0.572396 0.463889 0.563542 0.479630 0.563021 0.479630 0.554167 0.495370 0.553646 0.495370 0.544271 0.512037 0.543750 0.512037 0.541667 0.515741 0.541667 0.517593 0.541146 0.518519 0.541146 0.519444 0.540625 0.520370 0.540625 0.521296 0.540104 0.522222 0.540104 0.524074 0.539583 0.525000 0.539583 0.525926 0.539062 0.526852 0.539062 0.530556 0.539583 0.531481 0.539583 0.532407 0.540625 0.534259 0.541146 0.534259 0.541667 0.535185 0.542188 0.535185 0.542708 0.534259 0.543229 0.534259 0.543750 0.533333 0.544271 0.533333 0.547396 0.527778 0.547917 0.527778 0.556250 0.512963 0.556771 0.512963 0.563021 0.501852 0.563542 0.501852 0.568229 0.493519 0.568750 0.493519 0.572396 0.487037 0.572917 0.487037 0.575521 0.482407 0.576042 0.482407 0.578125 0.478704 0.578646 0.478704 0.580208 0.475926 0.580729 0.475926 0.581771 0.474074 0.582292 0.474074 0.583333 0.472222 0.583854 0.472222 0.584375 0.471296 0.584896 0.471296 0.585417 0.470370 0.585938 0.470370 0.586458 0.469444 0.591667 0.469444 0.592187 0.470370 0.592708 0.470370 0.593229 0.471296 0.593750 0.471296 0.594271 0.472222 0.594792 0.472222 0.595833 0.474074 0.596354 0.474074 0.598437 0.477778 0.598958 0.477778 0.602083 0.483333 0.602604 0.483333 0.632292 0.536111 0.632812 0.536111 0.633854 0.537963 0.634896 0.537963 0.635417 0.538889 0.635938 0.538889 0.636458 0.537963 0.636979 0.537963 0.638542 0.535185 0.638542 0.520370 0.625000 0.496296 0.625000 0.495370 0.606250 0.462037 0.606250 0.461111 0.596354 0.443519 0.596354 0.442593 0.594792 0.439815 0.594792 0.437963 0.594271 0.437037 0.594271 0.436111 0.594792 0.435185 0.594792 0.432407 0.595313 0.431481 0.595313 0.427778 0.595833 0.426852 0.595833 0.424074 0.596354 0.423148 0.595833 0.422222 0.595313 0.422222 0.594792 0.421296 0.594271 0.421296 0.593750 0.420370 0.593229 0.420370 0.592708 0.419444 0.590625 0.419444
0 0.703125 0.483796 0.103125 0.113889 0.705208 0.426852 0.704688 0.427778 0.703646 0.427778 0.703125 0.428704 0.702083 0.428704 0.701562 0.429630 0.701042 0.429630 0.700000 0.431481 0.699479 0.431481 0.698438 0.433333 0.697917 0.433333 0.696875 0.435185 0.696354 0.435185 0.695312 0.437037 0.695833 0.437963 0.695833 0.442593 0.695312 0.443519 0.695312 0.444444 0.689063 0.455556 0.688542 0.455556 0.682292 0.466667 0.681771 0.466667 0.676042 0.476852 0.675521 0.476852 0.669271 0.487963 0.668750 0.487963 0.663021 0.498148 0.662500 0.498148 0.656771 0.508333 0.656250 0.508333 0.651563 0.516667 0.651563 0.517593 0.652083 0.518519 0.652083 0.531481 0.652604 0.532407 0.652604 0.534259 0.653646 0.536111 0.654167 0.536111 0.654687 0.537037 0.656250 0.537037 0.656771 0.536111 0.657292 0.536111 0.658854 0.533333 0.659375 0.533333 0.663542 0.525926 0.664062 0.525926 0.669792 0.515741 0.670312 0.515741 0.675000 0.507407 0.675521 0.507407 0.679688 0.500000 0.680208 0.500000 0.683854 0.493519 0.684375 0.493519 0.686979 0.488889 0.687500 0.488889 0.690104 0.484259 0.690625 0.484259 0.692187 0.481481 0.692708 0.481481 0.694271 0.478704 0.694792 0.478704 0.696354 0.475926 0.696875 0.475926 0.697917 0.474074 0.698438 0.474074 0.698958 0.473148 0.699479 0.473148 0.700000 0.472222 0.700521 0.472222 0.701042 0.471296 0.702083 0.471296 0.702604 0.470370 0.706771 0.470370 0.707292 0.471296 0.707812 0.471296 0.708333 0.472222 0.708854 0.472222 0.709375 0.473148 0.709896 0.473148 0.710417 0.474074 0.710938 0.474074 0.712500 0.476852 0.713021 0.476852 0.715104 0.480556 0.715625 0.480556 0.720313 0.488889 0.720833 0.488889 0.740104 0.523148 0.740104 0.524074 0.747396 0.537037 0.747917 0.537037 0.749479 0.539815 0.750000 0.539815 0.750521 0.540741 0.753125 0.540741 0.754687 0.537963 0.754687 0.534259 0.754167 0.533333 0.754167 0.532407 0.753646 0.531481 0.753646 0.530556 0.753125 0.529630 0.753125 0.528704 0.752604 0.527778 0.752604 0.526852 0.752083 0.525926 0.752083 0.525000 0.751563 0.524074 0.751563 0.522222 0.751042 0.521296 0.751042 0.520370 0.750521 0.519444 0.750521 0.518519 0.750000 0.517593 0.750000 0.516667 0.749479 0.515741 0.749479 0.514815 0.748958 0.513889 0.748958 0.512963 0.737500 0.492593 0.737500 0.491667 0.727083 0.473148 0.727083 0.472222 0.725521 0.469444 0.725521 0.468519 0.725000 0.467593 0.725000 0.466667 0.724479 0.465741 0.724479 0.464815 0.723958 0.463889 0.723958 0.462037 0.723437 0.461111 0.723437 0.460185 0.722917 0.459259 0.722917 0.458333 0.722396 0.457407 0.722396 0.455556 0.721875 0.454630 0.721875 0.453704 0.721354 0.452778 0.721354 0.451852 0.720833 0.450926 0.720833 0.449074 0.720313 0.448148 0.720313 0.447222 0.719792 0.446296 0.719792 0.444444 0.719271 0.443519 0.719271 0.442593 0.718750 0.441667 0.718750 0.440741 0.718229 0.439815 0.718229 0.438889 0.716146 0.435185 0.715625 0.435185 0.713542 0.431481 0.713021 0.431481 0.712500 0.430556 0.711979 0.430556 0.710938 0.428704 0.709896 0.428704 0.709375 0.427778 0.708333 0.427778 0.707812 0.426852
0 0.324219 0.467130 0.102604 0.095370 0.278646 0.419444 0.278125 0.420370 0.277604 0.420370 0.277083 0.421296 0.276562 0.421296 0.276042 0.422222 0.275521 0.422222 0.275000 0.423148 0.274479 0.423148 0.272917 0.425926 0.272917 0.430556 0.274479 0.433333 0.274479 0.434259 0.318750 0.512963 0.319271 0.512963 0.320312 0.514815 0.321354 0.514815 0.321875 0.513889 0.322396 0.513889 0.322917 0.512963 0.323437 0.512963 0.325000 0.510185 0.325521 0.510185 0.326562 0.508333 0.327083 0.508333 0.328646 0.505556 0.329167 0.505556 0.330729 0.502778 0.331250 0.502778 0.364583 0.443519 0.365104 0.443519 0.367188 0.439815 0.367708 0.439815 0.368750 0.437963 0.369271 0.437963 0.370312 0.436111 0.370833 0.436111 0.372396 0.433333 0.372917 0.433333 0.373958 0.431481 0.374479 0.431481 0.375521 0.429630 0.375521 0.428704 0.373958 0.425926 0.373437 0.425926 0.372396 0.424074 0.371875 0.424074 0.371354 0.423148 0.370833 0.423148 0.370312 0.422222 0.369792 0.422222 0.369271 0.421296 0.367708 0.421296 0.367188 0.422222 0.366667 0.422222 0.365625 0.424074 0.365104 0.424074 0.364063 0.425926 0.363542 0.425926 0.361979 0.428704 0.361458 0.428704 0.341667 0.463889 0.341146 0.463889 0.340104 0.465741 0.339583 0.465741 0.338021 0.468519 0.337500 0.468519 0.336458 0.470370 0.335938 0.470370 0.334896 0.472222 0.334375 0.472222 0.333333 0.474074 0.332813 0.474074 0.331250 0.476852 0.330729 0.476852 0.329688 0.478704 0.329167 0.478704 0.328125 0.480556 0.327604 0.480556 0.326562 0.482407 0.326042 0.482407 0.324479 0.485185 0.323958 0.485185 0.322917 0.487037 0.320833 0.487037 0.318229 0.482407 0.318229 0.478704 0.318750 0.477778 0.318229 0.478704 0.317708 0.478704 0.317188 0.479630 0.315104 0.479630 0.314583 0.478704 0.314063 0.478704 0.311458 0.474074 0.310937 0.474074 0.286458 0.430556 0.285938 0.430556 0.281771 0.423148 0.281250 0.423148 0.279167 0.419444
0 0.429427 0.470370 0.106771 0.105556 0.460938 0.417593 0.448958 0.438889 0.448437 0.438889 0.429688 0.472222 0.429167 0.472222 0.427083 0.475926 0.424479 0.475926 0.423958 0.475000 0.423438 0.475000 0.415104 0.489815 0.414583 0.489815 0.414062 0.490741 0.413021 0.490741 0.412500 0.489815 0.411979 0.489815 0.411458 0.488889 0.410938 0.488889 0.388542 0.449074 0.388021 0.449074 0.380208 0.435185 0.379688 0.435185 0.377604 0.431481 0.376563 0.431481 0.376563 0.432407 0.376042 0.433333 0.376042 0.437037 0.377083 0.438889 0.377083 0.439815 0.383333 0.450926 0.383333 0.451852 0.422917 0.522222 0.423438 0.522222 0.423958 0.523148 0.426042 0.523148 0.426563 0.522222 0.427083 0.522222 0.430208 0.516667 0.430729 0.516667 0.447917 0.486111 0.448437 0.486111 0.467187 0.452778 0.467708 0.452778 0.470833 0.447222 0.470833 0.446296 0.474479 0.439815 0.474479 0.438889 0.477604 0.433333 0.477604 0.432407 0.480208 0.427778 0.480208 0.426852 0.482812 0.422222 0.482292 0.421296 0.481250 0.421296 0.480729 0.420370 0.477604 0.420370 0.477083 0.421296 0.476042 0.421296 0.475521 0.422222 0.475000 0.422222 0.474479 0.423148 0.473958 0.423148 0.472917 0.425000 0.472396 0.425000 0.471354 0.426852 0.470833 0.426852 0.468750 0.430556 0.468229 0.430556 0.466146 0.434259 0.465625 0.434259 0.461458 0.441667 0.460938 0.441667 0.454688 0.452778 0.454167 0.452778 0.439583 0.478704 0.439063 0.478704 0.434896 0.486111 0.432292 0.486111 0.430208 0.482407 0.430208 0.480556 0.429688 0.479630 0.429688 0.478704 0.430208 0.477778 0.430208 0.476852 0.434375 0.469444 0.434375 0.468519 0.453646 0.434259 0.453646 0.433333 0.461979 0.418519 0.461458 0.417593
0 0.535677 0.473611 0.102604 0.106481 0.586458 0.420370 0.585938 0.421296 0.585417 0.421296 0.584896 0.422222 0.584375 0.422222 0.583854 0.423148 0.583333 0.423148 0.581771 0.425926 0.581250 0.425926 0.579688 0.428704 0.579167 0.428704 0.577083 0.432407 0.576562 0.432407 0.573438 0.437963 0.572917 0.437963 0.569271 0.444444 0.568750 0.444444 0.563021 0.454630 0.562500 0.454630 0.554688 0.468519 0.554167 0.468519 0.546875 0.481481 0.546354 0.481481 0.544792 0.484259 0.544271 0.484259 0.543750 0.485185 0.542708 0.485185 0.540104 0.480556 0.540104 0.479630 0.539583 0.478704 0.539583 0.477778 0.540104 0.476852 0.540104 0.475000 0.540625 0.474074 0.540625 0.473148 0.541146 0.472222 0.541146 0.471296 0.541667 0.470370 0.537500 0.477778 0.536979 0.477778 0.534896 0.481481 0.534375 0.481481 0.533854 0.482407 0.531771 0.482407 0.531250 0.481481 0.530729 0.481481 0.530208 0.480556 0.530208 0.481481 0.529687 0.482407 0.529687 0.483333 0.529167 0.484259 0.529167 0.485185 0.528125 0.487037 0.528125 0.487963 0.527604 0.488889 0.527083 0.488889 0.526563 0.489815 0.525000 0.489815 0.524479 0.488889 0.523958 0.488889 0.523438 0.487963 0.522917 0.487963 0.496875 0.441667 0.496354 0.441667 0.491146 0.432407 0.490625 0.432407 0.488021 0.427778 0.486458 0.430556 0.486458 0.431481 0.484375 0.435185 0.484375 0.439815 0.484896 0.440741 0.484896 0.441667 0.489583 0.450000 0.489583 0.450926 0.515104 0.496296 0.515104 0.497222 0.530208 0.524074 0.530729 0.524074 0.531771 0.525926 0.532292 0.525926 0.532813 0.526852 0.533333 0.526852 0.533854 0.525926 0.534896 0.525926 0.536979 0.522222 0.537500 0.522222 0.543750 0.511111 0.544271 0.511111 0.553646 0.494444 0.554167 0.494444 0.563021 0.478704 0.563542 0.478704 0.572396 0.462963 0.572917 0.462963 0.582812 0.445370 0.582812 0.444444 0.583333 0.443519 0.583333 0.442593 0.583854 0.441667 0.583854 0.439815 0.584375 0.438889 0.584375 0.436111 0.584896 0.435185 0.584896 0.432407 0.585417 0.431481 0.585417 0.429630 0.585938 0.428704 0.585938 0.425926 0.586458 0.425000 0.586458 0.423148 0.586979 0.422222 0.586979 0.420370
0 0.645052 0.475000 0.100521 0.101852 0.596354 0.424074 0.596354 0.426852 0.595833 0.427778 0.595833 0.431481 0.595313 0.432407 0.595313 0.435185 0.594792 0.436111 0.594792 0.437037 0.595313 0.437963 0.595313 0.439815 0.596875 0.442593 0.596875 0.443519 0.606771 0.461111 0.606771 0.462037 0.625521 0.495370 0.625521 0.496296 0.641146 0.524074 0.641667 0.524074 0.642708 0.525926 0.644271 0.525926 0.644792 0.525000 0.645312 0.525000 0.646354 0.523148 0.646875 0.523148 0.650000 0.517593 0.650521 0.517593 0.656250 0.507407 0.656771 0.507407 0.662500 0.497222 0.663021 0.497222 0.668750 0.487037 0.669271 0.487037 0.675521 0.475926 0.676042 0.475926 0.681771 0.465741 0.682292 0.465741 0.688542 0.454630 0.689063 0.454630 0.694792 0.444444 0.694792 0.443519 0.695312 0.442593 0.695312 0.437963 0.694271 0.437963 0.692187 0.441667 0.691667 0.441667 0.689063 0.446296 0.688542 0.446296 0.685417 0.451852 0.684896 0.451852 0.681771 0.457407 0.681250 0.457407 0.676562 0.465741 0.676042 0.465741 0.670833 0.475000 0.670312 0.475000 0.664583 0.485185 0.664062 0.485185 0.659896 0.492593 0.659375 0.492593 0.657813 0.495370 0.655208 0.495370 0.653125 0.491667 0.653125 0.490741 0.652604 0.489815 0.652604 0.479630 0.650521 0.483333 0.650000 0.483333 0.647396 0.487963 0.646875 0.487963 0.645833 0.489815 0.643229 0.489815 0.641667 0.487037 0.641146 0.487037 0.639583 0.484259 0.637500 0.487963 0.634896 0.487963 0.633854 0.486111 0.633333 0.486111 0.604167 0.434259 0.603646 0.434259 0.600000 0.427778 0.599479 0.427778 0.597396 0.424074
0 0.773698 0.497685 0.109896 0.115741 0.718750 0.439815 0.719271 0.440741 0.719271 0.441667 0.719792 0.442593 0.719792 0.443519 0.720313 0.444444 0.720313 0.446296 0.720833 0.447222 0.720833 0.448148 0.721354 0.449074 0.721354 0.450926 0.721875 0.451852 0.721875 0.452778 0.722396 0.453704 0.722396 0.454630 0.722917 0.455556 0.722917 0.457407 0.723437 0.458333 0.723437 0.459259 0.723958 0.460185 0.723958 0.461111 0.724479 0.462037 0.724479 0.463889 0.725000 0.464815 0.725000 0.465741 0.725521 0.466667 0.725521 0.467593 0.726042 0.468519 0.726042 0.469444 0.727604 0.472222 0.727604 0.473148 0.738021 0.491667 0.738021 0.492593 0.752604 0.518519 0.752604 0.519444 0.768229 0.547222 0.768229 0.548148 0.768750 0.549074 0.769271 0.549074 0.772396 0.554630 0.772917 0.554630 0.773438 0.555556 0.775521 0.555556 0.776563 0.553704 0.777083 0.553704 0.778646 0.550926 0.779167 0.550926 0.782292 0.545370 0.782813 0.545370 0.786979 0.537963 0.787500 0.537963 0.791667 0.530556 0.792188 0.530556 0.796354 0.523148 0.796875 0.523148 0.801042 0.515741 0.801562 0.515741 0.805208 0.509259 0.805729 0.509259 0.809896 0.501852 0.810417 0.501852 0.814583 0.494444 0.815104 0.494444 0.819271 0.487037 0.819792 0.487037 0.824479 0.478704 0.825000 0.478704 0.827604 0.474074 0.827604 0.473148 0.828646 0.471296 0.828646 0.468519 0.828125 0.467593 0.828125 0.466667 0.826562 0.463889 0.826042 0.463889 0.823438 0.468519 0.822917 0.468519 0.818750 0.475926 0.818229 0.475926 0.814063 0.483333 0.813542 0.483333 0.809375 0.490741 0.808854 0.490741 0.804688 0.498148 0.804167 0.498148 0.800000 0.505556 0.799479 0.505556 0.795833 0.512037 0.795312 0.512037 0.791146 0.519444 0.790625 0.519444 0.788021 0.524074 0.787500 0.524074 0.786458 0.525926 0.785937 0.525926 0.785417 0.526852 0.782813 0.526852 0.780729 0.523148 0.780208 0.523148 0.775000 0.513889 0.775000 0.512963 0.760938 0.487963 0.760938 0.487037 0.751042 0.469444 0.751563 0.470370 0.751563 0.471296 0.752604 0.473148 0.752604 0.474074 0.753125 0.475000 0.753125 0.475926 0.753646 0.476852 0.753646 0.477778 0.754167 0.478704 0.754167 0.479630 0.755208 0.481481 0.755208 0.482407 0.755729 0.483333 0.755729 0.484259 0.756250 0.485185 0.756250 0.486111 0.756771 0.487037 0.756771 0.487963 0.757292 0.488889 0.757292 0.489815 0.757812 0.490741 0.757812 0.491667 0.758333 0.492593 0.758333 0.493519 0.757812 0.494444 0.757812 0.495370 0.755729 0.499074 0.753125 0.499074 0.752083 0.497222 0.751563 0.497222 0.729688 0.458333 0.729688 0.457407 0.729167 0.457407 0.719271 0.439815
0 0.275260 0.435185 0.099479 0.087037 0.266667 0.391667 0.262500 0.399074 0.262500 0.400000 0.247917 0.425926 0.247917 0.426852 0.232813 0.453704 0.232813 0.454630 0.226562 0.465741 0.226562 0.466667 0.226042 0.467593 0.226042 0.468519 0.225521 0.469444 0.225521 0.470370 0.226042 0.471296 0.226042 0.472222 0.226562 0.473148 0.226562 0.474074 0.227083 0.475000 0.227604 0.475000 0.228125 0.475926 0.229687 0.475926 0.230729 0.474074 0.231250 0.474074 0.231771 0.473148 0.232292 0.473148 0.232813 0.472222 0.233333 0.472222 0.233854 0.471296 0.234375 0.471296 0.234896 0.470370 0.235417 0.470370 0.235937 0.469444 0.236458 0.469444 0.239063 0.464815 0.239063 0.463889 0.250000 0.444444 0.250521 0.444444 0.251042 0.443519 0.251563 0.443519 0.252083 0.442593 0.252604 0.442593 0.253125 0.441667 0.253646 0.441667 0.254167 0.440741 0.254688 0.440741 0.255208 0.439815 0.255729 0.439815 0.256250 0.438889 0.256771 0.438889 0.257292 0.437963 0.257812 0.437963 0.258333 0.437037 0.258854 0.437037 0.259375 0.436111 0.259896 0.436111 0.260417 0.435185 0.260937 0.435185 0.261458 0.434259 0.261979 0.434259 0.262500 0.433333 0.263021 0.433333 0.263542 0.432407 0.264062 0.432407 0.264583 0.431481 0.265104 0.431481 0.265625 0.430556 0.266146 0.430556 0.266667 0.429630 0.267188 0.429630 0.267708 0.428704 0.268229 0.428704 0.268750 0.427778 0.269271 0.427778 0.269792 0.426852 0.270313 0.426852 0.270833 0.425926 0.271354 0.425926 0.271875 0.425000 0.272396 0.425000 0.272917 0.424074 0.273438 0.424074 0.274479 0.422222 0.275000 0.422222 0.275521 0.421296 0.276042 0.421296 0.276562 0.420370 0.277083 0.420370 0.277604 0.419444 0.278125 0.419444 0.278646 0.418519 0.279167 0.418519 0.281250 0.422222 0.281771 0.422222 0.285938 0.429630 0.286458 0.429630 0.310937 0.473148 0.311458 0.473148 0.314063 0.477778 0.314583 0.477778 0.315104 0.478704 0.317188 0.478704 0.317708 0.477778 0.318229 0.477778 0.320833 0.473148 0.320833 0.472222 0.325000 0.464815 0.323958 0.466667 0.323437 0.466667 0.322396 0.468519 0.321875 0.468519 0.320833 0.470370 0.320312 0.470370 0.319271 0.472222 0.318750 0.472222 0.317708 0.474074 0.317188 0.474074 0.316667 0.475000 0.314063 0.475000 0.313021 0.473148 0.312500 0.473148 0.270313 0.398148 0.270313 0.397222 0.267188 0.391667
0 0.370833 0.434722 0.104167 0.110185 0.379167 0.379630 0.378125 0.381481 0.377604 0.381481 0.376563 0.383333 0.376042 0.383333 0.375521 0.384259 0.375000 0.384259 0.373958 0.386111 0.373437 0.386111 0.372917 0.387037 0.372396 0.387037 0.371354 0.388889 0.370833 0.388889 0.370312 0.389815 0.369792 0.389815 0.368750 0.391667 0.368229 0.391667 0.367708 0.392593 0.367188 0.392593 0.366146 0.394444 0.365625 0.394444 0.364583 0.396296 0.364063 0.396296 0.321354 0.472222 0.321354 0.473148 0.319271 0.476852 0.319271 0.477778 0.318750 0.478704 0.318750 0.482407 0.320833 0.486111 0.322917 0.486111 0.323958 0.484259 0.324479 0.484259 0.326042 0.481481 0.326562 0.481481 0.327604 0.479630 0.328125 0.479630 0.329167 0.477778 0.329688 0.477778 0.330729 0.475926 0.331250 0.475926 0.332813 0.473148 0.333333 0.473148 0.334375 0.471296 0.334896 0.471296 0.335938 0.469444 0.336458 0.469444 0.337500 0.467593 0.338021 0.467593 0.339583 0.464815 0.340104 0.464815 0.341146 0.462963 0.341667 0.462963 0.361458 0.427778 0.361979 0.427778 0.363542 0.425000 0.364063 0.425000 0.365104 0.423148 0.365625 0.423148 0.366667 0.421296 0.367188 0.421296 0.367708 0.420370 0.369271 0.420370 0.369792 0.421296 0.370312 0.421296 0.370833 0.422222 0.371354 0.422222 0.371875 0.423148 0.372396 0.423148 0.373437 0.425000 0.373958 0.425000 0.376042 0.428704 0.376563 0.428704 0.379688 0.434259 0.380208 0.434259 0.388021 0.448148 0.388542 0.448148 0.410938 0.487963 0.411458 0.487963 0.411979 0.488889 0.412500 0.488889 0.413021 0.489815 0.414062 0.489815 0.414583 0.488889 0.415104 0.488889 0.422917 0.475000 0.422917 0.474074 0.384375 0.405556 0.384375 0.404630 0.377083 0.391667 0.377083 0.390741 0.376042 0.388889 0.376042 0.385185 0.376563 0.384259 0.376563 0.383333 0.377083 0.382407 0.377604 0.382407 0.378646 0.380556 0.379167 0.380556 0.379688 0.379630
0 0.479948 0.432870 0.099479 0.112037 0.485938 0.376852 0.475000 0.396296 0.474479 0.396296 0.473958 0.397222 0.473958 0.398148 0.454167 0.433333 0.454167 0.434259 0.434896 0.468519 0.434896 0.469444 0.430729 0.476852 0.430729 0.477778 0.430208 0.478704 0.430208 0.479630 0.430729 0.480556 0.430729 0.482407 0.432292 0.485185 0.434896 0.485185 0.439063 0.477778 0.439583 0.477778 0.454167 0.451852 0.454688 0.451852 0.460938 0.440741 0.461458 0.440741 0.465625 0.433333 0.466146 0.433333 0.468229 0.429630 0.468750 0.429630 0.470833 0.425926 0.471354 0.425926 0.472396 0.424074 0.472917 0.424074 0.473958 0.422222 0.474479 0.422222 0.475000 0.421296 0.475521 0.421296 0.476042 0.420370 0.477083 0.420370 0.477604 0.419444 0.480729 0.419444 0.481250 0.420370 0.482292 0.420370 0.482812 0.421296 0.483333 0.421296 0.483854 0.422222 0.484375 0.422222 0.485417 0.424074 0.485938 0.424074 0.487500 0.426852 0.488021 0.426852 0.490625 0.431481 0.491146 0.431481 0.496354 0.440741 0.496875 0.440741 0.522917 0.487037 0.523438 0.487037 0.523958 0.487963 0.524479 0.487963 0.525000 0.488889 0.526563 0.488889 0.527083 0.487963 0.527604 0.487963 0.527604 0.487037 0.528646 0.485185 0.528646 0.484259 0.529167 0.483333 0.529167 0.482407 0.529687 0.481481 0.529687 0.479630 0.509375 0.443519 0.509375 0.442593 0.487500 0.403704 0.487500 0.402778 0.483854 0.396296 0.483854 0.395370 0.482812 0.393519 0.482812 0.389815 0.486979 0.382407 0.486979 0.381481 0.488021 0.379630 0.488021 0.378704 0.487500 0.377778 0.486979 0.377778 0.486458 0.376852
0 0.589583 0.431944 0.098958 0.110185 0.589583 0.376852 0.589063 0.377778 0.587500 0.377778 0.587500 0.379630 0.586979 0.380556 0.586979 0.382407 0.586458 0.383333 0.586458 0.385185 0.585938 0.386111 0.585938 0.387963 0.585417 0.388889 0.585417 0.390741 0.584896 0.391667 0.584896 0.393519 0.584375 0.394444 0.584375 0.396296 0.583854 0.397222 0.583854 0.398148 0.581771 0.401852 0.581771 0.402778 0.579167 0.407407 0.578646 0.407407 0.567708 0.426852 0.567187 0.426852 0.557292 0.444444 0.556771 0.444444 0.546354 0.462963 0.545833 0.462963 0.542188 0.469444 0.542188 0.470370 0.541667 0.471296 0.541667 0.472222 0.541146 0.473148 0.541146 0.474074 0.540625 0.475000 0.540625 0.476852 0.540104 0.477778 0.540104 0.478704 0.540625 0.479630 0.540625 0.480556 0.542708 0.484259 0.543750 0.484259 0.544271 0.483333 0.544792 0.483333 0.546354 0.480556 0.546875 0.480556 0.554167 0.467593 0.554688 0.467593 0.562500 0.453704 0.563021 0.453704 0.568750 0.443519 0.569271 0.443519 0.572917 0.437037 0.573438 0.437037 0.576562 0.431481 0.577083 0.431481 0.579167 0.427778 0.579688 0.427778 0.581250 0.425000 0.581771 0.425000 0.583333 0.422222 0.583854 0.422222 0.584375 0.421296 0.584896 0.421296 0.585417 0.420370 0.585938 0.420370 0.586458 0.419444 0.586979 0.419444 0.587500 0.418519 0.589583 0.418519 0.590104 0.417593 0.590625 0.418519 0.592708 0.418519 0.593229 0.419444 0.593750 0.419444 0.594271 0.420370 0.594792 0.420370 0.595313 0.421296 0.595833 0.421296 0.596875 0.423148 0.597396 0.423148 0.599479 0.426852 0.600000 0.426852 0.603646 0.433333 0.604167 0.433333 0.633333 0.485185 0.633854 0.485185 0.634896 0.487037 0.637500 0.487037 0.639062 0.484259 0.639062 0.483333 0.631250 0.469444 0.631250 0.468519 0.613542 0.437037 0.613542 0.436111 0.597917 0.408333 0.597917 0.407407 0.594792 0.401852 0.594792 0.400926 0.594271 0.400000 0.594271 0.399074 0.593750 0.398148 0.593750 0.396296 0.594271 0.395370 0.594271 0.392593 0.594792 0.391667 0.594792 0.388889 0.595313 0.387963 0.595313 0.385185 0.595833 0.384259 0.595833 0.381481 0.595313 0.380556 0.594792 0.380556 0.593750 0.378704 0.592708 0.378704 0.592187 0.377778 0.590625 0.377778 0.590104 0.376852
0 0.705469 0.431019 0.104688 0.134259 0.707292 0.363889 0.706250 0.365741 0.705729 0.365741 0.704167 0.368519 0.703646 0.368519 0.702083 0.371296 0.701562 0.371296 0.698958 0.375926 0.698438 0.375926 0.695312 0.381481 0.694792 0.381481 0.694792 0.382407 0.695312 0.383333 0.695312 0.384259 0.695833 0.385185 0.695833 0.387037 0.696354 0.387963 0.696354 0.389815 0.696875 0.390741 0.696875 0.392593 0.697396 0.393519 0.697396 0.394444 0.697917 0.395370 0.697917 0.397222 0.698438 0.398148 0.698438 0.402778 0.697917 0.403704 0.697917 0.404630 0.690625 0.417593 0.690104 0.417593 0.683854 0.428704 0.683333 0.428704 0.677083 0.439815 0.676562 0.439815 0.670312 0.450926 0.669792 0.450926 0.663021 0.462963 0.662500 0.462963 0.656250 0.474074 0.655729 0.474074 0.653125 0.478704 0.653125 0.489815 0.653646 0.490741 0.653646 0.491667 0.655208 0.494444 0.657813 0.494444 0.659375 0.491667 0.659896 0.491667 0.664062 0.484259 0.664583 0.484259 0.670312 0.474074 0.670833 0.474074 0.676042 0.464815 0.676562 0.464815 0.681250 0.456481 0.681771 0.456481 0.684896 0.450926 0.685417 0.450926 0.688542 0.445370 0.689063 0.445370 0.691667 0.440741 0.692187 0.440741 0.694271 0.437037 0.694792 0.437037 0.696354 0.434259 0.696875 0.434259 0.697917 0.432407 0.698438 0.432407 0.699479 0.430556 0.700000 0.430556 0.701042 0.428704 0.701562 0.428704 0.702083 0.427778 0.703125 0.427778 0.703646 0.426852 0.704688 0.426852 0.705208 0.425926 0.707812 0.425926 0.708333 0.426852 0.709375 0.426852 0.709896 0.427778 0.710938 0.427778 0.711979 0.429630 0.712500 0.429630 0.713021 0.430556 0.713542 0.430556 0.715625 0.434259 0.716146 0.434259 0.718750 0.438889 0.719271 0.438889 0.729167 0.456481 0.729688 0.456481 0.730208 0.457407 0.730208 0.458333 0.751563 0.496296 0.752083 0.496296 0.753125 0.498148 0.755729 0.498148 0.757292 0.495370 0.757292 0.494444 0.757812 0.493519 0.757812 0.492593 0.757292 0.491667 0.757292 0.490741 0.756771 0.489815 0.756771 0.488889 0.756250 0.487963 0.756250 0.487037 0.755729 0.486111 0.755729 0.485185 0.755208 0.484259 0.755208 0.483333 0.754687 0.482407 0.754687 0.481481 0.753646 0.479630 0.753646 0.478704 0.753125 0.477778 0.753125 0.476852 0.752604 0.475926 0.752604 0.475000 0.752083 0.474074 0.752083 0.473148 0.751042 0.471296 0.751042 0.470370 0.750521 0.469444 0.750521 0.468519 0.747396 0.462963 0.747396 0.462037 0.736979 0.443519 0.736979 0.442593 0.734896 0.438889 0.734896 0.437963 0.733854 0.436111 0.733854 0.435185 0.733333 0.434259 0.733333 0.433333 0.732812 0.432407 0.732812 0.431481 0.732292 0.430556 0.732292 0.429630 0.731771 0.428704 0.731771 0.427778 0.731250 0.426852 0.731250 0.425926 0.730729 0.425000 0.730729 0.424074 0.730208 0.423148 0.730208 0.422222 0.729688 0.421296 0.729688 0.420370 0.729167 0.419444 0.729167 0.418519 0.728646 0.417593 0.728646 0.416667 0.728125 0.415741 0.728125 0.414815 0.727604 0.413889 0.727604 0.412963 0.727083 0.412037 0.727083 0.411111 0.726562 0.410185 0.726562 0.409259 0.725521 0.407407 0.725521 0.406481 0.725000 0.405556 0.725000 0.404630 0.724479 0.403704 0.724479 0.402778 0.723958 0.401852 0.723958 0.400926 0.723437 0.400000 0.723437 0.399074 0.722917 0.398148 0.722917 0.397222 0.722396 0.396296 0.722396 0.395370 0.721875 0.394444 0.721875 0.393519 0.721354 0.392593 0.721354 0.391667 0.720833 0.390741 0.720833 0.389815 0.720313 0.388889 0.720313 0.387963 0.719792 0.387037 0.719792 0.386111 0.710417 0.369444 0.710417 0.368519 0.707812 0.363889
0 0.322917 0.422222 0.113542 0.103704 0.371875 0.370370 0.371354 0.371296 0.370833 0.371296 0.370312 0.372222 0.369792 0.372222 0.368750 0.374074 0.368229 0.374074 0.367708 0.375000 0.367188 0.375000 0.366667 0.375926 0.366146 0.375926 0.365104 0.377778 0.364583 0.377778 0.364063 0.378704 0.363542 0.378704 0.363021 0.379630 0.362500 0.379630 0.361458 0.381481 0.360938 0.381481 0.360417 0.382407 0.359896 0.382407 0.359375 0.383333 0.358854 0.383333 0.357812 0.385185 0.357292 0.385185 0.333854 0.426852 0.333333 0.426852 0.332292 0.428704 0.331771 0.428704 0.331250 0.429630 0.330729 0.429630 0.329688 0.431481 0.329167 0.431481 0.328125 0.433333 0.327604 0.433333 0.327083 0.434259 0.326562 0.434259 0.326042 0.435185 0.323958 0.435185 0.321875 0.431481 0.321875 0.430556 0.321354 0.429630 0.321354 0.427778 0.321875 0.426852 0.321354 0.427778 0.320833 0.427778 0.319792 0.429630 0.319271 0.429630 0.318750 0.430556 0.318229 0.430556 0.317708 0.431481 0.317188 0.431481 0.316146 0.433333 0.315625 0.433333 0.315104 0.434259 0.314583 0.434259 0.314063 0.435185 0.313542 0.435185 0.313021 0.436111 0.310937 0.436111 0.310417 0.435185 0.309896 0.435185 0.307812 0.431481 0.307292 0.431481 0.281250 0.385185 0.280729 0.385185 0.277083 0.378704 0.276562 0.378704 0.275000 0.375926 0.274479 0.376852 0.273438 0.376852 0.272917 0.377778 0.272396 0.377778 0.271875 0.378704 0.271354 0.378704 0.270833 0.379630 0.269792 0.379630 0.269271 0.380556 0.268750 0.380556 0.268229 0.381481 0.267708 0.381481 0.267188 0.382407 0.266667 0.382407 0.266146 0.383333 0.266146 0.387963 0.266667 0.388889 0.266667 0.389815 0.270833 0.397222 0.270833 0.398148 0.312500 0.472222 0.313021 0.472222 0.314063 0.474074 0.316667 0.474074 0.317188 0.473148 0.317708 0.473148 0.318750 0.471296 0.319271 0.471296 0.320312 0.469444 0.320833 0.469444 0.321875 0.467593 0.322396 0.467593 0.323437 0.465741 0.323958 0.465741 0.325000 0.463889 0.325521 0.463889 0.364063 0.395370 0.364583 0.395370 0.365625 0.393519 0.366146 0.393519 0.367188 0.391667 0.367708 0.391667 0.368229 0.390741 0.368750 0.390741 0.369792 0.388889 0.370312 0.388889 0.370833 0.387963 0.371354 0.387963 0.372396 0.386111 0.372917 0.386111 0.373437 0.385185 0.373958 0.385185 0.375000 0.383333 0.375521 0.383333 0.376042 0.382407 0.376563 0.382407 0.377604 0.380556 0.378125 0.380556 0.379167 0.378704 0.379688 0.378704 0.378125 0.375926 0.377604 0.375926 0.376042 0.373148 0.375521 0.373148 0.375000 0.372222 0.374479 0.372222 0.373437 0.370370
0 0.430469 0.423611 0.107813 0.102778 0.477604 0.372222 0.477083 0.373148 0.476042 0.373148 0.474479 0.375926 0.473958 0.375926 0.472396 0.378704 0.471875 0.378704 0.470833 0.380556 0.470313 0.380556 0.469792 0.381481 0.469271 0.381481 0.465625 0.387963 0.465104 0.387963 0.456250 0.403704 0.455729 0.403704 0.447396 0.418519 0.446875 0.418519 0.438021 0.434259 0.437500 0.434259 0.435417 0.437963 0.434896 0.437963 0.434375 0.438889 0.433854 0.438889 0.433333 0.437963 0.432812 0.437963 0.430729 0.434259 0.430729 0.433333 0.430208 0.432407 0.430208 0.430556 0.431250 0.428704 0.431250 0.427778 0.459896 0.376852 0.456250 0.383333 0.455729 0.383333 0.452083 0.389815 0.451562 0.389815 0.447396 0.397222 0.446875 0.397222 0.443229 0.403704 0.442708 0.403704 0.439063 0.410185 0.438542 0.410185 0.434896 0.416667 0.434375 0.416667 0.430729 0.423148 0.430208 0.423148 0.426563 0.429630 0.426042 0.429630 0.424479 0.432407 0.423958 0.432407 0.423438 0.433333 0.421354 0.433333 0.420833 0.432407 0.418229 0.437037 0.417708 0.437037 0.417187 0.437963 0.414583 0.437963 0.413542 0.436111 0.413021 0.436111 0.386979 0.389815 0.386458 0.389815 0.381250 0.380556 0.380729 0.380556 0.380208 0.379630 0.379167 0.381481 0.378646 0.381481 0.377604 0.383333 0.377083 0.383333 0.377083 0.384259 0.376563 0.385185 0.376563 0.388889 0.377604 0.390741 0.377604 0.391667 0.384896 0.404630 0.384896 0.405556 0.423438 0.474074 0.423958 0.474074 0.424479 0.475000 0.427083 0.475000 0.429167 0.471296 0.429688 0.471296 0.448437 0.437963 0.448958 0.437963 0.484375 0.375000 0.484375 0.374074 0.483854 0.374074 0.483333 0.373148 0.482292 0.373148 0.481771 0.372222
0 0.535156 0.429630 0.103646 0.103704 0.586979 0.377778 0.586458 0.378704 0.585938 0.378704 0.585417 0.379630 0.584896 0.379630 0.584375 0.380556 0.583854 0.380556 0.583333 0.381481 0.582812 0.381481 0.581250 0.384259 0.580729 0.384259 0.579167 0.387037 0.578646 0.387037 0.576562 0.390741 0.576042 0.390741 0.573438 0.395370 0.572917 0.395370 0.568750 0.402778 0.568229 0.402778 0.562500 0.412963 0.561979 0.412963 0.553125 0.428704 0.552604 0.428704 0.544792 0.442593 0.544271 0.442593 0.542708 0.445370 0.540625 0.445370 0.538021 0.440741 0.538021 0.437037 0.538542 0.436111 0.538542 0.435185 0.539062 0.434259 0.539062 0.433333 0.539583 0.432407 0.539583 0.431481 0.540104 0.430556 0.540104 0.429630 0.540625 0.428704 0.540625 0.427778 0.541146 0.426852 0.541146 0.425926 0.541667 0.425000 0.541667 0.424074 0.542188 0.423148 0.542188 0.422222 0.542708 0.421296 0.542708 0.420370 0.543229 0.419444 0.543229 0.418519 0.543750 0.417593 0.540625 0.423148 0.540104 0.423148 0.536458 0.429630 0.535937 0.429630 0.535417 0.430556 0.533333 0.430556 0.532813 0.429630 0.531771 0.429630 0.531771 0.430556 0.531250 0.431481 0.531250 0.432407 0.530208 0.434259 0.530208 0.435185 0.529687 0.436111 0.529687 0.437037 0.527604 0.440741 0.527083 0.440741 0.526563 0.441667 0.525521 0.441667 0.525000 0.440741 0.524479 0.440741 0.523438 0.438889 0.522917 0.438889 0.494271 0.387963 0.493750 0.387963 0.490104 0.381481 0.489583 0.381481 0.488542 0.379630 0.487500 0.381481 0.487500 0.382407 0.483333 0.389815 0.483333 0.393519 0.484375 0.395370 0.484375 0.396296 0.488021 0.402778 0.488021 0.403704 0.509896 0.442593 0.509896 0.443519 0.530729 0.480556 0.531250 0.480556 0.531771 0.481481 0.533854 0.481481 0.534375 0.480556 0.534896 0.480556 0.536979 0.476852 0.537500 0.476852 0.545833 0.462037 0.546354 0.462037 0.556771 0.443519 0.557292 0.443519 0.567187 0.425926 0.567708 0.425926 0.578646 0.406481 0.579167 0.406481 0.581250 0.402778 0.581250 0.401852 0.583333 0.398148 0.583333 0.397222 0.583854 0.396296 0.583854 0.394444 0.584375 0.393519 0.584375 0.391667 0.584896 0.390741 0.584896 0.388889 0.585417 0.387963 0.585417 0.386111 0.585938 0.385185 0.585938 0.383333 0.586458 0.382407 0.586458 0.380556 0.586979 0.379630
0 0.646094 0.435185 0.103646 0.107407 0.596354 0.381481 0.596354 0.384259 0.595833 0.385185 0.595833 0.387963 0.595313 0.388889 0.595313 0.391667 0.594792 0.392593 0.594792 0.395370 0.594271 0.396296 0.594271 0.398148 0.594792 0.399074 0.594792 0.400000 0.595313 0.400926 0.595313 0.401852 0.598437 0.407407 0.598437 0.408333 0.614062 0.436111 0.614062 0.437037 0.631771 0.468519 0.631771 0.469444 0.641146 0.486111 0.641667 0.486111 0.643229 0.488889 0.645833 0.488889 0.646875 0.487037 0.647396 0.487037 0.650000 0.482407 0.650521 0.482407 0.655729 0.473148 0.656250 0.473148 0.662500 0.462037 0.663021 0.462037 0.669792 0.450000 0.670312 0.450000 0.676562 0.438889 0.677083 0.438889 0.683333 0.427778 0.683854 0.427778 0.690104 0.416667 0.690625 0.416667 0.697396 0.404630 0.697396 0.403704 0.697917 0.402778 0.697917 0.398148 0.697396 0.397222 0.697396 0.395370 0.696875 0.394444 0.696875 0.393519 0.696354 0.392593 0.696354 0.390741 0.695833 0.389815 0.695833 0.387963 0.695312 0.387037 0.695312 0.385185 0.694792 0.384259 0.694792 0.383333 0.694271 0.382407 0.691667 0.387037 0.691146 0.387037 0.686458 0.395370 0.685937 0.395370 0.680729 0.404630 0.680208 0.404630 0.673958 0.415741 0.673438 0.415741 0.668229 0.425000 0.667708 0.425000 0.666667 0.426852 0.666146 0.426852 0.665625 0.427778 0.664583 0.427778 0.664062 0.426852 0.663542 0.426852 0.661458 0.423148 0.661458 0.419444 0.660937 0.418519 0.660937 0.416667 0.653646 0.429630 0.653125 0.429630 0.648958 0.437037 0.648438 0.437037 0.647396 0.438889 0.646875 0.438889 0.646354 0.439815 0.644271 0.439815 0.643750 0.438889 0.643229 0.438889 0.640625 0.434259 0.640625 0.443519 0.640104 0.444444 0.640104 0.445370 0.638542 0.448148 0.635938 0.448148 0.635417 0.447222 0.634896 0.447222 0.633854 0.445370 0.633333 0.445370 0.621354 0.424074 0.621354 0.423148 0.609375 0.401852 0.608854 0.401852 0.602083 0.389815 0.601562 0.389815 0.598958 0.385185 0.598437 0.385185
0 0.777344 0.444907 0.124479 0.162037 0.716146 0.363889 0.715104 0.365741 0.715104 0.369444 0.715625 0.370370 0.715625 0.371296 0.716146 0.372222 0.716146 0.373148 0.717187 0.375000 0.717187 0.375926 0.717708 0.376852 0.717708 0.377778 0.718229 0.378704 0.718229 0.379630 0.718750 0.380556 0.718750 0.381481 0.719271 0.382407 0.719271 0.383333 0.719792 0.384259 0.719792 0.385185 0.720313 0.386111 0.720313 0.387037 0.720833 0.387963 0.720833 0.388889 0.721354 0.389815 0.721354 0.390741 0.721875 0.391667 0.721875 0.392593 0.722396 0.393519 0.722396 0.394444 0.722917 0.395370 0.722917 0.396296 0.723437 0.397222 0.723437 0.398148 0.723958 0.399074 0.723958 0.400000 0.724479 0.400926 0.724479 0.401852 0.725000 0.402778 0.725000 0.403704 0.725521 0.404630 0.725521 0.405556 0.726042 0.406481 0.726042 0.407407 0.727083 0.409259 0.727083 0.410185 0.727604 0.411111 0.727604 0.412037 0.728125 0.412963 0.728125 0.413889 0.728646 0.414815 0.728646 0.415741 0.729167 0.416667 0.729167 0.417593 0.729688 0.418519 0.729688 0.419444 0.730208 0.420370 0.730208 0.421296 0.730729 0.422222 0.730729 0.423148 0.731250 0.424074 0.731250 0.425000 0.731771 0.425926 0.731771 0.426852 0.732292 0.427778 0.732292 0.428704 0.732812 0.429630 0.732812 0.430556 0.733333 0.431481 0.733333 0.432407 0.733854 0.433333 0.733854 0.434259 0.734375 0.435185 0.734375 0.436111 0.735417 0.437963 0.735417 0.438889 0.737500 0.442593 0.737500 0.443519 0.747917 0.462037 0.747917 0.462963 0.761458 0.487037 0.761458 0.487963 0.775521 0.512963 0.775521 0.513889 0.780208 0.522222 0.780729 0.522222 0.782813 0.525926 0.785417 0.525926 0.785937 0.525000 0.786458 0.525000 0.787500 0.523148 0.788021 0.523148 0.790625 0.518519 0.791146 0.518519 0.795312 0.511111 0.795833 0.511111 0.799479 0.504630 0.800000 0.504630 0.804167 0.497222 0.804688 0.497222 0.808854 0.489815 0.809375 0.489815 0.813542 0.482407 0.814063 0.482407 0.818229 0.475000 0.818750 0.475000 0.822917 0.467593 0.823438 0.467593 0.827604 0.460185 0.828125 0.460185 0.832292 0.452778 0.832812 0.452778 0.839583 0.440741 0.839583 0.436111 0.832292 0.423148 0.831771 0.423148 0.825000 0.411111 0.824479 0.411111 0.817708 0.399074 0.817187 0.399074 0.810417 0.387037 0.809896 0.387037 0.803125 0.375000 0.802604 0.375000 0.797396 0.365741 0.795312 0.365741 0.794792 0.366667 0.794271 0.366667 0.791667 0.371296 0.791146 0.371296 0.785937 0.380556 0.785417 0.380556 0.780729 0.388889 0.780208 0.388889 0.776563 0.395370 0.776042 0.395370 0.772396 0.401852 0.771875 0.401852 0.769271 0.406481 0.768750 0.406481 0.766667 0.410185 0.766146 0.410185 0.764583 0.412963 0.764062 0.412963 0.763021 0.414815 0.763021 0.415741 0.763542 0.416667 0.763542 0.417593 0.764583 0.419444 0.764583 0.420370 0.765625 0.422222 0.765625 0.426852 0.764062 0.429630 0.763542 0.429630 0.763021 0.430556 0.760938 0.430556 0.760417 0.429630 0.759896 0.429630 0.754687 0.420370 0.753125 0.420370 0.752604 0.419444 0.752083 0.419444 0.751563 0.418519 0.751042 0.418519 0.750000 0.416667 0.749479 0.416667 0.747917 0.413889 0.747396 0.413889 0.742708 0.405556 0.742188 0.405556 0.728646 0.381481 0.728646 0.380556 0.720313 0.365741 0.719792 0.365741 0.718750 0.363889
0 0.273438 0.386111 0.106250 0.098148 0.273438 0.337037 0.272917 0.337963 0.271875 0.337963 0.271354 0.338889 0.270833 0.338889 0.270313 0.339815 0.269271 0.339815 0.268750 0.340741 0.267708 0.340741 0.267188 0.341667 0.266146 0.341667 0.265625 0.342593 0.264583 0.342593 0.263021 0.345370 0.262500 0.345370 0.257812 0.353704 0.257812 0.354630 0.246354 0.375000 0.246354 0.375926 0.234375 0.397222 0.234375 0.398148 0.223438 0.417593 0.223438 0.418519 0.220833 0.423148 0.220833 0.424074 0.220312 0.425000 0.220312 0.428704 0.222396 0.432407 0.224479 0.432407 0.233854 0.415741 0.234375 0.415741 0.234896 0.414815 0.235937 0.414815 0.236458 0.413889 0.236979 0.413889 0.237500 0.412963 0.238021 0.412963 0.238542 0.412037 0.239583 0.412037 0.240104 0.411111 0.240625 0.411111 0.241146 0.410185 0.241667 0.410185 0.242188 0.409259 0.242708 0.409259 0.243229 0.408333 0.244271 0.408333 0.244792 0.407407 0.245312 0.407407 0.245833 0.406481 0.246354 0.406481 0.246875 0.405556 0.247917 0.405556 0.248438 0.404630 0.248958 0.404630 0.249479 0.403704 0.250000 0.403704 0.250521 0.402778 0.251563 0.402778 0.252083 0.401852 0.252604 0.401852 0.253125 0.400926 0.253646 0.400926 0.254167 0.400000 0.255208 0.400000 0.255729 0.399074 0.256250 0.399074 0.256771 0.398148 0.257292 0.398148 0.257812 0.397222 0.258333 0.397222 0.258854 0.396296 0.259896 0.396296 0.260417 0.395370 0.260937 0.395370 0.261458 0.394444 0.261979 0.394444 0.262500 0.393519 0.263542 0.393519 0.264062 0.392593 0.264583 0.392593 0.265104 0.391667 0.265625 0.391667 0.266146 0.390741 0.266667 0.390741 0.266146 0.389815 0.266146 0.388889 0.265625 0.387963 0.265625 0.383333 0.266667 0.381481 0.267188 0.381481 0.267708 0.380556 0.268229 0.380556 0.268750 0.379630 0.269271 0.379630 0.269792 0.378704 0.270833 0.378704 0.271354 0.377778 0.271875 0.377778 0.272396 0.376852 0.272917 0.376852 0.273438 0.375926 0.274479 0.375926 0.275000 0.375000 0.276562 0.377778 0.277083 0.377778 0.280729 0.384259 0.281250 0.384259 0.307292 0.430556 0.307812 0.430556 0.309896 0.434259 0.310417 0.434259 0.310937 0.435185 0.313021 0.435185 0.313542 0.434259 0.314063 0.434259 0.314583 0.433333 0.315104 0.433333 0.315625 0.432407 0.316146 0.432407 0.317188 0.430556 0.317708 0.430556 0.318229 0.429630 0.318750 0.429630 0.319271 0.428704 0.319792 0.428704 0.320833 0.426852 0.321354 0.426852 0.322396 0.425000 0.322396 0.424074 0.326562 0.416667 0.326042 0.417593 0.325521 0.417593 0.325000 0.418519 0.324479 0.418519 0.323958 0.419444 0.323437 0.419444 0.322917 0.420370 0.322396 0.420370 0.321875 0.421296 0.321354 0.421296 0.320833 0.420370 0.320312 0.420370 0.319792 0.419444 0.319271 0.419444 0.280208 0.350000 0.280208 0.349074
0 0.371094 0.388426 0.098437 0.097222 0.372396 0.339815 0.371875 0.340741 0.371354 0.340741 0.370833 0.341667 0.370312 0.341667 0.369792 0.342593 0.369271 0.342593 0.368750 0.343519 0.368229 0.343519 0.367708 0.344444 0.367188 0.344444 0.336979 0.398148 0.336979 0.399074 0.322917 0.424074 0.322917 0.425000 0.322396 0.425926 0.322396 0.426852 0.321875 0.427778 0.321875 0.429630 0.322396 0.430556 0.322396 0.431481 0.323958 0.434259 0.326042 0.434259 0.326562 0.433333 0.327083 0.433333 0.327604 0.432407 0.328125 0.432407 0.329167 0.430556 0.329688 0.430556 0.330729 0.428704 0.331250 0.428704 0.331771 0.427778 0.332292 0.427778 0.333333 0.425926 0.333854 0.425926 0.357292 0.384259 0.357812 0.384259 0.358854 0.382407 0.359375 0.382407 0.359896 0.381481 0.360417 0.381481 0.360938 0.380556 0.361458 0.380556 0.362500 0.378704 0.363021 0.378704 0.363542 0.377778 0.364063 0.377778 0.364583 0.376852 0.365104 0.376852 0.366146 0.375000 0.366667 0.375000 0.367188 0.374074 0.367708 0.374074 0.368229 0.373148 0.368750 0.373148 0.369792 0.371296 0.370312 0.371296 0.370833 0.370370 0.371354 0.370370 0.371875 0.369444 0.373437 0.369444 0.374479 0.371296 0.375000 0.371296 0.375521 0.372222 0.376042 0.372222 0.377604 0.375000 0.378125 0.375000 0.380729 0.379630 0.381250 0.379630 0.386458 0.388889 0.386979 0.388889 0.413021 0.435185 0.413542 0.435185 0.414583 0.437037 0.417187 0.437037 0.417708 0.436111 0.418229 0.436111 0.420312 0.432407 0.420312 0.431481 0.419792 0.430556 0.419271 0.430556 0.401562 0.399074 0.401562 0.398148 0.375521 0.351852 0.375521 0.350926 0.372917 0.346296 0.372917 0.345370 0.372396 0.344444
0 0.481250 0.368981 0.101042 0.143519 0.510417 0.297222 0.509896 0.298148 0.509375 0.298148 0.507292 0.301852 0.506771 0.301852 0.503125 0.308333 0.502604 0.308333 0.498958 0.314815 0.498437 0.314815 0.494792 0.321296 0.494271 0.321296 0.490625 0.327778 0.490104 0.327778 0.486458 0.334259 0.485938 0.334259 0.482812 0.339815 0.482292 0.339815 0.478646 0.346296 0.478125 0.346296 0.469271 0.362037 0.468750 0.362037 0.431771 0.427778 0.431771 0.428704 0.430729 0.430556 0.430729 0.432407 0.431250 0.433333 0.431250 0.434259 0.432812 0.437037 0.433333 0.437037 0.433854 0.437963 0.434375 0.437963 0.434896 0.437037 0.435417 0.437037 0.437500 0.433333 0.438021 0.433333 0.446875 0.417593 0.447396 0.417593 0.455729 0.402778 0.456250 0.402778 0.465104 0.387037 0.465625 0.387037 0.469792 0.379630 0.470313 0.379630 0.471875 0.376852 0.472396 0.376852 0.473438 0.375000 0.473958 0.375000 0.475000 0.373148 0.475521 0.373148 0.476042 0.372222 0.477083 0.372222 0.477604 0.371296 0.481771 0.371296 0.482292 0.372222 0.483333 0.372222 0.483854 0.373148 0.484375 0.373148 0.485417 0.375000 0.485938 0.375000 0.486979 0.376852 0.487500 0.376852 0.489583 0.380556 0.490104 0.380556 0.493750 0.387037 0.494271 0.387037 0.522917 0.437963 0.523438 0.437963 0.524479 0.439815 0.525000 0.439815 0.525521 0.440741 0.526563 0.440741 0.527083 0.439815 0.527604 0.439815 0.529167 0.437037 0.529167 0.436111 0.529687 0.435185 0.529687 0.434259 0.530729 0.432407 0.530729 0.431481 0.531250 0.430556 0.531250 0.429630 0.531771 0.428704 0.509375 0.388889 0.509375 0.387963 0.489063 0.351852 0.489063 0.350926 0.485417 0.344444 0.485417 0.343519 0.484896 0.342593 0.484896 0.337963 0.488021 0.332407 0.488542 0.332407 0.492188 0.325926 0.492708 0.325926 0.496354 0.319444 0.496875 0.319444 0.500521 0.312963 0.501042 0.312963 0.504687 0.306481 0.505208 0.306481 0.508854 0.300000 0.509375 0.300000 0.510938 0.297222
0 0.589323 0.373611 0.101562 0.147222 0.599479 0.300000 0.598958 0.300926 0.598437 0.300926 0.597917 0.301852 0.597396 0.301852 0.594271 0.307407 0.593750 0.307407 0.592708 0.309259 0.592708 0.311111 0.592187 0.312037 0.592187 0.313889 0.591667 0.314815 0.591667 0.315741 0.591146 0.316667 0.591146 0.318519 0.590625 0.319444 0.590625 0.320370 0.590104 0.321296 0.590104 0.323148 0.589583 0.324074 0.589583 0.325926 0.589063 0.326852 0.589063 0.327778 0.588542 0.328704 0.588542 0.330556 0.588021 0.331481 0.588021 0.332407 0.587500 0.333333 0.587500 0.335185 0.586979 0.336111 0.586979 0.337963 0.586458 0.338889 0.586458 0.339815 0.585938 0.340741 0.585938 0.342593 0.585417 0.343519 0.585417 0.344444 0.584896 0.345370 0.584896 0.346296 0.583854 0.348148 0.583854 0.349074 0.578125 0.359259 0.577604 0.359259 0.565104 0.381481 0.564583 0.381481 0.552604 0.402778 0.552083 0.402778 0.544271 0.416667 0.544271 0.417593 0.543750 0.418519 0.543750 0.419444 0.543229 0.420370 0.543229 0.421296 0.542708 0.422222 0.542708 0.423148 0.542188 0.424074 0.542188 0.425000 0.541667 0.425926 0.541667 0.426852 0.541146 0.427778 0.541146 0.428704 0.540625 0.429630 0.540625 0.430556 0.540104 0.431481 0.540104 0.432407 0.539583 0.433333 0.539583 0.434259 0.539062 0.435185 0.539062 0.436111 0.538542 0.437037 0.538542 0.440741 0.540625 0.444444 0.542708 0.444444 0.544271 0.441667 0.544792 0.441667 0.552604 0.427778 0.553125 0.427778 0.561979 0.412037 0.562500 0.412037 0.568229 0.401852 0.568750 0.401852 0.572917 0.394444 0.573438 0.394444 0.576042 0.389815 0.576562 0.389815 0.578646 0.386111 0.579167 0.386111 0.580729 0.383333 0.581250 0.383333 0.582812 0.380556 0.583333 0.380556 0.583854 0.379630 0.584375 0.379630 0.584896 0.378704 0.585417 0.378704 0.585938 0.377778 0.586458 0.377778 0.586979 0.376852 0.589063 0.376852 0.589583 0.375926 0.590104 0.375926 0.590625 0.376852 0.592187 0.376852 0.592708 0.377778 0.593750 0.377778 0.594792 0.379630 0.595313 0.379630 0.595833 0.380556 0.596354 0.380556 0.598437 0.384259 0.598958 0.384259 0.601562 0.388889 0.602083 0.388889 0.608854 0.400926 0.609375 0.400926 0.621875 0.423148 0.621875 0.424074 0.633333 0.444444 0.633854 0.444444 0.634896 0.446296 0.635417 0.446296 0.635938 0.447222 0.638542 0.447222 0.639583 0.445370 0.639583 0.444444 0.640104 0.443519 0.640104 0.433333 0.625000 0.406481 0.625000 0.405556 0.608333 0.375926 0.608333 0.375000 0.596875 0.354630 0.596875 0.353704 0.595313 0.350926 0.595313 0.350000 0.594792 0.349074 0.594792 0.344444 0.595313 0.343519 0.595313 0.341667 0.595833 0.340741 0.595833 0.337963 0.596354 0.337037 0.596354 0.335185 0.596875 0.334259 0.596875 0.332407 0.597396 0.331481 0.597396 0.328704 0.597917 0.327778 0.597917 0.325926 0.598437 0.325000 0.598437 0.323148 0.598958 0.322222 0.598958 0.320370 0.599479 0.319444 0.599479 0.316667 0.600000 0.315741 0.600000 0.313889 0.600521 0.312963 0.600521 0.311111 0.601042 0.310185 0.601042 0.308333 0.601562 0.307407 0.601562 0.304630 0.602083 0.303704 0.602083 0.302778 0.601562 0.301852 0.601042 0.301852 0.600521 0.300926 0.600000 0.300926
0 0.713281 0.357407 0.103646 0.144444 0.699479 0.285185 0.698958 0.286111 0.698438 0.286111 0.697917 0.287037 0.697396 0.287037 0.693750 0.293519 0.693229 0.293519 0.688021 0.302778 0.688021 0.303704 0.688542 0.304630 0.688542 0.305556 0.689063 0.306481 0.689063 0.307407 0.689583 0.308333 0.689583 0.310185 0.690104 0.311111 0.690104 0.312037 0.690625 0.312963 0.690625 0.313889 0.691146 0.314815 0.691146 0.315741 0.691667 0.316667 0.691667 0.318519 0.692187 0.319444 0.692187 0.320370 0.692708 0.321296 0.692708 0.322222 0.693229 0.323148 0.693229 0.324074 0.693750 0.325000 0.693750 0.326852 0.694271 0.327778 0.694271 0.328704 0.694792 0.329630 0.694792 0.330556 0.695312 0.331481 0.695312 0.333333 0.695833 0.334259 0.695833 0.335185 0.696354 0.336111 0.696354 0.337037 0.696875 0.337963 0.696875 0.338889 0.697396 0.339815 0.697396 0.341667 0.697917 0.342593 0.697917 0.343519 0.698438 0.344444 0.698438 0.345370 0.698958 0.346296 0.698958 0.347222 0.699479 0.348148 0.699479 0.351852 0.698438 0.353704 0.698438 0.354630 0.691667 0.366667 0.691146 0.366667 0.683854 0.379630 0.683333 0.379630 0.676562 0.391667 0.676042 0.391667 0.668750 0.404630 0.668229 0.404630 0.661458 0.416667 0.661458 0.418519 0.661979 0.419444 0.661979 0.423148 0.663542 0.425926 0.664062 0.425926 0.664583 0.426852 0.665625 0.426852 0.666146 0.425926 0.666667 0.425926 0.667708 0.424074 0.668229 0.424074 0.673438 0.414815 0.673958 0.414815 0.680208 0.403704 0.680729 0.403704 0.685937 0.394444 0.686458 0.394444 0.691146 0.386111 0.691667 0.386111 0.694792 0.380556 0.695312 0.380556 0.698438 0.375000 0.698958 0.375000 0.701562 0.370370 0.702083 0.370370 0.703646 0.367593 0.704167 0.367593 0.705729 0.364815 0.706250 0.364815 0.707292 0.362963 0.707812 0.362963 0.708854 0.361111 0.709375 0.361111 0.709896 0.360185 0.710417 0.360185 0.710938 0.359259 0.711979 0.359259 0.712500 0.358333 0.717187 0.358333 0.717708 0.359259 0.718229 0.359259 0.718750 0.360185 0.719271 0.360185 0.719792 0.361111 0.720313 0.361111 0.721354 0.362963 0.721875 0.362963 0.723437 0.365741 0.723958 0.365741 0.726562 0.370370 0.727083 0.370370 0.759896 0.428704 0.760417 0.428704 0.760938 0.429630 0.763021 0.429630 0.763542 0.428704 0.764062 0.428704 0.765104 0.426852 0.765104 0.422222 0.764062 0.420370 0.764062 0.419444 0.763021 0.417593 0.763021 0.416667 0.761979 0.414815 0.761979 0.413889 0.760417 0.411111 0.760417 0.410185 0.759375 0.408333 0.759375 0.407407 0.757812 0.404630 0.757812 0.403704 0.756771 0.401852 0.756771 0.400926 0.755208 0.398148 0.755208 0.397222 0.754167 0.395370 0.754167 0.394444 0.753125 0.392593 0.753125 0.391667 0.751563 0.388889 0.751563 0.387963 0.750521 0.386111 0.750521 0.385185 0.748958 0.382407 0.748958 0.381481 0.747917 0.379630 0.747917 0.378704 0.746875 0.376852 0.746875 0.375926 0.745313 0.373148 0.745313 0.372222 0.744271 0.370370 0.744271 0.369444 0.742708 0.366667 0.742708 0.365741 0.741667 0.363889 0.741667 0.362963 0.740104 0.360185 0.740104 0.359259 0.739062 0.357407 0.739062 0.356481 0.736979 0.352778 0.736979 0.351852 0.726042 0.332407 0.726042 0.331481 0.713542 0.309259 0.713542 0.308333 0.701042 0.286111 0.700000 0.286111