0 0.307292 0.530556 0.075000 0.068519 0.274479 0.496296 0.273958 0.497222 0.273438 0.497222 0.272917 0.498148 0.271875 0.498148 0.271354 0.499074 0.270833 0.499074 0.269792 0.500926 0.269792 0.504630 0.270313 0.505556 0.270313 0.506481 0.271875 0.509259 0.271875 0.510185 0.282292 0.528704 0.282292 0.529630 0.294271 0.550926 0.294271 0.551852 0.297396 0.557407 0.297917 0.557407 0.298438 0.558333 0.298438 0.559259 0.300521 0.562963 0.301042 0.562963 0.302083 0.564815 0.307292 0.564815 0.308333 0.562963 0.308854 0.562963 0.309896 0.561111 0.310417 0.561111 0.310937 0.560185 0.311458 0.560185 0.312500 0.558333 0.313021 0.558333 0.313542 0.557407 0.314063 0.557407 0.315104 0.555556 0.315625 0.555556 0.316667 0.553704 0.317188 0.553704 0.317708 0.552778 0.318229 0.552778 0.319271 0.550926 0.319792 0.550926 0.320312 0.550000 0.320833 0.550000 0.321875 0.548148 0.322396 0.548148 0.323437 0.546296 0.323958 0.546296 0.324479 0.545370 0.325000 0.545370 0.326042 0.543519 0.326562 0.543519 0.327083 0.542593 0.327604 0.542593 0.328646 0.540741 0.329167 0.540741 0.330208 0.538889 0.330729 0.538889 0.331250 0.537963 0.331771 0.537963 0.332813 0.536111 0.333333 0.536111 0.333854 0.535185 0.334375 0.535185 0.335417 0.533333 0.335938 0.533333 0.336979 0.531481 0.337500 0.531481 0.338021 0.530556 0.338542 0.530556 0.339583 0.528704 0.340104 0.528704 0.341146 0.526852 0.341667 0.526852 0.342187 0.525926 0.342708 0.525926 0.343750 0.524074 0.344271 0.524074 0.344792 0.523148 0.344792 0.522222 0.343750 0.520370 0.343750 0.519444 0.342708 0.517593 0.342708 0.516667 0.342187 0.515741 0.342187 0.514815 0.341146 0.512963 0.341146 0.512037 0.340625 0.511111 0.340625 0.510185 0.339583 0.508333 0.339583 0.507407 0.338542 0.505556 0.338542 0.504630 0.338021 0.503704 0.338021 0.502778 0.337500 0.501852 0.335938 0.501852 0.335417 0.502778 0.334896 0.502778 0.334375 0.503704 0.333854 0.503704 0.332813 0.505556 0.332292 0.505556 0.327083 0.514815 0.326562 0.514815 0.326042 0.515741 0.325521 0.515741 0.325000 0.516667 0.324479 0.516667 0.323437 0.518519 0.322917 0.518519 0.322396 0.519444 0.321875 0.519444 0.321354 0.520370 0.320833 0.520370 0.320312 0.521296 0.319792 0.521296 0.319271 0.522222 0.318750 0.522222 0.318229 0.523148 0.317708 0.523148 0.317188 0.524074 0.316667 0.524074 0.316146 0.525000 0.315625 0.525000 0.314583 0.526852 0.314063 0.526852 0.313542 0.527778 0.313021 0.527778 0.312500 0.528704 0.311979 0.528704 0.311458 0.529630 0.310937 0.529630 0.310417 0.530556 0.309896 0.530556 0.309375 0.531481 0.308854 0.531481 0.308333 0.532407 0.307812 0.532407 0.307292 0.533333 0.306771 0.533333 0.305729 0.535185 0.305208 0.535185 0.304688 0.536111 0.304167 0.536111 0.303646 0.537037 0.303125 0.537037 0.302604 0.537963 0.302083 0.537963 0.301563 0.538889 0.300000 0.538889 0.298438 0.536111 0.298438 0.532407 0.295833 0.532407 0.286979 0.516667 0.286979 0.515741 0.280729 0.504630 0.280729 0.503704 0.280208 0.503704 0.276562 0.497222 0.276562 0.496296
0 0.303125 0.494907 0.081250 0.075000 0.341146 0.457407 0.340625 0.458333 0.340104 0.458333 0.339583 0.459259 0.339062 0.459259 0.338542 0.460185 0.338021 0.460185 0.337500 0.461111 0.336979 0.461111 0.336458 0.462037 0.335938 0.462037 0.335417 0.462963 0.334375 0.462963 0.333854 0.463889 0.333333 0.463889 0.332813 0.464815 0.332292 0.464815 0.331771 0.465741 0.331250 0.465741 0.330729 0.466667 0.330208 0.466667 0.329688 0.467593 0.329167 0.467593 0.328646 0.468519 0.327604 0.468519 0.327083 0.469444 0.326562 0.469444 0.326042 0.470370 0.325521 0.470370 0.310417 0.497222 0.309896 0.497222 0.309375 0.498148 0.308854 0.498148 0.308333 0.499074 0.307812 0.499074 0.307292 0.498148 0.306771 0.498148 0.306250 0.497222 0.306250 0.496296 0.305729 0.495370 0.305208 0.495370 0.304688 0.496296 0.304167 0.496296 0.303646 0.497222 0.303125 0.497222 0.302604 0.498148 0.302083 0.498148 0.301563 0.499074 0.301042 0.499074 0.300521 0.500000 0.300000 0.500000 0.299479 0.500926 0.298958 0.500926 0.298438 0.501852 0.297917 0.501852 0.297396 0.502778 0.296354 0.502778 0.295833 0.503704 0.295312 0.503704 0.294792 0.504630 0.294271 0.504630 0.293750 0.505556 0.293229 0.505556 0.292708 0.506481 0.292187 0.506481 0.291667 0.507407 0.291146 0.507407 0.290625 0.508333 0.290104 0.508333 0.289583 0.509259 0.289062 0.509259 0.288542 0.510185 0.286979 0.510185 0.285938 0.508333 0.285417 0.508333 0.283333 0.504630 0.283333 0.503704 0.276562 0.491667 0.276562 0.490741 0.269792 0.478704 0.269792 0.477778 0.263542 0.466667 0.263542 0.465741 0.263021 0.464815 0.263021 0.465741 0.262500 0.466667 0.262500 0.467593 0.263021 0.468519 0.263021 0.469444 0.264062 0.471296 0.264062 0.472222 0.268750 0.480556 0.268750 0.481481 0.275000 0.492593 0.275000 0.493519 0.281250 0.504630 0.281250 0.505556 0.287500 0.516667 0.287500 0.517593 0.295833 0.532407 0.297396 0.532407 0.297917 0.531481 0.298438 0.531481 0.307812 0.514815 0.307812 0.513889 0.329167 0.475926 0.329688 0.475926 0.330208 0.475000 0.330729 0.475000 0.331250 0.474074 0.331771 0.474074 0.332292 0.473148 0.332813 0.473148 0.332813 0.470370 0.333333 0.469444 0.333333 0.468519 0.333854 0.467593 0.334375 0.467593 0.334896 0.466667 0.335938 0.466667 0.336458 0.465741 0.336979 0.465741 0.337500 0.464815 0.338021 0.464815 0.338542 0.463889 0.339062 0.463889 0.339583 0.462963 0.340104 0.462963 0.340625 0.462037 0.341146 0.462037 0.341667 0.461111 0.342708 0.461111 0.343229 0.460185 0.343750 0.460185 0.343750 0.459259 0.342708 0.457407
0 0.297656 0.468056 0.089063 0.082407 0.338542 0.429630 0.338021 0.430556 0.336979 0.430556 0.336458 0.431481 0.335938 0.431481 0.335417 0.432407 0.334375 0.432407 0.333854 0.433333 0.333333 0.433333 0.332813 0.434259 0.332292 0.434259 0.331771 0.435185 0.330729 0.435185 0.330208 0.436111 0.329688 0.436111 0.329167 0.437037 0.328125 0.437037 0.327604 0.437963 0.327083 0.437963 0.326562 0.438889 0.326042 0.438889 0.325521 0.439815 0.324479 0.439815 0.323958 0.440741 0.323437 0.440741 0.322917 0.441667 0.321875 0.441667 0.321354 0.442593 0.320833 0.442593 0.320312 0.443519 0.319792 0.443519 0.319271 0.444444 0.318229 0.444444 0.317708 0.445370 0.317188 0.445370 0.316667 0.446296 0.316146 0.446296 0.310417 0.456481 0.310417 0.457407 0.304688 0.467593 0.304167 0.467593 0.303646 0.468519 0.303125 0.468519 0.302604 0.469444 0.302083 0.469444 0.301563 0.470370 0.300521 0.470370 0.300000 0.471296 0.299479 0.471296 0.298958 0.472222 0.298438 0.472222 0.297917 0.473148 0.296875 0.473148 0.296354 0.474074 0.295833 0.474074 0.295312 0.475000 0.294792 0.475000 0.294271 0.475926 0.293229 0.475926 0.292708 0.476852 0.292187 0.476852 0.291667 0.477778 0.291146 0.477778 0.290625 0.478704 0.290104 0.478704 0.289583 0.479630 0.286979 0.479630 0.279687 0.466667 0.279687 0.465741 0.272917 0.453704 0.272917 0.452778 0.265625 0.439815 0.265625 0.438889 0.263021 0.434259 0.262500 0.435185 0.261458 0.435185 0.260937 0.436111 0.259896 0.436111 0.259375 0.437037 0.258854 0.437037 0.258333 0.437963 0.257292 0.437963 0.256771 0.438889 0.255729 0.438889 0.255208 0.439815 0.254167 0.439815 0.253125 0.441667 0.253125 0.444444 0.254167 0.446296 0.254167 0.447222 0.257292 0.452778 0.257292 0.453704 0.264062 0.465741 0.264062 0.466667 0.270313 0.477778 0.270313 0.478704 0.277083 0.490741 0.277083 0.491667 0.283854 0.503704 0.283854 0.504630 0.285417 0.507407 0.285938 0.507407 0.286979 0.509259 0.288542 0.509259 0.289062 0.508333 0.289583 0.508333 0.290104 0.507407 0.290625 0.507407 0.291146 0.506481 0.291667 0.506481 0.292187 0.505556 0.292708 0.505556 0.293229 0.504630 0.293750 0.504630 0.294271 0.503704 0.294792 0.503704 0.295312 0.502778 0.295833 0.502778 0.296354 0.501852 0.297396 0.501852 0.297917 0.500926 0.298438 0.500926 0.298958 0.500000 0.299479 0.500000 0.300000 0.499074 0.300521 0.499074 0.301042 0.498148 0.301563 0.498148 0.302083 0.497222 0.302604 0.497222 0.303125 0.496296 0.303646 0.496296 0.304167 0.495370 0.304688 0.495370 0.305208 0.494444 0.305729 0.494444 0.305729 0.491667 0.307292 0.488889 0.307292 0.487963 0.321354 0.462963 0.321354 0.462037 0.336458 0.435185 0.336979 0.435185 0.337500 0.434259 0.338021 0.434259 0.338021 0.433333 0.337500 0.432407 0.338021 0.431481 0.338021 0.430556
0 0.292969 0.442593 0.077604 0.072222 0.330208 0.406481 0.329688 0.407407 0.328646 0.407407 0.328125 0.408333 0.327604 0.408333 0.327083 0.409259 0.326042 0.409259 0.325521 0.410185 0.324479 0.410185 0.323958 0.411111 0.323437 0.411111 0.322917 0.412037 0.321875 0.412037 0.321354 0.412963 0.320312 0.412963 0.319792 0.413889 0.319271 0.413889 0.318750 0.414815 0.317708 0.414815 0.317188 0.415741 0.316667 0.415741 0.307812 0.431481 0.307812 0.432407 0.303125 0.440741 0.302604 0.440741 0.302083 0.441667 0.301042 0.441667 0.300521 0.442593 0.300000 0.442593 0.299479 0.443519 0.298438 0.443519 0.297917 0.444444 0.297396 0.444444 0.296875 0.445370 0.295833 0.445370 0.295312 0.446296 0.294792 0.446296 0.294271 0.447222 0.293229 0.447222 0.292708 0.448148 0.292187 0.448148 0.291667 0.449074 0.290625 0.449074 0.290104 0.450000 0.289062 0.450000 0.288542 0.450926 0.288021 0.450926 0.287500 0.451852 0.286458 0.451852 0.285938 0.452778 0.285417 0.452778 0.284896 0.453704 0.283854 0.453704 0.283333 0.454630 0.282813 0.454630 0.282292 0.455556 0.281250 0.455556 0.280729 0.456481 0.280208 0.456481 0.279687 0.455556 0.279167 0.455556 0.269271 0.437963 0.269271 0.437037 0.260417 0.421296 0.260417 0.420370 0.255208 0.411111 0.254688 0.411111 0.254167 0.412037 0.254167 0.415741 0.254688 0.416667 0.254688 0.417593 0.258854 0.425000 0.258854 0.425926 0.266146 0.438889 0.266146 0.439815 0.273438 0.452778 0.273438 0.453704 0.280208 0.465741 0.280208 0.466667 0.286979 0.478704 0.289583 0.478704 0.290104 0.477778 0.290625 0.477778 0.291146 0.476852 0.291667 0.476852 0.292187 0.475926 0.292708 0.475926 0.293229 0.475000 0.294271 0.475000 0.294792 0.474074 0.295312 0.474074 0.295833 0.473148 0.296354 0.473148 0.296875 0.472222 0.297917 0.472222 0.298438 0.471296 0.298958 0.471296 0.299479 0.470370 0.300000 0.470370 0.300521 0.469444 0.301563 0.469444 0.302083 0.468519 0.302604 0.468519 0.303125 0.467593 0.303646 0.467593 0.304167 0.466667 0.304688 0.466667 0.305208 0.465741 0.304688 0.465741 0.304167 0.464815 0.304167 0.463889 0.303646 0.462963 0.303646 0.459259 0.305208 0.456481 0.305208 0.455556 0.315104 0.437963 0.315104 0.437037 0.326042 0.417593 0.326042 0.416667 0.331771 0.406481
0 0.293750 0.399537 0.095833 0.112037 0.331771 0.343519 0.331250 0.344444 0.329688 0.344444 0.329167 0.345370 0.328125 0.345370 0.327604 0.346296 0.326042 0.346296 0.325521 0.347222 0.324479 0.347222 0.323958 0.348148 0.322396 0.348148 0.321875 0.349074 0.320833 0.349074 0.320312 0.350000 0.318750 0.350000 0.318229 0.350926 0.317188 0.350926 0.316667 0.351852 0.315104 0.351852 0.314583 0.352778 0.313542 0.352778 0.313021 0.353704 0.311458 0.353704 0.310937 0.354630 0.309896 0.354630 0.309375 0.355556 0.307812 0.355556 0.307292 0.356481 0.306250 0.356481 0.305729 0.357407 0.304167 0.357407 0.303646 0.358333 0.302604 0.358333 0.302083 0.359259 0.300521 0.359259 0.300000 0.360185 0.298958 0.360185 0.298438 0.361111 0.296875 0.361111 0.296354 0.362037 0.295312 0.362037 0.294792 0.362963 0.293229 0.362963 0.292708 0.363889 0.291667 0.363889 0.291146 0.364815 0.289583 0.364815 0.289062 0.365741 0.288021 0.365741 0.287500 0.366667 0.285938 0.366667 0.285417 0.367593 0.284375 0.367593 0.283854 0.368519 0.282292 0.368519 0.281771 0.369444 0.280729 0.369444 0.280208 0.370370 0.278646 0.370370 0.278125 0.371296 0.277083 0.371296 0.276562 0.372222 0.275000 0.372222 0.274479 0.373148 0.273438 0.373148 0.272917 0.374074 0.271354 0.374074 0.270833 0.375000 0.269792 0.375000 0.269271 0.375926 0.267708 0.375926 0.267188 0.376852 0.266146 0.376852 0.265625 0.377778 0.264062 0.377778 0.263542 0.378704 0.262500 0.378704 0.261979 0.379630 0.260417 0.379630 0.259896 0.380556 0.258854 0.380556 0.258333 0.381481 0.256771 0.381481 0.256250 0.382407 0.255208 0.382407 0.254688 0.383333 0.253125 0.383333 0.252604 0.384259 0.251563 0.384259 0.251042 0.385185 0.249479 0.385185 0.248958 0.386111 0.247917 0.386111 0.247396 0.387037 0.246354 0.387037 0.245833 0.387963 0.245833 0.391667 0.246875 0.393519 0.246875 0.394444 0.252604 0.404630 0.252604 0.405556 0.260937 0.420370 0.260937 0.421296 0.269792 0.437037 0.269792 0.437963 0.279167 0.454630 0.279687 0.454630 0.280208 0.455556 0.280729 0.455556 0.281250 0.454630 0.282292 0.454630 0.282813 0.453704 0.283333 0.453704 0.283854 0.452778 0.284896 0.452778 0.285417 0.451852 0.285938 0.451852 0.286458 0.450926 0.287500 0.450926 0.288021 0.450000 0.288542 0.450000 0.289062 0.449074 0.290104 0.449074 0.290625 0.448148 0.291667 0.448148 0.292187 0.447222 0.292708 0.447222 0.293229 0.446296 0.294271 0.446296 0.294792 0.445370 0.295312 0.445370 0.295833 0.444444 0.296875 0.444444 0.297396 0.443519 0.297917 0.443519 0.298438 0.442593 0.299479 0.442593 0.300000 0.441667 0.300521 0.441667 0.301042 0.440741 0.302083 0.440741 0.302604 0.439815 0.303125 0.439815 0.307292 0.432407 0.307292 0.431481 0.306771 0.431481 0.305208 0.428704 0.305208 0.427778 0.304688 0.426852 0.304688 0.425000 0.305208 0.424074 0.305208 0.423148 0.308333 0.417593 0.308333 0.416667 0.316667 0.401852 0.316667 0.400926 0.325000 0.386111 0.325000 0.385185 0.336458 0.364815 0.337500 0.364815 0.336979 0.363889 0.336979 0.362037 0.338542 0.359259 0.339062 0.359259 0.339583 0.358333 0.340625 0.358333 0.341146 0.357407 0.341667 0.357407 0.340104 0.354630 0.340104 0.353704 0.334896 0.344444 0.334375 0.344444 0.333854 0.343519
0 0.401562 0.375463 0.128125 0.110185 0.409896 0.320370 0.409375 0.321296 0.408333 0.321296 0.407813 0.322222 0.406771 0.322222 0.406250 0.323148 0.405208 0.323148 0.404687 0.324074 0.403125 0.324074 0.402604 0.325000 0.401562 0.325000 0.401042 0.325926 0.400000 0.325926 0.399479 0.326852 0.398438 0.326852 0.397917 0.327778 0.396354 0.327778 0.395833 0.328704 0.394792 0.328704 0.394271 0.329630 0.393229 0.329630 0.392708 0.330556 0.391667 0.330556 0.391146 0.331481 0.390104 0.331481 0.389583 0.332407 0.388021 0.332407 0.387500 0.333333 0.386458 0.333333 0.385937 0.334259 0.384896 0.334259 0.384375 0.335185 0.383333 0.335185 0.382812 0.336111 0.381771 0.336111 0.381250 0.337037 0.379688 0.337037 0.379167 0.337963 0.378125 0.337963 0.377604 0.338889 0.376563 0.338889 0.376042 0.339815 0.375000 0.339815 0.374479 0.340741 0.372917 0.340741 0.372396 0.341667 0.371354 0.341667 0.370833 0.342593 0.369792 0.342593 0.369271 0.343519 0.368229 0.343519 0.367708 0.344444 0.366667 0.344444 0.366146 0.345370 0.364583 0.345370 0.364063 0.346296 0.363021 0.346296 0.362500 0.347222 0.361458 0.347222 0.360938 0.348148 0.359896 0.348148 0.359375 0.349074 0.358333 0.349074 0.357812 0.350000 0.356250 0.350000 0.355729 0.350926 0.354687 0.350926 0.354167 0.351852 0.353125 0.351852 0.352604 0.352778 0.351562 0.352778 0.351042 0.353704 0.349479 0.353704 0.348958 0.354630 0.347917 0.354630 0.347396 0.355556 0.346354 0.355556 0.345833 0.356481 0.344792 0.356481 0.344271 0.357407 0.343229 0.357407 0.342708 0.358333 0.341146 0.358333 0.340625 0.359259 0.339583 0.359259 0.339062 0.360185 0.338542 0.360185 0.337500 0.362037 0.337500 0.363889 0.338021 0.364815 0.338021 0.365741 0.339583 0.368519 0.339583 0.369444 0.345313 0.379630 0.345313 0.380556 0.352604 0.393519 0.352604 0.394444 0.359896 0.407407 0.359896 0.408333 0.366667 0.420370 0.366667 0.421296 0.371354 0.429630 0.371875 0.429630 0.372396 0.430556 0.372917 0.430556 0.373437 0.429630 0.374479 0.429630 0.375000 0.428704 0.375521 0.428704 0.376042 0.427778 0.376563 0.427778 0.377083 0.426852 0.377604 0.426852 0.378125 0.425926 0.378646 0.425926 0.379167 0.425000 0.380208 0.425000 0.383854 0.418519 0.383854 0.417593 0.409375 0.372222 0.409896 0.372222 0.410417 0.371296 0.410938 0.371296 0.409896 0.369444 0.409896 0.368519 0.409375 0.367593 0.409375 0.364815 0.409896 0.363889 0.409896 0.362963 0.410417 0.362037 0.410938 0.362037 0.411458 0.361111 0.412500 0.361111 0.413021 0.360185 0.414062 0.360185 0.414583 0.359259 0.415104 0.359259 0.415625 0.358333 0.416667 0.358333 0.417187 0.357407 0.417708 0.357407 0.418229 0.356481 0.419271 0.356481 0.419792 0.355556 0.420312 0.355556 0.420833 0.354630 0.421875 0.354630 0.422396 0.353704 0.423438 0.353704 0.423958 0.352778 0.424479 0.352778 0.425000 0.351852 0.426042 0.351852 0.426563 0.350926 0.427083 0.350926 0.427604 0.350000 0.428646 0.350000 0.429167 0.349074 0.430208 0.349074 0.430729 0.348148 0.431250 0.348148 0.431771 0.347222 0.432812 0.347222 0.433333 0.346296 0.433854 0.346296 0.434375 0.345370 0.435417 0.345370 0.435937 0.344444 0.436458 0.344444 0.436979 0.343519 0.438021 0.343519 0.438542 0.342593 0.439583 0.342593 0.440104 0.341667 0.440625 0.341667 0.441146 0.340741 0.442188 0.340741 0.442708 0.339815 0.443229 0.339815 0.443750 0.338889 0.444792 0.338889 0.445312 0.337963 0.446354 0.337963 0.446875 0.337037 0.447396 0.337037 0.447917 0.336111 0.448958 0.336111 0.449479 0.335185 0.450000 0.335185 0.450521 0.334259 0.451562 0.334259 0.452083 0.333333 0.452604 0.333333 0.453125 0.332407 0.454167 0.332407 0.454688 0.331481 0.455729 0.331481 0.456250 0.330556 0.456771 0.330556 0.457292 0.329630 0.458333 0.329630 0.458854 0.328704 0.459375 0.328704 0.459896 0.327778 0.460938 0.327778 0.461458 0.326852 0.462500 0.326852 0.463021 0.325926 0.463542 0.325926 0.464062 0.325000 0.465104 0.325000 0.465625 0.324074 0.465104 0.324074 0.464583 0.323148 0.464062 0.323148 0.463542 0.324074 0.462500 0.324074 0.461979 0.325000 0.461458 0.325000 0.460938 0.325926 0.459896 0.325926 0.459375 0.326852 0.458333 0.326852 0.457813 0.327778 0.457292 0.327778 0.456771 0.328704 0.455729 0.328704 0.455208 0.329630 0.454167 0.329630 0.453646 0.330556 0.453125 0.330556 0.452604 0.331481 0.451562 0.331481 0.451042 0.332407 0.450521 0.332407 0.450000 0.333333 0.448958 0.333333 0.448437 0.334259 0.447396 0.334259 0.446875 0.335185 0.446354 0.335185 0.445833 0.336111 0.444792 0.336111 0.444271 0.337037 0.443229 0.337037 0.442708 0.337963 0.442188 0.337963 0.441667 0.338889 0.440625 0.338889 0.440104 0.339815 0.439063 0.339815 0.438542 0.340741 0.438021 0.340741 0.437500 0.341667 0.436458 0.341667 0.435937 0.342593 0.435417 0.342593 0.434896 0.343519 0.433854 0.343519 0.433333 0.344444 0.432292 0.344444 0.431771 0.345370 0.431250 0.345370 0.430729 0.346296 0.429688 0.346296 0.429167 0.347222 0.428125 0.347222 0.427604 0.348148 0.427083 0.348148 0.426563 0.349074 0.421354 0.339815 0.421354 0.338889 0.411458 0.321296 0.410938 0.321296 0.410417 0.320370
0 0.469010 0.378241 0.118229 0.112037 0.469271 0.322222 0.468750 0.323148 0.468229 0.323148 0.467708 0.324074 0.466667 0.324074 0.466146 0.325000 0.465625 0.325000 0.465104 0.325926 0.464062 0.325926 0.463542 0.326852 0.463021 0.326852 0.462500 0.327778 0.461458 0.327778 0.460938 0.328704 0.459896 0.328704 0.459375 0.329630 0.458854 0.329630 0.458333 0.330556 0.457292 0.330556 0.456771 0.331481 0.456250 0.331481 0.455729 0.332407 0.454688 0.332407 0.454167 0.333333 0.453125 0.333333 0.452604 0.334259 0.452083 0.334259 0.451562 0.335185 0.450521 0.335185 0.450000 0.336111 0.449479 0.336111 0.448958 0.337037 0.447917 0.337037 0.447396 0.337963 0.446875 0.337963 0.446354 0.338889 0.445312 0.338889 0.444792 0.339815 0.443750 0.339815 0.443229 0.340741 0.442708 0.340741 0.442188 0.341667 0.441146 0.341667 0.440625 0.342593 0.440104 0.342593 0.439583 0.343519 0.438542 0.343519 0.438021 0.344444 0.436979 0.344444 0.436458 0.345370 0.435937 0.345370 0.435417 0.346296 0.434375 0.346296 0.433854 0.347222 0.433333 0.347222 0.432812 0.348148 0.431771 0.348148 0.431250 0.349074 0.430729 0.349074 0.430208 0.350000 0.429167 0.350000 0.428646 0.350926 0.427604 0.350926 0.427083 0.351852 0.426563 0.351852 0.426042 0.352778 0.425000 0.352778 0.424479 0.353704 0.423958 0.353704 0.423438 0.354630 0.422396 0.354630 0.421875 0.355556 0.420833 0.355556 0.420312 0.356481 0.419792 0.356481 0.419271 0.357407 0.418229 0.357407 0.417708 0.358333 0.417187 0.358333 0.416667 0.359259 0.415625 0.359259 0.415104 0.360185 0.414583 0.360185 0.414062 0.361111 0.413021 0.361111 0.412500 0.362037 0.411458 0.362037 0.410938 0.362963 0.410417 0.362963 0.410417 0.363889 0.409896 0.364815 0.409896 0.367593 0.410417 0.368519 0.410417 0.369444 0.414062 0.375926 0.414062 0.376852 0.421354 0.389815 0.421354 0.390741 0.429167 0.404630 0.429167 0.405556 0.436458 0.418519 0.436458 0.419444 0.444792 0.434259 0.446875 0.434259 0.447917 0.432407 0.448437 0.432407 0.448958 0.431481 0.449479 0.431481 0.450000 0.430556 0.450521 0.430556 0.451562 0.428704 0.452083 0.428704 0.465104 0.405556 0.465625 0.405556 0.482812 0.375000 0.483333 0.375000 0.483854 0.374074 0.484375 0.374074 0.484896 0.373148 0.485417 0.373148 0.486458 0.371296 0.486979 0.371296 0.487500 0.370370 0.488021 0.370370 0.488542 0.369444 0.489063 0.369444 0.489583 0.368519 0.490104 0.368519 0.490625 0.367593 0.491146 0.367593 0.491667 0.366667 0.492188 0.366667 0.492708 0.365741 0.493229 0.365741 0.494271 0.363889 0.494792 0.363889 0.495312 0.362963 0.495833 0.362963 0.496354 0.362037 0.496875 0.362037 0.497396 0.361111 0.497917 0.361111 0.498437 0.360185 0.498958 0.360185 0.499479 0.359259 0.500000 0.359259 0.500521 0.358333 0.501042 0.358333 0.501563 0.357407 0.502083 0.357407 0.503125 0.355556 0.503646 0.355556 0.504167 0.354630 0.504687 0.354630 0.505208 0.353704 0.505729 0.353704 0.506250 0.352778 0.506771 0.352778 0.507292 0.351852 0.507812 0.351852 0.508333 0.350926 0.508854 0.350926 0.509375 0.350000 0.509896 0.350000 0.510938 0.348148 0.511458 0.348148 0.511979 0.347222 0.512500 0.347222 0.513021 0.346296 0.513542 0.346296 0.514062 0.345370 0.514583 0.345370 0.515104 0.344444 0.515625 0.344444 0.516146 0.343519 0.516667 0.343519 0.517188 0.342593 0.517708 0.342593 0.518229 0.341667 0.518750 0.341667 0.519792 0.339815 0.520312 0.339815 0.520833 0.338889 0.521354 0.338889 0.521875 0.337963 0.522396 0.337963 0.522917 0.337037 0.523438 0.337037 0.523958 0.336111 0.524479 0.336111 0.525000 0.335185 0.525521 0.335185 0.526563 0.333333 0.526563 0.332407 0.528125 0.329630 0.528125 0.326852 0.527083 0.325000 0.525521 0.325000 0.525000 0.325926 0.524479 0.325926 0.523958 0.326852 0.523438 0.326852 0.522917 0.327778 0.522396 0.327778 0.521875 0.328704 0.521354 0.328704 0.520833 0.329630 0.520312 0.329630 0.519792 0.330556 0.519271 0.330556 0.518750 0.331481 0.518229 0.331481 0.517708 0.332407 0.517188 0.332407 0.516667 0.333333 0.516146 0.333333 0.515625 0.334259 0.515104 0.334259 0.514583 0.335185 0.514062 0.335185 0.513542 0.336111 0.513021 0.336111 0.512500 0.337037 0.511979 0.337037 0.511458 0.337963 0.510938 0.337963 0.510417 0.338889 0.509896 0.338889 0.509375 0.339815 0.508854 0.339815 0.508333 0.340741 0.507812 0.340741 0.507292 0.341667 0.506771 0.341667 0.506250 0.342593 0.505729 0.342593 0.505208 0.343519 0.504687 0.343519 0.504167 0.344444 0.503646 0.344444 0.503125 0.345370 0.502604 0.345370 0.502083 0.346296 0.501563 0.346296 0.501042 0.347222 0.500521 0.347222 0.500000 0.348148 0.499479 0.348148 0.498958 0.349074 0.498437 0.349074 0.497917 0.350000 0.497396 0.350000 0.496875 0.350926 0.496354 0.350926 0.495833 0.351852 0.495312 0.351852 0.494792 0.352778 0.494271 0.352778 0.493750 0.353704 0.493229 0.353704 0.492708 0.354630 0.492188 0.354630 0.491667 0.355556 0.491146 0.355556 0.490625 0.356481 0.490104 0.356481 0.480208 0.338889 0.480208 0.337963 0.471354 0.322222
0 0.542708 0.392593 0.108333 0.120370 0.535417 0.332407 0.534896 0.333333 0.534375 0.333333 0.533854 0.334259 0.533333 0.334259 0.532813 0.335185 0.532292 0.335185 0.531250 0.337037 0.530729 0.337037 0.530208 0.337963 0.529687 0.337963 0.529167 0.338889 0.528646 0.338889 0.528125 0.339815 0.527604 0.339815 0.526563 0.341667 0.526042 0.341667 0.525521 0.342593 0.525000 0.342593 0.524479 0.343519 0.523958 0.343519 0.522917 0.345370 0.522396 0.345370 0.521875 0.346296 0.521354 0.346296 0.520833 0.347222 0.520312 0.347222 0.519271 0.349074 0.518750 0.349074 0.518229 0.350000 0.517708 0.350000 0.517188 0.350926 0.516667 0.350926 0.516146 0.351852 0.515625 0.351852 0.514583 0.353704 0.514062 0.353704 0.513542 0.354630 0.513021 0.354630 0.512500 0.355556 0.511979 0.355556 0.510938 0.357407 0.510417 0.357407 0.509896 0.358333 0.509375 0.358333 0.508854 0.359259 0.508333 0.359259 0.507292 0.361111 0.506771 0.361111 0.506250 0.362037 0.505729 0.362037 0.505208 0.362963 0.504687 0.362963 0.504167 0.363889 0.503646 0.363889 0.502604 0.365741 0.502083 0.365741 0.501563 0.366667 0.501042 0.366667 0.500521 0.367593 0.500000 0.367593 0.498958 0.369444 0.498437 0.369444 0.497917 0.370370 0.497396 0.370370 0.496875 0.371296 0.496354 0.371296 0.495312 0.373148 0.494792 0.373148 0.494271 0.374074 0.493750 0.374074 0.493229 0.375000 0.492708 0.375000 0.492188 0.375926 0.491667 0.375926 0.490625 0.377778 0.490104 0.377778 0.489583 0.378704 0.489063 0.378704 0.489063 0.379630 0.488542 0.380556 0.488542 0.383333 0.489063 0.384259 0.489063 0.385185 0.492708 0.391667 0.492708 0.392593 0.500521 0.406481 0.500521 0.407407 0.508333 0.421296 0.508333 0.422222 0.516667 0.437037 0.516667 0.437963 0.525000 0.452778 0.527604 0.452778 0.530208 0.448148 0.530729 0.448148 0.534896 0.440741 0.535417 0.440741 0.539062 0.434259 0.539583 0.434259 0.543750 0.426852 0.544271 0.426852 0.548438 0.419444 0.548958 0.419444 0.553125 0.412037 0.553646 0.412037 0.557813 0.404630 0.558333 0.404630 0.561979 0.398148 0.562500 0.398148 0.566667 0.390741 0.567187 0.390741 0.574479 0.377778 0.575000 0.377778 0.583333 0.362963 0.583854 0.362963 0.592708 0.347222 0.593229 0.347222 0.595833 0.342593 0.595833 0.341667 0.596875 0.339815 0.596875 0.337963 0.595313 0.335185 0.594271 0.335185 0.592708 0.337963 0.592187 0.337963 0.589583 0.342593 0.589063 0.342593 0.586458 0.347222 0.585938 0.347222 0.583854 0.350926 0.583333 0.350926 0.580729 0.355556 0.580208 0.355556 0.577604 0.360185 0.577083 0.360185 0.574479 0.364815 0.573958 0.364815 0.571354 0.369444 0.570833 0.369444 0.568229 0.374074 0.567708 0.374074 0.565625 0.377778 0.564063 0.377778 0.563542 0.376852 0.562500 0.376852 0.561458 0.375000 0.560937 0.375000 0.559896 0.373148 0.559375 0.373148 0.542188 0.342593 0.542188 0.341667 0.538021 0.334259 0.537500 0.334259 0.536458 0.332407
0 0.630208 0.395370 0.091667 0.122222 0.613021 0.334259 0.610938 0.337963 0.610417 0.337963 0.594271 0.366667 0.593750 0.366667 0.584375 0.383333 0.584375 0.386111 0.584896 0.387037 0.584896 0.387963 0.587500 0.392593 0.587500 0.393519 0.595313 0.407407 0.595313 0.408333 0.603646 0.423148 0.603646 0.424074 0.611979 0.438889 0.611979 0.439815 0.621354 0.456481 0.623437 0.456481 0.623958 0.455556 0.624479 0.455556 0.626563 0.451852 0.627083 0.451852 0.631250 0.444444 0.631771 0.444444 0.636458 0.436111 0.636979 0.436111 0.641667 0.427778 0.642188 0.427778 0.646875 0.419444 0.647396 0.419444 0.652083 0.411111 0.652604 0.411111 0.657292 0.402778 0.657813 0.402778 0.663542 0.392593 0.663542 0.391667 0.664062 0.390741 0.664062 0.389815 0.664583 0.388889 0.664583 0.387963 0.665104 0.387037 0.665104 0.385185 0.665625 0.384259 0.665625 0.383333 0.666146 0.382407 0.666146 0.381481 0.666667 0.380556 0.666667 0.379630 0.667188 0.378704 0.667188 0.376852 0.667708 0.375926 0.667708 0.375000 0.668229 0.374074 0.668229 0.373148 0.668750 0.372222 0.668750 0.370370 0.669271 0.369444 0.669271 0.368519 0.669792 0.367593 0.669792 0.366667 0.670312 0.365741 0.670312 0.364815 0.670833 0.363889 0.670833 0.362037 0.671354 0.361111 0.671354 0.360185 0.671875 0.359259 0.671875 0.358333 0.672396 0.357407 0.672396 0.355556 0.672917 0.354630 0.672917 0.353704 0.673438 0.352778 0.673438 0.351852 0.673958 0.350926 0.673958 0.350000 0.674479 0.349074 0.674479 0.347222 0.675000 0.346296 0.675000 0.345370 0.675521 0.344444 0.675521 0.343519 0.676042 0.342593 0.676042 0.338889 0.675000 0.337037 0.673438 0.337037 0.671354 0.340741 0.670833 0.340741 0.665625 0.350000 0.665104 0.350000 0.660937 0.357407 0.660417 0.357407 0.656771 0.363889 0.656250 0.363889 0.653646 0.368519 0.653125 0.368519 0.651042 0.372222 0.650521 0.372222 0.648958 0.375000 0.648438 0.375000 0.647396 0.376852 0.646875 0.376852 0.646354 0.377778 0.645833 0.377778 0.645312 0.378704 0.644792 0.378704 0.644271 0.379630 0.641667 0.379630 0.641146 0.378704 0.640625 0.378704 0.640104 0.377778 0.639583 0.377778 0.638542 0.375926 0.638021 0.375926 0.634375 0.369444 0.633854 0.369444 0.625521 0.354630 0.625521 0.353704 0.614583 0.334259
0 0.376042 0.536111 0.077083 0.068519 0.413021 0.505556 0.412500 0.506481 0.411979 0.506481 0.410938 0.508333 0.410417 0.508333 0.409896 0.509259 0.410417 0.508333 0.410938 0.508333 0.411979 0.506481 0.412500 0.506481
0 0.444792 0.545833 0.093750 0.089815 0.484375 0.500926 0.483333 0.502778 0.482812 0.502778 0.480208 0.507407 0.479687 0.507407 0.477083 0.512037 0.476562 0.512037 0.473958 0.516667 0.473438 0.516667 0.471354 0.520370 0.470833 0.520370 0.468229 0.525000 0.467708 0.525000 0.465104 0.529630 0.464583 0.529630 0.462500 0.533333 0.461979 0.533333 0.459375 0.537963 0.458854 0.537963 0.456250 0.542593 0.455729 0.542593 0.453646 0.546296 0.453125 0.546296 0.452604 0.547222 0.451562 0.547222 0.451042 0.546296 0.450521 0.546296 0.449479 0.548148 0.448958 0.548148 0.446875 0.551852 0.446354 0.551852 0.444271 0.555556 0.442188 0.555556 0.441667 0.554630 0.441146 0.554630 0.437500 0.548148 0.437500 0.547222 0.434375 0.541667 0.434375 0.540741 0.431250 0.535185 0.431250 0.534259 0.427083 0.526852 0.427083 0.525926 0.422396 0.517593 0.422396 0.516667 0.416667 0.506481 0.416146 0.506481 0.415104 0.504630 0.414583 0.504630 0.414062 0.505556 0.413542 0.505556 0.412500 0.507407 0.411979 0.507407 0.410938 0.509259 0.410417 0.509259 0.409896 0.510185 0.409375 0.510185 0.408333 0.512037 0.407813 0.512037 0.406771 0.513889 0.406250 0.513889 0.405208 0.515741 0.404687 0.515741 0.403646 0.517593 0.403125 0.517593 0.402604 0.518519 0.402083 0.518519 0.401042 0.520370 0.400521 0.520370 0.399479 0.522222 0.398958 0.522222 0.397917 0.524074 0.397917 0.527778 0.398438 0.528704 0.398438 0.529630 0.403646 0.538889 0.403646 0.539815 0.413021 0.556481 0.413021 0.557407 0.422917 0.575000 0.422917 0.575926 0.430729 0.589815 0.432812 0.589815 0.433333 0.590741 0.436979 0.590741 0.438021 0.588889 0.438542 0.588889 0.442188 0.582407 0.442708 0.582407 0.445833 0.576852 0.446354 0.576852 0.450000 0.570370 0.450521 0.570370 0.453646 0.564815 0.454167 0.564815 0.457292 0.559259 0.457813 0.559259 0.461458 0.552778 0.461979 0.552778 0.465104 0.547222 0.465625 0.547222 0.469271 0.540741 0.469792 0.540741 0.472917 0.535185 0.473438 0.535185 0.476562 0.529630 0.477083 0.529630 0.480729 0.523148 0.481250 0.523148 0.484375 0.517593 0.484896 0.517593 0.488542 0.511111 0.489063 0.511111 0.491667 0.506481 0.490104 0.503704 0.489583 0.503704 0.489063 0.502778 0.488542 0.502778 0.488021 0.501852 0.487500 0.501852 0.486979 0.500926
0 0.533073 0.552315 0.082812 0.080556 0.572917 0.512037 0.572396 0.512963 0.570833 0.512963 0.570312 0.513889 0.569792 0.513889 0.569271 0.514815 0.568750 0.514815 0.567708 0.516667 0.567187 0.516667 0.565625 0.519444 0.565104 0.519444 0.563542 0.522222 0.563021 0.522222 0.560417 0.526852 0.559896 0.526852 0.557292 0.531481 0.556771 0.531481 0.553125 0.537963 0.552604 0.537963 0.548438 0.545370 0.547917 0.545370 0.542708 0.554630 0.542188 0.554630 0.539583 0.559259 0.539062 0.559259 0.538542 0.560185 0.536979 0.560185 0.535417 0.557407 0.535417 0.556481 0.534896 0.555556 0.534896 0.554630 0.535417 0.553704 0.535417 0.552778 0.536458 0.550926 0.536458 0.550000 0.539062 0.545370 0.539062 0.544444 0.541146 0.540741 0.541146 0.539815 0.543750 0.535185 0.543229 0.536111 0.542708 0.536111 0.537500 0.545370 0.536979 0.545370 0.531771 0.554630 0.531250 0.554630 0.529167 0.558333 0.528646 0.558333 0.528125 0.559259 0.526563 0.559259 0.526042 0.558333 0.525521 0.558333 0.522396 0.552778 0.521354 0.554630 0.520833 0.554630 0.520312 0.555556 0.519271 0.555556 0.518750 0.554630 0.518229 0.554630 0.511979 0.543519 0.511979 0.542593 0.505208 0.530556 0.505208 0.529630 0.496354 0.513889 0.493750 0.518519 0.493229 0.518519 0.492188 0.520370 0.492188 0.521296 0.491667 0.522222 0.491667 0.525000 0.493229 0.527778 0.493229 0.528704 0.497917 0.537037 0.497917 0.537963 0.504687 0.550000 0.504687 0.550926 0.511979 0.563889 0.511979 0.564815 0.518750 0.576852 0.518750 0.577778 0.526563 0.591667 0.527083 0.591667 0.527604 0.592593 0.528125 0.592593 0.528646 0.591667 0.529167 0.591667 0.529687 0.590741 0.530208 0.590741 0.532813 0.586111 0.533333 0.586111 0.538021 0.577778 0.538542 0.577778 0.542708 0.570370 0.543229 0.570370 0.547917 0.562037 0.548438 0.562037 0.552604 0.554630 0.553125 0.554630 0.557813 0.546296 0.558333 0.546296 0.563021 0.537963 0.563542 0.537963 0.565104 0.535185 0.565104 0.534259 0.566667 0.531481 0.566667 0.530556 0.567708 0.528704 0.567708 0.527778 0.569271 0.525000 0.569271 0.524074 0.570312 0.522222 0.570312 0.521296 0.571875 0.518519 0.571875 0.517593 0.572917 0.515741 0.572917 0.514815 0.574479 0.512037
0 0.622656 0.563889 0.079687 0.075926 0.584896 0.525926 0.583854 0.527778 0.583854 0.528704 0.582812 0.530556 0.582812 0.532407 0.583333 0.533333 0.583333 0.534259 0.584375 0.536111 0.584375 0.537037 0.589063 0.545370 0.589063 0.546296 0.597396 0.561111 0.597396 0.562037 0.605729 0.576852 0.605729 0.577778 0.614062 0.592593 0.614062 0.593519 0.617708 0.600000 0.618229 0.600000 0.619271 0.601852 0.620833 0.601852 0.621354 0.600926 0.621875 0.600926 0.622917 0.599074 0.623437 0.599074 0.626042 0.594444 0.626563 0.594444 0.629687 0.588889 0.630208 0.588889 0.633333 0.583333 0.633854 0.583333 0.636979 0.577778 0.637500 0.577778 0.640625 0.572222 0.641146 0.572222 0.644271 0.566667 0.644792 0.566667 0.648438 0.560185 0.648958 0.560185 0.652083 0.554630 0.652604 0.554630 0.655729 0.549074 0.656250 0.549074 0.660417 0.541667 0.660417 0.539815 0.660937 0.538889 0.660937 0.536111 0.661458 0.535185 0.661458 0.533333 0.661979 0.532407 0.661979 0.529630 0.662500 0.528704 0.661979 0.528704 0.661458 0.529630 0.660417 0.529630 0.659896 0.530556 0.659375 0.530556 0.658854 0.531481 0.658333 0.531481 0.657292 0.533333 0.656771 0.533333 0.655729 0.535185 0.655208 0.535185 0.654167 0.537037 0.653646 0.537037 0.651563 0.540741 0.651042 0.540741 0.649479 0.543519 0.648958 0.543519 0.646875 0.547222 0.646354 0.547222 0.643750 0.551852 0.643229 0.551852 0.640104 0.557407 0.639583 0.557407 0.636979 0.562037 0.636458 0.562037 0.632812 0.568519 0.632292 0.568519 0.629167 0.574074 0.628646 0.574074 0.627083 0.576852 0.625000 0.576852 0.622917 0.573148 0.622917 0.570370 0.623437 0.569444 0.621875 0.572222 0.621354 0.572222 0.620313 0.574074 0.619792 0.574074 0.619271 0.575000 0.618229 0.575000 0.617708 0.574074 0.617188 0.574074 0.611979 0.564815 0.610417 0.567593 0.608333 0.567593 0.607812 0.566667 0.607292 0.566667 0.600000 0.553704 0.600000 0.552778
0 0.706250 0.569907 0.080208 0.078704 0.667188 0.530556 0.666667 0.531481 0.666667 0.533333 0.666146 0.534259 0.666146 0.539815 0.667188 0.541667 0.667188 0.542593 0.671875 0.550926 0.671875 0.551852 0.680208 0.566667 0.680208 0.567593 0.688542 0.582407 0.688542 0.583333 0.697396 0.599074 0.697396 0.600000 0.701562 0.607407 0.702083 0.607407 0.703125 0.609259 0.704167 0.609259 0.704688 0.608333 0.705208 0.608333 0.705729 0.607407 0.706250 0.607407 0.707812 0.604630 0.708333 0.604630 0.710417 0.600926 0.710938 0.600926 0.713542 0.596296 0.714063 0.596296 0.716146 0.592593 0.716667 0.592593 0.719271 0.587963 0.719792 0.587963 0.722396 0.583333 0.722917 0.583333 0.725521 0.578704 0.726042 0.578704 0.728646 0.574074 0.729167 0.574074 0.731250 0.570370 0.731771 0.570370 0.734375 0.565741 0.734896 0.565741 0.737500 0.561111 0.738021 0.561111 0.740625 0.556481 0.741146 0.556481 0.743750 0.551852 0.744271 0.551852 0.745833 0.549074 0.745833 0.548148 0.746354 0.547222 0.746354 0.538889 0.745833 0.537963 0.745833 0.537037 0.745313 0.537037 0.743229 0.540741 0.742708 0.540741 0.740104 0.545370 0.739583 0.545370 0.736979 0.550000 0.736458 0.550000 0.733854 0.554630 0.733333 0.554630 0.730729 0.559259 0.730208 0.559259 0.727604 0.563889 0.727083 0.563889 0.724479 0.568519 0.723958 0.568519 0.721354 0.573148 0.720833 0.573148 0.718229 0.577778 0.717708 0.577778 0.715625 0.581481 0.715104 0.581481 0.713021 0.585185 0.712500 0.585185 0.711458 0.587037 0.710938 0.587037 0.710417 0.587963 0.709375 0.587963 0.708854 0.587037 0.708333 0.587037 0.703125 0.577778 0.703125 0.578704 0.702604 0.579630 0.702604 0.582407 0.701562 0.584259 0.701042 0.584259 0.700521 0.585185 0.699479 0.585185 0.698958 0.584259 0.698438 0.584259 0.697396 0.582407 0.696875 0.582407 0.693229 0.575926 0.693229 0.575000 0.683333 0.557407 0.683333 0.556481 0.675521 0.542593 0.675000 0.542593 0.670312 0.534259 0.669792 0.534259 0.668229 0.531481 0.667708 0.531481
0 0.341927 0.510185 0.086979 0.072222 0.332292 0.474074 0.331771 0.475000 0.331250 0.475000 0.330729 0.475926 0.330208 0.475926 0.329688 0.476852 0.329167 0.476852 0.308333 0.513889 0.308333 0.514815 0.298958 0.531481 0.298958 0.532407 0.298438 0.533333 0.298438 0.536111 0.300000 0.538889 0.301042 0.538889 0.301563 0.537963 0.302083 0.537963 0.302604 0.537037 0.303125 0.537037 0.303646 0.536111 0.304167 0.536111 0.304688 0.535185 0.305208 0.535185 0.305729 0.534259 0.306250 0.534259 0.307292 0.532407 0.307812 0.532407 0.308333 0.531481 0.308854 0.531481 0.309375 0.530556 0.309896 0.530556 0.310417 0.529630 0.310937 0.529630 0.311458 0.528704 0.311979 0.528704 0.312500 0.527778 0.313021 0.527778 0.313542 0.526852 0.314063 0.526852 0.314583 0.525926 0.315104 0.525926 0.316146 0.524074 0.316667 0.524074 0.317188 0.523148 0.317708 0.523148 0.318229 0.522222 0.318750 0.522222 0.319271 0.521296 0.319792 0.521296 0.320312 0.520370 0.320833 0.520370 0.321354 0.519444 0.321875 0.519444 0.322396 0.518519 0.322917 0.518519 0.323437 0.517593 0.323958 0.517593 0.325000 0.515741 0.325521 0.515741 0.326042 0.514815 0.326562 0.514815 0.327083 0.513889 0.327604 0.513889 0.332813 0.504630 0.333333 0.504630 0.334375 0.502778 0.334896 0.502778 0.335417 0.501852 0.335938 0.501852 0.336458 0.500926 0.338021 0.500926 0.348958 0.520370 0.348958 0.521296 0.356250 0.534259 0.356250 0.535185 0.361979 0.545370 0.362500 0.545370 0.363021 0.546296 0.364583 0.546296 0.365104 0.545370 0.365625 0.545370 0.366667 0.543519 0.367188 0.543519 0.367708 0.542593 0.368229 0.542593 0.369271 0.540741 0.369792 0.540741 0.370833 0.538889 0.371354 0.538889 0.371875 0.537963 0.372396 0.537963 0.373437 0.536111 0.373958 0.536111 0.375000 0.534259 0.375521 0.534259 0.376563 0.532407 0.377083 0.532407 0.377604 0.531481 0.378125 0.531481 0.379167 0.529630 0.379688 0.529630 0.380729 0.527778 0.381250 0.527778 0.383854 0.523148 0.382812 0.525000 0.382292 0.525000 0.381771 0.525926 0.381250 0.525926 0.380208 0.527778 0.379688 0.527778 0.379167 0.528704 0.378646 0.528704 0.377604 0.530556 0.377083 0.530556 0.376042 0.532407 0.375521 0.532407 0.375000 0.533333 0.374479 0.533333 0.373437 0.535185 0.372917 0.535185 0.372396 0.536111 0.371875 0.536111 0.370833 0.537963 0.370312 0.537963 0.369271 0.539815 0.367708 0.539815 0.367188 0.538889 0.366667 0.538889 0.361979 0.530556 0.361979 0.529630 0.355729 0.518519 0.355729 0.517593 0.350000 0.507407 0.350000 0.506481 0.344271 0.496296 0.344271 0.495370 0.338542 0.485185 0.338542 0.484259 0.334375 0.476852 0.334375 0.475926 0.333333 0.474074
0 0.418750 0.518056 0.085417 0.073148 0.411458 0.481481 0.410938 0.482407 0.410417 0.482407 0.409896 0.483333 0.409375 0.483333 0.406771 0.487963 0.406250 0.487963 0.401562 0.496296 0.401042 0.496296 0.395833 0.505556 0.395313 0.505556 0.390625 0.513889 0.390104 0.513889 0.384896 0.523148 0.384375 0.523148 0.379167 0.532407 0.378646 0.532407 0.377083 0.535185 0.377083 0.536111 0.376042 0.537963 0.376042 0.538889 0.376563 0.539815 0.376563 0.540741 0.377604 0.542593 0.379167 0.542593 0.379688 0.541667 0.380208 0.541667 0.380729 0.540741 0.381250 0.540741 0.382292 0.538889 0.382812 0.538889 0.383854 0.537037 0.384375 0.537037 0.384896 0.536111 0.385417 0.536111 0.386458 0.534259 0.386979 0.534259 0.388021 0.532407 0.388542 0.532407 0.389062 0.531481 0.389583 0.531481 0.390625 0.529630 0.391146 0.529630 0.392188 0.527778 0.392708 0.527778 0.393750 0.525926 0.394271 0.525926 0.394792 0.525000 0.395313 0.525000 0.396354 0.523148 0.396875 0.523148 0.397917 0.521296 0.398438 0.521296 0.398958 0.520370 0.399479 0.520370 0.400521 0.518519 0.401042 0.518519 0.402083 0.516667 0.402604 0.516667 0.403125 0.515741 0.403646 0.515741 0.404687 0.513889 0.405208 0.513889 0.406250 0.512037 0.406771 0.512037 0.407813 0.510185 0.408333 0.510185 0.408854 0.509259 0.409375 0.509259 0.410417 0.507407 0.410938 0.507407 0.411979 0.505556 0.412500 0.505556 0.413021 0.504630 0.413542 0.504630 0.414583 0.502778 0.416146 0.505556 0.416667 0.505556 0.422917 0.516667 0.422917 0.517593 0.427604 0.525926 0.427604 0.526852 0.431771 0.534259 0.431771 0.535185 0.434896 0.540741 0.434896 0.541667 0.438021 0.547222 0.438021 0.548148 0.441146 0.553704 0.441667 0.553704 0.442188 0.554630 0.444271 0.554630 0.446354 0.550926 0.446875 0.550926 0.448958 0.547222 0.449479 0.547222 0.450521 0.545370 0.449479 0.543519 0.449479 0.539815 0.456771 0.526852 0.457292 0.526852 0.461458 0.519444 0.459375 0.523148 0.458854 0.523148 0.456771 0.526852 0.456250 0.526852 0.454688 0.529630 0.454167 0.529630 0.452083 0.533333 0.451562 0.533333 0.449479 0.537037 0.448958 0.537037 0.446875 0.540741 0.446354 0.540741 0.445312 0.542593 0.444271 0.542593 0.443750 0.541667 0.443229 0.541667 0.435937 0.528704 0.435937 0.527778 0.429167 0.515741 0.429167 0.514815 0.422396 0.502778 0.422396 0.501852 0.416146 0.490741 0.416146 0.489815
0 0.485938 0.515278 0.071875 0.078704 0.489063 0.475926 0.487500 0.478704 0.486979 0.478704 0.485417 0.481481 0.484896 0.481481 0.482292 0.486111 0.481771 0.486111 0.474479 0.499074 0.473958 0.499074 0.466146 0.512963 0.465625 0.512963 0.457292 0.527778 0.456771 0.527778 0.450000 0.539815 0.450000 0.543519 0.451562 0.546296 0.452604 0.546296 0.453125 0.545370 0.453646 0.545370 0.455729 0.541667 0.456250 0.541667 0.458854 0.537037 0.459375 0.537037 0.461979 0.532407 0.462500 0.532407 0.464583 0.528704 0.465104 0.528704 0.467708 0.524074 0.468229 0.524074 0.470833 0.519444 0.471354 0.519444 0.473438 0.515741 0.473958 0.515741 0.476562 0.511111 0.477083 0.511111 0.479687 0.506481 0.480208 0.506481 0.482812 0.501852 0.483333 0.501852 0.484375 0.500000 0.486979 0.500000 0.487500 0.500926 0.488021 0.500926 0.488542 0.501852 0.489063 0.501852 0.489583 0.502778 0.490104 0.502778 0.492188 0.506481 0.492708 0.506481 0.505729 0.529630 0.505729 0.530556 0.512500 0.542593 0.512500 0.543519 0.518229 0.553704 0.518750 0.553704 0.519271 0.554630 0.520312 0.554630 0.520833 0.553704 0.521354 0.553704 0.521875 0.552778 0.521875 0.551852 0.519792 0.548148 0.519792 0.547222 0.512500 0.534259 0.512500 0.533333 0.504687 0.519444 0.504687 0.518519 0.496875 0.504630 0.496875 0.503704 0.491667 0.494444 0.491667 0.493519 0.490104 0.490741 0.490104 0.487037 0.492188 0.483333 0.492708 0.483333 0.492708 0.482407
0 0.573438 0.518981 0.076042 0.095370 0.578125 0.471296 0.576042 0.475000 0.576042 0.475926 0.573958 0.479630 0.573958 0.480556 0.571875 0.484259 0.571875 0.485185 0.569792 0.488889 0.569792 0.489815 0.567708 0.493519 0.567708 0.494444 0.565625 0.498148 0.565625 0.499074 0.560937 0.507407 0.560417 0.507407 0.554688 0.517593 0.554167 0.517593 0.548958 0.526852 0.548438 0.526852 0.544271 0.534259 0.544271 0.535185 0.541667 0.539815 0.541667 0.540741 0.539583 0.544444 0.539583 0.545370 0.536979 0.550000 0.536979 0.550926 0.535937 0.552778 0.535937 0.553704 0.535417 0.554630 0.535417 0.555556 0.535937 0.556481 0.535937 0.557407 0.536979 0.559259 0.538542 0.559259 0.539062 0.558333 0.539583 0.558333 0.542188 0.553704 0.542708 0.553704 0.547917 0.544444 0.548438 0.544444 0.552604 0.537037 0.553125 0.537037 0.556771 0.530556 0.557292 0.530556 0.559896 0.525926 0.560417 0.525926 0.563021 0.521296 0.563542 0.521296 0.565104 0.518519 0.565625 0.518519 0.567187 0.515741 0.567708 0.515741 0.568750 0.513889 0.569271 0.513889 0.569792 0.512963 0.570312 0.512963 0.570833 0.512037 0.572396 0.512037 0.572917 0.511111 0.574479 0.511111 0.575000 0.512037 0.576042 0.512037 0.576562 0.512963 0.577083 0.512963 0.578125 0.514815 0.578646 0.514815 0.580208 0.517593 0.580729 0.517593 0.600521 0.552778 0.600521 0.553704 0.607292 0.565741 0.607812 0.565741 0.608333 0.566667 0.610417 0.566667 0.611458 0.564815 0.611458 0.563889 0.606771 0.555556 0.606771 0.554630 0.598958 0.540741 0.598958 0.539815 0.590625 0.525000 0.590625 0.524074 0.583333 0.511111 0.583333 0.510185 0.580729 0.505556 0.580729 0.504630 0.580208 0.503704 0.580208 0.500000 0.581250 0.498148 0.581250 0.497222 0.582812 0.494444 0.582812 0.493519 0.583854 0.491667 0.583854 0.490741 0.585417 0.487963 0.585417 0.487037 0.586458 0.485185 0.586458 0.484259 0.586979 0.483333 0.583333 0.476852 0.582812 0.476852 0.581250 0.474074 0.580729 0.474074 0.579688 0.472222 0.579167 0.472222 0.578646 0.471296
0 0.663021 0.540741 0.079167 0.087037 0.663021 0.497222 0.662500 0.498148 0.662500 0.500926 0.661979 0.501852 0.661979 0.503704 0.661458 0.504630 0.661458 0.506481 0.660937 0.507407 0.660937 0.509259 0.660417 0.510185 0.660417 0.511111 0.659896 0.512037 0.659896 0.512963 0.656771 0.518519 0.656250 0.518519 0.652604 0.525000 0.652083 0.525000 0.648958 0.530556 0.648438 0.530556 0.644792 0.537037 0.644271 0.537037 0.640625 0.543519 0.640104 0.543519 0.636979 0.549074 0.636458 0.549074 0.632812 0.555556 0.632292 0.555556 0.628646 0.562037 0.628125 0.562037 0.625000 0.567593 0.624479 0.567593 0.623958 0.568519 0.623958 0.569444 0.623437 0.570370 0.623437 0.573148 0.625000 0.575926 0.627083 0.575926 0.628646 0.573148 0.629167 0.573148 0.632292 0.567593 0.632812 0.567593 0.636458 0.561111 0.636979 0.561111 0.639583 0.556481 0.640104 0.556481 0.643229 0.550926 0.643750 0.550926 0.646354 0.546296 0.646875 0.546296 0.648958 0.542593 0.649479 0.542593 0.651042 0.539815 0.651563 0.539815 0.653646 0.536111 0.654167 0.536111 0.655208 0.534259 0.655729 0.534259 0.656771 0.532407 0.657292 0.532407 0.658333 0.530556 0.658854 0.530556 0.659375 0.529630 0.659896 0.529630 0.660417 0.528704 0.661458 0.528704 0.661979 0.527778 0.665104 0.527778 0.665625 0.528704 0.666146 0.528704 0.666667 0.529630 0.667188 0.529630 0.667708 0.530556 0.668229 0.530556 0.669792 0.533333 0.670312 0.533333 0.675000 0.541667 0.675521 0.541667 0.683854 0.556481 0.683854 0.557407 0.693750 0.575000 0.693750 0.575926 0.696875 0.581481 0.697396 0.581481 0.698438 0.583333 0.698958 0.583333 0.699479 0.584259 0.700521 0.584259 0.701042 0.583333 0.701562 0.583333 0.702083 0.582407 0.702083 0.579630 0.702604 0.578704 0.702604 0.576852 0.697396 0.567593 0.697396 0.566667 0.689063 0.551852 0.689063 0.550926 0.681250 0.537037 0.681250 0.536111 0.673438 0.522222 0.673438 0.521296 0.671354 0.517593 0.671354 0.516667 0.670833 0.515741 0.670833 0.512037 0.671354 0.511111 0.671354 0.509259 0.671875 0.508333 0.671875 0.505556 0.671354 0.505556 0.668750 0.500926 0.668229 0.500926 0.667188 0.499074 0.666667 0.499074 0.666146 0.498148 0.665104 0.498148 0.664583 0.497222
0 0.372396 0.499537 0.078125 0.078704 0.344271 0.460185 0.343750 0.461111 0.343229 0.461111 0.342708 0.462037 0.341667 0.462037 0.341146 0.462963 0.340625 0.462963 0.340104 0.463889 0.339583 0.463889 0.339062 0.464815 0.338542 0.464815 0.338021 0.465741 0.337500 0.465741 0.336979 0.466667 0.336458 0.466667 0.335938 0.467593 0.334896 0.467593 0.334375 0.468519 0.333854 0.468519 0.333854 0.469444 0.333333 0.470370 0.333333 0.473148 0.334896 0.475926 0.334896 0.476852 0.339062 0.484259 0.339062 0.485185 0.344792 0.495370 0.344792 0.496296 0.350521 0.506481 0.350521 0.507407 0.356250 0.517593 0.356250 0.518519 0.362500 0.529630 0.362500 0.530556 0.366667 0.537963 0.367188 0.537963 0.367708 0.538889 0.369271 0.538889 0.370312 0.537037 0.370833 0.537037 0.371875 0.535185 0.372396 0.535185 0.372917 0.534259 0.373437 0.534259 0.374479 0.532407 0.375000 0.532407 0.375521 0.531481 0.376042 0.531481 0.377083 0.529630 0.377604 0.529630 0.378646 0.527778 0.379167 0.527778 0.379688 0.526852 0.380208 0.526852 0.381250 0.525000 0.381771 0.525000 0.382292 0.524074 0.382812 0.524074 0.383854 0.522222 0.384375 0.522222 0.385417 0.520370 0.385937 0.520370 0.390104 0.512963 0.390625 0.512963 0.395313 0.504630 0.395833 0.504630 0.401042 0.495370 0.401562 0.495370 0.406250 0.487037 0.406771 0.487037 0.409375 0.482407 0.409896 0.482407 0.410417 0.481481 0.410938 0.481481 0.410938 0.480556 0.410417 0.479630 0.410417 0.478704 0.408854 0.475926 0.408854 0.471296 0.409896 0.469444 0.410417 0.469444 0.410938 0.468519 0.411458 0.468519 0.410938 0.467593 0.410417 0.467593 0.409896 0.466667 0.409375 0.466667 0.408854 0.465741 0.408333 0.466667 0.407813 0.466667 0.407292 0.467593 0.406771 0.467593 0.406250 0.468519 0.405729 0.468519 0.404687 0.470370 0.404167 0.470370 0.403646 0.471296 0.403125 0.471296 0.402604 0.472222 0.402083 0.472222 0.401042 0.474074 0.400521 0.474074 0.400000 0.475000 0.399479 0.475000 0.397917 0.477778 0.397396 0.477778 0.383854 0.501852 0.383333 0.501852 0.379688 0.508333 0.379167 0.508333 0.378125 0.510185 0.377604 0.510185 0.377083 0.511111 0.376563 0.511111 0.376042 0.512037 0.375000 0.512037 0.372917 0.508333 0.372917 0.505556 0.373437 0.504630 0.373437 0.503704 0.374479 0.501852 0.373958 0.502778 0.373437 0.502778 0.372396 0.504630 0.371875 0.504630 0.371354 0.505556 0.369792 0.505556 0.369271 0.504630 0.368750 0.504630 0.363542 0.495370 0.363542 0.494444 0.356771 0.482407 0.356771 0.481481 0.344792 0.460185
0 0.448958 0.505556 0.079167 0.072222 0.410938 0.469444 0.410417 0.470370 0.409896 0.470370 0.409375 0.471296 0.409375 0.475926 0.410938 0.478704 0.410938 0.479630 0.416667 0.489815 0.416667 0.490741 0.422917 0.501852 0.422917 0.502778 0.429688 0.514815 0.429688 0.515741 0.436458 0.527778 0.436458 0.528704 0.443229 0.540741 0.443750 0.540741 0.444271 0.541667 0.445312 0.541667 0.446354 0.539815 0.446875 0.539815 0.448958 0.536111 0.449479 0.536111 0.451562 0.532407 0.452083 0.532407 0.454167 0.528704 0.454688 0.528704 0.456250 0.525926 0.456771 0.525926 0.458854 0.522222 0.459375 0.522222 0.461458 0.518519 0.461979 0.518519 0.465625 0.512037 0.466146 0.512037 0.473958 0.498148 0.474479 0.498148 0.481771 0.485185 0.482292 0.485185 0.484896 0.480556 0.485417 0.480556 0.486979 0.477778 0.487500 0.477778 0.488542 0.475926 0.486979 0.473148 0.486458 0.473148 0.485417 0.471296 0.484896 0.471296 0.484375 0.470370 0.482292 0.470370 0.481771 0.471296 0.481250 0.471296 0.479687 0.474074 0.479167 0.474074 0.477604 0.476852 0.477083 0.476852 0.474479 0.481481 0.473958 0.481481 0.466667 0.494444 0.466146 0.494444 0.464583 0.497222 0.464062 0.497222 0.462500 0.500000 0.461979 0.500000 0.460417 0.502778 0.459896 0.502778 0.457813 0.506481 0.457292 0.506481 0.455729 0.509259 0.455208 0.509259 0.453646 0.512037 0.453125 0.512037 0.451562 0.514815 0.451042 0.514815 0.449479 0.517593 0.447396 0.517593 0.445833 0.514815 0.445833 0.513889 0.444271 0.516667 0.443750 0.516667 0.442188 0.519444 0.440625 0.519444 0.440104 0.518519 0.439583 0.518519 0.430729 0.502778 0.430729 0.501852 0.423438 0.488889 0.423438 0.487963 0.416146 0.475000 0.415625 0.475000 0.412500 0.469444
0 0.534115 0.514352 0.086979 0.087963 0.575521 0.470370 0.575000 0.471296 0.573958 0.471296 0.573438 0.472222 0.572917 0.472222 0.572396 0.473148 0.571875 0.473148 0.571354 0.474074 0.570833 0.474074 0.569792 0.475926 0.569271 0.475926 0.567708 0.478704 0.567187 0.478704 0.565104 0.482407 0.564583 0.482407 0.561979 0.487037 0.561458 0.487037 0.557813 0.493519 0.557292 0.493519 0.552604 0.501852 0.552083 0.501852 0.546875 0.511111 0.546354 0.511111 0.542708 0.517593 0.542188 0.517593 0.541146 0.519444 0.540625 0.519444 0.540104 0.518519 0.539583 0.518519 0.538542 0.516667 0.538542 0.515741 0.538021 0.514815 0.538021 0.512037 0.540104 0.508333 0.540104 0.507407 0.544792 0.499074 0.544792 0.498148 0.549479 0.489815 0.548438 0.491667 0.547917 0.491667 0.541667 0.502778 0.541146 0.502778 0.534896 0.513889 0.534375 0.513889 0.531250 0.519444 0.530729 0.519444 0.529687 0.521296 0.527604 0.521296 0.523958 0.514815 0.523958 0.515741 0.518750 0.525000 0.516146 0.525000 0.514583 0.522222 0.514062 0.522222 0.512500 0.519444 0.512500 0.518519 0.505208 0.505556 0.505208 0.504630 0.493229 0.483333 0.492708 0.484259 0.492188 0.484259 0.490625 0.487037 0.490625 0.490741 0.492188 0.493519 0.492188 0.494444 0.497396 0.503704 0.497396 0.504630 0.505208 0.518519 0.505208 0.519444 0.513021 0.533333 0.513021 0.534259 0.520312 0.547222 0.520312 0.548148 0.525521 0.557407 0.526042 0.557407 0.526563 0.558333 0.528125 0.558333 0.528646 0.557407 0.529167 0.557407 0.531250 0.553704 0.531771 0.553704 0.536979 0.544444 0.537500 0.544444 0.542708 0.535185 0.543229 0.535185 0.548438 0.525926 0.548958 0.525926 0.554167 0.516667 0.554688 0.516667 0.560417 0.506481 0.560937 0.506481 0.565104 0.499074 0.565104 0.498148 0.567187 0.494444 0.567187 0.493519 0.569271 0.489815 0.569271 0.488889 0.571354 0.485185 0.571354 0.484259 0.573438 0.480556 0.573438 0.479630 0.575521 0.475926 0.575521 0.475000 0.577604 0.471296 0.577083 0.471296 0.576562 0.470370
0 0.621615 0.529167 0.081771 0.089815 0.586979 0.484259 0.586979 0.485185 0.585938 0.487037 0.585938 0.487963 0.584375 0.490741 0.584375 0.491667 0.583333 0.493519 0.583333 0.494444 0.581771 0.497222 0.581771 0.498148 0.580729 0.500000 0.580729 0.503704 0.581250 0.504630 0.581250 0.505556 0.583854 0.510185 0.583854 0.511111 0.591146 0.524074 0.591146 0.525000 0.599479 0.539815 0.599479 0.540741 0.607292 0.554630 0.607292 0.555556 0.617188 0.573148 0.617708 0.573148 0.618229 0.574074 0.619271 0.574074 0.619792 0.573148 0.620313 0.573148 0.621354 0.571296 0.621875 0.571296 0.624479 0.566667 0.625000 0.566667 0.628125 0.561111 0.628646 0.561111 0.632292 0.554630 0.632812 0.554630 0.636458 0.548148 0.636979 0.548148 0.640104 0.542593 0.640625 0.542593 0.644271 0.536111 0.644792 0.536111 0.648438 0.529630 0.648958 0.529630 0.652083 0.524074 0.652604 0.524074 0.656250 0.517593 0.656771 0.517593 0.659375 0.512963 0.659375 0.512037 0.659896 0.511111 0.659896 0.510185 0.660417 0.509259 0.660417 0.507407 0.660937 0.506481 0.660937 0.504630 0.661458 0.503704 0.661458 0.501852 0.661979 0.500926 0.661979 0.498148 0.662500 0.497222 0.661458 0.497222 0.660937 0.498148 0.659896 0.498148 0.659375 0.499074 0.658854 0.499074 0.658333 0.500000 0.657813 0.500000 0.656771 0.501852 0.656250 0.501852 0.655208 0.503704 0.654687 0.503704 0.653125 0.506481 0.652604 0.506481 0.651042 0.509259 0.650521 0.509259 0.648438 0.512963 0.647917 0.512963 0.645312 0.517593 0.644792 0.517593 0.642188 0.522222 0.641667 0.522222 0.638542 0.527778 0.638021 0.527778 0.634896 0.533333 0.634375 0.533333 0.630729 0.539815 0.630208 0.539815 0.627083 0.545370 0.626563 0.545370 0.625521 0.547222 0.623958 0.547222 0.621875 0.543519 0.621875 0.539815 0.622396 0.538889 0.622396 0.537963 0.622917 0.537037 0.622917 0.536111 0.623437 0.535185 0.623437 0.533333 0.623958 0.532407 0.623958 0.531481 0.624479 0.530556 0.622917 0.533333 0.622396 0.533333 0.621354 0.535185 0.620833 0.535185 0.620313 0.536111 0.619271 0.536111 0.618229 0.534259 0.617708 0.534259 0.613021 0.525926 0.613021 0.525000 0.612500 0.525926 0.610938 0.525926 0.609896 0.524074 0.609375 0.524074 0.602604 0.512037 0.602604 0.511111 0.587500 0.484259
0 0.712240 0.544907 0.081771 0.084259 0.752083 0.502778 0.749479 0.507407 0.748958 0.507407 0.745833 0.512963 0.745313 0.512963 0.742708 0.517593 0.742188 0.517593 0.739583 0.522222 0.739062 0.522222 0.736458 0.526852 0.735938 0.526852 0.733333 0.531481 0.732812 0.531481 0.730208 0.536111 0.729688 0.536111 0.727083 0.540741 0.726562 0.540741 0.723437 0.546296 0.722917 0.546296 0.720833 0.550000 0.720313 0.550000 0.718750 0.552778 0.718229 0.552778 0.717708 0.553704 0.717187 0.553704 0.716667 0.554630 0.716146 0.554630 0.715625 0.553704 0.715104 0.553704 0.704167 0.534259 0.704167 0.533333 0.704167 0.538889 0.703646 0.539815 0.703646 0.548148 0.703125 0.549074 0.703125 0.551852 0.701562 0.554630 0.699479 0.554630 0.698958 0.553704 0.698438 0.553704 0.688542 0.536111 0.688542 0.535185 0.672396 0.506481 0.672396 0.508333 0.671875 0.509259 0.671875 0.511111 0.671354 0.512037 0.671354 0.515741 0.671875 0.516667 0.671875 0.517593 0.673958 0.521296 0.673958 0.522222 0.681771 0.536111 0.681771 0.537037 0.689583 0.550926 0.689583 0.551852 0.697917 0.566667 0.697917 0.567593 0.708333 0.586111 0.708854 0.586111 0.709375 0.587037 0.710417 0.587037 0.710938 0.586111 0.711458 0.586111 0.712500 0.584259 0.713021 0.584259 0.715104 0.580556 0.715625 0.580556 0.717708 0.576852 0.718229 0.576852 0.720833 0.572222 0.721354 0.572222 0.723958 0.567593 0.724479 0.567593 0.727083 0.562963 0.727604 0.562963 0.730208 0.558333 0.730729 0.558333 0.733333 0.553704 0.733854 0.553704 0.736458 0.549074 0.736979 0.549074 0.739583 0.544444 0.740104 0.544444 0.742708 0.539815 0.743229 0.539815 0.745313 0.536111 0.745833 0.536111 0.748958 0.530556 0.749479 0.530556 0.753125 0.524074 0.753125 0.516667 0.752604 0.515741 0.752604 0.509259 0.752083 0.508333
0 0.341927 0.469907 0.071354 0.069444 0.337500 0.435185 0.336979 0.436111 0.336458 0.436111 0.321875 0.462037 0.321875 0.462963 0.307812 0.487963 0.307812 0.488889 0.306250 0.491667 0.306250 0.495370 0.306771 0.496296 0.306771 0.497222 0.307292 0.497222 0.307812 0.498148 0.308333 0.498148 0.308854 0.497222 0.309375 0.497222 0.309896 0.496296 0.310417 0.496296 0.325521 0.469444 0.326042 0.469444 0.326562 0.468519 0.327083 0.468519 0.327604 0.467593 0.328646 0.467593 0.329167 0.466667 0.329688 0.466667 0.330208 0.465741 0.330729 0.465741 0.331250 0.464815 0.331771 0.464815 0.332292 0.463889 0.332813 0.463889 0.333333 0.462963 0.333854 0.462963 0.334375 0.462037 0.335417 0.462037 0.335938 0.461111 0.336458 0.461111 0.336979 0.460185 0.337500 0.460185 0.338021 0.459259 0.338542 0.459259 0.339062 0.458333 0.339583 0.458333 0.340104 0.457407 0.340625 0.457407 0.341146 0.456481 0.342708 0.456481 0.344271 0.459259 0.344792 0.459259 0.357292 0.481481 0.357292 0.482407 0.364063 0.494444 0.364063 0.495370 0.368750 0.503704 0.369271 0.503704 0.369792 0.504630 0.371354 0.504630 0.371875 0.503704 0.372396 0.503704 0.373437 0.501852 0.373958 0.501852 0.374479 0.500926 0.375000 0.500926 0.377604 0.496296 0.377083 0.497222 0.376563 0.497222 0.376042 0.498148 0.375521 0.498148 0.374479 0.500000 0.373958 0.500000 0.373437 0.500926 0.372396 0.500926 0.363021 0.484259 0.363021 0.483333 0.356771 0.472222 0.356771 0.471296 0.350521 0.460185 0.350521 0.459259 0.344271 0.448148 0.344271 0.447222 0.339583 0.438889 0.339583 0.437963 0.338021 0.435185
0 0.413281 0.480556 0.079687 0.075926 0.411458 0.442593 0.410938 0.443519 0.410417 0.443519 0.409896 0.444444 0.409375 0.444444 0.408854 0.445370 0.408333 0.445370 0.407813 0.446296 0.407292 0.446296 0.406771 0.447222 0.406250 0.447222 0.401042 0.456481 0.400521 0.456481 0.373958 0.503704 0.373958 0.504630 0.373437 0.505556 0.373437 0.508333 0.375000 0.511111 0.376042 0.511111 0.376563 0.510185 0.377083 0.510185 0.377604 0.509259 0.378125 0.509259 0.379167 0.507407 0.379688 0.507407 0.383333 0.500926 0.383854 0.500926 0.397396 0.476852 0.397917 0.476852 0.399479 0.474074 0.400000 0.474074 0.400521 0.473148 0.401042 0.473148 0.402083 0.471296 0.402604 0.471296 0.403125 0.470370 0.403646 0.470370 0.404167 0.469444 0.404687 0.469444 0.405729 0.467593 0.406250 0.467593 0.406771 0.466667 0.407292 0.466667 0.407813 0.465741 0.408333 0.465741 0.408854 0.464815 0.409375 0.465741 0.409896 0.465741 0.410417 0.466667 0.410938 0.466667 0.411979 0.468519 0.412500 0.468519 0.415625 0.474074 0.416146 0.474074 0.423958 0.487963 0.423958 0.488889 0.431250 0.501852 0.431250 0.502778 0.439583 0.517593 0.440104 0.517593 0.440625 0.518519 0.442188 0.518519 0.443750 0.515741 0.444271 0.515741 0.445312 0.513889 0.445312 0.512037 0.445833 0.511111 0.445833 0.510185 0.453125 0.497222 0.451562 0.500000 0.451042 0.500000 0.450000 0.501852 0.449479 0.501852 0.447917 0.504630 0.447396 0.504630 0.446875 0.505556 0.446354 0.505556 0.445833 0.506481 0.445312 0.505556 0.444792 0.505556 0.435937 0.489815 0.435937 0.488889 0.429688 0.477778 0.429688 0.476852 0.423438 0.465741 0.423438 0.464815 0.416667 0.452778 0.416667 0.451852 0.411979 0.443519 0.411979 0.442593
0 0.484635 0.481481 0.077604 0.085185 0.491146 0.438889 0.490625 0.439815 0.490104 0.439815 0.488542 0.442593 0.488021 0.442593 0.486979 0.444444 0.486458 0.444444 0.485417 0.446296 0.484896 0.446296 0.483333 0.449074 0.482812 0.449074 0.481771 0.450926 0.481250 0.450926 0.478646 0.455556 0.478125 0.455556 0.468750 0.472222 0.468229 0.472222 0.457292 0.491667 0.456771 0.491667 0.446354 0.510185 0.446354 0.511111 0.445833 0.512037 0.445833 0.512963 0.446354 0.513889 0.446354 0.514815 0.447396 0.516667 0.449479 0.516667 0.451042 0.513889 0.451562 0.513889 0.453125 0.511111 0.453646 0.511111 0.455208 0.508333 0.455729 0.508333 0.457292 0.505556 0.457813 0.505556 0.459896 0.501852 0.460417 0.501852 0.461979 0.499074 0.462500 0.499074 0.464062 0.496296 0.464583 0.496296 0.466146 0.493519 0.466667 0.493519 0.473958 0.480556 0.474479 0.480556 0.477083 0.475926 0.477604 0.475926 0.479167 0.473148 0.479687 0.473148 0.481250 0.470370 0.481771 0.470370 0.482292 0.469444 0.484375 0.469444 0.484896 0.470370 0.485417 0.470370 0.486458 0.472222 0.486979 0.472222 0.488542 0.475000 0.489063 0.475000 0.505729 0.504630 0.505729 0.505556 0.513021 0.518519 0.513021 0.519444 0.514062 0.521296 0.514583 0.521296 0.516146 0.524074 0.518750 0.524074 0.523438 0.515741 0.523438 0.513889 0.519271 0.506481 0.519271 0.505556 0.511458 0.491667 0.511458 0.490741 0.503646 0.476852 0.503646 0.475926 0.495833 0.462037 0.495833 0.461111 0.492188 0.454630 0.492188 0.453704 0.491667 0.452778 0.491667 0.449074 0.493750 0.445370 0.494271 0.445370 0.494271 0.444444
0 0.575521 0.483333 0.073958 0.083333 0.576042 0.441667 0.575521 0.442593 0.575521 0.443519 0.571875 0.450000 0.571875 0.450926 0.567708 0.458333 0.567708 0.459259 0.561979 0.469444 0.561458 0.469444 0.555208 0.480556 0.554688 0.480556 0.550000 0.488889 0.550000 0.489815 0.545312 0.498148 0.545312 0.499074 0.540625 0.507407 0.540625 0.508333 0.538542 0.512037 0.538542 0.514815 0.539062 0.515741 0.539062 0.516667 0.539583 0.517593 0.540104 0.517593 0.540625 0.518519 0.541146 0.518519 0.542188 0.516667 0.542708 0.516667 0.546354 0.510185 0.546875 0.510185 0.552083 0.500926 0.552604 0.500926 0.557292 0.492593 0.557813 0.492593 0.561458 0.486111 0.561979 0.486111 0.564583 0.481481 0.565104 0.481481 0.567187 0.477778 0.567708 0.477778 0.569271 0.475000 0.569792 0.475000 0.570833 0.473148 0.571354 0.473148 0.571875 0.472222 0.572396 0.472222 0.572917 0.471296 0.573438 0.471296 0.573958 0.470370 0.575000 0.470370 0.575521 0.469444 0.576562 0.469444 0.577083 0.470370 0.578646 0.470370 0.579167 0.471296 0.579688 0.471296 0.580729 0.473148 0.581250 0.473148 0.582812 0.475926 0.583333 0.475926 0.603125 0.511111 0.603125 0.512037 0.609375 0.523148 0.609896 0.523148 0.610938 0.525000 0.612500 0.525000 0.612500 0.524074 0.604688 0.510185 0.604688 0.509259 0.596354 0.494444 0.596354 0.493519 0.588542 0.479630 0.588542 0.478704 0.582812 0.468519 0.582812 0.467593 0.581771 0.465741 0.581771 0.464815 0.581250 0.463889 0.581250 0.462037 0.581771 0.461111 0.581771 0.460185 0.583333 0.457407 0.583333 0.456481 0.584896 0.453704 0.582292 0.449074 0.581771 0.449074 0.579167 0.444444 0.578646 0.444444 0.577604 0.442593 0.577083 0.442593 0.576562 0.441667
0 0.663021 0.504630 0.081250 0.098148 0.664583 0.455556 0.664583 0.457407 0.664062 0.458333 0.664062 0.460185 0.663542 0.461111 0.663542 0.462963 0.663021 0.463889 0.663021 0.465741 0.662500 0.466667 0.662500 0.468519 0.661979 0.469444 0.661979 0.470370 0.661458 0.471296 0.661458 0.472222 0.656250 0.481481 0.655729 0.481481 0.651563 0.488889 0.651042 0.488889 0.647396 0.495370 0.646875 0.495370 0.643229 0.501852 0.642708 0.501852 0.638542 0.509259 0.638021 0.509259 0.634375 0.515741 0.633854 0.515741 0.630208 0.522222 0.629687 0.522222 0.626042 0.528704 0.625521 0.528704 0.625000 0.529630 0.625000 0.530556 0.624479 0.531481 0.624479 0.532407 0.623958 0.533333 0.623958 0.535185 0.623437 0.536111 0.623437 0.537037 0.622917 0.537963 0.622917 0.538889 0.622396 0.539815 0.622396 0.543519 0.623958 0.546296 0.625521 0.546296 0.626563 0.544444 0.627083 0.544444 0.630208 0.538889 0.630729 0.538889 0.634375 0.532407 0.634896 0.532407 0.638021 0.526852 0.638542 0.526852 0.641667 0.521296 0.642188 0.521296 0.644792 0.516667 0.645312 0.516667 0.647917 0.512037 0.648438 0.512037 0.650521 0.508333 0.651042 0.508333 0.652604 0.505556 0.653125 0.505556 0.654687 0.502778 0.655208 0.502778 0.656250 0.500926 0.656771 0.500926 0.657813 0.499074 0.658333 0.499074 0.658854 0.498148 0.659375 0.498148 0.659896 0.497222 0.660937 0.497222 0.661458 0.496296 0.664583 0.496296 0.665104 0.497222 0.666146 0.497222 0.666667 0.498148 0.667188 0.498148 0.668229 0.500000 0.668750 0.500000 0.671354 0.504630 0.671875 0.504630 0.689063 0.535185 0.689063 0.536111 0.698438 0.552778 0.698958 0.552778 0.699479 0.553704 0.701562 0.553704 0.702604 0.551852 0.702604 0.549074 0.703125 0.548148 0.703125 0.539815 0.703646 0.538889 0.703646 0.532407 0.695833 0.518519 0.695833 0.517593 0.687500 0.502778 0.687500 0.501852 0.680208 0.488889 0.680208 0.487963 0.678125 0.484259 0.678125 0.483333 0.677604 0.482407 0.677604 0.480556 0.678125 0.479630 0.678125 0.476852 0.678646 0.475926 0.678646 0.473148 0.672917 0.462963 0.672396 0.462963 0.670312 0.459259 0.669792 0.459259 0.668750 0.457407 0.668229 0.457407 0.667708 0.456481 0.667188 0.456481 0.666667 0.455556
0 0.374740 0.463889 0.073438 0.072222 0.341667 0.427778 0.341146 0.428704 0.340625 0.428704 0.340104 0.429630 0.339062 0.429630 0.338542 0.430556 0.338542 0.431481 0.338021 0.432407 0.338542 0.433333 0.338542 0.435185 0.340104 0.437963 0.340104 0.438889 0.344792 0.447222 0.344792 0.448148 0.351042 0.459259 0.351042 0.460185 0.357292 0.471296 0.357292 0.472222 0.363542 0.483333 0.363542 0.484259 0.372396 0.500000 0.373437 0.500000 0.373958 0.499074 0.374479 0.499074 0.375521 0.497222 0.376042 0.497222 0.376563 0.496296 0.377083 0.496296 0.377604 0.495370 0.378125 0.495370 0.400521 0.455556 0.401042 0.455556 0.406250 0.446296 0.406771 0.446296 0.407292 0.445370 0.407813 0.445370 0.408333 0.444444 0.408854 0.444444 0.409375 0.443519 0.409896 0.443519 0.410417 0.442593 0.410938 0.442593 0.411458 0.441667 0.410417 0.439815 0.410417 0.438889 0.409896 0.437963 0.409896 0.436111 0.410417 0.435185 0.410417 0.434259 0.410938 0.433333 0.410417 0.433333 0.409375 0.431481 0.408333 0.431481 0.407813 0.432407 0.407292 0.432407 0.406771 0.433333 0.406250 0.433333 0.405729 0.434259 0.405208 0.434259 0.404687 0.435185 0.404167 0.435185 0.403125 0.437037 0.402604 0.437037 0.386458 0.465741 0.385937 0.465741 0.382812 0.471296 0.382292 0.471296 0.381771 0.472222 0.381250 0.472222 0.380729 0.473148 0.380208 0.473148 0.379688 0.474074 0.379167 0.474074 0.378646 0.475000 0.378125 0.475000 0.377604 0.475926 0.377083 0.475926 0.376563 0.476852 0.376042 0.476852 0.375521 0.477778 0.373958 0.477778 0.372396 0.475000 0.372396 0.474074 0.371875 0.473148 0.371875 0.472222 0.372396 0.471296 0.372396 0.470370 0.373437 0.468519 0.372917 0.469444 0.372396 0.469444 0.371875 0.470370 0.371354 0.470370 0.370312 0.472222 0.367708 0.472222 0.367188 0.471296 0.365625 0.471296 0.355729 0.453704 0.355729 0.452778 0.349479 0.441667 0.349479 0.440741 0.342708 0.428704 0.342708 0.427778
0 0.450521 0.468981 0.080208 0.073148 0.484896 0.432407 0.484375 0.433333 0.483854 0.433333 0.482812 0.435185 0.482292 0.435185 0.481250 0.437037 0.480729 0.437037 0.479687 0.438889 0.479167 0.438889 0.477604 0.441667 0.477083 0.441667 0.468750 0.456481 0.468229 0.456481 0.463021 0.465741 0.462500 0.465741 0.461458 0.467593 0.460938 0.467593 0.459896 0.469444 0.459375 0.469444 0.458333 0.471296 0.457813 0.471296 0.456771 0.473148 0.456250 0.473148 0.455208 0.475000 0.454688 0.475000 0.453646 0.476852 0.453125 0.476852 0.452083 0.478704 0.451562 0.478704 0.450521 0.480556 0.448958 0.480556 0.447396 0.477778 0.446875 0.478704 0.446354 0.478704 0.445312 0.480556 0.444792 0.480556 0.443750 0.482407 0.443229 0.482407 0.442188 0.484259 0.439583 0.484259 0.429688 0.466667 0.429688 0.465741 0.412500 0.435185 0.411979 0.435185 0.411458 0.434259 0.410938 0.434259 0.410938 0.435185 0.410417 0.436111 0.410417 0.437963 0.410938 0.438889 0.410938 0.439815 0.412500 0.442593 0.412500 0.443519 0.417187 0.451852 0.417187 0.452778 0.423958 0.464815 0.423958 0.465741 0.430208 0.476852 0.430208 0.477778 0.436458 0.488889 0.436458 0.489815 0.444792 0.504630 0.445312 0.504630 0.445833 0.505556 0.446354 0.504630 0.446875 0.504630 0.447396 0.503704 0.447917 0.503704 0.449479 0.500926 0.450000 0.500926 0.451042 0.499074 0.451562 0.499074 0.453125 0.496296 0.453646 0.496296 0.456771 0.490741 0.457292 0.490741 0.468229 0.471296 0.468750 0.471296 0.478125 0.454630 0.478646 0.454630 0.481250 0.450000 0.481771 0.450000 0.482812 0.448148 0.483333 0.448148 0.484896 0.445370 0.485417 0.445370 0.486458 0.443519 0.486979 0.443519 0.488021 0.441667 0.488542 0.441667 0.490104 0.438889 0.490625 0.438889 0.490625 0.437963 0.490104 0.437037 0.489583 0.437037 0.488021 0.434259 0.487500 0.434259 0.486979 0.433333 0.486458 0.433333 0.485938 0.432407
0 0.533854 0.476389 0.083333 0.087963 0.562500 0.432407 0.560417 0.436111 0.559896 0.436111 0.552604 0.449074 0.552083 0.449074 0.544792 0.462037 0.544271 0.462037 0.536979 0.475000 0.536458 0.475000 0.531250 0.484259 0.530729 0.484259 0.529167 0.487037 0.527604 0.487037 0.527083 0.486111 0.526563 0.486111 0.523438 0.480556 0.520312 0.486111 0.519792 0.486111 0.519271 0.487037 0.518229 0.487037 0.517708 0.486111 0.517188 0.486111 0.509896 0.473148 0.509896 0.472222 0.499479 0.453704 0.499479 0.452778 0.495833 0.446296 0.495312 0.446296 0.494792 0.445370 0.494271 0.446296 0.493750 0.446296 0.492188 0.449074 0.492188 0.452778 0.492708 0.453704 0.492708 0.454630 0.496354 0.461111 0.496354 0.462037 0.504167 0.475926 0.504167 0.476852 0.511979 0.490741 0.511979 0.491667 0.519792 0.505556 0.519792 0.506481 0.527604 0.520370 0.529687 0.520370 0.530729 0.518519 0.531250 0.518519 0.534375 0.512963 0.534896 0.512963 0.541146 0.501852 0.541667 0.501852 0.547917 0.490741 0.548438 0.490741 0.554688 0.479630 0.555208 0.479630 0.561458 0.468519 0.561979 0.468519 0.567187 0.459259 0.567187 0.458333 0.571354 0.450926 0.571354 0.450000 0.575000 0.443519 0.575000 0.442593 0.575521 0.441667 0.575521 0.440741 0.571875 0.440741 0.571354 0.441667 0.570312 0.441667 0.569792 0.442593 0.569271 0.442593 0.568229 0.444444 0.567708 0.444444 0.566667 0.446296 0.566146 0.446296 0.564583 0.449074 0.564063 0.449074 0.561458 0.453704 0.560937 0.453704 0.557813 0.459259 0.557292 0.459259 0.553646 0.465741 0.553125 0.465741 0.547396 0.475926 0.546875 0.475926 0.540625 0.487037 0.540104 0.487037 0.538542 0.489815 0.538021 0.489815 0.537500 0.490741 0.536458 0.490741 0.534375 0.487037 0.534375 0.483333 0.553646 0.449074 0.553646 0.448148
0 0.622917 0.494907 0.082292 0.080556 0.584896 0.454630 0.583854 0.456481 0.583854 0.457407 0.582292 0.460185 0.582292 0.461111 0.581771 0.462037 0.581771 0.463889 0.582292 0.464815 0.582292 0.465741 0.583333 0.467593 0.583333 0.468519 0.589063 0.478704 0.589063 0.479630 0.596875 0.493519 0.596875 0.494444 0.605208 0.509259 0.605208 0.510185 0.613542 0.525000 0.613542 0.525926 0.617708 0.533333 0.618229 0.533333 0.619271 0.535185 0.620313 0.535185 0.620833 0.534259 0.621354 0.534259 0.622396 0.532407 0.622917 0.532407 0.625521 0.527778 0.626042 0.527778 0.629687 0.521296 0.630208 0.521296 0.633854 0.514815 0.634375 0.514815 0.638021 0.508333 0.638542 0.508333 0.642708 0.500926 0.643229 0.500926 0.646875 0.494444 0.647396 0.494444 0.651042 0.487963 0.651563 0.487963 0.655729 0.480556 0.656250 0.480556 0.660937 0.472222 0.660937 0.471296 0.661458 0.470370 0.661458 0.469444 0.661979 0.468519 0.661979 0.466667 0.662500 0.465741 0.662500 0.463889 0.663021 0.462963 0.663021 0.461111 0.663542 0.460185 0.663542 0.458333 0.664062 0.457407 0.664062 0.455556 0.663021 0.455556 0.662500 0.456481 0.661458 0.456481 0.660417 0.458333 0.659896 0.458333 0.659375 0.459259 0.658854 0.459259 0.657813 0.461111 0.657292 0.461111 0.656250 0.462963 0.655729 0.462963 0.654167 0.465741 0.653646 0.465741 0.651563 0.469444 0.651042 0.469444 0.648438 0.474074 0.647917 0.474074 0.645312 0.478704 0.644792 0.478704 0.641667 0.484259 0.641146 0.484259 0.637500 0.490741 0.636979 0.490741 0.632812 0.498148 0.632292 0.498148 0.629167 0.503704 0.628646 0.503704 0.627604 0.505556 0.627083 0.505556 0.626563 0.506481 0.626042 0.505556 0.625521 0.505556 0.623958 0.502778 0.623958 0.501852 0.623437 0.500926 0.623437 0.500000 0.623958 0.499074 0.623958 0.498148 0.624479 0.497222 0.624479 0.496296 0.625000 0.495370 0.625000 0.494444 0.625521 0.493519 0.625521 0.492593 0.626042 0.491667 0.626042 0.490741 0.626563 0.489815 0.625521 0.491667 0.625000 0.491667 0.623437 0.494444 0.622917 0.494444 0.622396 0.495370 0.620313 0.495370 0.615104 0.486111 0.614583 0.487037 0.614583 0.487963 0.614062 0.488889 0.614062 0.489815 0.613021 0.491667 0.613021 0.492593 0.612500 0.493519 0.612500 0.494444 0.611458 0.496296 0.610938 0.496296 0.610417 0.497222 0.609375 0.497222 0.608854 0.496296 0.608333 0.496296 0.597917 0.477778 0.597917 0.476852 0.585417 0.454630
0 0.719010 0.513889 0.081771 0.079630 0.679167 0.474074 0.679167 0.475926 0.678646 0.476852 0.678646 0.479630 0.678125 0.480556 0.678125 0.482407 0.678646 0.483333 0.678646 0.484259 0.680729 0.487963 0.680729 0.488889 0.688021 0.501852 0.688021 0.502778 0.696354 0.517593 0.696354 0.518519 0.704688 0.533333 0.704688 0.534259 0.715104 0.552778 0.715625 0.552778 0.716146 0.553704 0.716667 0.553704 0.717187 0.552778 0.717708 0.552778 0.718229 0.551852 0.718750 0.551852 0.720313 0.549074 0.720833 0.549074 0.722917 0.545370 0.723437 0.545370 0.726562 0.539815 0.727083 0.539815 0.729688 0.535185 0.730208 0.535185 0.732812 0.530556 0.733333 0.530556 0.735938 0.525926 0.736458 0.525926 0.739062 0.521296 0.739583 0.521296 0.742188 0.516667 0.742708 0.516667 0.745313 0.512037 0.745833 0.512037 0.748958 0.506481 0.749479 0.506481 0.752083 0.501852 0.752604 0.501852 0.755208 0.497222 0.755729 0.497222 0.759375 0.490741 0.759375 0.489815 0.759896 0.488889 0.759375 0.487963 0.759375 0.483333 0.758854 0.482407 0.758854 0.477778 0.758333 0.478704 0.757812 0.478704 0.755208 0.483333 0.754687 0.483333 0.752083 0.487963 0.751563 0.487963 0.748437 0.493519 0.747917 0.493519 0.745313 0.498148 0.744792 0.498148 0.742188 0.502778 0.741667 0.502778 0.738542 0.508333 0.738021 0.508333 0.735417 0.512963 0.734896 0.512963 0.732292 0.517593 0.731771 0.517593 0.729167 0.522222 0.728646 0.522222 0.726042 0.526852 0.725521 0.526852 0.724479 0.528704 0.723958 0.528704 0.723437 0.529630 0.721875 0.529630 0.720313 0.526852 0.719792 0.526852 0.717187 0.522222 0.717187 0.521296 0.708854 0.506481 0.708854 0.505556 0.705208 0.499074 0.705208 0.503704 0.704688 0.504630 0.704688 0.509259 0.702604 0.512963 0.701562 0.512963 0.701042 0.512037 0.700521 0.512037 0.700000 0.511111 0.699479 0.511111 0.692187 0.498148 0.692187 0.497222
0 0.340365 0.439352 0.072396 0.063889 0.376563 0.462963 0.376042 0.463889 0.375521 0.463889 0.375000 0.464815 0.374479 0.464815 0.373958 0.465741 0.373437 0.465741 0.372917 0.466667 0.372396 0.466667 0.371875 0.467593 0.371354 0.467593 0.370833 0.468519 0.370312 0.468519 0.369792 0.469444 0.369271 0.469444 0.368750 0.470370 0.368229 0.470370 0.367708 0.471296 0.370312 0.471296 0.371354 0.469444 0.371875 0.469444 0.372396 0.468519 0.372917 0.468519 0.373437 0.467593 0.373958 0.467593
0 0.411979 0.444907 0.079167 0.076852 0.412500 0.406481 0.411979 0.407407 0.411458 0.407407 0.410938 0.408333 0.409896 0.408333 0.409375 0.409259 0.408854 0.409259 0.408333 0.410185 0.407813 0.410185 0.407292 0.411111 0.406771 0.411111 0.406250 0.412037 0.405729 0.412037 0.402083 0.418519 0.401562 0.418519 0.394792 0.430556 0.394792 0.431481 0.372917 0.470370 0.372917 0.471296 0.372396 0.472222 0.372396 0.473148 0.372917 0.474074 0.372917 0.475000 0.373958 0.476852 0.375521 0.476852 0.376042 0.475926 0.376563 0.475926 0.377083 0.475000 0.377604 0.475000 0.378125 0.474074 0.378646 0.474074 0.379167 0.473148 0.379688 0.473148 0.380208 0.472222 0.380729 0.472222 0.381250 0.471296 0.381771 0.471296 0.382292 0.470370 0.382812 0.470370 0.385937 0.464815 0.386458 0.464815 0.402604 0.436111 0.403125 0.436111 0.404167 0.434259 0.404687 0.434259 0.405208 0.433333 0.405729 0.433333 0.406250 0.432407 0.406771 0.432407 0.407292 0.431481 0.407813 0.431481 0.408333 0.430556 0.409375 0.430556 0.410417 0.432407 0.410938 0.432407 0.411979 0.434259 0.412500 0.434259 0.430208 0.465741 0.430208 0.466667 0.439583 0.483333 0.442188 0.483333 0.443229 0.481481 0.443750 0.481481 0.444792 0.479630 0.445312 0.479630 0.446354 0.477778 0.446875 0.477778 0.447396 0.476852 0.446875 0.475926 0.446875 0.474074 0.447917 0.472222 0.447917 0.471296 0.451562 0.464815 0.451042 0.465741 0.450521 0.465741 0.449479 0.467593 0.448958 0.467593 0.447917 0.469444 0.445833 0.469444 0.444792 0.467593 0.444271 0.467593 0.441667 0.462963 0.441667 0.462037 0.433854 0.448148 0.433854 0.447222 0.426563 0.434259 0.426563 0.433333 0.419271 0.420370 0.419271 0.419444 0.413021 0.408333 0.413021 0.407407
0 0.485156 0.444444 0.075521 0.083333 0.491667 0.402778 0.490625 0.404630 0.490104 0.404630 0.489583 0.405556 0.489063 0.405556 0.488021 0.407407 0.487500 0.407407 0.486458 0.409259 0.485938 0.409259 0.485417 0.410185 0.484896 0.410185 0.483854 0.412037 0.483333 0.412037 0.482812 0.412963 0.482292 0.412963 0.475000 0.425926 0.474479 0.425926 0.455208 0.460185 0.454688 0.460185 0.448437 0.471296 0.448437 0.472222 0.447396 0.474074 0.447396 0.475926 0.447917 0.476852 0.447917 0.477778 0.448958 0.479630 0.450521 0.479630 0.451562 0.477778 0.452083 0.477778 0.453125 0.475926 0.453646 0.475926 0.454688 0.474074 0.455208 0.474074 0.456250 0.472222 0.456771 0.472222 0.457813 0.470370 0.458333 0.470370 0.459375 0.468519 0.459896 0.468519 0.460938 0.466667 0.461458 0.466667 0.462500 0.464815 0.463021 0.464815 0.468229 0.455556 0.468750 0.455556 0.477083 0.440741 0.477604 0.440741 0.479167 0.437963 0.479687 0.437963 0.480729 0.436111 0.481250 0.436111 0.482292 0.434259 0.482812 0.434259 0.483854 0.432407 0.484375 0.432407 0.484896 0.431481 0.485938 0.431481 0.486458 0.432407 0.486979 0.432407 0.487500 0.433333 0.488021 0.433333 0.489583 0.436111 0.490104 0.436111 0.495312 0.445370 0.495833 0.445370 0.500000 0.452778 0.500000 0.453704 0.510417 0.472222 0.510417 0.473148 0.517188 0.485185 0.517708 0.485185 0.518229 0.486111 0.519271 0.486111 0.519792 0.485185 0.520312 0.485185 0.522917 0.480556 0.522917 0.479630 0.518229 0.471296 0.518229 0.470370 0.510417 0.456481 0.510417 0.455556 0.502604 0.441667 0.502604 0.440741 0.494792 0.426852 0.494792 0.425926 0.491146 0.419444 0.491146 0.418519 0.490625 0.417593 0.490625 0.413889 0.491667 0.412037 0.492188 0.412037 0.493229 0.410185 0.493750 0.410185 0.494792 0.408333 0.495312 0.408333 0.495312 0.407407 0.492708 0.402778
0 0.574740 0.450463 0.079687 0.091667 0.579167 0.404630 0.576042 0.410185 0.575521 0.410185 0.554167 0.448148 0.554167 0.449074 0.534896 0.483333 0.534896 0.487037 0.536458 0.489815 0.537500 0.489815 0.538021 0.488889 0.538542 0.488889 0.540104 0.486111 0.540625 0.486111 0.546875 0.475000 0.547396 0.475000 0.553125 0.464815 0.553646 0.464815 0.557292 0.458333 0.557813 0.458333 0.560937 0.452778 0.561458 0.452778 0.564063 0.448148 0.564583 0.448148 0.566146 0.445370 0.566667 0.445370 0.567708 0.443519 0.568229 0.443519 0.569271 0.441667 0.569792 0.441667 0.570312 0.440741 0.571354 0.440741 0.571875 0.439815 0.575521 0.439815 0.576042 0.440741 0.576562 0.440741 0.577083 0.441667 0.577604 0.441667 0.578646 0.443519 0.579167 0.443519 0.581771 0.448148 0.582292 0.448148 0.598437 0.476852 0.598437 0.477778 0.608333 0.495370 0.608854 0.495370 0.609375 0.496296 0.610417 0.496296 0.610938 0.495370 0.611458 0.495370 0.611979 0.494444 0.611979 0.493519 0.612500 0.492593 0.612500 0.491667 0.613542 0.489815 0.613542 0.488889 0.614062 0.487963 0.614062 0.487037 0.614583 0.486111 0.614583 0.485185 0.610417 0.477778 0.610417 0.476852 0.602083 0.462037 0.602083 0.461111 0.594271 0.447222 0.594271 0.446296 0.586458 0.432407 0.586458 0.431481 0.583854 0.426852 0.583854 0.425926 0.582812 0.424074 0.582812 0.422222 0.583333 0.421296 0.583333 0.420370 0.585938 0.415741 0.585938 0.414815 0.584896 0.412963 0.584375 0.412963 0.581250 0.407407 0.580729 0.407407
0 0.664323 0.463426 0.080729 0.097222 0.666667 0.414815 0.666146 0.415741 0.666146 0.417593 0.665625 0.418519 0.665625 0.419444 0.665104 0.420370 0.665104 0.422222 0.664583 0.423148 0.664583 0.425000 0.664062 0.425926 0.664062 0.426852 0.663542 0.427778 0.663542 0.429630 0.663021 0.430556 0.663021 0.431481 0.658333 0.439815 0.657813 0.439815 0.653646 0.447222 0.653125 0.447222 0.648958 0.454630 0.648438 0.454630 0.644271 0.462037 0.643750 0.462037 0.639062 0.470370 0.638542 0.470370 0.634375 0.477778 0.633854 0.477778 0.629687 0.485185 0.629167 0.485185 0.627083 0.488889 0.627083 0.489815 0.626563 0.490741 0.626563 0.491667 0.626042 0.492593 0.626042 0.493519 0.625521 0.494444 0.625521 0.495370 0.625000 0.496296 0.625000 0.497222 0.624479 0.498148 0.624479 0.499074 0.623958 0.500000 0.623958 0.500926 0.624479 0.501852 0.624479 0.502778 0.625521 0.504630 0.626042 0.504630 0.626563 0.505556 0.627083 0.504630 0.627604 0.504630 0.628646 0.502778 0.629167 0.502778 0.632292 0.497222 0.632812 0.497222 0.636979 0.489815 0.637500 0.489815 0.641146 0.483333 0.641667 0.483333 0.644792 0.477778 0.645312 0.477778 0.647917 0.473148 0.648438 0.473148 0.651042 0.468519 0.651563 0.468519 0.653646 0.464815 0.654167 0.464815 0.655729 0.462037 0.656250 0.462037 0.657292 0.460185 0.657813 0.460185 0.658854 0.458333 0.659375 0.458333 0.659896 0.457407 0.660417 0.457407 0.661458 0.455556 0.662500 0.455556 0.663021 0.454630 0.666667 0.454630 0.667188 0.455556 0.667708 0.455556 0.668229 0.456481 0.668750 0.456481 0.669792 0.458333 0.670312 0.458333 0.672396 0.462037 0.672917 0.462037 0.692708 0.497222 0.692708 0.498148 0.699479 0.510185 0.700000 0.510185 0.700521 0.511111 0.701042 0.511111 0.701562 0.512037 0.702604 0.512037 0.704167 0.509259 0.704167 0.504630 0.704688 0.503704 0.704688 0.498148 0.700521 0.490741 0.700521 0.489815 0.691667 0.474074 0.691667 0.473148 0.685417 0.462037 0.685417 0.461111 0.683854 0.458333 0.683854 0.452778 0.684375 0.451852 0.684375 0.448148 0.684896 0.447222 0.684896 0.444444 0.685417 0.443519 0.685417 0.440741 0.677604 0.426852 0.677083 0.426852 0.673438 0.420370 0.672917 0.420370 0.671354 0.417593 0.670833 0.417593 0.669792 0.415741 0.668750 0.415741 0.668229 0.414815
0 0.372917 0.431019 0.083333 0.078704 0.343750 0.391667 0.343229 0.392593 0.342708 0.392593 0.342187 0.393519 0.341146 0.393519 0.340625 0.394444 0.339583 0.394444 0.339062 0.395370 0.338021 0.395370 0.337500 0.396296 0.336979 0.396296 0.336458 0.397222 0.335417 0.397222 0.334896 0.398148 0.333854 0.398148 0.333333 0.399074 0.332292 0.399074 0.331250 0.400926 0.331250 0.404630 0.332292 0.406481 0.332292 0.407407 0.336979 0.415741 0.336979 0.416667 0.343229 0.427778 0.343229 0.428704 0.350000 0.440741 0.350000 0.441667 0.356250 0.452778 0.356250 0.453704 0.365625 0.470370 0.367708 0.470370 0.368229 0.469444 0.368750 0.469444 0.369271 0.468519 0.369792 0.468519 0.370312 0.467593 0.370833 0.467593 0.371354 0.466667 0.371875 0.466667 0.372396 0.465741 0.372917 0.465741 0.373437 0.464815 0.373958 0.464815 0.374479 0.463889 0.375000 0.463889 0.375521 0.462963 0.376042 0.462963 0.376563 0.462037 0.377083 0.462037 0.394271 0.431481 0.394271 0.430556 0.401562 0.417593 0.402083 0.417593 0.405729 0.411111 0.406250 0.411111 0.406771 0.410185 0.407292 0.410185 0.407813 0.409259 0.408333 0.409259 0.408854 0.408333 0.409375 0.408333 0.409896 0.407407 0.410938 0.407407 0.411458 0.406481 0.411979 0.406481 0.411979 0.405556 0.410938 0.403704 0.410938 0.402778 0.410417 0.401852 0.410417 0.400000 0.412500 0.396296 0.413021 0.396296 0.413542 0.395370 0.414583 0.395370 0.414583 0.394444 0.414062 0.393519 0.413542 0.393519 0.413021 0.392593 0.412500 0.393519 0.411979 0.393519 0.411458 0.394444 0.410417 0.394444 0.409896 0.395370 0.409375 0.395370 0.408854 0.396296 0.408333 0.396296 0.407813 0.397222 0.407292 0.397222 0.406771 0.398148 0.405729 0.398148 0.405208 0.399074 0.404687 0.399074 0.404167 0.400000 0.403646 0.400000 0.403125 0.400926 0.402604 0.400926 0.402083 0.401852 0.401042 0.401852 0.400521 0.402778 0.400000 0.402778 0.399479 0.403704 0.398958 0.403704 0.398438 0.404630 0.397917 0.404630 0.395833 0.408333 0.395313 0.408333 0.394271 0.410185 0.394271 0.411111 0.383333 0.430556 0.382812 0.430556 0.378125 0.438889 0.377604 0.438889 0.376563 0.437037 0.376563 0.436111 0.376042 0.435185 0.376042 0.433333 0.376563 0.432407 0.376563 0.431481 0.376042 0.432407 0.375000 0.432407 0.374479 0.433333 0.373958 0.433333 0.373437 0.434259 0.372917 0.434259 0.372396 0.435185 0.371875 0.435185 0.371354 0.436111 0.369271 0.436111 0.368229 0.434259 0.367708 0.434259 0.364583 0.428704 0.364583 0.427778 0.356250 0.412963 0.356250 0.412037 0.345313 0.392593 0.344792 0.392593 0.344271 0.391667
0 0.451562 0.431944 0.081250 0.073148 0.415104 0.395370 0.414583 0.396296 0.413542 0.396296 0.413021 0.397222 0.412500 0.397222 0.410938 0.400000 0.410938 0.401852 0.411458 0.402778 0.411458 0.403704 0.413542 0.407407 0.413542 0.408333 0.419792 0.419444 0.419792 0.420370 0.427083 0.433333 0.427083 0.434259 0.434375 0.447222 0.434375 0.448148 0.442188 0.462037 0.442188 0.462963 0.444271 0.466667 0.444792 0.466667 0.445833 0.468519 0.447917 0.468519 0.448958 0.466667 0.449479 0.466667 0.450521 0.464815 0.451042 0.464815 0.451562 0.463889 0.452083 0.463889 0.454688 0.459259 0.455208 0.459259 0.474479 0.425000 0.475000 0.425000 0.482292 0.412037 0.482812 0.412037 0.483333 0.411111 0.483854 0.411111 0.484896 0.409259 0.485417 0.409259 0.485938 0.408333 0.486458 0.408333 0.487500 0.406481 0.488021 0.406481 0.489063 0.404630 0.489583 0.404630 0.490104 0.403704 0.490625 0.403704 0.491667 0.401852 0.492188 0.401852 0.491146 0.400000 0.490625 0.400000 0.489063 0.397222 0.488542 0.397222 0.488021 0.396296 0.487500 0.396296 0.486979 0.395370 0.486458 0.395370 0.485938 0.396296 0.485417 0.396296 0.484896 0.397222 0.484375 0.397222 0.483854 0.398148 0.483333 0.398148 0.482292 0.400000 0.481771 0.400000 0.481250 0.400926 0.480729 0.400926 0.479687 0.402778 0.479167 0.402778 0.475521 0.409259 0.475000 0.409259 0.462500 0.431481 0.461979 0.431481 0.460417 0.434259 0.459896 0.434259 0.459375 0.435185 0.458854 0.435185 0.457813 0.437037 0.457292 0.437037 0.456771 0.437963 0.456250 0.437963 0.455208 0.439815 0.454688 0.439815 0.453646 0.441667 0.453125 0.441667 0.452604 0.442593 0.452083 0.442593 0.451562 0.443519 0.451042 0.443519 0.450521 0.444444 0.450000 0.443519 0.449479 0.443519 0.448437 0.441667 0.447917 0.441667 0.447396 0.442593 0.446875 0.442593 0.445833 0.444444 0.445312 0.444444 0.444792 0.445370 0.444271 0.445370 0.443750 0.444444 0.443229 0.444444 0.442708 0.443519 0.442188 0.443519 0.437500 0.435185 0.437500 0.434259 0.429688 0.420370 0.429688 0.419444 0.418750 0.400000 0.418229 0.400000 0.415625 0.395370
0 0.534635 0.443519 0.086979 0.085185 0.560937 0.400926 0.558333 0.405556 0.557813 0.405556 0.553646 0.412963 0.553125 0.412963 0.548958 0.420370 0.548438 0.420370 0.544271 0.427778 0.543750 0.427778 0.539583 0.435185 0.539062 0.435185 0.535417 0.441667 0.534896 0.441667 0.530729 0.449074 0.530208 0.449074 0.527604 0.453704 0.525000 0.453704 0.521875 0.448148 0.521354 0.448148 0.520833 0.449074 0.518750 0.449074 0.518229 0.448148 0.517708 0.448148 0.509896 0.434259 0.509896 0.433333 0.495833 0.408333 0.495312 0.409259 0.494792 0.409259 0.493750 0.411111 0.493229 0.411111 0.492188 0.412963 0.491667 0.412963 0.491146 0.413889 0.491146 0.417593 0.491667 0.418519 0.491667 0.419444 0.495312 0.425926 0.495312 0.426852 0.503125 0.440741 0.503125 0.441667 0.510938 0.455556 0.510938 0.456481 0.518750 0.470370 0.518750 0.471296 0.526563 0.485185 0.527083 0.485185 0.527604 0.486111 0.529167 0.486111 0.530729 0.483333 0.531250 0.483333 0.536458 0.474074 0.536979 0.474074 0.544271 0.461111 0.544792 0.461111 0.552083 0.448148 0.552604 0.448148 0.559896 0.435185 0.560417 0.435185 0.578125 0.403704 0.577604 0.403704 0.577083 0.402778 0.576562 0.402778 0.576042 0.401852 0.573438 0.401852 0.572917 0.402778 0.571875 0.402778 0.571354 0.403704 0.570833 0.403704 0.570312 0.404630 0.569792 0.404630 0.568229 0.407407 0.567708 0.407407 0.566667 0.409259 0.566146 0.409259 0.563542 0.413889 0.563021 0.413889 0.560417 0.418519 0.559896 0.418519 0.555729 0.425926 0.555208 0.425926 0.549479 0.436111 0.548958 0.436111 0.541667 0.449074 0.541146 0.449074 0.539062 0.452778 0.537500 0.452778 0.535417 0.449074 0.535417 0.445370 0.545312 0.427778 0.545833 0.427778 0.554688 0.412037 0.555208 0.412037 0.560937 0.401852
0 0.624740 0.454630 0.082812 0.079630 0.664583 0.414815 0.664062 0.415741 0.663021 0.415741 0.662500 0.416667 0.661979 0.416667 0.661458 0.417593 0.660937 0.417593 0.659375 0.420370 0.658854 0.420370 0.657813 0.422222 0.657292 0.422222 0.655729 0.425000 0.655208 0.425000 0.653125 0.428704 0.652604 0.428704 0.650000 0.433333 0.649479 0.433333 0.646354 0.438889 0.645833 0.438889 0.642188 0.445370 0.641667 0.445370 0.637500 0.452778 0.636979 0.452778 0.632812 0.460185 0.632292 0.460185 0.629687 0.464815 0.629167 0.464815 0.628646 0.465741 0.628125 0.465741 0.627604 0.464815 0.627083 0.464815 0.625521 0.462037 0.625521 0.458333 0.626042 0.457407 0.626042 0.456481 0.626563 0.455556 0.626563 0.454630 0.627083 0.453704 0.627083 0.452778 0.628125 0.450926 0.627083 0.452778 0.626563 0.452778 0.624479 0.456481 0.623958 0.456481 0.623437 0.457407 0.621354 0.457407 0.616146 0.448148 0.615625 0.449074 0.615625 0.450000 0.615104 0.450926 0.615104 0.451852 0.614062 0.453704 0.614062 0.454630 0.611979 0.458333 0.609896 0.458333 0.608333 0.455556 0.607812 0.455556 0.605208 0.450926 0.605208 0.450000 0.595833 0.433333 0.595833 0.432407 0.586458 0.415741 0.583854 0.420370 0.583854 0.421296 0.583333 0.422222 0.583333 0.424074 0.584375 0.425926 0.584375 0.426852 0.586979 0.431481 0.586979 0.432407 0.594792 0.446296 0.594792 0.447222 0.602604 0.461111 0.602604 0.462037 0.610938 0.476852 0.610938 0.477778 0.620313 0.494444 0.622396 0.494444 0.622917 0.493519 0.623437 0.493519 0.625000 0.490741 0.625521 0.490741 0.629167 0.484259 0.629687 0.484259 0.633854 0.476852 0.634375 0.476852 0.638542 0.469444 0.639062 0.469444 0.643750 0.461111 0.644271 0.461111 0.648438 0.453704 0.648958 0.453704 0.653125 0.446296 0.653646 0.446296 0.657813 0.438889 0.658333 0.438889 0.662500 0.431481 0.662500 0.430556 0.663021 0.429630 0.663021 0.427778 0.663542 0.426852 0.663542 0.425926 0.664062 0.425000 0.664062 0.423148 0.664583 0.422222 0.664583 0.420370 0.665104 0.419444 0.665104 0.418519 0.665625 0.417593 0.665625 0.415741 0.666146 0.414815
0 0.725521 0.461574 0.082292 0.134259 0.756250 0.394444 0.755729 0.395370 0.755208 0.395370 0.753125 0.399074 0.752604 0.399074 0.749479 0.404630 0.748958 0.404630 0.745833 0.410185 0.745313 0.410185 0.742188 0.415741 0.741667 0.415741 0.739062 0.420370 0.738542 0.420370 0.736458 0.424074 0.735938 0.424074 0.734375 0.426852 0.733854 0.426852 0.732292 0.429630 0.731771 0.429630 0.730208 0.432407 0.729688 0.432407 0.728646 0.434259 0.728125 0.434259 0.727604 0.435185 0.727083 0.435185 0.726562 0.436111 0.725521 0.436111 0.725000 0.437037 0.722917 0.437037 0.722396 0.436111 0.721875 0.436111 0.721354 0.435185 0.720833 0.435185 0.720313 0.434259 0.719792 0.434259 0.717708 0.430556 0.717187 0.430556 0.709375 0.416667 0.709375 0.418519 0.708854 0.419444 0.708854 0.426852 0.708333 0.427778 0.708333 0.435185 0.707812 0.436111 0.707812 0.442593 0.707292 0.443519 0.707292 0.450926 0.706771 0.451852 0.706771 0.459259 0.706250 0.460185 0.706250 0.467593 0.704167 0.471296 0.702604 0.471296 0.702083 0.470370 0.701562 0.470370 0.700000 0.467593 0.699479 0.467593 0.697396 0.463889 0.697396 0.462963 0.688021 0.446296 0.688021 0.445370 0.685937 0.441667 0.685937 0.443519 0.685417 0.444444 0.685417 0.447222 0.684896 0.448148 0.684896 0.451852 0.684375 0.452778 0.684375 0.458333 0.685937 0.461111 0.685937 0.462037 0.692187 0.473148 0.692187 0.474074 0.701042 0.489815 0.701042 0.490741 0.709375 0.505556 0.709375 0.506481 0.717708 0.521296 0.717708 0.522222 0.719792 0.525926 0.720313 0.525926 0.721875 0.528704 0.723437 0.528704 0.723958 0.527778 0.724479 0.527778 0.725521 0.525926 0.726042 0.525926 0.728646 0.521296 0.729167 0.521296 0.731771 0.516667 0.732292 0.516667 0.734896 0.512037 0.735417 0.512037 0.738021 0.507407 0.738542 0.507407 0.741667 0.501852 0.742188 0.501852 0.744792 0.497222 0.745313 0.497222 0.747917 0.492593 0.748437 0.492593 0.751563 0.487037 0.752083 0.487037 0.754687 0.482407 0.755208 0.482407 0.757812 0.477778 0.758333 0.477778 0.761458 0.472222 0.761979 0.472222 0.766667 0.463889 0.766667 0.461111 0.766146 0.460185 0.766146 0.457407 0.765625 0.456481 0.765625 0.452778 0.765104 0.451852 0.765104 0.449074 0.764583 0.448148 0.764583 0.444444 0.764062 0.443519 0.764062 0.440741 0.763542 0.439815 0.763542 0.436111 0.763021 0.435185 0.763021 0.432407 0.762500 0.431481 0.762500 0.427778 0.761979 0.426852 0.761979 0.424074 0.761458 0.423148 0.761458 0.419444 0.760938 0.418519 0.760938 0.415741 0.760417 0.414815 0.760417 0.411111 0.759896 0.410185 0.759896 0.407407 0.759375 0.406481 0.759375 0.402778 0.758854 0.401852 0.758854 0.399074 0.758333 0.398148 0.758333 0.396296 0.757812 0.395370 0.757292 0.395370 0.756771 0.394444
0 0.342448 0.400463 0.074479 0.069444 0.336458 0.365741 0.325521 0.385185 0.325521 0.386111 0.317188 0.400926 0.317188 0.401852 0.308854 0.416667 0.308854 0.417593 0.305729 0.423148 0.305729 0.424074 0.305208 0.425000 0.305208 0.426852 0.305729 0.427778 0.305729 0.428704 0.306771 0.430556 0.307812 0.430556 0.316667 0.414815 0.317188 0.414815 0.317708 0.413889 0.318750 0.413889 0.319271 0.412963 0.319792 0.412963 0.320312 0.412037 0.321354 0.412037 0.321875 0.411111 0.322917 0.411111 0.323437 0.410185 0.323958 0.410185 0.324479 0.409259 0.325521 0.409259 0.326042 0.408333 0.327083 0.408333 0.327604 0.407407 0.328125 0.407407 0.328646 0.406481 0.329688 0.406481 0.330208 0.405556 0.331250 0.405556 0.330729 0.404630 0.330729 0.400926 0.332292 0.398148 0.333333 0.398148 0.333854 0.397222 0.334896 0.397222 0.335417 0.396296 0.336458 0.396296 0.336979 0.395370 0.337500 0.395370 0.338021 0.394444 0.339062 0.394444 0.339583 0.393519 0.340625 0.393519 0.341146 0.392593 0.342187 0.392593 0.342708 0.391667 0.343229 0.391667 0.343750 0.390741 0.344271 0.390741 0.344792 0.391667 0.345313 0.391667 0.356771 0.412037 0.356771 0.412963 0.365104 0.427778 0.365104 0.428704 0.367708 0.433333 0.368229 0.433333 0.369271 0.435185 0.371354 0.435185 0.371875 0.434259 0.372396 0.434259 0.372917 0.433333 0.373437 0.433333 0.373958 0.432407 0.374479 0.432407 0.375000 0.431481 0.376042 0.431481 0.376563 0.430556 0.377083 0.430556 0.379688 0.425926 0.379167 0.425926 0.378646 0.426852 0.378125 0.426852 0.377604 0.427778 0.377083 0.427778 0.376563 0.428704 0.376042 0.428704 0.375521 0.429630 0.375000 0.429630 0.374479 0.430556 0.373437 0.430556 0.372917 0.431481 0.372396 0.431481 0.371875 0.430556 0.371354 0.430556 0.366146 0.421296 0.366146 0.420370 0.359375 0.408333 0.359375 0.407407 0.352083 0.394444 0.352083 0.393519 0.344792 0.380556 0.344792 0.379630 0.339062 0.369444 0.339062 0.368519 0.337500 0.365741
0 0.414062 0.408333 0.075000 0.072222 0.410417 0.372222 0.409896 0.373148 0.409375 0.373148 0.384375 0.417593 0.384375 0.418519 0.377083 0.431481 0.377083 0.432407 0.376563 0.433333 0.376563 0.435185 0.377083 0.436111 0.377083 0.437037 0.377604 0.437963 0.378125 0.437963 0.382812 0.429630 0.383333 0.429630 0.393750 0.411111 0.393750 0.410185 0.395313 0.407407 0.395833 0.407407 0.397917 0.403704 0.398438 0.403704 0.398958 0.402778 0.399479 0.402778 0.400000 0.401852 0.400521 0.401852 0.401042 0.400926 0.402083 0.400926 0.402604 0.400000 0.403125 0.400000 0.403646 0.399074 0.404167 0.399074 0.404687 0.398148 0.405208 0.398148 0.405729 0.397222 0.406771 0.397222 0.407292 0.396296 0.407813 0.396296 0.408333 0.395370 0.408854 0.395370 0.409375 0.394444 0.409896 0.394444 0.410417 0.393519 0.411458 0.393519 0.411979 0.392593 0.412500 0.392593 0.413021 0.391667 0.413542 0.392593 0.414062 0.392593 0.415104 0.394444 0.415625 0.394444 0.418229 0.399074 0.418750 0.399074 0.430208 0.419444 0.430208 0.420370 0.438021 0.434259 0.438021 0.435185 0.442188 0.442593 0.442708 0.442593 0.443229 0.443519 0.443750 0.443519 0.444271 0.444444 0.444792 0.444444 0.445312 0.443519 0.445833 0.443519 0.446875 0.441667 0.447396 0.441667 0.447917 0.440741 0.447917 0.437037 0.448437 0.436111 0.448437 0.435185 0.451562 0.429630 0.450521 0.431481 0.450000 0.431481 0.449479 0.432407 0.448958 0.432407 0.448437 0.433333 0.447917 0.433333 0.446875 0.435185 0.444792 0.435185 0.435937 0.419444 0.435937 0.418519 0.428646 0.405556 0.428646 0.404630 0.420833 0.390741 0.420833 0.389815 0.413542 0.376852 0.413542 0.375926 0.411458 0.372222
0 0.490625 0.389815 0.084375 0.116667 0.529687 0.331481 0.529167 0.332407 0.528646 0.332407 0.528125 0.333333 0.527604 0.333333 0.526563 0.335185 0.526042 0.335185 0.525521 0.336111 0.525000 0.336111 0.524479 0.337037 0.523958 0.337037 0.523438 0.337963 0.522917 0.337963 0.522396 0.338889 0.521875 0.338889 0.521354 0.339815 0.520833 0.339815 0.520312 0.340741 0.519792 0.340741 0.518750 0.342593 0.518229 0.342593 0.517708 0.343519 0.517188 0.343519 0.516667 0.344444 0.516146 0.344444 0.515625 0.345370 0.515104 0.345370 0.514583 0.346296 0.514062 0.346296 0.513542 0.347222 0.513021 0.347222 0.512500 0.348148 0.511979 0.348148 0.511458 0.349074 0.510938 0.349074 0.509896 0.350926 0.509375 0.350926 0.508854 0.351852 0.508333 0.351852 0.507812 0.352778 0.507292 0.352778 0.506771 0.353704 0.506250 0.353704 0.505729 0.354630 0.505208 0.354630 0.504687 0.355556 0.504167 0.355556 0.503646 0.356481 0.503125 0.356481 0.502083 0.358333 0.501563 0.358333 0.501042 0.359259 0.500521 0.359259 0.500000 0.360185 0.499479 0.360185 0.498958 0.361111 0.498437 0.361111 0.497917 0.362037 0.497396 0.362037 0.496875 0.362963 0.496354 0.362963 0.495833 0.363889 0.495312 0.363889 0.494792 0.364815 0.494271 0.364815 0.493229 0.366667 0.492708 0.366667 0.492188 0.367593 0.491667 0.367593 0.491146 0.368519 0.490625 0.368519 0.490104 0.369444 0.489583 0.369444 0.489063 0.370370 0.488542 0.370370 0.488021 0.371296 0.487500 0.371296 0.486979 0.372222 0.486458 0.372222 0.485417 0.374074 0.484896 0.374074 0.484375 0.375000 0.483854 0.375000 0.483333 0.375926 0.482812 0.375926 0.465625 0.406481 0.465104 0.406481 0.448958 0.435185 0.448958 0.436111 0.448437 0.437037 0.448437 0.440741 0.449479 0.442593 0.450000 0.442593 0.450521 0.443519 0.451042 0.442593 0.451562 0.442593 0.452083 0.441667 0.452604 0.441667 0.453125 0.440741 0.453646 0.440741 0.454688 0.438889 0.455208 0.438889 0.456250 0.437037 0.456771 0.437037 0.457292 0.436111 0.457813 0.436111 0.458854 0.434259 0.459375 0.434259 0.459896 0.433333 0.460417 0.433333 0.461979 0.430556 0.462500 0.430556 0.475000 0.408333 0.475521 0.408333 0.479167 0.401852 0.479687 0.401852 0.480729 0.400000 0.481250 0.400000 0.481771 0.399074 0.482292 0.399074 0.483333 0.397222 0.483854 0.397222 0.484375 0.396296 0.484896 0.396296 0.485417 0.395370 0.485938 0.395370 0.486458 0.394444 0.486979 0.394444 0.487500 0.395370 0.488021 0.395370 0.488542 0.396296 0.489063 0.396296 0.490625 0.399074 0.491146 0.399074 0.510417 0.433333 0.510417 0.434259 0.517708 0.447222 0.518229 0.447222 0.518750 0.448148 0.520833 0.448148 0.521354 0.447222 0.516146 0.437963 0.516146 0.437037 0.507812 0.422222 0.507812 0.421296 0.500000 0.407407 0.500000 0.406481 0.492188 0.392593 0.492188 0.391667 0.488542 0.385185 0.488542 0.384259 0.488021 0.383333 0.488021 0.380556 0.488542 0.379630 0.488542 0.378704 0.489063 0.377778 0.489583 0.377778 0.490104 0.376852 0.490625 0.376852 0.491667 0.375000 0.492188 0.375000 0.492708 0.374074 0.493229 0.374074 0.493750 0.373148 0.494271 0.373148 0.494792 0.372222 0.495312 0.372222 0.496354 0.370370 0.496875 0.370370 0.497396 0.369444 0.497917 0.369444 0.498437 0.368519 0.498958 0.368519 0.500000 0.366667 0.500521 0.366667 0.501042 0.365741 0.501563 0.365741 0.502083 0.364815 0.502604 0.364815 0.503646 0.362963 0.504167 0.362963 0.504687 0.362037 0.505208 0.362037 0.505729 0.361111 0.506250 0.361111 0.506771 0.360185 0.507292 0.360185 0.508333 0.358333 0.508854 0.358333 0.509375 0.357407 0.509896 0.357407 0.510417 0.356481 0.510938 0.356481 0.511979 0.354630 0.512500 0.354630 0.513021 0.353704 0.513542 0.353704 0.514062 0.352778 0.514583 0.352778 0.515625 0.350926 0.516146 0.350926 0.516667 0.350000 0.517188 0.350000 0.517708 0.349074 0.518229 0.349074 0.518750 0.348148 0.519271 0.348148 0.520312 0.346296 0.520833 0.346296 0.521354 0.345370 0.521875 0.345370 0.522396 0.344444 0.522917 0.344444 0.523958 0.342593 0.524479 0.342593 0.525000 0.341667 0.525521 0.341667 0.526042 0.340741 0.526563 0.340741 0.527604 0.338889 0.528125 0.338889 0.528646 0.337963 0.529167 0.337963 0.529687 0.337037 0.530208 0.337037 0.530729 0.336111 0.531250 0.336111 0.532292 0.334259 0.532813 0.334259 0.532813 0.333333 0.531771 0.331481
0 0.575781 0.395833 0.079687 0.123148 0.604167 0.334259 0.603646 0.335185 0.603125 0.335185 0.600521 0.339815 0.600000 0.339815 0.595313 0.348148 0.594792 0.348148 0.590625 0.355556 0.590104 0.355556 0.585938 0.362963 0.585417 0.362963 0.581250 0.370370 0.580729 0.370370 0.576562 0.377778 0.576042 0.377778 0.571875 0.385185 0.571354 0.385185 0.564063 0.398148 0.563542 0.398148 0.555208 0.412963 0.554688 0.412963 0.545833 0.428704 0.545312 0.428704 0.535937 0.445370 0.535937 0.449074 0.537500 0.451852 0.539062 0.451852 0.541146 0.448148 0.541667 0.448148 0.548958 0.435185 0.549479 0.435185 0.555208 0.425000 0.555729 0.425000 0.559896 0.417593 0.560417 0.417593 0.563021 0.412963 0.563542 0.412963 0.566146 0.408333 0.566667 0.408333 0.567708 0.406481 0.568229 0.406481 0.569792 0.403704 0.570312 0.403704 0.570833 0.402778 0.571354 0.402778 0.571875 0.401852 0.572917 0.401852 0.573438 0.400926 0.576042 0.400926 0.576562 0.401852 0.577083 0.401852 0.577604 0.402778 0.578125 0.402778 0.578646 0.403704 0.579167 0.403704 0.580729 0.406481 0.581250 0.406481 0.584375 0.412037 0.584896 0.412037 0.596354 0.432407 0.596354 0.433333 0.605729 0.450000 0.605729 0.450926 0.607812 0.454630 0.608333 0.454630 0.609896 0.457407 0.611979 0.457407 0.613542 0.454630 0.613542 0.453704 0.614583 0.451852 0.614583 0.450926 0.615104 0.450000 0.615104 0.449074 0.615625 0.448148 0.615625 0.447222 0.611458 0.439815 0.611458 0.438889 0.603125 0.424074 0.603125 0.423148 0.594792 0.408333 0.594792 0.407407 0.586979 0.393519 0.586979 0.392593 0.584375 0.387963 0.584375 0.387037 0.583854 0.386111 0.583854 0.383333 0.593750 0.365741 0.594271 0.365741 0.608333 0.340741 0.608333 0.339815 0.605729 0.335185 0.605208 0.335185 0.604688 0.334259
0 0.667708 0.407407 0.083333 0.125926 0.677604 0.344444 0.676042 0.347222 0.675521 0.347222 0.675000 0.348148 0.675000 0.349074 0.674479 0.350000 0.674479 0.350926 0.673958 0.351852 0.673958 0.352778 0.673438 0.353704 0.673438 0.354630 0.672917 0.355556 0.672917 0.357407 0.672396 0.358333 0.672396 0.359259 0.671875 0.360185 0.671875 0.361111 0.671354 0.362037 0.671354 0.363889 0.670833 0.364815 0.670833 0.365741 0.670312 0.366667 0.670312 0.367593 0.669792 0.368519 0.669792 0.369444 0.669271 0.370370 0.669271 0.372222 0.668750 0.373148 0.668750 0.374074 0.668229 0.375000 0.668229 0.375926 0.667708 0.376852 0.667708 0.378704 0.667188 0.379630 0.667188 0.380556 0.666667 0.381481 0.666667 0.382407 0.666146 0.383333 0.666146 0.384259 0.665625 0.385185 0.665625 0.387037 0.665104 0.387963 0.665104 0.388889 0.664583 0.389815 0.664583 0.390741 0.664062 0.391667 0.664062 0.392593 0.657813 0.403704 0.657292 0.403704 0.652604 0.412037 0.652083 0.412037 0.647396 0.420370 0.646875 0.420370 0.642188 0.428704 0.641667 0.428704 0.636979 0.437037 0.636458 0.437037 0.631771 0.445370 0.631250 0.445370 0.628646 0.450000 0.628646 0.450926 0.627604 0.452778 0.627604 0.453704 0.627083 0.454630 0.627083 0.455556 0.626563 0.456481 0.626563 0.457407 0.626042 0.458333 0.626042 0.462037 0.627083 0.463889 0.627604 0.463889 0.628125 0.464815 0.628646 0.464815 0.629167 0.463889 0.629687 0.463889 0.632292 0.459259 0.632812 0.459259 0.636979 0.451852 0.637500 0.451852 0.641667 0.444444 0.642188 0.444444 0.645833 0.437963 0.646354 0.437963 0.649479 0.432407 0.650000 0.432407 0.652604 0.427778 0.653125 0.427778 0.655208 0.424074 0.655729 0.424074 0.657292 0.421296 0.657813 0.421296 0.658854 0.419444 0.659375 0.419444 0.660937 0.416667 0.661458 0.416667 0.661979 0.415741 0.662500 0.415741 0.663021 0.414815 0.664062 0.414815 0.664583 0.413889 0.668229 0.413889 0.668750 0.414815 0.669792 0.414815 0.670833 0.416667 0.671354 0.416667 0.672917 0.419444 0.673438 0.419444 0.677083 0.425926 0.677604 0.425926 0.688542 0.445370 0.688542 0.446296 0.697917 0.462963 0.697917 0.463889 0.699479 0.466667 0.700000 0.466667 0.701562 0.469444 0.702083 0.469444 0.702604 0.470370 0.704167 0.470370 0.705729 0.467593 0.705729 0.460185 0.706250 0.459259 0.706250 0.451852 0.706771 0.450926 0.706771 0.443519 0.707292 0.442593 0.707292 0.436111 0.707812 0.435185 0.707812 0.427778 0.708333 0.426852 0.708333 0.419444 0.708854 0.418519 0.708854 0.411111 0.709375 0.410185 0.709375 0.400926 0.708854 0.400000 0.708854 0.399074 0.703646 0.389815 0.703646 0.388889 0.695312 0.374074 0.695312 0.373148 0.686458 0.357407 0.686458 0.356481 0.679688 0.344444