0 0.307812 0.521759 0.070833 0.069444 0.277604 0.487037 0.276042 0.489815 0.275521 0.489815 0.275000 0.490741 0.274479 0.490741 0.273438 0.492593 0.272917 0.492593 0.272396 0.493519 0.272396 0.497222 0.272917 0.498148 0.272917 0.499074 0.274479 0.501852 0.274479 0.502778 0.298438 0.545370 0.298438 0.546296 0.300000 0.549074 0.300521 0.549074 0.302604 0.552778 0.302604 0.553704 0.303125 0.554630 0.303646 0.554630 0.304688 0.556481 0.309896 0.556481 0.311458 0.553704 0.311979 0.553704 0.314063 0.550000 0.314583 0.550000 0.316146 0.547222 0.316667 0.547222 0.318750 0.543519 0.319271 0.543519 0.321354 0.539815 0.321875 0.539815 0.323437 0.537037 0.323958 0.537037 0.326042 0.533333 0.326562 0.533333 0.328646 0.529630 0.329167 0.529630 0.330729 0.526852 0.331250 0.526852 0.333333 0.523148 0.333854 0.523148 0.335938 0.519444 0.336458 0.519444 0.338021 0.516667 0.338542 0.516667 0.340625 0.512963 0.341146 0.512963 0.343229 0.509259 0.343229 0.506481 0.342708 0.505556 0.342708 0.504630 0.341667 0.502778 0.341667 0.501852 0.340625 0.500000 0.340625 0.499074 0.340104 0.498148 0.340104 0.497222 0.339583 0.497222 0.336979 0.492593 0.335938 0.494444 0.335417 0.494444 0.334375 0.496296 0.333854 0.496296 0.332292 0.499074 0.331771 0.499074 0.330729 0.500926 0.330208 0.500926 0.329167 0.502778 0.328646 0.502778 0.327604 0.504630 0.327083 0.504630 0.326042 0.506481 0.325521 0.506481 0.324479 0.508333 0.323958 0.508333 0.322917 0.510185 0.322396 0.510185 0.320833 0.512963 0.320312 0.512963 0.319271 0.514815 0.318750 0.514815 0.317708 0.516667 0.317188 0.516667 0.316146 0.518519 0.315625 0.518519 0.314583 0.520370 0.314063 0.520370 0.313021 0.522222 0.312500 0.522222 0.311458 0.524074 0.310937 0.524074 0.309896 0.525926 0.309375 0.525926 0.307812 0.528704 0.307292 0.528704 0.306250 0.530556 0.305729 0.530556 0.304688 0.532407 0.302604 0.532407 0.301042 0.529630 0.301042 0.526852 0.303646 0.522222 0.303646 0.521296 0.303125 0.521296 0.302083 0.523148 0.301563 0.523148 0.300521 0.525000 0.298438 0.525000 0.297917 0.524074 0.297396 0.524074 0.294271 0.518519 0.294271 0.517593 0.285417 0.501852 0.285417 0.500926
0 0.305208 0.487500 0.080208 0.075000 0.341667 0.450000 0.340625 0.451852 0.340104 0.451852 0.339583 0.452778 0.339062 0.452778 0.338021 0.454630 0.337500 0.454630 0.336458 0.456481 0.335938 0.456481 0.335417 0.457407 0.334896 0.457407 0.333854 0.459259 0.333333 0.459259 0.332292 0.461111 0.331771 0.461111 0.331250 0.462037 0.330729 0.462037 0.329688 0.463889 0.329167 0.463889 0.328646 0.464815 0.328125 0.464815 0.326562 0.467593 0.326042 0.467593 0.314583 0.487963 0.314063 0.487963 0.313021 0.489815 0.312500 0.489815 0.311458 0.491667 0.309375 0.491667 0.307812 0.488889 0.307812 0.486111 0.307292 0.487037 0.306771 0.487037 0.305729 0.488889 0.305208 0.488889 0.304688 0.489815 0.304167 0.489815 0.303125 0.491667 0.302604 0.491667 0.302083 0.492593 0.301563 0.492593 0.300521 0.494444 0.300000 0.494444 0.298958 0.496296 0.298438 0.496296 0.297917 0.497222 0.297396 0.497222 0.296354 0.499074 0.295833 0.499074 0.294792 0.500926 0.294271 0.500926 0.293750 0.501852 0.293229 0.501852 0.292187 0.503704 0.291667 0.503704 0.291146 0.504630 0.289583 0.504630 0.289062 0.503704 0.288542 0.503704 0.283333 0.494444 0.283333 0.493519 0.273958 0.476852 0.273958 0.475926 0.265104 0.460185 0.265104 0.462037 0.265625 0.462963 0.265625 0.463889 0.268750 0.469444 0.268750 0.470370 0.277083 0.485185 0.277083 0.486111 0.285938 0.501852 0.285938 0.502778 0.294792 0.518519 0.294792 0.519444 0.296875 0.523148 0.297396 0.523148 0.298438 0.525000 0.300000 0.525000 0.300521 0.524074 0.301042 0.524074 0.302083 0.522222 0.302604 0.522222 0.303646 0.520370 0.304167 0.520370 0.330729 0.473148 0.331250 0.473148 0.332292 0.471296 0.332813 0.471296 0.333854 0.469444 0.334375 0.469444 0.334896 0.468519 0.334896 0.466667 0.336458 0.463889 0.336979 0.463889 0.337500 0.462963 0.338021 0.462963 0.339062 0.461111 0.339583 0.461111 0.340625 0.459259 0.341146 0.459259 0.341667 0.458333 0.342187 0.458333 0.343229 0.456481 0.343750 0.456481 0.344792 0.454630 0.345313 0.454630 0.343750 0.451852 0.343229 0.451852 0.342187 0.450000
0 0.298958 0.462037 0.086458 0.083333 0.340625 0.420370 0.339583 0.422222 0.339062 0.422222 0.338542 0.423148 0.338021 0.423148 0.337500 0.424074 0.336979 0.424074 0.335938 0.425926 0.335417 0.425926 0.334896 0.426852 0.334375 0.426852 0.333854 0.427778 0.333333 0.427778 0.332292 0.429630 0.331771 0.429630 0.331250 0.430556 0.330729 0.430556 0.329688 0.432407 0.329167 0.432407 0.328646 0.433333 0.328125 0.433333 0.327604 0.434259 0.327083 0.434259 0.326042 0.436111 0.325521 0.436111 0.325000 0.437037 0.324479 0.437037 0.323958 0.437963 0.323437 0.437963 0.322396 0.439815 0.321875 0.439815 0.321354 0.440741 0.320833 0.440741 0.320312 0.441667 0.319792 0.441667 0.318750 0.443519 0.318229 0.443519 0.308333 0.461111 0.307812 0.461111 0.307292 0.460185 0.306771 0.460185 0.306250 0.459259 0.306250 0.458333 0.305729 0.459259 0.305208 0.459259 0.304688 0.460185 0.304167 0.460185 0.303125 0.462037 0.302604 0.462037 0.302083 0.462963 0.301563 0.462963 0.301042 0.463889 0.300521 0.463889 0.299479 0.465741 0.298958 0.465741 0.298438 0.466667 0.297917 0.466667 0.297396 0.467593 0.296875 0.467593 0.295833 0.469444 0.295312 0.469444 0.294792 0.470370 0.294271 0.470370 0.293229 0.472222 0.292708 0.472222 0.292187 0.473148 0.291667 0.473148 0.291146 0.474074 0.289583 0.474074 0.277604 0.452778 0.277604 0.451852 0.267708 0.434259 0.267708 0.433333 0.265104 0.428704 0.264583 0.428704 0.264062 0.429630 0.263542 0.429630 0.263021 0.430556 0.262500 0.430556 0.261979 0.431481 0.261458 0.431481 0.260937 0.432407 0.260417 0.432407 0.259896 0.433333 0.259375 0.433333 0.258854 0.434259 0.258333 0.434259 0.257812 0.435185 0.257292 0.435185 0.256771 0.436111 0.256250 0.436111 0.255729 0.437037 0.255729 0.440741 0.257812 0.444444 0.257812 0.445370 0.265625 0.459259 0.265625 0.460185 0.274479 0.475926 0.274479 0.476852 0.283854 0.493519 0.283854 0.494444 0.288542 0.502778 0.289062 0.502778 0.289583 0.503704 0.291146 0.503704 0.291667 0.502778 0.292187 0.502778 0.293229 0.500926 0.293750 0.500926 0.294271 0.500000 0.294792 0.500000 0.295833 0.498148 0.296354 0.498148 0.297396 0.496296 0.297917 0.496296 0.298438 0.495370 0.298958 0.495370 0.300000 0.493519 0.300521 0.493519 0.301563 0.491667 0.302083 0.491667 0.302604 0.490741 0.303125 0.490741 0.304167 0.488889 0.304688 0.488889 0.305208 0.487963 0.305729 0.487963 0.306771 0.486111 0.307292 0.486111 0.309375 0.482407 0.309375 0.481481 0.338021 0.430556 0.338542 0.430556 0.339062 0.429630 0.339062 0.428704 0.339583 0.427778 0.339583 0.426852 0.340104 0.425926 0.340625 0.425926 0.341146 0.425000 0.341667 0.425000 0.342187 0.424074 0.342187 0.423148
0 0.300260 0.430093 0.089063 0.086111 0.340104 0.391667 0.339583 0.392593 0.339062 0.392593 0.338542 0.393519 0.338021 0.393519 0.337500 0.394444 0.336979 0.394444 0.336458 0.395370 0.335938 0.395370 0.335417 0.396296 0.334896 0.396296 0.334375 0.397222 0.333854 0.397222 0.332813 0.399074 0.332292 0.399074 0.331771 0.400000 0.331250 0.400000 0.330729 0.400926 0.330208 0.400926 0.329688 0.401852 0.329167 0.401852 0.328646 0.402778 0.328125 0.402778 0.327604 0.403704 0.327083 0.403704 0.326562 0.404630 0.326042 0.404630 0.325000 0.406481 0.324479 0.406481 0.323958 0.407407 0.323437 0.407407 0.322917 0.408333 0.322396 0.408333 0.321875 0.409259 0.321354 0.409259 0.320833 0.410185 0.320312 0.410185 0.319792 0.411111 0.319271 0.411111 0.318750 0.412037 0.318229 0.412037 0.310937 0.425000 0.310417 0.425000 0.309375 0.426852 0.308854 0.426852 0.308333 0.427778 0.307812 0.427778 0.307292 0.428704 0.306771 0.428704 0.306250 0.429630 0.305729 0.429630 0.305208 0.430556 0.304688 0.430556 0.304167 0.431481 0.303646 0.431481 0.302604 0.433333 0.302083 0.433333 0.301563 0.434259 0.301042 0.434259 0.300521 0.435185 0.300000 0.435185 0.299479 0.436111 0.298958 0.436111 0.298438 0.437037 0.297917 0.437037 0.296875 0.438889 0.296354 0.438889 0.295833 0.439815 0.295312 0.439815 0.294792 0.440741 0.294271 0.440741 0.293750 0.441667 0.293229 0.441667 0.292708 0.442593 0.292187 0.442593 0.291667 0.443519 0.291146 0.443519 0.290104 0.445370 0.289583 0.445370 0.289062 0.446296 0.288542 0.446296 0.288021 0.447222 0.287500 0.447222 0.286979 0.448148 0.286458 0.448148 0.285938 0.449074 0.285417 0.449074 0.284896 0.450000 0.284375 0.450000 0.283333 0.451852 0.282292 0.451852 0.281771 0.450926 0.281250 0.450926 0.271875 0.434259 0.271875 0.433333 0.258854 0.410185 0.258854 0.409259 0.256771 0.405556 0.256250 0.406481 0.256250 0.407407 0.255729 0.408333 0.255729 0.409259 0.256250 0.410185 0.256250 0.411111 0.258854 0.415741 0.258854 0.416667 0.268229 0.433333 0.268229 0.434259 0.278125 0.451852 0.278125 0.452778 0.289583 0.473148 0.291146 0.473148 0.291667 0.472222 0.292187 0.472222 0.292708 0.471296 0.293229 0.471296 0.294271 0.469444 0.294792 0.469444 0.295312 0.468519 0.295833 0.468519 0.296875 0.466667 0.297396 0.466667 0.297917 0.465741 0.298438 0.465741 0.298958 0.464815 0.299479 0.464815 0.300521 0.462963 0.301042 0.462963 0.301563 0.462037 0.302083 0.462037 0.302604 0.461111 0.303125 0.461111 0.304167 0.459259 0.304688 0.459259 0.305208 0.458333 0.305729 0.458333 0.305729 0.456481 0.305208 0.455556 0.305729 0.454630 0.305729 0.453704 0.306771 0.451852 0.306771 0.450926 0.322396 0.423148 0.322396 0.422222 0.332292 0.404630 0.332292 0.400000 0.333854 0.397222 0.334375 0.397222 0.334896 0.396296 0.335417 0.396296 0.335938 0.395370 0.336458 0.395370 0.336979 0.394444 0.337500 0.394444 0.338021 0.393519 0.338542 0.393519 0.339062 0.392593 0.339583 0.392593
0 0.298438 0.385648 0.102083 0.130556 0.332292 0.320370 0.331771 0.321296 0.330729 0.321296 0.330208 0.322222 0.329688 0.322222 0.329167 0.323148 0.328646 0.323148 0.328125 0.324074 0.327083 0.324074 0.326562 0.325000 0.326042 0.325000 0.325521 0.325926 0.324479 0.325926 0.323958 0.326852 0.323437 0.326852 0.322917 0.327778 0.322396 0.327778 0.321875 0.328704 0.320833 0.328704 0.320312 0.329630 0.319792 0.329630 0.319271 0.330556 0.318750 0.330556 0.318229 0.331481 0.317188 0.331481 0.316667 0.332407 0.316146 0.332407 0.315625 0.333333 0.314583 0.333333 0.314063 0.334259 0.313542 0.334259 0.313021 0.335185 0.312500 0.335185 0.311979 0.336111 0.310937 0.336111 0.310417 0.337037 0.309896 0.337037 0.309375 0.337963 0.308333 0.337963 0.307812 0.338889 0.307292 0.338889 0.306771 0.339815 0.306250 0.339815 0.305729 0.340741 0.304688 0.340741 0.304167 0.341667 0.303646 0.341667 0.303125 0.342593 0.302604 0.342593 0.302083 0.343519 0.301042 0.343519 0.300521 0.344444 0.300000 0.344444 0.299479 0.345370 0.298438 0.345370 0.297917 0.346296 0.297396 0.346296 0.296875 0.347222 0.296354 0.347222 0.295833 0.348148 0.294792 0.348148 0.294271 0.349074 0.293750 0.349074 0.293229 0.350000 0.292187 0.350000 0.291667 0.350926 0.291146 0.350926 0.290625 0.351852 0.290104 0.351852 0.289583 0.352778 0.288542 0.352778 0.288021 0.353704 0.287500 0.353704 0.286979 0.354630 0.286458 0.354630 0.285938 0.355556 0.284896 0.355556 0.284375 0.356481 0.283854 0.356481 0.283333 0.357407 0.282292 0.357407 0.281771 0.358333 0.281250 0.358333 0.280729 0.359259 0.280208 0.359259 0.279687 0.360185 0.278646 0.360185 0.278125 0.361111 0.277604 0.361111 0.277083 0.362037 0.276042 0.362037 0.275521 0.362963 0.275000 0.362963 0.274479 0.363889 0.273958 0.363889 0.273438 0.364815 0.272396 0.364815 0.271875 0.365741 0.271354 0.365741 0.270833 0.366667 0.270313 0.366667 0.269792 0.367593 0.268750 0.367593 0.268229 0.368519 0.267708 0.368519 0.267188 0.369444 0.266146 0.369444 0.265625 0.370370 0.265104 0.370370 0.264583 0.371296 0.264062 0.371296 0.263542 0.372222 0.262500 0.372222 0.261979 0.373148 0.261458 0.373148 0.260937 0.374074 0.260417 0.374074 0.259896 0.375000 0.258854 0.375000 0.258333 0.375926 0.257812 0.375926 0.257292 0.376852 0.256250 0.376852 0.255729 0.377778 0.255208 0.377778 0.254688 0.378704 0.254167 0.378704 0.253646 0.379630 0.252604 0.379630 0.252083 0.380556 0.251563 0.380556 0.251042 0.381481 0.250000 0.381481 0.249479 0.382407 0.248958 0.382407 0.248438 0.383333 0.247917 0.383333 0.247917 0.384259 0.247396 0.385185 0.247396 0.386111 0.247917 0.387037 0.247917 0.387963 0.248958 0.389815 0.248958 0.390741 0.259375 0.409259 0.259375 0.410185 0.272396 0.433333 0.272396 0.434259 0.281250 0.450000 0.281771 0.450000 0.282292 0.450926 0.283333 0.450926 0.284375 0.449074 0.284896 0.449074 0.285417 0.448148 0.285938 0.448148 0.286458 0.447222 0.286979 0.447222 0.287500 0.446296 0.288021 0.446296 0.288542 0.445370 0.289062 0.445370 0.289583 0.444444 0.290104 0.444444 0.291146 0.442593 0.291667 0.442593 0.292187 0.441667 0.292708 0.441667 0.293229 0.440741 0.293750 0.440741 0.294271 0.439815 0.294792 0.439815 0.295312 0.438889 0.295833 0.438889 0.296354 0.437963 0.296875 0.437963 0.297917 0.436111 0.298438 0.436111 0.298958 0.435185 0.299479 0.435185 0.300000 0.434259 0.300521 0.434259 0.301042 0.433333 0.301563 0.433333 0.302083 0.432407 0.302604 0.432407 0.303646 0.430556 0.304167 0.430556 0.304688 0.429630 0.305208 0.429630 0.305729 0.428704 0.306250 0.428704 0.306771 0.427778 0.307292 0.427778 0.307812 0.426852 0.308333 0.426852 0.308854 0.425926 0.309375 0.425926 0.308333 0.425926 0.306771 0.423148 0.306771 0.422222 0.306250 0.421296 0.306250 0.420370 0.306771 0.419444 0.306771 0.418519 0.308854 0.414815 0.308854 0.413889 0.319271 0.395370 0.319271 0.394444 0.330729 0.374074 0.330729 0.373148 0.336458 0.362963 0.336979 0.362963 0.337500 0.362037 0.338021 0.362037 0.338021 0.361111 0.338542 0.360185 0.338542 0.359259 0.340104 0.356481 0.340625 0.356481 0.341146 0.355556 0.342187 0.355556 0.342708 0.354630 0.343229 0.354630 0.343750 0.353704 0.344271 0.353704 0.344792 0.352778 0.345313 0.352778 0.345833 0.351852 0.346354 0.351852 0.346875 0.350926 0.347396 0.350926 0.347917 0.350000 0.348438 0.350000 0.348958 0.349074 0.349479 0.349074 0.338021 0.328704 0.338021 0.327778 0.334896 0.322222 0.334375 0.322222 0.333333 0.320370
0 0.401823 0.363426 0.126562 0.128704 0.408854 0.299074 0.408333 0.300000 0.407813 0.300000 0.407292 0.300926 0.406771 0.300926 0.406250 0.301852 0.405729 0.301852 0.405208 0.302778 0.404687 0.302778 0.404167 0.303704 0.403646 0.303704 0.403125 0.304630 0.402604 0.304630 0.402083 0.305556 0.401562 0.305556 0.401042 0.306481 0.400000 0.306481 0.399479 0.307407 0.398958 0.307407 0.398438 0.308333 0.397917 0.308333 0.397396 0.309259 0.396875 0.309259 0.396354 0.310185 0.395833 0.310185 0.395313 0.311111 0.394792 0.311111 0.394271 0.312037 0.393750 0.312037 0.393229 0.312963 0.392708 0.312963 0.392188 0.313889 0.391667 0.313889 0.391146 0.314815 0.390625 0.314815 0.390104 0.315741 0.389583 0.315741 0.389062 0.316667 0.388021 0.316667 0.387500 0.317593 0.386979 0.317593 0.386458 0.318519 0.385937 0.318519 0.385417 0.319444 0.384896 0.319444 0.384375 0.320370 0.383854 0.320370 0.383333 0.321296 0.382812 0.321296 0.382292 0.322222 0.381771 0.322222 0.381250 0.323148 0.380729 0.323148 0.380208 0.324074 0.379688 0.324074 0.379167 0.325000 0.378646 0.325000 0.378125 0.325926 0.377604 0.325926 0.377083 0.326852 0.376042 0.326852 0.375521 0.327778 0.375000 0.327778 0.374479 0.328704 0.373958 0.328704 0.373437 0.329630 0.372917 0.329630 0.372396 0.330556 0.371875 0.330556 0.371354 0.331481 0.370833 0.331481 0.370312 0.332407 0.369792 0.332407 0.369271 0.333333 0.368750 0.333333 0.368229 0.334259 0.367708 0.334259 0.367188 0.335185 0.366667 0.335185 0.366146 0.336111 0.365104 0.336111 0.364583 0.337037 0.364063 0.337037 0.363542 0.337963 0.363021 0.337963 0.362500 0.338889 0.361979 0.338889 0.361458 0.339815 0.360938 0.339815 0.360417 0.340741 0.359896 0.340741 0.359375 0.341667 0.358854 0.341667 0.358333 0.342593 0.357812 0.342593 0.357292 0.343519 0.356771 0.343519 0.356250 0.344444 0.355729 0.344444 0.355208 0.345370 0.354687 0.345370 0.354167 0.346296 0.353125 0.346296 0.352604 0.347222 0.352083 0.347222 0.351562 0.348148 0.351042 0.348148 0.350521 0.349074 0.350000 0.349074 0.349479 0.350000 0.348958 0.350000 0.348438 0.350926 0.347917 0.350926 0.347396 0.351852 0.346875 0.351852 0.346354 0.352778 0.345833 0.352778 0.345313 0.353704 0.344792 0.353704 0.344271 0.354630 0.343750 0.354630 0.343229 0.355556 0.342708 0.355556 0.342187 0.356481 0.341146 0.356481 0.340625 0.357407 0.340104 0.357407 0.339062 0.359259 0.339062 0.360185 0.338542 0.361111 0.339062 0.362037 0.339062 0.362963 0.339583 0.363889 0.339583 0.364815 0.344271 0.373148 0.344271 0.374074 0.352604 0.388889 0.352604 0.389815 0.360938 0.404630 0.360938 0.405556 0.369792 0.421296 0.369792 0.422222 0.371354 0.425000 0.371875 0.425000 0.373437 0.427778 0.374479 0.427778 0.375000 0.426852 0.375521 0.426852 0.376563 0.425000 0.377083 0.425000 0.378125 0.423148 0.378646 0.423148 0.379688 0.421296 0.380208 0.421296 0.380729 0.420370 0.381250 0.420370 0.382292 0.418519 0.382812 0.418519 0.383854 0.416667 0.384375 0.416667 0.409375 0.372222 0.409896 0.372222 0.410938 0.370370 0.411458 0.370370 0.410417 0.368519 0.410417 0.367593 0.409896 0.366667 0.409896 0.364815 0.411458 0.362037 0.411979 0.362037 0.413021 0.360185 0.413542 0.360185 0.414062 0.359259 0.414583 0.359259 0.415625 0.357407 0.416146 0.357407 0.416667 0.356481 0.417187 0.356481 0.418229 0.354630 0.418750 0.354630 0.419271 0.353704 0.419792 0.353704 0.420833 0.351852 0.421354 0.351852 0.421875 0.350926 0.422396 0.350926 0.423438 0.349074 0.423958 0.349074 0.424479 0.348148 0.425000 0.348148 0.426042 0.346296 0.426563 0.346296 0.427083 0.345370 0.427604 0.345370 0.428646 0.343519 0.429167 0.343519 0.429688 0.342593 0.430208 0.342593 0.431250 0.340741 0.431771 0.340741 0.432292 0.339815 0.432812 0.339815 0.433333 0.338889 0.433854 0.338889 0.434896 0.337037 0.435417 0.337037 0.435937 0.336111 0.436458 0.336111 0.437500 0.334259 0.438021 0.334259 0.438542 0.333333 0.439063 0.333333 0.440104 0.331481 0.440625 0.331481 0.441146 0.330556 0.441667 0.330556 0.442708 0.328704 0.443229 0.328704 0.443750 0.327778 0.444271 0.327778 0.445312 0.325926 0.445833 0.325926 0.446354 0.325000 0.446875 0.325000 0.447917 0.323148 0.448437 0.323148 0.448958 0.322222 0.449479 0.322222 0.450521 0.320370 0.451042 0.320370 0.451562 0.319444 0.452083 0.319444 0.453125 0.317593 0.453646 0.317593 0.454167 0.316667 0.454688 0.316667 0.455729 0.314815 0.456250 0.314815 0.456771 0.313889 0.457292 0.313889 0.458333 0.312037 0.458854 0.312037 0.459375 0.311111 0.459896 0.311111 0.460417 0.310185 0.460938 0.310185 0.461979 0.308333 0.462500 0.308333 0.463021 0.307407 0.463542 0.307407 0.464583 0.305556 0.465104 0.305556 0.465104 0.304630 0.464062 0.302778 0.463021 0.302778 0.461979 0.304630 0.461458 0.304630 0.460938 0.305556 0.460417 0.305556 0.459896 0.306481 0.459375 0.306481 0.458333 0.308333 0.457813 0.308333 0.457292 0.309259 0.456771 0.309259 0.455729 0.311111 0.455208 0.311111 0.454688 0.312037 0.454167 0.312037 0.453646 0.312963 0.453125 0.312963 0.452083 0.314815 0.451562 0.314815 0.451042 0.315741 0.450521 0.315741 0.449479 0.317593 0.448958 0.317593 0.448437 0.318519 0.447917 0.318519 0.447396 0.319444 0.446875 0.319444 0.445833 0.321296 0.445312 0.321296 0.444792 0.322222 0.444271 0.322222 0.443229 0.324074 0.442708 0.324074 0.442188 0.325000 0.441667 0.325000 0.441146 0.325926 0.440625 0.325926 0.439583 0.327778 0.439063 0.327778 0.438542 0.328704 0.438021 0.328704 0.436979 0.330556 0.436458 0.330556 0.435937 0.331481 0.435417 0.331481 0.434896 0.332407 0.434375 0.332407 0.433333 0.334259 0.432812 0.334259 0.432292 0.335185 0.431771 0.335185 0.431250 0.336111 0.430729 0.335185 0.430208 0.335185 0.419792 0.316667 0.419792 0.315741 0.410417 0.299074
0 0.468750 0.368056 0.116667 0.132407 0.469271 0.301852 0.468750 0.302778 0.468229 0.302778 0.467708 0.303704 0.467187 0.303704 0.466146 0.305556 0.465625 0.305556 0.465104 0.306481 0.464583 0.306481 0.463542 0.308333 0.463021 0.308333 0.462500 0.309259 0.461979 0.309259 0.460938 0.311111 0.460417 0.311111 0.459896 0.312037 0.459375 0.312037 0.458854 0.312963 0.458333 0.312963 0.457292 0.314815 0.456771 0.314815 0.456250 0.315741 0.455729 0.315741 0.454688 0.317593 0.454167 0.317593 0.453646 0.318519 0.453125 0.318519 0.452083 0.320370 0.451562 0.320370 0.451042 0.321296 0.450521 0.321296 0.449479 0.323148 0.448958 0.323148 0.448437 0.324074 0.447917 0.324074 0.446875 0.325926 0.446354 0.325926 0.445833 0.326852 0.445312 0.326852 0.444271 0.328704 0.443750 0.328704 0.443229 0.329630 0.442708 0.329630 0.441667 0.331481 0.441146 0.331481 0.440625 0.332407 0.440104 0.332407 0.439063 0.334259 0.438542 0.334259 0.438021 0.335185 0.437500 0.335185 0.436458 0.337037 0.435937 0.337037 0.435417 0.337963 0.434896 0.337963 0.433854 0.339815 0.433333 0.339815 0.432812 0.340741 0.432292 0.340741 0.431771 0.341667 0.431250 0.341667 0.430208 0.343519 0.429688 0.343519 0.429167 0.344444 0.428646 0.344444 0.427604 0.346296 0.427083 0.346296 0.426563 0.347222 0.426042 0.347222 0.425000 0.349074 0.424479 0.349074 0.423958 0.350000 0.423438 0.350000 0.422396 0.351852 0.421875 0.351852 0.421354 0.352778 0.420833 0.352778 0.419792 0.354630 0.419271 0.354630 0.418750 0.355556 0.418229 0.355556 0.417187 0.357407 0.416667 0.357407 0.416146 0.358333 0.415625 0.358333 0.414583 0.360185 0.414062 0.360185 0.413542 0.361111 0.413021 0.361111 0.411979 0.362963 0.411458 0.362963 0.410417 0.364815 0.410417 0.366667 0.410938 0.367593 0.410938 0.368519 0.411979 0.370370 0.411979 0.371296 0.417187 0.380556 0.417187 0.381481 0.425521 0.396296 0.425521 0.397222 0.433854 0.412037 0.433854 0.412963 0.442188 0.427778 0.442188 0.428704 0.443750 0.431481 0.444271 0.431481 0.445833 0.434259 0.446875 0.434259 0.447396 0.433333 0.447917 0.433333 0.450000 0.429630 0.450521 0.429630 0.453125 0.425000 0.453646 0.425000 0.455729 0.421296 0.456250 0.421296 0.458854 0.416667 0.459375 0.416667 0.461458 0.412963 0.461979 0.412963 0.464583 0.408333 0.465104 0.408333 0.472917 0.394444 0.473438 0.394444 0.481771 0.379630 0.482292 0.379630 0.484896 0.375000 0.485417 0.375000 0.487500 0.371296 0.488021 0.371296 0.490104 0.367593 0.490625 0.367593 0.492708 0.363889 0.493229 0.363889 0.495833 0.359259 0.496354 0.359259 0.498437 0.355556 0.498958 0.355556 0.501042 0.351852 0.501563 0.351852 0.503646 0.348148 0.504167 0.348148 0.506250 0.344444 0.506771 0.344444 0.509375 0.339815 0.509896 0.339815 0.511979 0.336111 0.512500 0.336111 0.518229 0.325926 0.518750 0.325926 0.527083 0.311111 0.527083 0.308333 0.525521 0.305556 0.525000 0.305556 0.523958 0.307407 0.523438 0.307407 0.521875 0.310185 0.521354 0.310185 0.519271 0.313889 0.518750 0.313889 0.517188 0.316667 0.516667 0.316667 0.515104 0.319444 0.514583 0.319444 0.512500 0.323148 0.511979 0.323148 0.510417 0.325926 0.509896 0.325926 0.507812 0.329630 0.507292 0.329630 0.505729 0.332407 0.505208 0.332407 0.503646 0.335185 0.503125 0.335185 0.501042 0.338889 0.500521 0.338889 0.498958 0.341667 0.498437 0.341667 0.496875 0.344444 0.496354 0.344444 0.495833 0.345370 0.495312 0.344444 0.494792 0.344444 0.494271 0.343519 0.493750 0.343519 0.492188 0.340741 0.491667 0.340741 0.478125 0.316667 0.478125 0.315741 0.470833 0.302778 0.470313 0.302778 0.469792 0.301852
0 0.541927 0.386574 0.106771 0.141667 0.533854 0.315741 0.531771 0.319444 0.531250 0.319444 0.528125 0.325000 0.527604 0.325000 0.524479 0.330556 0.523958 0.330556 0.520833 0.336111 0.520312 0.336111 0.517188 0.341667 0.516667 0.341667 0.513542 0.347222 0.513021 0.347222 0.509896 0.352778 0.509375 0.352778 0.506250 0.358333 0.505729 0.358333 0.502604 0.363889 0.502083 0.363889 0.498958 0.369444 0.498437 0.369444 0.495312 0.375000 0.494792 0.375000 0.491667 0.380556 0.491146 0.380556 0.488542 0.385185 0.488542 0.387037 0.489063 0.387963 0.489063 0.388889 0.490104 0.390741 0.490104 0.391667 0.495833 0.401852 0.495833 0.402778 0.503646 0.416667 0.503646 0.417593 0.511979 0.432407 0.511979 0.433333 0.519792 0.447222 0.519792 0.448148 0.523958 0.455556 0.524479 0.455556 0.525000 0.456481 0.525521 0.456481 0.526042 0.457407 0.526563 0.456481 0.527083 0.456481 0.527604 0.455556 0.528125 0.455556 0.531250 0.450000 0.531771 0.450000 0.536458 0.441667 0.536979 0.441667 0.542708 0.431481 0.543229 0.431481 0.548438 0.422222 0.548958 0.422222 0.554167 0.412963 0.554688 0.412963 0.559896 0.403704 0.560417 0.403704 0.564583 0.396296 0.564583 0.395370 0.566146 0.392593 0.566146 0.391667 0.567708 0.388889 0.567708 0.387963 0.569271 0.385185 0.569271 0.384259 0.571354 0.380556 0.571354 0.379630 0.572917 0.376852 0.572917 0.375926 0.574479 0.373148 0.574479 0.372222 0.576562 0.368519 0.576562 0.367593 0.578125 0.364815 0.578125 0.363889 0.579688 0.361111 0.579688 0.360185 0.581250 0.357407 0.581250 0.356481 0.583333 0.352778 0.583333 0.351852 0.584896 0.349074 0.584896 0.348148 0.586458 0.345370 0.586458 0.344444 0.588021 0.341667 0.588021 0.340741 0.590104 0.337037 0.590104 0.336111 0.591667 0.333333 0.591667 0.332407 0.593229 0.329630 0.593229 0.328704 0.594792 0.325926 0.594792 0.325000 0.595313 0.324074 0.595313 0.322222 0.593750 0.319444 0.593229 0.319444 0.592708 0.320370 0.592187 0.320370 0.589583 0.325000 0.589063 0.325000 0.583333 0.335185 0.582812 0.335185 0.578125 0.343519 0.577604 0.343519 0.574479 0.349074 0.573958 0.349074 0.571354 0.353704 0.570833 0.353704 0.569271 0.356481 0.568750 0.356481 0.567708 0.358333 0.567187 0.358333 0.566667 0.359259 0.566146 0.359259 0.565625 0.360185 0.564063 0.360185 0.563542 0.361111 0.563021 0.360185 0.561458 0.360185 0.560937 0.359259 0.560417 0.359259 0.558854 0.356481 0.558333 0.356481 0.541667 0.326852 0.541667 0.325926 0.536458 0.316667 0.535937 0.316667 0.535417 0.315741
0 0.628646 0.389352 0.090625 0.143519 0.611458 0.317593 0.609896 0.320370 0.609896 0.321296 0.608854 0.323148 0.608854 0.324074 0.607812 0.325926 0.607812 0.326852 0.606250 0.329630 0.606250 0.330556 0.605208 0.332407 0.605208 0.333333 0.604167 0.335185 0.604167 0.336111 0.603125 0.337963 0.603125 0.338889 0.602083 0.340741 0.602083 0.341667 0.600521 0.344444 0.600521 0.345370 0.599479 0.347222 0.599479 0.348148 0.598437 0.350000 0.598437 0.350926 0.597396 0.352778 0.597396 0.353704 0.596354 0.355556 0.596354 0.356481 0.594792 0.359259 0.594792 0.360185 0.593750 0.362037 0.593750 0.362963 0.592708 0.364815 0.592708 0.365741 0.591667 0.367593 0.591667 0.368519 0.590625 0.370370 0.590625 0.371296 0.589063 0.374074 0.589063 0.375000 0.588021 0.376852 0.588021 0.377778 0.586979 0.379630 0.586979 0.380556 0.585938 0.382407 0.585938 0.383333 0.584375 0.386111 0.584375 0.387037 0.583854 0.387963 0.583854 0.388889 0.583333 0.389815 0.583333 0.390741 0.583854 0.391667 0.583854 0.392593 0.585417 0.395370 0.585417 0.396296 0.590625 0.405556 0.590625 0.406481 0.597917 0.419444 0.597917 0.420370 0.605208 0.433333 0.605208 0.434259 0.612500 0.447222 0.612500 0.448148 0.619271 0.460185 0.619792 0.460185 0.620313 0.461111 0.621354 0.461111 0.621875 0.460185 0.622396 0.460185 0.623437 0.458333 0.623958 0.458333 0.626042 0.454630 0.626563 0.454630 0.629687 0.449074 0.630208 0.449074 0.633854 0.442593 0.634375 0.442593 0.637500 0.437037 0.638021 0.437037 0.641146 0.431481 0.641667 0.431481 0.645312 0.425000 0.645833 0.425000 0.648958 0.419444 0.649479 0.419444 0.652604 0.413889 0.653125 0.413889 0.656771 0.407407 0.657292 0.407407 0.661979 0.399074 0.661979 0.397222 0.662500 0.396296 0.662500 0.394444 0.663021 0.393519 0.663021 0.390741 0.663542 0.389815 0.663542 0.387963 0.664062 0.387037 0.664062 0.385185 0.664583 0.384259 0.664583 0.381481 0.665104 0.380556 0.665104 0.378704 0.665625 0.377778 0.665625 0.375926 0.666146 0.375000 0.666146 0.372222 0.666667 0.371296 0.666667 0.369444 0.667188 0.368519 0.667188 0.365741 0.667708 0.364815 0.667708 0.362963 0.668229 0.362037 0.668229 0.360185 0.668750 0.359259 0.668750 0.356481 0.669271 0.355556 0.669271 0.353704 0.669792 0.352778 0.669792 0.350926 0.670312 0.350000 0.670312 0.347222 0.670833 0.346296 0.670833 0.344444 0.671354 0.343519 0.671354 0.341667 0.671875 0.340741 0.671875 0.337963 0.672396 0.337037 0.672396 0.335185 0.672917 0.334259 0.672917 0.331481 0.673438 0.330556 0.673438 0.328704 0.673958 0.327778 0.673958 0.324074 0.672917 0.322222 0.671354 0.322222 0.670312 0.324074 0.669792 0.324074 0.666667 0.329630 0.666146 0.329630 0.662500 0.336111 0.661979 0.336111 0.658333 0.342593 0.657813 0.342593 0.655208 0.347222 0.654687 0.347222 0.652083 0.351852 0.651563 0.351852 0.649479 0.355556 0.648958 0.355556 0.647917 0.357407 0.647396 0.357407 0.645833 0.360185 0.645312 0.360185 0.644792 0.361111 0.644271 0.361111 0.643750 0.362037 0.643229 0.362037 0.642708 0.362963 0.639583 0.362963 0.639062 0.362037 0.638542 0.362037 0.638021 0.361111 0.637500 0.361111 0.636458 0.359259 0.635938 0.359259 0.619792 0.330556 0.619792 0.329630 0.613542 0.318519 0.613021 0.318519 0.612500 0.317593
0 0.377604 0.521296 0.073958 0.085185 0.405729 0.486111 0.403646 0.489815 0.403125 0.489815 0.401042 0.493519 0.400521 0.493519 0.398958 0.496296 0.398438 0.496296 0.395833 0.500926 0.395313 0.500926 0.393229 0.504630 0.392708 0.504630 0.390625 0.508333 0.390104 0.508333 0.387500 0.512963 0.386979 0.512963 0.384896 0.516667 0.384375 0.516667 0.382292 0.520370 0.381771 0.520370 0.379167 0.525000 0.378646 0.525000 0.376563 0.528704 0.376042 0.528704 0.373958 0.532407 0.373437 0.532407 0.370833 0.537037 0.370312 0.537037 0.368229 0.540741 0.367708 0.540741 0.366667 0.542593 0.364583 0.542593 0.354687 0.525000 0.354687 0.524074 0.340625 0.499074 0.341146 0.500000 0.341146 0.500926 0.342187 0.502778 0.342187 0.503704 0.343229 0.505556 0.343229 0.506481 0.343750 0.507407 0.343750 0.508333 0.344792 0.510185 0.344792 0.511111 0.345833 0.512963 0.345833 0.513889 0.346875 0.515741 0.346875 0.516667 0.347396 0.517593 0.347396 0.518519 0.348438 0.520370 0.348438 0.521296 0.349479 0.523148 0.349479 0.524074 0.350521 0.525926 0.350521 0.526852 0.351042 0.527778 0.351042 0.528704 0.352083 0.530556 0.352083 0.531481 0.353125 0.533333 0.353125 0.534259 0.354167 0.536111 0.354167 0.537037 0.354687 0.537963 0.354687 0.538889 0.355729 0.540741 0.355729 0.541667 0.356771 0.543519 0.356771 0.544444 0.357812 0.546296 0.357812 0.547222 0.358333 0.548148 0.358333 0.549074 0.359375 0.550926 0.359375 0.551852 0.360417 0.553704 0.360417 0.554630 0.361458 0.556481 0.361458 0.557407 0.362500 0.559259 0.362500 0.560185 0.363542 0.562037 0.363542 0.562963 0.366667 0.562963 0.367188 0.563889 0.369271 0.563889 0.370312 0.562037 0.370833 0.562037 0.371354 0.561111 0.371875 0.561111 0.372396 0.560185 0.372917 0.560185 0.373958 0.558333 0.374479 0.558333 0.375000 0.557407 0.375521 0.557407 0.376563 0.555556 0.377083 0.555556 0.377604 0.554630 0.378125 0.554630 0.378646 0.553704 0.379167 0.553704 0.380208 0.551852 0.380729 0.551852 0.381250 0.550926 0.381771 0.550926 0.382812 0.549074 0.383333 0.549074 0.383854 0.548148 0.384375 0.548148 0.384896 0.547222 0.385417 0.547222 0.386458 0.545370 0.386979 0.545370 0.387500 0.544444 0.388021 0.544444 0.389062 0.542593 0.389583 0.542593 0.390104 0.541667 0.390625 0.541667 0.391146 0.540741 0.391667 0.540741 0.392708 0.538889 0.393229 0.538889 0.393750 0.537963 0.394271 0.537963 0.395313 0.536111 0.395833 0.536111 0.396354 0.535185 0.396875 0.535185 0.397396 0.534259 0.397917 0.534259 0.398958 0.532407 0.399479 0.532407 0.400000 0.531481 0.400521 0.531481 0.401042 0.530556 0.399479 0.527778 0.399479 0.526852 0.398958 0.525926 0.398958 0.522222 0.401562 0.517593 0.402083 0.517593 0.404687 0.512963 0.405208 0.512963 0.408333 0.507407 0.408854 0.507407 0.411458 0.502778 0.411979 0.502778 0.414583 0.498148 0.414062 0.498148 0.413542 0.497222 0.409896 0.497222 0.409375 0.498148 0.408333 0.498148 0.407813 0.499074 0.407292 0.499074 0.405208 0.502778 0.404687 0.502778 0.402083 0.507407 0.401562 0.507407 0.399479 0.511111 0.398958 0.511111 0.396875 0.514815 0.396354 0.514815 0.393750 0.519444 0.393229 0.519444 0.391146 0.523148 0.390625 0.523148 0.388542 0.526852 0.388021 0.526852 0.385417 0.531481 0.384896 0.531481 0.382812 0.535185 0.382292 0.535185 0.381250 0.537037 0.380729 0.537037 0.380208 0.537963 0.379688 0.537963 0.377604 0.534259 0.377604 0.530556 0.381250 0.524074 0.381771 0.524074 0.385937 0.516667 0.386458 0.516667 0.390104 0.510185 0.390625 0.510185 0.394271 0.503704 0.394792 0.503704 0.398438 0.497222 0.398958 0.497222 0.402604 0.490741 0.403125 0.490741
0 0.443490 0.543519 0.088021 0.088889 0.414583 0.499074 0.411979 0.503704 0.411458 0.503704 0.408854 0.508333 0.408333 0.508333 0.405208 0.513889 0.404687 0.513889 0.402083 0.518519 0.401562 0.518519 0.399479 0.522222 0.399479 0.525926 0.400000 0.526852 0.400000 0.527778 0.407292 0.540741 0.407292 0.541667 0.419792 0.563889 0.419792 0.564815 0.432292 0.587037 0.436979 0.587037 0.437500 0.587963 0.438021 0.587963 0.440625 0.583333 0.441146 0.583333 0.448437 0.570370 0.448958 0.570370 0.455729 0.558333 0.456250 0.558333 0.463542 0.545370 0.464062 0.545370 0.470833 0.533333 0.470833 0.532407 0.475521 0.524074 0.475521 0.523148 0.479687 0.515741 0.479687 0.514815 0.484375 0.506481 0.484375 0.505556 0.487500 0.500000 0.483854 0.500000 0.483333 0.500926 0.482292 0.500926 0.481250 0.502778 0.480729 0.502778 0.480208 0.503704 0.479687 0.503704 0.478125 0.506481 0.477604 0.506481 0.476042 0.509259 0.475521 0.509259 0.472917 0.513889 0.472396 0.513889 0.469792 0.518519 0.469271 0.518519 0.465625 0.525000 0.465104 0.525000 0.460417 0.533333 0.459896 0.533333 0.455729 0.540741 0.455208 0.540741 0.453646 0.543519 0.452083 0.543519 0.450521 0.540741 0.444792 0.550926 0.443229 0.550926 0.442708 0.550000 0.442188 0.550000 0.438021 0.542593 0.438021 0.541667 0.434375 0.535185 0.434375 0.534259 0.430729 0.527778 0.430729 0.526852 0.426042 0.518519 0.426042 0.517593 0.416667 0.500926 0.416146 0.500926 0.415104 0.499074
0 0.531250 0.550926 0.079167 0.077778 0.495833 0.512037 0.494271 0.514815 0.494271 0.515741 0.492188 0.519444 0.492188 0.520370 0.491667 0.521296 0.491667 0.523148 0.492708 0.525000 0.492708 0.525926 0.495833 0.531481 0.495833 0.532407 0.503646 0.546296 0.503646 0.547222 0.511458 0.561111 0.511458 0.562037 0.518750 0.575000 0.518750 0.575926 0.526042 0.588889 0.526563 0.588889 0.527083 0.589815 0.527604 0.589815 0.528125 0.588889 0.528646 0.588889 0.529167 0.587963 0.529687 0.587963 0.531771 0.584259 0.532292 0.584259 0.535417 0.578704 0.535937 0.578704 0.539062 0.573148 0.539583 0.573148 0.542708 0.567593 0.543229 0.567593 0.546354 0.562037 0.546875 0.562037 0.550000 0.556481 0.550521 0.556481 0.554167 0.550000 0.554688 0.550000 0.557813 0.544444 0.558333 0.544444 0.561458 0.538889 0.561979 0.538889 0.564583 0.534259 0.564583 0.533333 0.565104 0.532407 0.565104 0.531481 0.565625 0.530556 0.565625 0.529630 0.566667 0.527778 0.566667 0.526852 0.567187 0.525926 0.567187 0.525000 0.567708 0.524074 0.567708 0.523148 0.568229 0.522222 0.568229 0.521296 0.569271 0.519444 0.569271 0.518519 0.569792 0.517593 0.569792 0.516667 0.570312 0.515741 0.570312 0.514815 0.570833 0.513889 0.570312 0.514815 0.569271 0.514815 0.568750 0.515741 0.568229 0.515741 0.567187 0.517593 0.566667 0.517593 0.565625 0.519444 0.565104 0.519444 0.564063 0.521296 0.563542 0.521296 0.561979 0.524074 0.561458 0.524074 0.559375 0.527778 0.558854 0.527778 0.556771 0.531481 0.556250 0.531481 0.553646 0.536111 0.553125 0.536111 0.550521 0.540741 0.550000 0.540741 0.546354 0.547222 0.545833 0.547222 0.542708 0.552778 0.542188 0.552778 0.539583 0.557407 0.539062 0.557407 0.538021 0.559259 0.536458 0.559259 0.534896 0.556481 0.534896 0.555556 0.534375 0.554630 0.534375 0.552778 0.535417 0.550926 0.535417 0.550000 0.536458 0.548148 0.536458 0.547222 0.536979 0.546296 0.536979 0.545370 0.538021 0.543519 0.537500 0.543519 0.533854 0.550000 0.533333 0.550000 0.530208 0.555556 0.529687 0.555556 0.528125 0.558333 0.526042 0.558333 0.525000 0.556481 0.524479 0.556481 0.521875 0.551852 0.521354 0.551852 0.520833 0.552778 0.518229 0.552778 0.509375 0.537037 0.509375 0.536111 0.499479 0.518519 0.499479 0.517593 0.498437 0.515741 0.497917 0.515741
0 0.620313 0.563889 0.077083 0.074074 0.582812 0.526852 0.582812 0.527778 0.582292 0.528704 0.582292 0.529630 0.581771 0.530556 0.581771 0.534259 0.582812 0.536111 0.582812 0.537037 0.588021 0.546296 0.588021 0.547222 0.596354 0.562037 0.596354 0.562963 0.604167 0.576852 0.604167 0.577778 0.612500 0.592593 0.612500 0.593519 0.615625 0.599074 0.616146 0.599074 0.616667 0.600000 0.617708 0.600000 0.618229 0.600926 0.618750 0.600000 0.619271 0.600000 0.619792 0.599074 0.620313 0.599074 0.622396 0.595370 0.622917 0.595370 0.625000 0.591667 0.625521 0.591667 0.628125 0.587037 0.628646 0.587037 0.630729 0.583333 0.631250 0.583333 0.633854 0.578704 0.634375 0.578704 0.636979 0.574074 0.637500 0.574074 0.639583 0.570370 0.640104 0.570370 0.642708 0.565741 0.643229 0.565741 0.645833 0.561111 0.646354 0.561111 0.648438 0.557407 0.648958 0.557407 0.651563 0.552778 0.652083 0.552778 0.654687 0.548148 0.655208 0.548148 0.657292 0.544444 0.657292 0.543519 0.657813 0.542593 0.657813 0.539815 0.658333 0.538889 0.658333 0.536111 0.658854 0.535185 0.658854 0.531481 0.658333 0.532407 0.657292 0.532407 0.656771 0.533333 0.656250 0.533333 0.655729 0.534259 0.655208 0.534259 0.654167 0.536111 0.653646 0.536111 0.652604 0.537963 0.652083 0.537963 0.651042 0.539815 0.650521 0.539815 0.648958 0.542593 0.648438 0.542593 0.646875 0.545370 0.646354 0.545370 0.644792 0.548148 0.644271 0.548148 0.642188 0.551852 0.641667 0.551852 0.639583 0.555556 0.639062 0.555556 0.636979 0.559259 0.636458 0.559259 0.634375 0.562963 0.633854 0.562963 0.631250 0.567593 0.630729 0.567593 0.628125 0.572222 0.627604 0.572222 0.626042 0.575000 0.625521 0.575000 0.624479 0.576852 0.622917 0.576852 0.620833 0.573148 0.620833 0.572222 0.619271 0.575000 0.618750 0.575000 0.617708 0.576852 0.615625 0.576852 0.614062 0.574074 0.613542 0.574074 0.611979 0.571296 0.611979 0.570370 0.609896 0.566667 0.609375 0.566667 0.608333 0.568519 0.606771 0.568519 0.606250 0.567593 0.605729 0.567593 0.596354 0.550926 0.596354 0.550000 0.583333 0.526852
0 0.702604 0.571296 0.079167 0.075926 0.663542 0.533333 0.663542 0.537037 0.663021 0.537963 0.663021 0.540741 0.663542 0.541667 0.663542 0.542593 0.666146 0.547222 0.666146 0.548148 0.672917 0.560185 0.672917 0.561111 0.680208 0.574074 0.680208 0.575000 0.687500 0.587963 0.687500 0.588889 0.695833 0.603704 0.695833 0.604630 0.696875 0.606481 0.697396 0.606481 0.698958 0.609259 0.700000 0.609259 0.700521 0.608333 0.701042 0.608333 0.701562 0.607407 0.702083 0.607407 0.703125 0.605556 0.703646 0.605556 0.705208 0.602778 0.705729 0.602778 0.707292 0.600000 0.707812 0.600000 0.709896 0.596296 0.710417 0.596296 0.712500 0.592593 0.713021 0.592593 0.715104 0.588889 0.715625 0.588889 0.717187 0.586111 0.717708 0.586111 0.719792 0.582407 0.720313 0.582407 0.722396 0.578704 0.722917 0.578704 0.724479 0.575926 0.725000 0.575926 0.727083 0.572222 0.727604 0.572222 0.729688 0.568519 0.730208 0.568519 0.731771 0.565741 0.732292 0.565741 0.734375 0.562037 0.734896 0.562037 0.736979 0.558333 0.737500 0.558333 0.739583 0.554630 0.740104 0.554630 0.741667 0.551852 0.741667 0.550926 0.742188 0.550000 0.742188 0.549074 0.741667 0.548148 0.741667 0.541667 0.741146 0.542593 0.740625 0.542593 0.738542 0.546296 0.738021 0.546296 0.736458 0.549074 0.735938 0.549074 0.733854 0.552778 0.733333 0.552778 0.731250 0.556481 0.730729 0.556481 0.728646 0.560185 0.728125 0.560185 0.726562 0.562963 0.726042 0.562963 0.723958 0.566667 0.723437 0.566667 0.721354 0.570370 0.720833 0.570370 0.718750 0.574074 0.718229 0.574074 0.716667 0.576852 0.716146 0.576852 0.714063 0.580556 0.713542 0.580556 0.711458 0.584259 0.710938 0.584259 0.709375 0.587037 0.708854 0.587037 0.707812 0.588889 0.707292 0.588889 0.706771 0.589815 0.704688 0.589815 0.698958 0.579630 0.698958 0.583333 0.697396 0.586111 0.694792 0.586111 0.683854 0.566667 0.683854 0.565741 0.668750 0.538889 0.668229 0.538889 0.666146 0.535185 0.665625 0.535185 0.664583 0.533333
0 0.348438 0.505556 0.094792 0.072222 0.334896 0.469444 0.334375 0.470370 0.333854 0.470370 0.332813 0.472222 0.332292 0.472222 0.331250 0.474074 0.330729 0.474074 0.301563 0.525926 0.301563 0.526852 0.301042 0.527778 0.301042 0.529630 0.302604 0.532407 0.304167 0.532407 0.304688 0.531481 0.305208 0.531481 0.306250 0.529630 0.306771 0.529630 0.307812 0.527778 0.308333 0.527778 0.309896 0.525000 0.310417 0.525000 0.311458 0.523148 0.311979 0.523148 0.313021 0.521296 0.313542 0.521296 0.314583 0.519444 0.315104 0.519444 0.316146 0.517593 0.316667 0.517593 0.317708 0.515741 0.318229 0.515741 0.319271 0.513889 0.319792 0.513889 0.320833 0.512037 0.321354 0.512037 0.322917 0.509259 0.323437 0.509259 0.324479 0.507407 0.325000 0.507407 0.326042 0.505556 0.326562 0.505556 0.327604 0.503704 0.328125 0.503704 0.329167 0.501852 0.329688 0.501852 0.330729 0.500000 0.331250 0.500000 0.332292 0.498148 0.332813 0.498148 0.334375 0.495370 0.334896 0.495370 0.335938 0.493519 0.336458 0.493519 0.336979 0.492593 0.339062 0.496296 0.339583 0.496296 0.355208 0.524074 0.355208 0.525000 0.364583 0.541667 0.366667 0.541667 0.367708 0.539815 0.368229 0.539815 0.370312 0.536111 0.370833 0.536111 0.372396 0.533333 0.371354 0.535185 0.370833 0.535185 0.370312 0.536111 0.369792 0.535185 0.369271 0.535185 0.368750 0.534259 0.368229 0.534259 0.364583 0.527778 0.364583 0.526852 0.357292 0.513889 0.357292 0.512963 0.350000 0.500000 0.350000 0.499074 0.342708 0.486111 0.342708 0.485185 0.336458 0.474074 0.336458 0.473148 0.334896 0.470370
0 0.424219 0.513889 0.092188 0.072222 0.411979 0.477778 0.410417 0.480556 0.409896 0.480556 0.407292 0.485185 0.406771 0.485185 0.403125 0.491667 0.402604 0.491667 0.398958 0.498148 0.398438 0.498148 0.394792 0.504630 0.394271 0.504630 0.390625 0.511111 0.390104 0.511111 0.386458 0.517593 0.385937 0.517593 0.381771 0.525000 0.381250 0.525000 0.378125 0.530556 0.378125 0.534259 0.379688 0.537037 0.380208 0.537037 0.380729 0.536111 0.381250 0.536111 0.382292 0.534259 0.382812 0.534259 0.384896 0.530556 0.385417 0.530556 0.388021 0.525926 0.388542 0.525926 0.390625 0.522222 0.391146 0.522222 0.393229 0.518519 0.393750 0.518519 0.396354 0.513889 0.396875 0.513889 0.398958 0.510185 0.399479 0.510185 0.401562 0.506481 0.402083 0.506481 0.404687 0.501852 0.405208 0.501852 0.407292 0.498148 0.407813 0.498148 0.408333 0.497222 0.409375 0.497222 0.409896 0.496296 0.413542 0.496296 0.414062 0.497222 0.414583 0.497222 0.416146 0.500000 0.416667 0.500000 0.426563 0.517593 0.426563 0.518519 0.431250 0.526852 0.431250 0.527778 0.434896 0.534259 0.434896 0.535185 0.438542 0.541667 0.438542 0.542593 0.442188 0.549074 0.442708 0.549074 0.443229 0.550000 0.444792 0.550000 0.450000 0.540741 0.450000 0.537037 0.455729 0.526852 0.455729 0.525926 0.470313 0.500000 0.465104 0.509259 0.464583 0.509259 0.458854 0.519444 0.458333 0.519444 0.452604 0.529630 0.452083 0.529630 0.447917 0.537037 0.447396 0.537037 0.446354 0.538889 0.444792 0.538889 0.444271 0.537963 0.443750 0.537963 0.438021 0.527778 0.438021 0.526852 0.430208 0.512963 0.430208 0.512037 0.422396 0.498148 0.422396 0.497222 0.414583 0.483333 0.414583 0.482407
0 0.485938 0.512500 0.070833 0.078704 0.485938 0.473148 0.481250 0.481481 0.481250 0.482407 0.477604 0.488889 0.477083 0.488889 0.471354 0.499074 0.470833 0.499074 0.470833 0.500000 0.456250 0.525926 0.456250 0.526852 0.450521 0.537037 0.450521 0.539815 0.452083 0.542593 0.453646 0.542593 0.455208 0.539815 0.455729 0.539815 0.459896 0.532407 0.460417 0.532407 0.465104 0.524074 0.465625 0.524074 0.469271 0.517593 0.469792 0.517593 0.472396 0.512963 0.472917 0.512963 0.475521 0.508333 0.476042 0.508333 0.477604 0.505556 0.478125 0.505556 0.479687 0.502778 0.480208 0.502778 0.480729 0.501852 0.481250 0.501852 0.482292 0.500000 0.483333 0.500000 0.483854 0.499074 0.487500 0.499074 0.488021 0.500000 0.488542 0.500000 0.489063 0.500926 0.489583 0.500926 0.491146 0.503704 0.491667 0.503704 0.497917 0.514815 0.498437 0.514815 0.500000 0.517593 0.500000 0.518519 0.509896 0.536111 0.509896 0.537037 0.518229 0.551852 0.520833 0.551852 0.521354 0.550926 0.520833 0.550000 0.520833 0.549074 0.512500 0.534259 0.512500 0.533333 0.504167 0.518519 0.504167 0.517593 0.496354 0.503704 0.496354 0.502778 0.491146 0.493519 0.491146 0.492593 0.490104 0.490741 0.490104 0.487963 0.492708 0.483333 0.489583 0.477778 0.489063 0.477778 0.486979 0.474074 0.486458 0.474074
0 0.572135 0.519907 0.074479 0.095370 0.574479 0.472222 0.573958 0.473148 0.573958 0.474074 0.572917 0.475926 0.572917 0.476852 0.572396 0.477778 0.572396 0.478704 0.571354 0.480556 0.571354 0.481481 0.570833 0.482407 0.570833 0.483333 0.569792 0.485185 0.569792 0.486111 0.569271 0.487037 0.569271 0.487963 0.568229 0.489815 0.568229 0.490741 0.567708 0.491667 0.567708 0.492593 0.566667 0.494444 0.566667 0.495370 0.566146 0.496296 0.566146 0.497222 0.565104 0.499074 0.565104 0.500000 0.558854 0.511111 0.558333 0.511111 0.554688 0.517593 0.554167 0.517593 0.550521 0.524074 0.550000 0.524074 0.546354 0.530556 0.545833 0.530556 0.542188 0.537037 0.541667 0.537037 0.538542 0.542593 0.538542 0.543519 0.537500 0.545370 0.537500 0.546296 0.536979 0.547222 0.536979 0.548148 0.535937 0.550000 0.535937 0.550926 0.534896 0.552778 0.534896 0.554630 0.535417 0.555556 0.535417 0.556481 0.536458 0.558333 0.538021 0.558333 0.539062 0.556481 0.539583 0.556481 0.542188 0.551852 0.542708 0.551852 0.545833 0.546296 0.546354 0.546296 0.550000 0.539815 0.550521 0.539815 0.553125 0.535185 0.553646 0.535185 0.556250 0.530556 0.556771 0.530556 0.558854 0.526852 0.559375 0.526852 0.561458 0.523148 0.561979 0.523148 0.563542 0.520370 0.564063 0.520370 0.565104 0.518519 0.565625 0.518519 0.566667 0.516667 0.567187 0.516667 0.568229 0.514815 0.568750 0.514815 0.569271 0.513889 0.570312 0.513889 0.570833 0.512963 0.573958 0.512963 0.574479 0.513889 0.575000 0.513889 0.575521 0.514815 0.576042 0.514815 0.577083 0.516667 0.577604 0.516667 0.579167 0.519444 0.579688 0.519444 0.596875 0.550000 0.596875 0.550926 0.605729 0.566667 0.606250 0.566667 0.606771 0.567593 0.608333 0.567593 0.609375 0.565741 0.603646 0.555556 0.603646 0.554630 0.595833 0.540741 0.595833 0.539815 0.588021 0.525926 0.588021 0.525000 0.581250 0.512963 0.581250 0.512037 0.579167 0.508333 0.579167 0.507407 0.578646 0.506481 0.578646 0.505556 0.579167 0.504630 0.579167 0.503704 0.579688 0.502778 0.579688 0.501852 0.580208 0.500926 0.580208 0.500000 0.580729 0.499074 0.580729 0.498148 0.581250 0.497222 0.581250 0.496296 0.581771 0.495370 0.581771 0.494444 0.582812 0.492593 0.582812 0.491667 0.583333 0.490741 0.583333 0.489815 0.583854 0.488889 0.583854 0.487963 0.584375 0.487037 0.584375 0.486111 0.584896 0.485185 0.584896 0.483333 0.581771 0.477778 0.581250 0.477778 0.579688 0.475000 0.579167 0.475000 0.578646 0.474074 0.578125 0.474074 0.577604 0.473148 0.577083 0.473148 0.576562 0.472222
0 0.659896 0.543981 0.077083 0.082407 0.659896 0.502778 0.659896 0.503704 0.659375 0.504630 0.659375 0.507407 0.658854 0.508333 0.658854 0.511111 0.658333 0.512037 0.658333 0.514815 0.657813 0.515741 0.657813 0.517593 0.655208 0.522222 0.654687 0.522222 0.652083 0.526852 0.651563 0.526852 0.648958 0.531481 0.648438 0.531481 0.645833 0.536111 0.645312 0.536111 0.642708 0.540741 0.642188 0.540741 0.639583 0.545370 0.639062 0.545370 0.636458 0.550000 0.635938 0.550000 0.633333 0.554630 0.632812 0.554630 0.630208 0.559259 0.629687 0.559259 0.627083 0.563889 0.626563 0.563889 0.623958 0.568519 0.623437 0.568519 0.621354 0.572222 0.621354 0.573148 0.622917 0.575926 0.624479 0.575926 0.625521 0.574074 0.626042 0.574074 0.627604 0.571296 0.628125 0.571296 0.630729 0.566667 0.631250 0.566667 0.633854 0.562037 0.634375 0.562037 0.636458 0.558333 0.636979 0.558333 0.639062 0.554630 0.639583 0.554630 0.641667 0.550926 0.642188 0.550926 0.644271 0.547222 0.644792 0.547222 0.646354 0.544444 0.646875 0.544444 0.648438 0.541667 0.648958 0.541667 0.650521 0.538889 0.651042 0.538889 0.652083 0.537037 0.652604 0.537037 0.653646 0.535185 0.654167 0.535185 0.655208 0.533333 0.655729 0.533333 0.656250 0.532407 0.656771 0.532407 0.657292 0.531481 0.658333 0.531481 0.658854 0.530556 0.662500 0.530556 0.663021 0.531481 0.663542 0.531481 0.664062 0.532407 0.664583 0.532407 0.665625 0.534259 0.666146 0.534259 0.668229 0.537963 0.668750 0.537963 0.684375 0.565741 0.684375 0.566667 0.694792 0.585185 0.697396 0.585185 0.698438 0.583333 0.698438 0.578704 0.693750 0.570370 0.693750 0.569444 0.686458 0.556481 0.686458 0.555556 0.679167 0.542593 0.679167 0.541667 0.672396 0.529630 0.672396 0.528704 0.668750 0.522222 0.668750 0.521296 0.668229 0.520370 0.668229 0.514815 0.668750 0.513889 0.668750 0.511111 0.667188 0.508333 0.666667 0.508333 0.665104 0.505556 0.664583 0.505556 0.664062 0.504630 0.663542 0.504630 0.663021 0.503704 0.661979 0.503704 0.661458 0.502778
0 0.373698 0.494907 0.076563 0.080556 0.345833 0.454630 0.345313 0.455556 0.344792 0.455556 0.343750 0.457407 0.343229 0.457407 0.342187 0.459259 0.341667 0.459259 0.341146 0.460185 0.340625 0.460185 0.339583 0.462037 0.339062 0.462037 0.338021 0.463889 0.337500 0.463889 0.336979 0.464815 0.336458 0.464815 0.335417 0.466667 0.335417 0.470370 0.336979 0.473148 0.336979 0.474074 0.343229 0.485185 0.343229 0.486111 0.350521 0.499074 0.350521 0.500000 0.357812 0.512963 0.357812 0.513889 0.365104 0.526852 0.365104 0.527778 0.368229 0.533333 0.368750 0.533333 0.369271 0.534259 0.369792 0.534259 0.370312 0.535185 0.370833 0.534259 0.371354 0.534259 0.372396 0.532407 0.372917 0.532407 0.375000 0.528704 0.375521 0.528704 0.377604 0.525000 0.378125 0.525000 0.380208 0.521296 0.380729 0.521296 0.382812 0.517593 0.383333 0.517593 0.385417 0.513889 0.385937 0.513889 0.388021 0.510185 0.388542 0.510185 0.390625 0.506481 0.391146 0.506481 0.393229 0.502778 0.393750 0.502778 0.395833 0.499074 0.396354 0.499074 0.398438 0.495370 0.398958 0.495370 0.400521 0.492593 0.401042 0.492593 0.403125 0.488889 0.403646 0.488889 0.405729 0.485185 0.406250 0.485185 0.408333 0.481481 0.408854 0.481481 0.410938 0.477778 0.411458 0.477778 0.411458 0.476852 0.410417 0.475000 0.410417 0.474074 0.409896 0.473148 0.409896 0.469444 0.411458 0.466667 0.411979 0.466667 0.411979 0.465741 0.411458 0.465741 0.410938 0.464815 0.410417 0.464815 0.409896 0.463889 0.407813 0.463889 0.406250 0.466667 0.405729 0.466667 0.404167 0.469444 0.403646 0.469444 0.402083 0.472222 0.401562 0.472222 0.400000 0.475000 0.399479 0.475000 0.391146 0.489815 0.390625 0.489815 0.388021 0.494444 0.387500 0.494444 0.385937 0.497222 0.385417 0.497222 0.383333 0.500926 0.382812 0.500926 0.381250 0.503704 0.380729 0.503704 0.379167 0.506481 0.378646 0.506481 0.377604 0.508333 0.377083 0.508333 0.376563 0.507407 0.376042 0.507407 0.375000 0.505556 0.375000 0.504630 0.374479 0.503704 0.374479 0.501852 0.375000 0.500926 0.375000 0.500000 0.382292 0.487037 0.380729 0.489815 0.380208 0.489815 0.378125 0.493519 0.377604 0.493519 0.376042 0.496296 0.375521 0.496296 0.373958 0.499074 0.373437 0.499074 0.372917 0.500000 0.371354 0.500000 0.370833 0.499074 0.370312 0.499074 0.363021 0.486111 0.363021 0.485185
0 0.447917 0.502315 0.075000 0.071296 0.412500 0.466667 0.411979 0.467593 0.411458 0.467593 0.410417 0.469444 0.410417 0.473148 0.410938 0.474074 0.410938 0.475000 0.415104 0.482407 0.415104 0.483333 0.422917 0.497222 0.422917 0.498148 0.430729 0.512037 0.430729 0.512963 0.438542 0.526852 0.438542 0.527778 0.443750 0.537037 0.444271 0.537037 0.444792 0.537963 0.446354 0.537963 0.447396 0.536111 0.447917 0.536111 0.452083 0.528704 0.452604 0.528704 0.458333 0.518519 0.458854 0.518519 0.464583 0.508333 0.465104 0.508333 0.470833 0.498148 0.471354 0.498148 0.477083 0.487963 0.477604 0.487963 0.480729 0.482407 0.480729 0.481481 0.485417 0.473148 0.484896 0.472222 0.483854 0.472222 0.483333 0.471296 0.481250 0.471296 0.480729 0.472222 0.479687 0.472222 0.478646 0.474074 0.478125 0.474074 0.477604 0.475000 0.477083 0.475000 0.476042 0.476852 0.475521 0.476852 0.473438 0.480556 0.472917 0.480556 0.470833 0.484259 0.470313 0.484259 0.467187 0.489815 0.466667 0.489815 0.463021 0.496296 0.462500 0.496296 0.457292 0.505556 0.456771 0.505556 0.451562 0.514815 0.451042 0.514815 0.450000 0.516667 0.448437 0.516667 0.446354 0.512963 0.446354 0.511111 0.443229 0.516667 0.441146 0.516667 0.440625 0.515741 0.440104 0.515741 0.433333 0.503704 0.433333 0.502778 0.425000 0.487963 0.425000 0.487037 0.417708 0.474074 0.417187 0.474074 0.413542 0.467593 0.413021 0.467593
0 0.532292 0.514815 0.083333 0.085185 0.573438 0.472222 0.572917 0.473148 0.571875 0.473148 0.570833 0.475000 0.570312 0.475000 0.569792 0.475926 0.569271 0.475926 0.568229 0.477778 0.567708 0.477778 0.566146 0.480556 0.565625 0.480556 0.564063 0.483333 0.563542 0.483333 0.561458 0.487037 0.560937 0.487037 0.558333 0.491667 0.557813 0.491667 0.554688 0.497222 0.554167 0.497222 0.550521 0.503704 0.550000 0.503704 0.546354 0.510185 0.545833 0.510185 0.542708 0.515741 0.542188 0.515741 0.541146 0.517593 0.540625 0.517593 0.540104 0.518519 0.539583 0.517593 0.539062 0.517593 0.537500 0.514815 0.537500 0.511111 0.538542 0.509259 0.538542 0.508333 0.539583 0.506481 0.539583 0.505556 0.540625 0.503704 0.537500 0.509259 0.536979 0.509259 0.532813 0.516667 0.532292 0.516667 0.530208 0.520370 0.529687 0.520370 0.529167 0.521296 0.527604 0.521296 0.527083 0.520370 0.526563 0.520370 0.523438 0.514815 0.522917 0.514815 0.522917 0.515741 0.521354 0.518519 0.521354 0.519444 0.519792 0.522222 0.519792 0.523148 0.518229 0.525926 0.516146 0.525926 0.514583 0.523148 0.514062 0.523148 0.512500 0.520370 0.512500 0.519444 0.504687 0.505556 0.504687 0.504630 0.493229 0.484259 0.492708 0.484259 0.490625 0.487963 0.490625 0.490741 0.491667 0.492593 0.491667 0.493519 0.496875 0.502778 0.496875 0.503704 0.504687 0.517593 0.504687 0.518519 0.513021 0.533333 0.513021 0.534259 0.521354 0.549074 0.521354 0.550000 0.524479 0.555556 0.525000 0.555556 0.526042 0.557407 0.528125 0.557407 0.529687 0.554630 0.530208 0.554630 0.533333 0.549074 0.533854 0.549074 0.537500 0.542593 0.538021 0.542593 0.541667 0.536111 0.542188 0.536111 0.545833 0.529630 0.546354 0.529630 0.550000 0.523148 0.550521 0.523148 0.554167 0.516667 0.554688 0.516667 0.558333 0.510185 0.558854 0.510185 0.564583 0.500000 0.564583 0.499074 0.565625 0.497222 0.565625 0.496296 0.566146 0.495370 0.566146 0.494444 0.567187 0.492593 0.567187 0.491667 0.567708 0.490741 0.567708 0.489815 0.568750 0.487963 0.568750 0.487037 0.569271 0.486111 0.569271 0.485185 0.570312 0.483333 0.570312 0.482407 0.570833 0.481481 0.570833 0.480556 0.571875 0.478704 0.571875 0.477778 0.572396 0.476852 0.572396 0.475926 0.573438 0.474074 0.573438 0.473148 0.573958 0.472222
0 0.619271 0.530093 0.080208 0.091667 0.585417 0.484259 0.585417 0.485185 0.584896 0.486111 0.584896 0.487037 0.584375 0.487963 0.584375 0.488889 0.583854 0.489815 0.583854 0.490741 0.583333 0.491667 0.583333 0.492593 0.582292 0.494444 0.582292 0.495370 0.581771 0.496296 0.581771 0.497222 0.581250 0.498148 0.581250 0.499074 0.580729 0.500000 0.580729 0.500926 0.580208 0.501852 0.580208 0.502778 0.579688 0.503704 0.579688 0.504630 0.579167 0.505556 0.579167 0.506481 0.579688 0.507407 0.579688 0.508333 0.581771 0.512037 0.581771 0.512963 0.588542 0.525000 0.588542 0.525926 0.596354 0.539815 0.596354 0.540741 0.604167 0.554630 0.604167 0.555556 0.612500 0.570370 0.612500 0.571296 0.613542 0.573148 0.614062 0.573148 0.615625 0.575926 0.617708 0.575926 0.618750 0.574074 0.619271 0.574074 0.620833 0.571296 0.621354 0.571296 0.623437 0.567593 0.623958 0.567593 0.626563 0.562963 0.627083 0.562963 0.629687 0.558333 0.630208 0.558333 0.632812 0.553704 0.633333 0.553704 0.635938 0.549074 0.636458 0.549074 0.639062 0.544444 0.639583 0.544444 0.642188 0.539815 0.642708 0.539815 0.645312 0.535185 0.645833 0.535185 0.648438 0.530556 0.648958 0.530556 0.651563 0.525926 0.652083 0.525926 0.654687 0.521296 0.655208 0.521296 0.657292 0.517593 0.657292 0.515741 0.657813 0.514815 0.657813 0.512037 0.658333 0.511111 0.658333 0.508333 0.658854 0.507407 0.658854 0.504630 0.659375 0.503704 0.659375 0.502778 0.658854 0.503704 0.657813 0.503704 0.657292 0.504630 0.656771 0.504630 0.656250 0.505556 0.655729 0.505556 0.655208 0.506481 0.654687 0.506481 0.654167 0.507407 0.653646 0.507407 0.652604 0.509259 0.652083 0.509259 0.651042 0.511111 0.650521 0.511111 0.648958 0.513889 0.648438 0.513889 0.646875 0.516667 0.646354 0.516667 0.644271 0.520370 0.643750 0.520370 0.641667 0.524074 0.641146 0.524074 0.639062 0.527778 0.638542 0.527778 0.636458 0.531481 0.635938 0.531481 0.633333 0.536111 0.632812 0.536111 0.630208 0.540741 0.629687 0.540741 0.627083 0.545370 0.626563 0.545370 0.624479 0.549074 0.623958 0.549074 0.623437 0.550000 0.621875 0.550000 0.621354 0.549074 0.620833 0.549074 0.620313 0.548148 0.620313 0.547222 0.619792 0.546296 0.619792 0.542593 0.620313 0.541667 0.620313 0.539815 0.620833 0.538889 0.620833 0.537037 0.621354 0.536111 0.621354 0.535185 0.619792 0.537963 0.619271 0.537963 0.618750 0.538889 0.617188 0.538889 0.616146 0.537037 0.615625 0.537037 0.611458 0.529630 0.611458 0.528704 0.610417 0.526852 0.609896 0.526852 0.609375 0.525926 0.608854 0.525926 0.608333 0.525000 0.607812 0.525000 0.600521 0.512037 0.600521 0.511111
0 0.708854 0.548611 0.080208 0.080556 0.747396 0.508333 0.745313 0.512037 0.744792 0.512037 0.742708 0.515741 0.742188 0.515741 0.740104 0.519444 0.739583 0.519444 0.737500 0.523148 0.736979 0.523148 0.734896 0.526852 0.734375 0.526852 0.732292 0.530556 0.731771 0.530556 0.729688 0.534259 0.729167 0.534259 0.727083 0.537963 0.726562 0.537963 0.724479 0.541667 0.723958 0.541667 0.721875 0.545370 0.721354 0.545370 0.719271 0.549074 0.718750 0.549074 0.717187 0.551852 0.716667 0.551852 0.715104 0.554630 0.714583 0.554630 0.714063 0.555556 0.713542 0.555556 0.713021 0.556481 0.711979 0.556481 0.711458 0.555556 0.710938 0.555556 0.703125 0.541667 0.703125 0.540741 0.700521 0.536111 0.700521 0.542593 0.700000 0.543519 0.700000 0.552778 0.699479 0.553704 0.699479 0.556481 0.697917 0.559259 0.695833 0.559259 0.695312 0.558333 0.694792 0.558333 0.687500 0.545370 0.687500 0.544444 0.679167 0.529630 0.679167 0.528704 0.671875 0.515741 0.671354 0.515741 0.669271 0.512037 0.669271 0.513889 0.668750 0.514815 0.668750 0.520370 0.669271 0.521296 0.669271 0.522222 0.672917 0.528704 0.672917 0.529630 0.679688 0.541667 0.679688 0.542593 0.686979 0.555556 0.686979 0.556481 0.694271 0.569444 0.694271 0.570370 0.704688 0.588889 0.706771 0.588889 0.707292 0.587963 0.707812 0.587963 0.708854 0.586111 0.709375 0.586111 0.710938 0.583333 0.711458 0.583333 0.713542 0.579630 0.714063 0.579630 0.716146 0.575926 0.716667 0.575926 0.718229 0.573148 0.718750 0.573148 0.720833 0.569444 0.721354 0.569444 0.723437 0.565741 0.723958 0.565741 0.726042 0.562037 0.726562 0.562037 0.728125 0.559259 0.728646 0.559259 0.730729 0.555556 0.731250 0.555556 0.733333 0.551852 0.733854 0.551852 0.735938 0.548148 0.736458 0.548148 0.738021 0.545370 0.738542 0.545370 0.740625 0.541667 0.741146 0.541667 0.743229 0.537963 0.743750 0.537963 0.745833 0.534259 0.746354 0.534259 0.748437 0.530556 0.748437 0.529630 0.748958 0.528704 0.748958 0.525926 0.748437 0.525000 0.748437 0.513889 0.747917 0.512963 0.747917 0.508333
0 0.347135 0.464815 0.077604 0.068519 0.339062 0.430556 0.338542 0.431481 0.338021 0.431481 0.309896 0.481481 0.309896 0.482407 0.308333 0.485185 0.308333 0.488889 0.309375 0.490741 0.311458 0.490741 0.312500 0.488889 0.313021 0.488889 0.314063 0.487037 0.314583 0.487037 0.326042 0.466667 0.326562 0.466667 0.328125 0.463889 0.328646 0.463889 0.329167 0.462963 0.329688 0.462963 0.330729 0.461111 0.331250 0.461111 0.331771 0.460185 0.332292 0.460185 0.333333 0.458333 0.333854 0.458333 0.334896 0.456481 0.335417 0.456481 0.335938 0.455556 0.336458 0.455556 0.337500 0.453704 0.338021 0.453704 0.339062 0.451852 0.339583 0.451852 0.340104 0.450926 0.340625 0.450926 0.341667 0.449074 0.342187 0.449074 0.343229 0.450926 0.343750 0.450926 0.345313 0.453704 0.345833 0.453704 0.363542 0.485185 0.363542 0.486111 0.370312 0.498148 0.370833 0.498148 0.371354 0.499074 0.372917 0.499074 0.373437 0.498148 0.373958 0.498148 0.375521 0.495370 0.376042 0.495370 0.377604 0.492593 0.378125 0.492593 0.379688 0.489815 0.378125 0.492593 0.377604 0.492593 0.376042 0.495370 0.375521 0.495370 0.375000 0.496296 0.373958 0.496296 0.372917 0.494444 0.372396 0.494444 0.369271 0.488889 0.369271 0.487963 0.361458 0.474074 0.361458 0.473148 0.354167 0.460185 0.354167 0.459259 0.346354 0.445370 0.346354 0.444444 0.340625 0.434259 0.340625 0.433333 0.339583 0.431481 0.339583 0.430556
0 0.431771 0.475926 0.113542 0.079630 0.488021 0.436111 0.477604 0.454630 0.477083 0.454630 0.470833 0.465741 0.470313 0.465741 0.463542 0.477778 0.463021 0.477778 0.456771 0.488889 0.456250 0.488889 0.450521 0.499074 0.450000 0.499074 0.447917 0.502778 0.447396 0.502778 0.446875 0.503704 0.446354 0.503704 0.445833 0.502778 0.445312 0.502778 0.438021 0.489815 0.438021 0.488889 0.430729 0.475926 0.430729 0.475000 0.423438 0.462037 0.423438 0.461111 0.416146 0.448148 0.416146 0.447222 0.411979 0.439815 0.410938 0.441667 0.410417 0.441667 0.408854 0.444444 0.408333 0.444444 0.406771 0.447222 0.406250 0.447222 0.398958 0.460185 0.398438 0.460185 0.384896 0.484259 0.384375 0.484259 0.375521 0.500000 0.375521 0.500926 0.375000 0.501852 0.375000 0.503704 0.375521 0.504630 0.375521 0.505556 0.376042 0.506481 0.376563 0.506481 0.377083 0.507407 0.377604 0.507407 0.378646 0.505556 0.379167 0.505556 0.380729 0.502778 0.381250 0.502778 0.382812 0.500000 0.383333 0.500000 0.385417 0.496296 0.385937 0.496296 0.387500 0.493519 0.388021 0.493519 0.390625 0.488889 0.391146 0.488889 0.399479 0.474074 0.400000 0.474074 0.401562 0.471296 0.402083 0.471296 0.403646 0.468519 0.404167 0.468519 0.405729 0.465741 0.406250 0.465741 0.407813 0.462963 0.409896 0.462963 0.410417 0.463889 0.410938 0.463889 0.411458 0.464815 0.411979 0.464815 0.413021 0.466667 0.413542 0.466667 0.417187 0.473148 0.417708 0.473148 0.425521 0.487037 0.425521 0.487963 0.433854 0.502778 0.433854 0.503704 0.440104 0.514815 0.440625 0.514815 0.441146 0.515741 0.443229 0.515741 0.463542 0.479630 0.464062 0.479630 0.479167 0.452778 0.479687 0.452778 0.488542 0.437037
0 0.484896 0.481481 0.076042 0.087037 0.488542 0.437963 0.479687 0.453704 0.479167 0.453704 0.464062 0.480556 0.463542 0.480556 0.446875 0.510185 0.446875 0.512963 0.448437 0.515741 0.450000 0.515741 0.451042 0.513889 0.451562 0.513889 0.456771 0.504630 0.457292 0.504630 0.462500 0.495370 0.463021 0.495370 0.466667 0.488889 0.467187 0.488889 0.470313 0.483333 0.470833 0.483333 0.472917 0.479630 0.473438 0.479630 0.475521 0.475926 0.476042 0.475926 0.477083 0.474074 0.477604 0.474074 0.478125 0.473148 0.478646 0.473148 0.479687 0.471296 0.480729 0.471296 0.481250 0.470370 0.483333 0.470370 0.483854 0.471296 0.484896 0.471296 0.485417 0.472222 0.485938 0.472222 0.486458 0.473148 0.486979 0.473148 0.489063 0.476852 0.489583 0.476852 0.505208 0.504630 0.505208 0.505556 0.513021 0.519444 0.513021 0.520370 0.514062 0.522222 0.514583 0.522222 0.516146 0.525000 0.518229 0.525000 0.519271 0.523148 0.519271 0.522222 0.520833 0.519444 0.520833 0.518519 0.522396 0.515741 0.522396 0.514815 0.522917 0.513889 0.521354 0.511111 0.521354 0.510185 0.513021 0.495370 0.513021 0.494444 0.504687 0.479630 0.504687 0.478704 0.496354 0.463889 0.496354 0.462963 0.492188 0.455556 0.492188 0.454630 0.491667 0.453704 0.491667 0.450000 0.494271 0.445370 0.493229 0.443519 0.492708 0.443519 0.489583 0.437963
0 0.573958 0.485648 0.071875 0.080556 0.572396 0.445370 0.572396 0.446296 0.571354 0.448148 0.571354 0.449074 0.570312 0.450926 0.570312 0.451852 0.569271 0.453704 0.569271 0.454630 0.568229 0.456481 0.568229 0.457407 0.567708 0.458333 0.567708 0.459259 0.566667 0.461111 0.566667 0.462037 0.560937 0.472222 0.560417 0.472222 0.556250 0.479630 0.555729 0.479630 0.551562 0.487037 0.551042 0.487037 0.546875 0.494444 0.546354 0.494444 0.542188 0.501852 0.541667 0.501852 0.541146 0.502778 0.541146 0.503704 0.540104 0.505556 0.540104 0.506481 0.539062 0.508333 0.539062 0.509259 0.538021 0.511111 0.538021 0.514815 0.539062 0.516667 0.539583 0.516667 0.540104 0.517593 0.540625 0.516667 0.541146 0.516667 0.542188 0.514815 0.542708 0.514815 0.545833 0.509259 0.546354 0.509259 0.550000 0.502778 0.550521 0.502778 0.554167 0.496296 0.554688 0.496296 0.557813 0.490741 0.558333 0.490741 0.560937 0.486111 0.561458 0.486111 0.563542 0.482407 0.564063 0.482407 0.565625 0.479630 0.566146 0.479630 0.567708 0.476852 0.568229 0.476852 0.569271 0.475000 0.569792 0.475000 0.570312 0.474074 0.570833 0.474074 0.571875 0.472222 0.572917 0.472222 0.573438 0.471296 0.576562 0.471296 0.577083 0.472222 0.577604 0.472222 0.578125 0.473148 0.578646 0.473148 0.579167 0.474074 0.579688 0.474074 0.581250 0.476852 0.581771 0.476852 0.601042 0.511111 0.601042 0.512037 0.607812 0.524074 0.608333 0.524074 0.608854 0.525000 0.609375 0.525000 0.609896 0.525926 0.603646 0.514815 0.603646 0.513889 0.596354 0.500926 0.596354 0.500000 0.588542 0.486111 0.588542 0.485185 0.582292 0.474074 0.582292 0.473148 0.580729 0.470370 0.580729 0.469444 0.580208 0.468519 0.580208 0.465741 0.581250 0.463889 0.581250 0.462963 0.581771 0.462037 0.581771 0.461111 0.582292 0.460185 0.582292 0.459259 0.583333 0.457407 0.581771 0.454630 0.581250 0.454630 0.578646 0.450000 0.578125 0.450000 0.576562 0.447222 0.576042 0.447222 0.575521 0.446296 0.575000 0.446296 0.574479 0.445370
0 0.660156 0.509722 0.079687 0.097222 0.661979 0.461111 0.661458 0.462037 0.661458 0.464815 0.660937 0.465741 0.660937 0.468519 0.660417 0.469444 0.660417 0.472222 0.659896 0.473148 0.659896 0.475000 0.659375 0.475926 0.659375 0.477778 0.654167 0.487037 0.653646 0.487037 0.651042 0.491667 0.650521 0.491667 0.647396 0.497222 0.646875 0.497222 0.644271 0.501852 0.643750 0.501852 0.641146 0.506481 0.640625 0.506481 0.637500 0.512037 0.636979 0.512037 0.634375 0.516667 0.633854 0.516667 0.631250 0.521296 0.630729 0.521296 0.627604 0.526852 0.627083 0.526852 0.624479 0.531481 0.623958 0.531481 0.621875 0.535185 0.621875 0.536111 0.621354 0.537037 0.621354 0.538889 0.620833 0.539815 0.620833 0.541667 0.620313 0.542593 0.620313 0.546296 0.620833 0.547222 0.620833 0.548148 0.621354 0.548148 0.621875 0.549074 0.623437 0.549074 0.623958 0.548148 0.624479 0.548148 0.626563 0.544444 0.627083 0.544444 0.629687 0.539815 0.630208 0.539815 0.632812 0.535185 0.633333 0.535185 0.635938 0.530556 0.636458 0.530556 0.638542 0.526852 0.639062 0.526852 0.641146 0.523148 0.641667 0.523148 0.643750 0.519444 0.644271 0.519444 0.646354 0.515741 0.646875 0.515741 0.648438 0.512963 0.648958 0.512963 0.650521 0.510185 0.651042 0.510185 0.652083 0.508333 0.652604 0.508333 0.653646 0.506481 0.654167 0.506481 0.654687 0.505556 0.655208 0.505556 0.655729 0.504630 0.656250 0.504630 0.656771 0.503704 0.657292 0.503704 0.657813 0.502778 0.658854 0.502778 0.659375 0.501852 0.661458 0.501852 0.661979 0.502778 0.663021 0.502778 0.663542 0.503704 0.664062 0.503704 0.664583 0.504630 0.665104 0.504630 0.666667 0.507407 0.667188 0.507407 0.671354 0.514815 0.671875 0.514815 0.679688 0.528704 0.679688 0.529630 0.688021 0.544444 0.688021 0.545370 0.694792 0.557407 0.695312 0.557407 0.695833 0.558333 0.697917 0.558333 0.698958 0.556481 0.698958 0.553704 0.699479 0.552778 0.699479 0.543519 0.700000 0.542593 0.700000 0.535185 0.696354 0.528704 0.696354 0.527778 0.689063 0.514815 0.689063 0.513889 0.682292 0.501852 0.682292 0.500926 0.677083 0.491667 0.677083 0.490741 0.675521 0.487963 0.675521 0.487037 0.675000 0.486111 0.675000 0.483333 0.675521 0.482407 0.675521 0.477778 0.670312 0.468519 0.669792 0.468519 0.667708 0.464815 0.667188 0.464815 0.666146 0.462963 0.665625 0.462963 0.665104 0.462037 0.664062 0.462037 0.663542 0.461111
0 0.375781 0.459722 0.072396 0.071296 0.342708 0.424074 0.341667 0.425926 0.341146 0.425926 0.340625 0.426852 0.340104 0.426852 0.340104 0.427778 0.339583 0.428704 0.339583 0.429630 0.340104 0.430556 0.340104 0.431481 0.341146 0.433333 0.341146 0.434259 0.346875 0.444444 0.346875 0.445370 0.354687 0.459259 0.354687 0.460185 0.361979 0.473148 0.361979 0.474074 0.369792 0.487963 0.369792 0.488889 0.372396 0.493519 0.372917 0.493519 0.373958 0.495370 0.375000 0.495370 0.375521 0.494444 0.376042 0.494444 0.377604 0.491667 0.378125 0.491667 0.379688 0.488889 0.380208 0.488889 0.381771 0.486111 0.382292 0.486111 0.383854 0.483333 0.384375 0.483333 0.385937 0.480556 0.386458 0.480556 0.398438 0.459259 0.398958 0.459259 0.406250 0.446296 0.406771 0.446296 0.408333 0.443519 0.408854 0.443519 0.410417 0.440741 0.410938 0.440741 0.411979 0.438889 0.410938 0.437037 0.410938 0.433333 0.411458 0.432407 0.410938 0.431481 0.410417 0.431481 0.409896 0.430556 0.407292 0.430556 0.406250 0.432407 0.405729 0.432407 0.404687 0.434259 0.404167 0.434259 0.395313 0.450000 0.394792 0.450000 0.389583 0.459259 0.389062 0.459259 0.387500 0.462037 0.386979 0.462037 0.385937 0.463889 0.385417 0.463889 0.383854 0.466667 0.383333 0.466667 0.382292 0.468519 0.381771 0.468519 0.380208 0.471296 0.379688 0.471296 0.378646 0.473148 0.378125 0.473148 0.377083 0.475000 0.375521 0.475000 0.373958 0.472222 0.373958 0.471296 0.373437 0.470370 0.373437 0.469444 0.373958 0.468519 0.373958 0.467593 0.379688 0.457407 0.378646 0.459259 0.378125 0.459259 0.377083 0.461111 0.376563 0.461111 0.375000 0.463889 0.374479 0.463889 0.373437 0.465741 0.372917 0.465741 0.371354 0.468519 0.369792 0.468519 0.369271 0.469444 0.368750 0.469444 0.368229 0.470370 0.367708 0.469444 0.367188 0.469444 0.356250 0.450000 0.356250 0.449074 0.347917 0.434259 0.347917 0.433333
0 0.449479 0.468056 0.076042 0.069444 0.411458 0.433333 0.411458 0.437037 0.412500 0.438889 0.412500 0.439815 0.416667 0.447222 0.416667 0.448148 0.423958 0.461111 0.423958 0.462037 0.431250 0.475000 0.431250 0.475926 0.438542 0.488889 0.438542 0.489815 0.445312 0.501852 0.445833 0.501852 0.446354 0.502778 0.446875 0.502778 0.447396 0.501852 0.447917 0.501852 0.450000 0.498148 0.450521 0.498148 0.456250 0.487963 0.456771 0.487963 0.463021 0.476852 0.463542 0.476852 0.470313 0.464815 0.470833 0.464815 0.477083 0.453704 0.477604 0.453704 0.487500 0.436111 0.486979 0.435185 0.486458 0.435185 0.485938 0.434259 0.484896 0.434259 0.484375 0.433333 0.483854 0.433333 0.483333 0.434259 0.481771 0.434259 0.481250 0.435185 0.480729 0.435185 0.480208 0.436111 0.479687 0.436111 0.479167 0.437037 0.478646 0.437037 0.477083 0.439815 0.476562 0.439815 0.475000 0.442593 0.474479 0.442593 0.471875 0.447222 0.471354 0.447222 0.466667 0.455556 0.466146 0.455556 0.459896 0.466667 0.459375 0.466667 0.453646 0.476852 0.453125 0.476852 0.451562 0.479630 0.451042 0.479630 0.450521 0.480556 0.450000 0.479630 0.449479 0.479630 0.447917 0.476852 0.447917 0.475000 0.447396 0.475926 0.446875 0.475926 0.443229 0.482407 0.442708 0.482407 0.442188 0.483333 0.440625 0.483333 0.439063 0.480556 0.438542 0.480556 0.435937 0.475926 0.435937 0.475000 0.428125 0.461111 0.428125 0.460185 0.415104 0.437037 0.414583 0.437037 0.412500 0.433333
0 0.532031 0.482870 0.079687 0.075000 0.570833 0.445370 0.570312 0.446296 0.569792 0.446296 0.569271 0.447222 0.568750 0.447222 0.568229 0.448148 0.567708 0.448148 0.567187 0.449074 0.566667 0.449074 0.565625 0.450926 0.565104 0.450926 0.563542 0.453704 0.563021 0.453704 0.560937 0.457407 0.560417 0.457407 0.558333 0.461111 0.557813 0.461111 0.554688 0.466667 0.554167 0.466667 0.551042 0.472222 0.550521 0.472222 0.546354 0.479630 0.545833 0.479630 0.541667 0.487037 0.541146 0.487037 0.538542 0.491667 0.538021 0.491667 0.537500 0.492593 0.535937 0.492593 0.533854 0.488889 0.533854 0.486111 0.534896 0.484259 0.534896 0.483333 0.536458 0.480556 0.536458 0.479630 0.538021 0.476852 0.538021 0.475926 0.539062 0.474074 0.539062 0.473148 0.540625 0.470370 0.540104 0.471296 0.539583 0.471296 0.534896 0.479630 0.534375 0.479630 0.530729 0.486111 0.530208 0.486111 0.529167 0.487963 0.528646 0.487963 0.528125 0.488889 0.527604 0.488889 0.527083 0.487963 0.526563 0.487963 0.522917 0.481481 0.520833 0.485185 0.520833 0.486111 0.520312 0.487037 0.519792 0.487037 0.519271 0.487963 0.517708 0.487963 0.516667 0.486111 0.516146 0.486111 0.511979 0.478704 0.511979 0.477778 0.503125 0.462037 0.503125 0.461111 0.494792 0.446296 0.494271 0.446296 0.492188 0.450000 0.492188 0.453704 0.492708 0.454630 0.492708 0.455556 0.496875 0.462963 0.496875 0.463889 0.505208 0.478704 0.505208 0.479630 0.513542 0.494444 0.513542 0.495370 0.521875 0.510185 0.521875 0.511111 0.526563 0.519444 0.527083 0.519444 0.527604 0.520370 0.529167 0.520370 0.529687 0.519444 0.530208 0.519444 0.532292 0.515741 0.532813 0.515741 0.536979 0.508333 0.537500 0.508333 0.541667 0.500926 0.542188 0.500926 0.546354 0.493519 0.546875 0.493519 0.551042 0.486111 0.551562 0.486111 0.555729 0.478704 0.556250 0.478704 0.560417 0.471296 0.560937 0.471296 0.566146 0.462037 0.566146 0.461111 0.567187 0.459259 0.567187 0.458333 0.567708 0.457407 0.567708 0.456481 0.568750 0.454630 0.568750 0.453704 0.569792 0.451852 0.569792 0.450926 0.570833 0.449074 0.570833 0.448148 0.571875 0.446296 0.571875 0.445370
0 0.621094 0.498148 0.080729 0.079630 0.583333 0.458333 0.582812 0.459259 0.582812 0.460185 0.582292 0.461111 0.582292 0.462037 0.581771 0.462963 0.581771 0.463889 0.580729 0.465741 0.580729 0.468519 0.581250 0.469444 0.581250 0.470370 0.582812 0.473148 0.582812 0.474074 0.589063 0.485185 0.589063 0.486111 0.596875 0.500000 0.596875 0.500926 0.604167 0.513889 0.604167 0.514815 0.611979 0.528704 0.611979 0.529630 0.615625 0.536111 0.616146 0.536111 0.617188 0.537963 0.618750 0.537963 0.619271 0.537037 0.619792 0.537037 0.621354 0.534259 0.621875 0.534259 0.623958 0.530556 0.624479 0.530556 0.627083 0.525926 0.627604 0.525926 0.630729 0.520370 0.631250 0.520370 0.633854 0.515741 0.634375 0.515741 0.636979 0.511111 0.637500 0.511111 0.640625 0.505556 0.641146 0.505556 0.643750 0.500926 0.644271 0.500926 0.646875 0.496296 0.647396 0.496296 0.650521 0.490741 0.651042 0.490741 0.653646 0.486111 0.654167 0.486111 0.658854 0.477778 0.658854 0.475926 0.659375 0.475000 0.659375 0.473148 0.659896 0.472222 0.659896 0.469444 0.660417 0.468519 0.660417 0.465741 0.660937 0.464815 0.660937 0.462037 0.661458 0.461111 0.660937 0.461111 0.660417 0.462037 0.659375 0.462037 0.658854 0.462963 0.658333 0.462963 0.657813 0.463889 0.657292 0.463889 0.656250 0.465741 0.655729 0.465741 0.654687 0.467593 0.654167 0.467593 0.653125 0.469444 0.652604 0.469444 0.651042 0.472222 0.650521 0.472222 0.648958 0.475000 0.648438 0.475000 0.646354 0.478704 0.645833 0.478704 0.643750 0.482407 0.643229 0.482407 0.640625 0.487037 0.640104 0.487037 0.637500 0.491667 0.636979 0.491667 0.634375 0.496296 0.633854 0.496296 0.630729 0.501852 0.630208 0.501852 0.627604 0.506481 0.627083 0.506481 0.626042 0.508333 0.625521 0.508333 0.625000 0.509259 0.623958 0.509259 0.621875 0.505556 0.621875 0.500926 0.622396 0.500000 0.622396 0.499074 0.622917 0.498148 0.622917 0.496296 0.623437 0.495370 0.622917 0.496296 0.622396 0.496296 0.621354 0.498148 0.620833 0.498148 0.620313 0.499074 0.618750 0.499074 0.613021 0.488889 0.613021 0.489815 0.612500 0.490741 0.612500 0.491667 0.611979 0.492593 0.611979 0.493519 0.611458 0.494444 0.611458 0.496296 0.610938 0.497222 0.610938 0.498148 0.609375 0.500926 0.607292 0.500926 0.605729 0.498148 0.605208 0.498148 0.601562 0.491667 0.601562 0.490741 0.593750 0.476852 0.593750 0.475926 0.583854 0.458333
0 0.715365 0.517130 0.079687 0.076852 0.676042 0.478704 0.676042 0.482407 0.675521 0.483333 0.675521 0.486111 0.676042 0.487037 0.676042 0.487963 0.677604 0.490741 0.677604 0.491667 0.682813 0.500926 0.682813 0.501852 0.689583 0.513889 0.689583 0.514815 0.696875 0.527778 0.696875 0.528704 0.703646 0.540741 0.703646 0.541667 0.710938 0.554630 0.711458 0.554630 0.711979 0.555556 0.713021 0.555556 0.713542 0.554630 0.714063 0.554630 0.714583 0.553704 0.715104 0.553704 0.716667 0.550926 0.717187 0.550926 0.718750 0.548148 0.719271 0.548148 0.721354 0.544444 0.721875 0.544444 0.723958 0.540741 0.724479 0.540741 0.726562 0.537037 0.727083 0.537037 0.729167 0.533333 0.729688 0.533333 0.731771 0.529630 0.732292 0.529630 0.734375 0.525926 0.734896 0.525926 0.736979 0.522222 0.737500 0.522222 0.739583 0.518519 0.740104 0.518519 0.742188 0.514815 0.742708 0.514815 0.744792 0.511111 0.745313 0.511111 0.747396 0.507407 0.747917 0.507407 0.750000 0.503704 0.750521 0.503704 0.752604 0.500000 0.753125 0.500000 0.755208 0.496296 0.755208 0.487037 0.754687 0.486111 0.754687 0.484259 0.753646 0.486111 0.753125 0.486111 0.751042 0.489815 0.750521 0.489815 0.748437 0.493519 0.747917 0.493519 0.745833 0.497222 0.745313 0.497222 0.743229 0.500926 0.742708 0.500926 0.740625 0.504630 0.740104 0.504630 0.738021 0.508333 0.737500 0.508333 0.735417 0.512037 0.734896 0.512037 0.732812 0.515741 0.732292 0.515741 0.730208 0.519444 0.729688 0.519444 0.727083 0.524074 0.726562 0.524074 0.725000 0.526852 0.724479 0.526852 0.722396 0.530556 0.721875 0.530556 0.720833 0.532407 0.720313 0.532407 0.719792 0.533333 0.718229 0.533333 0.717708 0.532407 0.717187 0.532407 0.709896 0.519444 0.709896 0.518519 0.703125 0.506481 0.703125 0.505556 0.702083 0.503704 0.701562 0.504630 0.701562 0.512963 0.701042 0.513889 0.701042 0.514815 0.699479 0.517593 0.697917 0.517593 0.697396 0.516667 0.696875 0.516667 0.695312 0.513889 0.694792 0.513889 0.693229 0.511111 0.693229 0.510185 0.685417 0.496296 0.685417 0.495370
0 0.343750 0.436111 0.076042 0.062963 0.381771 0.453704 0.380729 0.455556 0.380208 0.455556 0.378646 0.458333 0.378125 0.458333 0.377083 0.460185 0.376563 0.460185 0.375521 0.462037 0.375000 0.462037 0.373958 0.463889 0.373437 0.463889 0.371875 0.466667 0.371354 0.466667 0.370833 0.467593 0.371354 0.467593 0.372917 0.464815 0.373437 0.464815 0.374479 0.462963 0.375000 0.462963 0.376563 0.460185 0.377083 0.460185 0.378125 0.458333 0.378646 0.458333 0.379688 0.456481 0.380208 0.456481
0 0.432292 0.442130 0.116667 0.080556 0.490104 0.401852 0.486458 0.408333 0.485938 0.408333 0.481771 0.415741 0.481250 0.415741 0.477604 0.422222 0.477083 0.422222 0.472917 0.429630 0.472396 0.429630 0.468229 0.437037 0.467708 0.437037 0.463542 0.444444 0.463021 0.444444 0.458854 0.451852 0.458333 0.451852 0.454167 0.459259 0.453646 0.459259 0.450000 0.465741 0.449479 0.465741 0.448437 0.467593 0.446354 0.467593 0.434896 0.447222 0.434896 0.446296 0.426563 0.431481 0.426563 0.430556 0.418229 0.415741 0.418229 0.414815 0.412500 0.404630 0.411458 0.406481 0.410938 0.406481 0.409896 0.408333 0.409375 0.408333 0.408333 0.410185 0.407813 0.410185 0.406771 0.412037 0.406250 0.412037 0.396875 0.428704 0.396354 0.428704 0.374479 0.467593 0.374479 0.468519 0.373958 0.469444 0.373958 0.470370 0.374479 0.471296 0.374479 0.472222 0.375521 0.474074 0.377083 0.474074 0.378125 0.472222 0.378646 0.472222 0.379688 0.470370 0.380208 0.470370 0.381771 0.467593 0.382292 0.467593 0.383333 0.465741 0.383854 0.465741 0.385417 0.462963 0.385937 0.462963 0.386979 0.461111 0.387500 0.461111 0.389062 0.458333 0.389583 0.458333 0.394792 0.449074 0.395313 0.449074 0.404167 0.433333 0.404687 0.433333 0.405729 0.431481 0.406250 0.431481 0.407292 0.429630 0.409896 0.429630 0.410417 0.430556 0.410938 0.430556 0.411979 0.432407 0.412500 0.432407 0.414583 0.436111 0.415104 0.436111 0.428646 0.460185 0.428646 0.461111 0.436458 0.475000 0.436458 0.475926 0.438542 0.479630 0.439063 0.479630 0.440625 0.482407 0.442188 0.482407 0.442708 0.481481 0.443229 0.481481 0.446875 0.475000 0.447396 0.475000 0.447917 0.474074 0.447917 0.473148 0.448958 0.471296 0.448958 0.470370 0.451562 0.465741 0.452083 0.465741 0.461458 0.449074 0.461979 0.449074 0.470833 0.433333 0.471354 0.433333 0.479687 0.418519 0.480208 0.418519 0.484375 0.411111 0.484896 0.411111 0.489063 0.403704 0.489583 0.403704 0.490625 0.401852
0 0.485417 0.444907 0.073958 0.084259 0.490625 0.402778 0.489583 0.404630 0.489063 0.404630 0.484896 0.412037 0.484375 0.412037 0.480208 0.419444 0.479687 0.419444 0.471354 0.434259 0.470833 0.434259 0.461979 0.450000 0.461458 0.450000 0.452083 0.466667 0.451562 0.466667 0.449479 0.470370 0.449479 0.471296 0.448437 0.473148 0.448437 0.476852 0.449479 0.478704 0.450000 0.478704 0.450521 0.479630 0.451042 0.478704 0.451562 0.478704 0.453125 0.475926 0.453646 0.475926 0.459375 0.465741 0.459896 0.465741 0.466146 0.454630 0.466667 0.454630 0.471354 0.446296 0.471875 0.446296 0.474479 0.441667 0.475000 0.441667 0.476562 0.438889 0.477083 0.438889 0.478646 0.436111 0.479167 0.436111 0.479687 0.435185 0.480208 0.435185 0.480729 0.434259 0.481250 0.434259 0.481771 0.433333 0.483333 0.433333 0.483854 0.432407 0.484375 0.432407 0.484896 0.433333 0.485938 0.433333 0.486458 0.434259 0.486979 0.434259 0.487500 0.435185 0.488021 0.435185 0.489063 0.437037 0.489583 0.437037 0.492708 0.442593 0.493229 0.442593 0.503646 0.461111 0.503646 0.462037 0.512500 0.477778 0.512500 0.478704 0.516146 0.485185 0.516667 0.485185 0.517708 0.487037 0.519271 0.487037 0.519792 0.486111 0.520312 0.486111 0.520312 0.485185 0.522396 0.481481 0.522396 0.480556 0.515104 0.467593 0.515104 0.466667 0.507292 0.452778 0.507292 0.451852 0.498958 0.437037 0.498958 0.436111 0.492708 0.425000 0.492708 0.424074 0.491146 0.421296 0.491146 0.420370 0.490625 0.419444 0.490625 0.416667 0.494271 0.410185 0.494792 0.410185 0.495312 0.409259 0.493229 0.405556 0.492708 0.405556 0.491146 0.402778
0 0.573438 0.453704 0.078125 0.092593 0.574479 0.407407 0.573438 0.409259 0.573438 0.410185 0.572396 0.412037 0.572396 0.412963 0.571354 0.414815 0.571354 0.415741 0.569792 0.418519 0.569792 0.419444 0.568750 0.421296 0.568750 0.422222 0.567708 0.424074 0.567708 0.425000 0.566146 0.427778 0.566146 0.428704 0.560937 0.437963 0.560417 0.437963 0.555729 0.446296 0.555208 0.446296 0.550521 0.454630 0.550000 0.454630 0.545312 0.462963 0.544792 0.462963 0.541146 0.469444 0.541146 0.470370 0.539583 0.473148 0.539583 0.474074 0.538542 0.475926 0.538542 0.476852 0.536979 0.479630 0.536979 0.480556 0.535417 0.483333 0.535417 0.484259 0.534375 0.486111 0.534375 0.488889 0.535937 0.491667 0.537500 0.491667 0.538021 0.490741 0.538542 0.490741 0.541146 0.486111 0.541667 0.486111 0.545833 0.478704 0.546354 0.478704 0.550521 0.471296 0.551042 0.471296 0.554167 0.465741 0.554688 0.465741 0.557813 0.460185 0.558333 0.460185 0.560417 0.456481 0.560937 0.456481 0.563021 0.452778 0.563542 0.452778 0.565104 0.450000 0.565625 0.450000 0.566667 0.448148 0.567187 0.448148 0.567708 0.447222 0.568229 0.447222 0.568750 0.446296 0.569271 0.446296 0.569792 0.445370 0.570312 0.445370 0.570833 0.444444 0.574479 0.444444 0.575000 0.445370 0.575521 0.445370 0.576042 0.446296 0.576562 0.446296 0.578125 0.449074 0.578646 0.449074 0.581250 0.453704 0.581771 0.453704 0.594271 0.475926 0.594271 0.476852 0.602083 0.490741 0.602083 0.491667 0.605208 0.497222 0.605729 0.497222 0.607292 0.500000 0.609375 0.500000 0.610417 0.498148 0.610417 0.497222 0.610938 0.496296 0.610938 0.494444 0.611458 0.493519 0.611458 0.492593 0.611979 0.491667 0.611979 0.490741 0.612500 0.489815 0.612500 0.487963 0.608333 0.480556 0.608333 0.479630 0.601042 0.466667 0.601042 0.465741 0.593750 0.452778 0.593750 0.451852 0.586458 0.438889 0.586458 0.437963 0.582812 0.431481 0.582812 0.430556 0.582292 0.429630 0.582292 0.428704 0.581771 0.427778 0.581771 0.426852 0.582292 0.425926 0.582292 0.425000 0.583333 0.423148 0.583333 0.422222 0.584375 0.420370 0.584375 0.419444 0.582292 0.415741 0.581771 0.415741 0.579167 0.411111 0.578646 0.411111 0.577604 0.409259 0.577083 0.409259 0.576562 0.408333 0.576042 0.408333 0.575521 0.407407
0 0.661979 0.468519 0.079167 0.096296 0.663542 0.420370 0.663542 0.422222 0.663021 0.423148 0.663021 0.425926 0.662500 0.426852 0.662500 0.428704 0.661979 0.429630 0.661979 0.432407 0.661458 0.433333 0.661458 0.435185 0.660937 0.436111 0.660937 0.437963 0.657813 0.443519 0.657292 0.443519 0.654167 0.449074 0.653646 0.449074 0.650521 0.454630 0.650000 0.454630 0.646875 0.460185 0.646354 0.460185 0.643750 0.464815 0.643229 0.464815 0.640104 0.470370 0.639583 0.470370 0.636458 0.475926 0.635938 0.475926 0.632812 0.481481 0.632292 0.481481 0.629167 0.487037 0.628646 0.487037 0.626042 0.491667 0.625521 0.491667 0.623958 0.494444 0.623958 0.495370 0.623437 0.496296 0.623437 0.498148 0.622917 0.499074 0.622917 0.500000 0.622396 0.500926 0.622396 0.505556 0.623958 0.508333 0.625000 0.508333 0.625521 0.507407 0.626042 0.507407 0.627083 0.505556 0.627604 0.505556 0.630208 0.500926 0.630729 0.500926 0.633854 0.495370 0.634375 0.495370 0.636979 0.490741 0.637500 0.490741 0.640104 0.486111 0.640625 0.486111 0.643229 0.481481 0.643750 0.481481 0.645833 0.477778 0.646354 0.477778 0.648438 0.474074 0.648958 0.474074 0.650521 0.471296 0.651042 0.471296 0.652604 0.468519 0.653125 0.468519 0.654167 0.466667 0.654687 0.466667 0.655729 0.464815 0.656250 0.464815 0.657292 0.462963 0.657813 0.462963 0.658333 0.462037 0.658854 0.462037 0.659375 0.461111 0.660417 0.461111 0.660937 0.460185 0.663542 0.460185 0.664062 0.461111 0.665104 0.461111 0.665625 0.462037 0.666146 0.462037 0.667188 0.463889 0.667708 0.463889 0.669792 0.467593 0.670312 0.467593 0.685937 0.495370 0.685937 0.496296 0.693750 0.510185 0.693750 0.511111 0.694792 0.512963 0.695312 0.512963 0.696875 0.515741 0.697396 0.515741 0.697917 0.516667 0.699479 0.516667 0.700521 0.514815 0.700521 0.513889 0.701042 0.512963 0.701042 0.504630 0.701562 0.503704 0.701562 0.502778 0.696354 0.493519 0.696354 0.492593 0.689063 0.479630 0.689063 0.478704 0.683333 0.468519 0.683333 0.467593 0.681250 0.463889 0.681250 0.456481 0.681771 0.455556 0.681771 0.450926 0.682292 0.450000 0.682292 0.445370 0.672917 0.428704 0.672396 0.428704 0.669792 0.424074 0.669271 0.424074 0.668229 0.422222 0.667708 0.422222 0.667188 0.421296 0.666667 0.421296 0.666146 0.420370
0 0.373958 0.428704 0.082292 0.081481 0.344792 0.387963 0.344271 0.388889 0.343750 0.388889 0.343229 0.389815 0.342708 0.389815 0.342187 0.390741 0.341667 0.390741 0.341146 0.391667 0.340625 0.391667 0.339583 0.393519 0.339062 0.393519 0.338542 0.394444 0.338021 0.394444 0.337500 0.395370 0.336979 0.395370 0.336458 0.396296 0.335938 0.396296 0.335417 0.397222 0.334896 0.397222 0.334375 0.398148 0.333854 0.398148 0.332813 0.400000 0.332813 0.403704 0.334375 0.406481 0.334375 0.407407 0.340625 0.418519 0.340625 0.419444 0.348438 0.433333 0.348438 0.434259 0.356771 0.449074 0.356771 0.450000 0.367188 0.468519 0.367708 0.468519 0.368229 0.469444 0.368750 0.468519 0.369271 0.468519 0.369792 0.467593 0.370312 0.467593 0.371354 0.465741 0.371875 0.465741 0.373437 0.462963 0.373958 0.462963 0.375000 0.461111 0.375521 0.461111 0.376563 0.459259 0.377083 0.459259 0.378125 0.457407 0.378646 0.457407 0.380208 0.454630 0.380729 0.454630 0.381771 0.452778 0.382292 0.452778 0.396354 0.427778 0.396875 0.427778 0.406250 0.411111 0.406771 0.411111 0.407813 0.409259 0.408333 0.409259 0.409375 0.407407 0.409896 0.407407 0.410938 0.405556 0.411458 0.405556 0.412500 0.403704 0.411458 0.401852 0.411458 0.398148 0.413021 0.395370 0.413542 0.395370 0.414583 0.393519 0.415104 0.393519 0.414062 0.391667 0.413542 0.391667 0.413021 0.390741 0.411979 0.390741 0.411458 0.391667 0.410938 0.391667 0.409896 0.393519 0.409375 0.393519 0.408854 0.394444 0.408333 0.394444 0.407292 0.396296 0.406771 0.396296 0.405729 0.398148 0.405208 0.398148 0.404167 0.400000 0.403646 0.400000 0.402604 0.401852 0.402083 0.401852 0.401562 0.402778 0.401042 0.402778 0.400000 0.404630 0.399479 0.404630 0.397917 0.407407 0.397396 0.407407 0.382812 0.433333 0.382292 0.433333 0.380729 0.436111 0.379167 0.436111 0.377604 0.433333 0.377604 0.432407 0.377083 0.431481 0.377083 0.430556 0.377604 0.429630 0.377604 0.428704 0.381771 0.421296 0.380729 0.423148 0.380208 0.423148 0.379167 0.425000 0.378646 0.425000 0.378125 0.425926 0.377604 0.425926 0.376563 0.427778 0.376042 0.427778 0.375000 0.429630 0.374479 0.429630 0.373437 0.431481 0.372917 0.431481 0.372396 0.432407 0.370312 0.432407 0.358854 0.412037 0.358854 0.411111 0.347396 0.390741 0.346875 0.390741 0.345313 0.387963
0 0.451042 0.430093 0.078125 0.073148 0.415625 0.393519 0.415104 0.394444 0.414583 0.394444 0.413542 0.396296 0.413021 0.396296 0.411979 0.398148 0.411979 0.401852 0.413021 0.403704 0.413021 0.404630 0.418750 0.414815 0.418750 0.415741 0.427083 0.430556 0.427083 0.431481 0.435417 0.446296 0.435417 0.447222 0.446354 0.466667 0.448437 0.466667 0.449479 0.464815 0.450000 0.464815 0.453646 0.458333 0.454167 0.458333 0.458333 0.450926 0.458854 0.450926 0.463021 0.443519 0.463542 0.443519 0.467708 0.436111 0.468229 0.436111 0.472396 0.428704 0.472917 0.428704 0.477083 0.421296 0.477604 0.421296 0.481250 0.414815 0.481771 0.414815 0.485938 0.407407 0.486458 0.407407 0.490104 0.400926 0.489583 0.400926 0.488542 0.399074 0.488021 0.399074 0.487500 0.398148 0.486979 0.398148 0.486458 0.397222 0.482812 0.397222 0.480208 0.401852 0.479687 0.401852 0.476562 0.407407 0.476042 0.407407 0.473438 0.412037 0.472917 0.412037 0.469792 0.417593 0.469271 0.417593 0.466146 0.423148 0.465625 0.423148 0.463021 0.427778 0.462500 0.427778 0.459375 0.433333 0.458854 0.433333 0.455729 0.438889 0.455208 0.438889 0.452604 0.443519 0.452083 0.443519 0.451562 0.444444 0.450521 0.444444 0.448437 0.440741 0.448437 0.439815 0.447917 0.439815 0.445833 0.443519 0.444271 0.443519 0.443750 0.442593 0.443229 0.442593 0.435937 0.429630 0.435937 0.428704 0.417708 0.396296 0.417187 0.396296
0 0.532552 0.447685 0.082812 0.080556 0.572396 0.407407 0.571875 0.408333 0.570833 0.408333 0.570312 0.409259 0.569792 0.409259 0.569271 0.410185 0.568750 0.410185 0.567708 0.412037 0.567187 0.412037 0.565625 0.414815 0.565104 0.414815 0.563542 0.417593 0.563021 0.417593 0.560937 0.421296 0.560417 0.421296 0.557292 0.426852 0.556771 0.426852 0.553646 0.432407 0.553125 0.432407 0.548958 0.439815 0.548438 0.439815 0.543750 0.448148 0.543229 0.448148 0.539583 0.454630 0.539062 0.454630 0.538542 0.455556 0.536979 0.455556 0.534896 0.451852 0.534896 0.449074 0.535937 0.447222 0.535937 0.446296 0.538021 0.442593 0.538021 0.441667 0.540104 0.437963 0.540104 0.437037 0.541667 0.434259 0.536979 0.442593 0.536458 0.442593 0.531771 0.450926 0.531250 0.450926 0.528125 0.456481 0.527604 0.456481 0.527083 0.457407 0.526563 0.457407 0.526042 0.458333 0.525521 0.457407 0.525000 0.457407 0.524479 0.456481 0.523958 0.456481 0.520833 0.450926 0.518229 0.450926 0.516667 0.448148 0.516146 0.448148 0.514062 0.444444 0.514062 0.443519 0.505729 0.428704 0.505729 0.427778 0.495833 0.410185 0.495312 0.410185 0.494792 0.411111 0.494271 0.411111 0.491146 0.416667 0.491146 0.419444 0.491667 0.420370 0.491667 0.421296 0.493229 0.424074 0.493229 0.425000 0.499479 0.436111 0.499479 0.437037 0.507812 0.451852 0.507812 0.452778 0.515625 0.466667 0.515625 0.467593 0.526563 0.487037 0.527083 0.487037 0.527604 0.487963 0.528125 0.487963 0.528646 0.487037 0.529167 0.487037 0.530208 0.485185 0.530729 0.485185 0.534375 0.478704 0.534896 0.478704 0.539583 0.470370 0.540104 0.470370 0.544792 0.462037 0.545312 0.462037 0.550000 0.453704 0.550521 0.453704 0.555208 0.445370 0.555729 0.445370 0.560417 0.437037 0.560937 0.437037 0.565625 0.428704 0.565625 0.427778 0.567187 0.425000 0.567187 0.424074 0.568229 0.422222 0.568229 0.421296 0.569271 0.419444 0.569271 0.418519 0.570833 0.415741 0.570833 0.414815 0.571875 0.412963 0.571875 0.412037 0.572917 0.410185 0.572917 0.409259 0.573958 0.407407
0 0.622656 0.459259 0.080729 0.077778 0.584896 0.420370 0.583854 0.422222 0.583854 0.423148 0.582812 0.425000 0.582812 0.425926 0.582292 0.426852 0.582292 0.427778 0.582812 0.428704 0.582812 0.429630 0.583333 0.430556 0.583333 0.431481 0.586979 0.437963 0.586979 0.438889 0.594271 0.451852 0.594271 0.452778 0.601562 0.465741 0.601562 0.466667 0.608854 0.479630 0.608854 0.480556 0.618750 0.498148 0.620313 0.498148 0.620833 0.497222 0.621354 0.497222 0.622396 0.495370 0.622917 0.495370 0.625521 0.490741 0.626042 0.490741 0.628646 0.486111 0.629167 0.486111 0.632292 0.480556 0.632812 0.480556 0.635938 0.475000 0.636458 0.475000 0.639583 0.469444 0.640104 0.469444 0.643229 0.463889 0.643750 0.463889 0.646354 0.459259 0.646875 0.459259 0.650000 0.453704 0.650521 0.453704 0.653646 0.448148 0.654167 0.448148 0.657292 0.442593 0.657813 0.442593 0.660417 0.437963 0.660417 0.436111 0.660937 0.435185 0.660937 0.433333 0.661458 0.432407 0.661458 0.429630 0.661979 0.428704 0.661979 0.426852 0.662500 0.425926 0.662500 0.423148 0.663021 0.422222 0.663021 0.420370 0.662500 0.420370 0.661979 0.421296 0.660937 0.421296 0.660417 0.422222 0.659896 0.422222 0.659375 0.423148 0.658854 0.423148 0.657813 0.425000 0.657292 0.425000 0.656250 0.426852 0.655729 0.426852 0.654167 0.429630 0.653646 0.429630 0.652083 0.432407 0.651563 0.432407 0.649479 0.436111 0.648958 0.436111 0.646875 0.439815 0.646354 0.439815 0.643750 0.444444 0.643229 0.444444 0.640625 0.449074 0.640104 0.449074 0.637500 0.453704 0.636979 0.453704 0.633854 0.459259 0.633333 0.459259 0.630208 0.464815 0.629687 0.464815 0.628125 0.467593 0.627604 0.467593 0.627083 0.468519 0.625521 0.468519 0.623958 0.465741 0.623958 0.464815 0.623437 0.463889 0.623437 0.462963 0.623958 0.462037 0.623958 0.460185 0.624479 0.459259 0.624479 0.458333 0.625000 0.457407 0.623958 0.459259 0.623437 0.459259 0.622396 0.461111 0.621875 0.461111 0.621354 0.462037 0.620313 0.462037 0.619792 0.461111 0.619271 0.461111 0.614062 0.451852 0.614062 0.452778 0.613542 0.453704 0.613542 0.455556 0.613021 0.456481 0.613021 0.457407 0.612500 0.458333 0.612500 0.459259 0.611979 0.460185 0.611979 0.461111 0.610938 0.462963 0.608333 0.462963 0.606250 0.459259 0.605729 0.459259 0.604688 0.457407 0.604688 0.456481 0.596354 0.441667 0.596354 0.440741
0 0.722135 0.456019 0.080729 0.152778 0.753125 0.379630 0.752604 0.380556 0.752083 0.380556 0.751042 0.382407 0.750521 0.382407 0.747917 0.387037 0.747396 0.387037 0.744792 0.391667 0.744271 0.391667 0.742188 0.395370 0.741667 0.395370 0.739062 0.400000 0.738542 0.400000 0.736458 0.403704 0.735938 0.403704 0.733854 0.407407 0.733333 0.407407 0.731771 0.410185 0.731250 0.410185 0.729688 0.412963 0.729167 0.412963 0.728125 0.414815 0.727604 0.414815 0.726562 0.416667 0.726042 0.416667 0.725000 0.418519 0.724479 0.418519 0.723958 0.419444 0.722917 0.419444 0.722396 0.420370 0.719271 0.420370 0.718750 0.419444 0.718229 0.419444 0.717708 0.418519 0.717187 0.418519 0.716146 0.416667 0.715625 0.416667 0.706771 0.400926 0.706771 0.401852 0.706250 0.402778 0.706250 0.412037 0.705729 0.412963 0.705729 0.422222 0.705208 0.423148 0.705208 0.433333 0.704688 0.434259 0.704688 0.443519 0.704167 0.444444 0.704167 0.453704 0.703646 0.454630 0.703646 0.463889 0.703125 0.464815 0.703125 0.472222 0.702604 0.473148 0.702604 0.474074 0.701562 0.475926 0.698958 0.475926 0.697917 0.474074 0.697396 0.474074 0.693229 0.466667 0.693229 0.465741 0.685937 0.452778 0.685937 0.451852 0.682813 0.446296 0.682813 0.450000 0.682292 0.450926 0.682292 0.455556 0.681771 0.456481 0.681771 0.463889 0.683854 0.467593 0.683854 0.468519 0.689583 0.478704 0.689583 0.479630 0.696875 0.492593 0.696875 0.493519 0.703646 0.505556 0.703646 0.506481 0.710417 0.518519 0.710417 0.519444 0.717187 0.531481 0.717708 0.531481 0.718229 0.532407 0.719792 0.532407 0.720313 0.531481 0.720833 0.531481 0.721875 0.529630 0.722396 0.529630 0.724479 0.525926 0.725000 0.525926 0.726562 0.523148 0.727083 0.523148 0.729688 0.518519 0.730208 0.518519 0.732292 0.514815 0.732812 0.514815 0.734896 0.511111 0.735417 0.511111 0.737500 0.507407 0.738021 0.507407 0.740104 0.503704 0.740625 0.503704 0.742708 0.500000 0.743229 0.500000 0.745313 0.496296 0.745833 0.496296 0.747917 0.492593 0.748437 0.492593 0.750521 0.488889 0.751042 0.488889 0.753125 0.485185 0.753646 0.485185 0.755729 0.481481 0.756250 0.481481 0.758333 0.477778 0.758854 0.477778 0.762500 0.471296 0.762500 0.467593 0.761979 0.466667 0.761979 0.461111 0.761458 0.460185 0.761458 0.454630 0.760938 0.453704 0.760938 0.449074 0.760417 0.448148 0.760417 0.442593 0.759896 0.441667 0.759896 0.436111 0.759375 0.435185 0.759375 0.430556 0.758854 0.429630 0.758854 0.424074 0.758333 0.423148 0.758333 0.417593 0.757812 0.416667 0.757812 0.411111 0.757292 0.410185 0.757292 0.405556 0.756771 0.404630 0.756771 0.399074 0.756250 0.398148 0.756250 0.392593 0.755729 0.391667 0.755729 0.387037 0.755208 0.386111 0.755208 0.382407 0.753646 0.379630
0 0.345313 0.396759 0.077083 0.069444 0.338542 0.362037 0.338021 0.362963 0.337500 0.362963 0.336979 0.363889 0.336458 0.363889 0.331250 0.373148 0.331250 0.374074 0.319792 0.394444 0.319792 0.395370 0.309375 0.413889 0.309375 0.414815 0.307292 0.418519 0.307292 0.419444 0.306771 0.420370 0.306771 0.421296 0.307292 0.422222 0.307292 0.423148 0.308333 0.425000 0.309896 0.425000 0.310417 0.424074 0.310937 0.424074 0.318229 0.411111 0.318750 0.411111 0.319271 0.410185 0.319792 0.410185 0.320312 0.409259 0.320833 0.409259 0.321354 0.408333 0.321875 0.408333 0.322396 0.407407 0.322917 0.407407 0.323437 0.406481 0.323958 0.406481 0.324479 0.405556 0.325000 0.405556 0.326042 0.403704 0.326562 0.403704 0.327083 0.402778 0.327604 0.402778 0.328125 0.401852 0.328646 0.401852 0.329167 0.400926 0.329688 0.400926 0.330208 0.400000 0.330729 0.400000 0.331250 0.399074 0.331771 0.399074 0.332292 0.398148 0.332813 0.398148 0.333854 0.396296 0.334375 0.396296 0.334896 0.395370 0.335417 0.395370 0.335938 0.394444 0.336458 0.394444 0.336979 0.393519 0.337500 0.393519 0.338021 0.392593 0.338542 0.392593 0.339062 0.391667 0.339583 0.391667 0.340104 0.390741 0.340625 0.390741 0.341667 0.388889 0.342187 0.388889 0.342708 0.387963 0.343229 0.387963 0.343750 0.387037 0.344271 0.387037 0.344792 0.386111 0.346875 0.389815 0.347396 0.389815 0.359375 0.411111 0.359375 0.412037 0.370312 0.431481 0.372396 0.431481 0.372917 0.430556 0.373437 0.430556 0.374479 0.428704 0.375000 0.428704 0.376042 0.426852 0.376563 0.426852 0.377604 0.425000 0.378125 0.425000 0.378646 0.424074 0.379167 0.424074 0.380208 0.422222 0.380729 0.422222 0.381771 0.420370 0.382292 0.420370 0.383854 0.417593 0.382812 0.419444 0.382292 0.419444 0.381250 0.421296 0.380729 0.421296 0.380208 0.422222 0.379688 0.422222 0.378646 0.424074 0.378125 0.424074 0.377083 0.425926 0.376563 0.425926 0.375521 0.427778 0.375000 0.427778 0.374479 0.428704 0.373437 0.428704 0.371875 0.425926 0.371354 0.425926 0.369271 0.422222 0.369271 0.421296 0.360417 0.405556 0.360417 0.404630 0.352083 0.389815 0.352083 0.388889 0.343750 0.374074 0.343750 0.373148 0.339062 0.364815 0.339062 0.363889 0.338542 0.362963
0 0.421094 0.406944 0.086979 0.071296 0.410938 0.371296 0.409896 0.373148 0.409375 0.373148 0.378125 0.428704 0.378125 0.429630 0.377604 0.430556 0.377604 0.431481 0.378125 0.432407 0.378125 0.433333 0.379167 0.435185 0.380729 0.435185 0.382292 0.432407 0.382812 0.432407 0.397396 0.406481 0.397917 0.406481 0.399479 0.403704 0.400000 0.403704 0.401042 0.401852 0.401562 0.401852 0.402083 0.400926 0.402604 0.400926 0.403646 0.399074 0.404167 0.399074 0.405208 0.397222 0.405729 0.397222 0.406771 0.395370 0.407292 0.395370 0.408333 0.393519 0.408854 0.393519 0.409375 0.392593 0.409896 0.392593 0.410938 0.390741 0.411458 0.390741 0.411979 0.389815 0.413021 0.389815 0.413542 0.390741 0.414062 0.390741 0.415104 0.392593 0.415625 0.392593 0.417187 0.395370 0.417708 0.395370 0.436458 0.428704 0.436458 0.429630 0.443229 0.441667 0.443750 0.441667 0.444271 0.442593 0.445833 0.442593 0.447917 0.438889 0.448437 0.438889 0.448437 0.437037 0.460938 0.414815 0.461458 0.414815 0.464583 0.409259 0.461979 0.413889 0.461458 0.413889 0.459375 0.417593 0.458854 0.417593 0.456250 0.422222 0.455729 0.422222 0.453646 0.425926 0.453125 0.425926 0.450521 0.430556 0.450000 0.430556 0.447917 0.434259 0.447396 0.434259 0.446875 0.435185 0.445833 0.435185 0.444271 0.432407 0.443750 0.432407 0.441667 0.428704 0.441667 0.427778 0.433333 0.412963 0.433333 0.412037 0.425000 0.397222 0.425000 0.396296 0.416667 0.381481 0.416667 0.380556 0.411458 0.371296
0 0.490885 0.381481 0.083854 0.137037 0.529167 0.312963 0.528646 0.313889 0.528125 0.313889 0.526042 0.317593 0.525521 0.317593 0.523438 0.321296 0.522917 0.321296 0.520833 0.325000 0.520312 0.325000 0.517708 0.329630 0.517188 0.329630 0.515104 0.333333 0.514583 0.333333 0.512500 0.337037 0.511979 0.337037 0.509896 0.340741 0.509375 0.340741 0.506771 0.345370 0.506250 0.345370 0.504167 0.349074 0.503646 0.349074 0.501563 0.352778 0.501042 0.352778 0.498958 0.356481 0.498437 0.356481 0.496354 0.360185 0.495833 0.360185 0.493229 0.364815 0.492708 0.364815 0.490625 0.368519 0.490104 0.368519 0.488021 0.372222 0.487500 0.372222 0.485417 0.375926 0.484896 0.375926 0.482292 0.380556 0.481771 0.380556 0.473438 0.395370 0.472917 0.395370 0.461458 0.415741 0.460938 0.415741 0.448958 0.437037 0.448958 0.440741 0.450521 0.443519 0.451562 0.443519 0.452083 0.442593 0.452604 0.442593 0.455208 0.437963 0.455729 0.437963 0.458854 0.432407 0.459375 0.432407 0.462500 0.426852 0.463021 0.426852 0.465625 0.422222 0.466146 0.422222 0.469271 0.416667 0.469792 0.416667 0.472917 0.411111 0.473438 0.411111 0.476042 0.406481 0.476562 0.406481 0.479687 0.400926 0.480208 0.400926 0.482812 0.396296 0.486458 0.396296 0.486979 0.397222 0.487500 0.397222 0.488021 0.398148 0.488542 0.398148 0.489583 0.400000 0.490104 0.400000 0.492708 0.404630 0.493229 0.404630 0.506250 0.427778 0.506250 0.428704 0.514583 0.443519 0.514583 0.444444 0.516146 0.447222 0.516667 0.447222 0.518229 0.450000 0.520312 0.450000 0.519271 0.448148 0.519271 0.447222 0.511458 0.433333 0.511458 0.432407 0.503125 0.417593 0.503125 0.416667 0.495312 0.402778 0.495312 0.401852 0.489583 0.391667 0.489583 0.390741 0.488542 0.388889 0.488542 0.387963 0.488021 0.387037 0.488021 0.385185 0.491146 0.379630 0.491667 0.379630 0.494792 0.374074 0.495312 0.374074 0.498437 0.368519 0.498958 0.368519 0.502083 0.362963 0.502604 0.362963 0.505729 0.357407 0.506250 0.357407 0.509375 0.351852 0.509896 0.351852 0.513021 0.346296 0.513542 0.346296 0.516667 0.340741 0.517188 0.340741 0.520312 0.335185 0.520833 0.335185 0.523958 0.329630 0.524479 0.329630 0.527604 0.324074 0.528125 0.324074 0.531250 0.318519 0.531771 0.318519 0.532813 0.316667 0.531250 0.313889 0.530729 0.313889 0.530208 0.312963
0 0.574479 0.390278 0.078125 0.143519 0.602083 0.318519 0.600521 0.321296 0.600000 0.321296 0.595313 0.329630 0.594792 0.329630 0.588542 0.340741 0.588542 0.341667 0.586979 0.344444 0.586979 0.345370 0.585417 0.348148 0.585417 0.349074 0.583854 0.351852 0.583854 0.352778 0.581771 0.356481 0.581771 0.357407 0.580208 0.360185 0.580208 0.361111 0.578646 0.363889 0.578646 0.364815 0.577083 0.367593 0.577083 0.368519 0.575000 0.372222 0.575000 0.373148 0.573438 0.375926 0.573438 0.376852 0.571875 0.379630 0.571875 0.380556 0.569792 0.384259 0.569792 0.385185 0.568229 0.387963 0.568229 0.388889 0.566667 0.391667 0.566667 0.392593 0.565104 0.395370 0.565104 0.396296 0.560417 0.404630 0.559896 0.404630 0.554688 0.413889 0.554167 0.413889 0.548958 0.423148 0.548438 0.423148 0.543229 0.432407 0.542708 0.432407 0.542188 0.433333 0.542188 0.434259 0.540625 0.437037 0.540625 0.437963 0.538542 0.441667 0.538542 0.442593 0.536458 0.446296 0.536458 0.447222 0.535417 0.449074 0.535417 0.451852 0.536979 0.454630 0.538542 0.454630 0.539062 0.453704 0.539583 0.453704 0.543229 0.447222 0.543750 0.447222 0.548438 0.438889 0.548958 0.438889 0.553125 0.431481 0.553646 0.431481 0.556771 0.425926 0.557292 0.425926 0.560417 0.420370 0.560937 0.420370 0.563021 0.416667 0.563542 0.416667 0.565104 0.413889 0.565625 0.413889 0.567187 0.411111 0.567708 0.411111 0.568750 0.409259 0.569271 0.409259 0.569792 0.408333 0.570312 0.408333 0.570833 0.407407 0.571875 0.407407 0.572396 0.406481 0.575521 0.406481 0.576042 0.407407 0.576562 0.407407 0.577083 0.408333 0.577604 0.408333 0.578646 0.410185 0.579167 0.410185 0.581771 0.414815 0.582292 0.414815 0.596875 0.440741 0.596875 0.441667 0.605208 0.456481 0.605208 0.457407 0.605729 0.458333 0.606250 0.458333 0.608333 0.462037 0.610938 0.462037 0.611458 0.461111 0.611458 0.460185 0.611979 0.459259 0.611979 0.458333 0.612500 0.457407 0.612500 0.456481 0.613021 0.455556 0.613021 0.453704 0.613542 0.452778 0.613542 0.450926 0.611979 0.448148 0.611979 0.447222 0.604688 0.434259 0.604688 0.433333 0.597396 0.420370 0.597396 0.419444 0.590104 0.406481 0.590104 0.405556 0.584896 0.396296 0.584896 0.395370 0.583333 0.392593 0.583333 0.391667 0.582812 0.390741 0.582812 0.389815 0.583333 0.388889 0.583333 0.387963 0.583854 0.387037 0.583854 0.386111 0.585417 0.383333 0.585417 0.382407 0.586458 0.380556 0.586458 0.379630 0.587500 0.377778 0.587500 0.376852 0.588542 0.375000 0.588542 0.374074 0.590104 0.371296 0.590104 0.370370 0.591146 0.368519 0.591146 0.367593 0.592187 0.365741 0.592187 0.364815 0.593229 0.362963 0.593229 0.362037 0.594271 0.360185 0.594271 0.359259 0.595833 0.356481 0.595833 0.355556 0.596875 0.353704 0.596875 0.352778 0.597917 0.350926 0.597917 0.350000 0.598958 0.348148 0.598958 0.347222 0.600000 0.345370 0.600000 0.344444 0.601562 0.341667 0.601562 0.340741 0.602604 0.338889 0.602604 0.337963 0.603646 0.336111 0.603646 0.335185 0.604688 0.333333 0.604688 0.332407 0.605729 0.330556 0.605729 0.329630 0.607292 0.326852 0.607292 0.325000 0.603646 0.318519
0 0.665365 0.401852 0.082812 0.146296 0.675521 0.328704 0.674479 0.330556 0.673958 0.330556 0.673438 0.331481 0.673438 0.334259 0.672917 0.335185 0.672917 0.337037 0.672396 0.337963 0.672396 0.340741 0.671875 0.341667 0.671875 0.343519 0.671354 0.344444 0.671354 0.346296 0.670833 0.347222 0.670833 0.350000 0.670312 0.350926 0.670312 0.352778 0.669792 0.353704 0.669792 0.355556 0.669271 0.356481 0.669271 0.359259 0.668750 0.360185 0.668750 0.362037 0.668229 0.362963 0.668229 0.364815 0.667708 0.365741 0.667708 0.368519 0.667188 0.369444 0.667188 0.371296 0.666667 0.372222 0.666667 0.375000 0.666146 0.375926 0.666146 0.377778 0.665625 0.378704 0.665625 0.380556 0.665104 0.381481 0.665104 0.384259 0.664583 0.385185 0.664583 0.387037 0.664062 0.387963 0.664062 0.389815 0.663542 0.390741 0.663542 0.393519 0.663021 0.394444 0.663021 0.396296 0.662500 0.397222 0.662500 0.399074 0.657292 0.408333 0.656771 0.408333 0.653125 0.414815 0.652604 0.414815 0.649479 0.420370 0.648958 0.420370 0.645833 0.425926 0.645312 0.425926 0.641667 0.432407 0.641146 0.432407 0.638021 0.437963 0.637500 0.437963 0.634375 0.443519 0.633854 0.443519 0.630208 0.450000 0.629687 0.450000 0.626563 0.455556 0.626042 0.455556 0.625521 0.456481 0.625521 0.457407 0.625000 0.458333 0.625000 0.459259 0.624479 0.460185 0.624479 0.462037 0.623958 0.462963 0.623958 0.463889 0.624479 0.464815 0.624479 0.465741 0.625521 0.467593 0.627083 0.467593 0.627604 0.466667 0.628125 0.466667 0.629687 0.463889 0.630208 0.463889 0.633333 0.458333 0.633854 0.458333 0.636979 0.452778 0.637500 0.452778 0.640104 0.448148 0.640625 0.448148 0.643229 0.443519 0.643750 0.443519 0.646354 0.438889 0.646875 0.438889 0.648958 0.435185 0.649479 0.435185 0.651563 0.431481 0.652083 0.431481 0.653646 0.428704 0.654167 0.428704 0.655729 0.425926 0.656250 0.425926 0.657292 0.424074 0.657813 0.424074 0.658854 0.422222 0.659375 0.422222 0.659896 0.421296 0.660417 0.421296 0.660937 0.420370 0.661979 0.420370 0.662500 0.419444 0.666146 0.419444 0.666667 0.420370 0.667188 0.420370 0.667708 0.421296 0.668229 0.421296 0.669271 0.423148 0.669792 0.423148 0.672396 0.427778 0.672917 0.427778 0.686458 0.451852 0.686458 0.452778 0.693750 0.465741 0.693750 0.466667 0.697396 0.473148 0.697917 0.473148 0.698958 0.475000 0.701562 0.475000 0.702083 0.474074 0.702083 0.473148 0.702604 0.472222 0.702604 0.464815 0.703125 0.463889 0.703125 0.454630 0.703646 0.453704 0.703646 0.444444 0.704167 0.443519 0.704167 0.434259 0.704688 0.433333 0.704688 0.423148 0.705208 0.422222 0.705208 0.412963 0.705729 0.412037 0.705729 0.402778 0.706250 0.401852 0.706250 0.391667 0.706771 0.390741 0.706771 0.385185 0.705729 0.383333 0.705729 0.382407 0.702083 0.375926 0.702083 0.375000 0.695833 0.363889 0.695833 0.362963 0.689063 0.350926 0.689063 0.350000 0.682813 0.338889 0.682813 0.337963 0.677604 0.328704