0 0.308333 0.527778 0.073958 0.068519 0.276562 0.493519 0.276042 0.494444 0.275521 0.494444 0.275000 0.495370 0.274479 0.495370 0.273958 0.496296 0.273438 0.496296 0.272917 0.497222 0.272396 0.497222 0.271354 0.499074 0.271354 0.501852 0.271875 0.502778 0.271875 0.503704 0.275000 0.509259 0.275000 0.510185 0.286458 0.530556 0.286458 0.531481 0.298438 0.552778 0.298438 0.553704 0.298958 0.554630 0.299479 0.554630 0.303646 0.562037 0.308854 0.562037 0.309896 0.560185 0.310417 0.560185 0.311458 0.558333 0.311979 0.558333 0.313021 0.556481 0.313542 0.556481 0.314583 0.554630 0.315104 0.554630 0.315625 0.553704 0.316146 0.553704 0.317188 0.551852 0.317708 0.551852 0.318750 0.550000 0.319271 0.550000 0.320312 0.548148 0.320833 0.548148 0.321875 0.546296 0.322396 0.546296 0.323437 0.544444 0.323958 0.544444 0.324479 0.543519 0.325000 0.543519 0.326042 0.541667 0.326562 0.541667 0.327604 0.539815 0.328125 0.539815 0.329167 0.537963 0.329688 0.537963 0.330729 0.536111 0.331250 0.536111 0.331771 0.535185 0.332292 0.535185 0.333333 0.533333 0.333854 0.533333 0.334896 0.531481 0.335417 0.531481 0.336458 0.529630 0.336979 0.529630 0.338021 0.527778 0.338542 0.527778 0.339583 0.525926 0.340104 0.525926 0.340625 0.525000 0.341146 0.525000 0.342187 0.523148 0.342708 0.523148 0.343750 0.521296 0.344271 0.521296 0.345313 0.519444 0.345313 0.518519 0.344792 0.517593 0.344792 0.516667 0.343750 0.514815 0.343750 0.513889 0.342708 0.512037 0.342708 0.511111 0.342187 0.510185 0.342187 0.509259 0.341146 0.507407 0.341146 0.506481 0.340625 0.505556 0.340625 0.504630 0.339583 0.502778 0.339583 0.501852 0.339062 0.500926 0.339062 0.500000 0.336979 0.500000 0.336458 0.500926 0.335938 0.500926 0.334896 0.502778 0.334375 0.502778 0.333333 0.504630 0.332813 0.504630 0.329167 0.511111 0.328646 0.511111 0.328125 0.512037 0.327604 0.512037 0.327083 0.512963 0.326562 0.512963 0.326042 0.513889 0.325521 0.513889 0.324479 0.515741 0.323958 0.515741 0.323437 0.516667 0.322917 0.516667 0.322396 0.517593 0.321875 0.517593 0.321354 0.518519 0.320833 0.518519 0.319792 0.520370 0.319271 0.520370 0.318750 0.521296 0.318229 0.521296 0.317708 0.522222 0.317188 0.522222 0.316667 0.523148 0.316146 0.523148 0.315104 0.525000 0.314583 0.525000 0.314063 0.525926 0.313542 0.525926 0.313021 0.526852 0.312500 0.526852 0.311979 0.527778 0.311458 0.527778 0.310417 0.529630 0.309896 0.529630 0.309375 0.530556 0.308854 0.530556 0.308333 0.531481 0.307812 0.531481 0.307292 0.532407 0.306771 0.532407 0.305729 0.534259 0.305208 0.534259 0.304688 0.535185 0.304167 0.535185 0.303646 0.536111 0.303125 0.536111 0.302604 0.537037 0.301563 0.537037 0.300000 0.534259 0.300000 0.530556 0.300521 0.529630 0.300521 0.528704 0.300000 0.528704 0.299479 0.529630 0.297396 0.529630 0.296875 0.528704 0.296354 0.528704 0.294271 0.525000 0.294271 0.524074 0.287500 0.512037 0.287500 0.511111 0.277604 0.493519
0 0.304688 0.492593 0.080208 0.074074 0.342187 0.455556 0.341667 0.456481 0.341146 0.456481 0.340625 0.457407 0.340104 0.457407 0.339583 0.458333 0.338542 0.458333 0.338021 0.459259 0.337500 0.459259 0.336979 0.460185 0.336458 0.460185 0.335938 0.461111 0.335417 0.461111 0.334896 0.462037 0.334375 0.462037 0.333854 0.462963 0.333333 0.462963 0.332813 0.463889 0.332292 0.463889 0.331771 0.464815 0.331250 0.464815 0.330729 0.465741 0.330208 0.465741 0.329688 0.466667 0.329167 0.466667 0.328646 0.467593 0.328125 0.467593 0.327604 0.468519 0.327083 0.468519 0.326042 0.470370 0.325521 0.470370 0.320833 0.478704 0.320833 0.479630 0.312500 0.494444 0.311979 0.494444 0.311458 0.495370 0.310937 0.495370 0.310417 0.496296 0.308854 0.496296 0.307292 0.493519 0.307292 0.492593 0.306771 0.492593 0.306250 0.493519 0.305729 0.493519 0.305208 0.494444 0.304688 0.494444 0.304167 0.495370 0.303646 0.495370 0.303125 0.496296 0.302604 0.496296 0.302083 0.497222 0.301563 0.497222 0.301042 0.498148 0.300521 0.498148 0.300000 0.499074 0.299479 0.499074 0.298958 0.500000 0.298438 0.500000 0.297917 0.500926 0.297396 0.500926 0.296875 0.501852 0.296354 0.501852 0.295833 0.502778 0.295312 0.502778 0.294792 0.503704 0.294271 0.503704 0.293750 0.504630 0.293229 0.504630 0.292708 0.505556 0.292187 0.505556 0.291667 0.506481 0.291146 0.506481 0.290625 0.507407 0.290104 0.507407 0.289583 0.508333 0.288542 0.508333 0.279687 0.492593 0.279687 0.491667 0.272917 0.479630 0.272917 0.478704 0.266667 0.467593 0.266667 0.466667 0.265104 0.463889 0.264583 0.463889 0.264583 0.466667 0.265625 0.468519 0.265625 0.469444 0.269271 0.475926 0.269271 0.476852 0.275521 0.487963 0.275521 0.488889 0.281771 0.500000 0.281771 0.500926 0.288021 0.512037 0.288021 0.512963 0.294792 0.525000 0.294792 0.525926 0.295833 0.527778 0.296354 0.527778 0.297396 0.529630 0.299479 0.529630 0.300521 0.527778 0.301042 0.527778 0.302604 0.525000 0.302604 0.524074 0.330729 0.474074 0.331250 0.474074 0.331771 0.473148 0.332292 0.473148 0.332813 0.472222 0.333333 0.472222 0.333854 0.471296 0.333854 0.469444 0.334375 0.468519 0.334375 0.467593 0.334896 0.466667 0.335417 0.466667 0.335938 0.465741 0.336458 0.465741 0.336979 0.464815 0.337500 0.464815 0.338021 0.463889 0.338542 0.463889 0.339062 0.462963 0.339583 0.462963 0.340104 0.462037 0.340625 0.462037 0.341146 0.461111 0.341667 0.461111 0.342187 0.460185 0.342708 0.460185 0.343229 0.459259 0.343750 0.459259 0.344271 0.458333 0.344792 0.458333 0.344792 0.457407 0.343750 0.455556
0 0.298698 0.466667 0.088021 0.081481 0.341667 0.425926 0.341146 0.426852 0.340104 0.426852 0.339583 0.427778 0.339062 0.427778 0.338542 0.428704 0.338021 0.428704 0.337500 0.429630 0.336979 0.429630 0.336458 0.430556 0.335417 0.430556 0.334896 0.431481 0.334375 0.431481 0.333854 0.432407 0.333333 0.432407 0.332813 0.433333 0.332292 0.433333 0.331771 0.434259 0.330729 0.434259 0.330208 0.435185 0.329688 0.435185 0.329167 0.436111 0.328646 0.436111 0.328125 0.437037 0.327604 0.437037 0.327083 0.437963 0.326042 0.437963 0.325521 0.438889 0.325000 0.438889 0.324479 0.439815 0.323958 0.439815 0.323437 0.440741 0.322917 0.440741 0.322396 0.441667 0.321875 0.441667 0.321354 0.442593 0.320312 0.442593 0.319792 0.443519 0.319271 0.443519 0.318750 0.444444 0.318229 0.444444 0.317188 0.446296 0.316667 0.446296 0.314583 0.450000 0.314583 0.450926 0.307292 0.463889 0.306771 0.463889 0.306250 0.464815 0.305729 0.464815 0.305208 0.465741 0.304688 0.465741 0.304167 0.466667 0.303646 0.466667 0.303125 0.467593 0.302604 0.467593 0.302083 0.468519 0.301563 0.468519 0.301042 0.469444 0.300000 0.469444 0.299479 0.470370 0.298958 0.470370 0.298438 0.471296 0.297917 0.471296 0.297396 0.472222 0.296875 0.472222 0.296354 0.473148 0.295833 0.473148 0.295312 0.474074 0.294792 0.474074 0.294271 0.475000 0.293229 0.475000 0.292708 0.475926 0.292187 0.475926 0.291667 0.476852 0.291146 0.476852 0.290625 0.477778 0.289062 0.477778 0.288542 0.476852 0.288021 0.476852 0.283854 0.469444 0.283854 0.468519 0.276562 0.455556 0.276562 0.454630 0.269271 0.441667 0.269271 0.440741 0.264583 0.432407 0.264062 0.433333 0.263021 0.433333 0.262500 0.434259 0.261979 0.434259 0.261458 0.435185 0.260417 0.435185 0.259896 0.436111 0.258854 0.436111 0.258333 0.437037 0.257812 0.437037 0.257292 0.437963 0.256250 0.437963 0.255208 0.439815 0.255208 0.440741 0.254688 0.441667 0.255208 0.442593 0.255208 0.443519 0.256250 0.445370 0.256250 0.446296 0.260417 0.453704 0.260417 0.454630 0.267188 0.466667 0.267188 0.467593 0.273438 0.478704 0.273438 0.479630 0.280208 0.491667 0.280208 0.492593 0.288542 0.507407 0.289583 0.507407 0.290104 0.506481 0.290625 0.506481 0.291146 0.505556 0.291667 0.505556 0.292187 0.504630 0.292708 0.504630 0.293229 0.503704 0.293750 0.503704 0.294271 0.502778 0.294792 0.502778 0.295312 0.501852 0.295833 0.501852 0.296354 0.500926 0.296875 0.500926 0.297396 0.500000 0.297917 0.500000 0.298438 0.499074 0.298958 0.499074 0.299479 0.498148 0.300000 0.498148 0.300521 0.497222 0.301042 0.497222 0.301563 0.496296 0.302083 0.496296 0.302604 0.495370 0.303125 0.495370 0.303646 0.494444 0.304167 0.494444 0.304688 0.493519 0.305208 0.493519 0.305729 0.492593 0.306250 0.492593 0.306771 0.491667 0.306771 0.490741 0.307292 0.489815 0.307292 0.488889 0.315625 0.474074 0.315625 0.473148 0.334375 0.439815 0.334375 0.438889 0.334896 0.437963 0.335417 0.437963 0.338021 0.433333 0.338542 0.433333 0.339062 0.432407 0.339062 0.429630 0.340104 0.427778 0.340625 0.427778 0.341146 0.426852 0.341667 0.426852 0.342187 0.425926 0.342708 0.425926
0 0.294010 0.440741 0.076563 0.072222 0.331250 0.404630 0.330729 0.405556 0.330208 0.405556 0.329688 0.406481 0.328646 0.406481 0.328125 0.407407 0.327604 0.407407 0.327083 0.408333 0.326042 0.408333 0.325521 0.409259 0.325000 0.409259 0.324479 0.410185 0.323437 0.410185 0.322917 0.411111 0.322396 0.411111 0.321875 0.412037 0.320833 0.412037 0.320312 0.412963 0.319792 0.412963 0.319271 0.413889 0.318750 0.413889 0.318229 0.414815 0.317708 0.414815 0.309896 0.428704 0.309896 0.429630 0.305729 0.437037 0.305208 0.437037 0.304688 0.437963 0.304167 0.437963 0.303646 0.438889 0.302604 0.438889 0.302083 0.439815 0.301563 0.439815 0.301042 0.440741 0.300521 0.440741 0.300000 0.441667 0.298958 0.441667 0.298438 0.442593 0.297917 0.442593 0.297396 0.443519 0.296875 0.443519 0.296354 0.444444 0.295312 0.444444 0.294792 0.445370 0.294271 0.445370 0.293750 0.446296 0.293229 0.446296 0.292708 0.447222 0.291667 0.447222 0.291146 0.448148 0.290625 0.448148 0.290104 0.449074 0.289583 0.449074 0.289062 0.450000 0.288021 0.450000 0.287500 0.450926 0.286979 0.450926 0.286458 0.451852 0.285417 0.451852 0.284896 0.452778 0.284375 0.452778 0.283854 0.453704 0.283333 0.453704 0.282813 0.454630 0.281250 0.454630 0.270313 0.435185 0.270313 0.434259 0.261458 0.418519 0.261458 0.417593 0.256771 0.409259 0.256250 0.409259 0.255729 0.410185 0.255729 0.413889 0.257292 0.416667 0.257292 0.417593 0.263021 0.427778 0.263021 0.428704 0.269792 0.440741 0.269792 0.441667 0.277083 0.454630 0.277083 0.455556 0.284375 0.468519 0.284375 0.469444 0.288021 0.475926 0.288542 0.475926 0.289062 0.476852 0.290625 0.476852 0.291146 0.475926 0.291667 0.475926 0.292187 0.475000 0.292708 0.475000 0.293229 0.474074 0.294271 0.474074 0.294792 0.473148 0.295312 0.473148 0.295833 0.472222 0.296354 0.472222 0.296875 0.471296 0.297396 0.471296 0.297917 0.470370 0.298438 0.470370 0.298958 0.469444 0.299479 0.469444 0.300000 0.468519 0.301042 0.468519 0.301563 0.467593 0.302083 0.467593 0.302604 0.466667 0.303125 0.466667 0.303646 0.465741 0.304167 0.465741 0.304688 0.464815 0.305208 0.464815 0.305729 0.463889 0.306250 0.463889 0.305208 0.462037 0.305208 0.461111 0.304688 0.460185 0.304688 0.459259 0.305208 0.458333 0.305208 0.457407 0.306250 0.455556 0.306250 0.454630 0.314583 0.439815 0.314583 0.438889 0.326042 0.418519 0.326042 0.417593 0.332292 0.406481 0.332292 0.404630
0 0.296354 0.395370 0.097917 0.116667 0.334896 0.337037 0.334375 0.337963 0.333333 0.337963 0.332813 0.338889 0.331250 0.338889 0.330729 0.339815 0.329688 0.339815 0.329167 0.340741 0.328125 0.340741 0.327604 0.341667 0.326562 0.341667 0.326042 0.342593 0.325000 0.342593 0.324479 0.343519 0.322917 0.343519 0.322396 0.344444 0.321354 0.344444 0.320833 0.345370 0.319792 0.345370 0.319271 0.346296 0.318229 0.346296 0.317708 0.347222 0.316667 0.347222 0.316146 0.348148 0.315104 0.348148 0.314583 0.349074 0.313021 0.349074 0.312500 0.350000 0.311458 0.350000 0.310937 0.350926 0.309896 0.350926 0.309375 0.351852 0.308333 0.351852 0.307812 0.352778 0.306771 0.352778 0.306250 0.353704 0.304688 0.353704 0.304167 0.354630 0.303125 0.354630 0.302604 0.355556 0.301563 0.355556 0.301042 0.356481 0.300000 0.356481 0.299479 0.357407 0.298438 0.357407 0.297917 0.358333 0.296354 0.358333 0.295833 0.359259 0.294792 0.359259 0.294271 0.360185 0.293229 0.360185 0.292708 0.361111 0.291667 0.361111 0.291146 0.362037 0.290104 0.362037 0.289583 0.362963 0.288542 0.362963 0.288021 0.363889 0.286458 0.363889 0.285938 0.364815 0.284896 0.364815 0.284375 0.365741 0.283333 0.365741 0.282813 0.366667 0.281771 0.366667 0.281250 0.367593 0.280208 0.367593 0.279687 0.368519 0.278125 0.368519 0.277604 0.369444 0.276562 0.369444 0.276042 0.370370 0.275000 0.370370 0.274479 0.371296 0.273438 0.371296 0.272917 0.372222 0.271875 0.372222 0.271354 0.373148 0.269792 0.373148 0.269271 0.374074 0.268229 0.374074 0.267708 0.375000 0.266667 0.375000 0.266146 0.375926 0.265104 0.375926 0.264583 0.376852 0.263542 0.376852 0.263021 0.377778 0.261979 0.377778 0.261458 0.378704 0.259896 0.378704 0.259375 0.379630 0.258333 0.379630 0.257812 0.380556 0.256771 0.380556 0.256250 0.381481 0.255208 0.381481 0.254688 0.382407 0.253646 0.382407 0.253125 0.383333 0.251563 0.383333 0.251042 0.384259 0.250000 0.384259 0.249479 0.385185 0.248438 0.385185 0.247396 0.387037 0.247396 0.389815 0.248438 0.391667 0.248438 0.392593 0.253646 0.401852 0.253646 0.402778 0.261979 0.417593 0.261979 0.418519 0.270833 0.434259 0.270833 0.435185 0.281250 0.453704 0.282813 0.453704 0.283333 0.452778 0.283854 0.452778 0.284375 0.451852 0.284896 0.451852 0.285417 0.450926 0.286458 0.450926 0.286979 0.450000 0.287500 0.450000 0.288021 0.449074 0.289062 0.449074 0.289583 0.448148 0.290104 0.448148 0.290625 0.447222 0.291146 0.447222 0.291667 0.446296 0.292708 0.446296 0.293229 0.445370 0.293750 0.445370 0.294271 0.444444 0.294792 0.444444 0.295312 0.443519 0.296354 0.443519 0.296875 0.442593 0.297396 0.442593 0.297917 0.441667 0.298438 0.441667 0.298958 0.440741 0.300000 0.440741 0.300521 0.439815 0.301042 0.439815 0.301563 0.438889 0.302083 0.438889 0.302604 0.437963 0.303646 0.437963 0.304167 0.437037 0.304688 0.437037 0.305208 0.436111 0.305729 0.436111 0.309375 0.429630 0.308333 0.429630 0.306250 0.425926 0.306250 0.422222 0.309375 0.416667 0.309375 0.415741 0.317188 0.401852 0.317188 0.400926 0.326042 0.385185 0.326042 0.384259 0.337500 0.363889 0.338542 0.363889 0.338021 0.362963 0.338021 0.362037 0.338542 0.361111 0.338542 0.360185 0.339583 0.358333 0.340625 0.358333 0.341146 0.357407 0.342187 0.357407 0.342708 0.356481 0.343750 0.356481 0.344271 0.355556 0.344792 0.355556 0.345313 0.354630 0.340625 0.346296 0.340625 0.345370 0.336979 0.338889 0.336458 0.338889 0.335417 0.337037
0 0.402865 0.372685 0.128646 0.113889 0.410417 0.315741 0.409896 0.316667 0.408854 0.316667 0.408333 0.317593 0.407292 0.317593 0.406771 0.318519 0.405729 0.318519 0.405208 0.319444 0.404167 0.319444 0.403646 0.320370 0.402604 0.320370 0.402083 0.321296 0.401042 0.321296 0.400521 0.322222 0.400000 0.322222 0.399479 0.323148 0.398438 0.323148 0.397917 0.324074 0.396875 0.324074 0.396354 0.325000 0.395313 0.325000 0.394792 0.325926 0.393750 0.325926 0.393229 0.326852 0.392188 0.326852 0.391667 0.327778 0.390625 0.327778 0.390104 0.328704 0.389062 0.328704 0.388542 0.329630 0.387500 0.329630 0.386979 0.330556 0.386458 0.330556 0.385937 0.331481 0.384896 0.331481 0.384375 0.332407 0.383333 0.332407 0.382812 0.333333 0.381771 0.333333 0.381250 0.334259 0.380208 0.334259 0.379688 0.335185 0.378646 0.335185 0.378125 0.336111 0.377083 0.336111 0.376563 0.337037 0.375521 0.337037 0.375000 0.337963 0.373958 0.337963 0.373437 0.338889 0.372396 0.338889 0.371875 0.339815 0.371354 0.339815 0.370833 0.340741 0.369792 0.340741 0.369271 0.341667 0.368229 0.341667 0.367708 0.342593 0.366667 0.342593 0.366146 0.343519 0.365104 0.343519 0.364583 0.344444 0.363542 0.344444 0.363021 0.345370 0.361979 0.345370 0.361458 0.346296 0.360417 0.346296 0.359896 0.347222 0.358854 0.347222 0.358333 0.348148 0.357812 0.348148 0.357292 0.349074 0.356250 0.349074 0.355729 0.350000 0.354687 0.350000 0.354167 0.350926 0.353125 0.350926 0.352604 0.351852 0.351562 0.351852 0.351042 0.352778 0.350000 0.352778 0.349479 0.353704 0.348438 0.353704 0.347917 0.354630 0.346875 0.354630 0.346354 0.355556 0.345313 0.355556 0.344792 0.356481 0.344271 0.356481 0.343750 0.357407 0.342708 0.357407 0.342187 0.358333 0.341146 0.358333 0.340625 0.359259 0.339583 0.359259 0.339062 0.360185 0.339062 0.361111 0.338542 0.362037 0.338542 0.362963 0.339062 0.363889 0.339062 0.364815 0.340104 0.366667 0.340104 0.367593 0.344792 0.375926 0.344792 0.376852 0.352083 0.389815 0.352083 0.390741 0.358854 0.402778 0.358854 0.403704 0.365625 0.415741 0.365625 0.416667 0.372396 0.428704 0.372917 0.428704 0.373437 0.429630 0.373958 0.429630 0.374479 0.428704 0.375000 0.428704 0.375521 0.427778 0.376042 0.427778 0.376563 0.426852 0.377083 0.426852 0.377604 0.425926 0.378125 0.425926 0.378646 0.425000 0.379167 0.425000 0.379688 0.424074 0.380208 0.424074 0.380729 0.423148 0.381250 0.423148 0.409896 0.372222 0.410417 0.372222 0.410938 0.371296 0.411458 0.371296 0.410938 0.370370 0.410938 0.369444 0.409896 0.367593 0.409896 0.364815 0.410417 0.363889 0.410417 0.362963 0.410938 0.362037 0.411458 0.362037 0.411979 0.361111 0.413021 0.361111 0.413542 0.360185 0.414062 0.360185 0.414583 0.359259 0.415104 0.359259 0.415625 0.358333 0.416667 0.358333 0.417187 0.357407 0.417708 0.357407 0.418229 0.356481 0.418750 0.356481 0.419271 0.355556 0.420312 0.355556 0.420833 0.354630 0.421354 0.354630 0.421875 0.353704 0.422396 0.353704 0.422917 0.352778 0.423958 0.352778 0.424479 0.351852 0.425000 0.351852 0.425521 0.350926 0.426042 0.350926 0.426563 0.350000 0.427604 0.350000 0.428125 0.349074 0.428646 0.349074 0.429167 0.348148 0.429688 0.348148 0.430208 0.347222 0.431250 0.347222 0.431771 0.346296 0.432292 0.346296 0.432812 0.345370 0.433333 0.345370 0.433854 0.344444 0.434896 0.344444 0.435417 0.343519 0.435937 0.343519 0.436458 0.342593 0.436979 0.342593 0.437500 0.341667 0.438542 0.341667 0.439063 0.340741 0.439583 0.340741 0.440104 0.339815 0.440625 0.339815 0.441146 0.338889 0.442188 0.338889 0.442708 0.337963 0.443229 0.337963 0.443750 0.337037 0.444271 0.337037 0.444792 0.336111 0.445833 0.336111 0.446354 0.335185 0.446875 0.335185 0.447396 0.334259 0.447917 0.334259 0.448437 0.333333 0.449479 0.333333 0.450000 0.332407 0.450521 0.332407 0.451042 0.331481 0.451562 0.331481 0.452083 0.330556 0.453125 0.330556 0.453646 0.329630 0.454167 0.329630 0.454688 0.328704 0.455208 0.328704 0.455729 0.327778 0.456771 0.327778 0.457292 0.326852 0.457813 0.326852 0.458333 0.325926 0.458854 0.325926 0.459375 0.325000 0.460417 0.325000 0.460938 0.324074 0.461458 0.324074 0.461979 0.323148 0.462500 0.323148 0.463021 0.322222 0.464062 0.322222 0.464583 0.321296 0.465104 0.321296 0.465625 0.320370 0.466146 0.320370 0.466667 0.319444 0.467187 0.319444 0.466667 0.319444 0.466146 0.318519 0.464583 0.318519 0.464062 0.319444 0.463542 0.319444 0.463021 0.320370 0.462500 0.320370 0.461979 0.321296 0.460938 0.321296 0.460417 0.322222 0.459896 0.322222 0.459375 0.323148 0.458854 0.323148 0.458333 0.324074 0.457292 0.324074 0.456771 0.325000 0.456250 0.325000 0.455729 0.325926 0.454688 0.325926 0.454167 0.326852 0.453646 0.326852 0.453125 0.327778 0.452604 0.327778 0.452083 0.328704 0.451042 0.328704 0.450521 0.329630 0.450000 0.329630 0.449479 0.330556 0.448958 0.330556 0.448437 0.331481 0.447396 0.331481 0.446875 0.332407 0.446354 0.332407 0.445833 0.333333 0.444792 0.333333 0.444271 0.334259 0.443750 0.334259 0.443229 0.335185 0.442708 0.335185 0.442188 0.336111 0.441146 0.336111 0.440625 0.337037 0.440104 0.337037 0.439583 0.337963 0.439063 0.337963 0.438542 0.338889 0.437500 0.338889 0.436979 0.339815 0.436458 0.339815 0.435937 0.340741 0.434896 0.340741 0.434375 0.341667 0.433854 0.341667 0.433333 0.342593 0.432812 0.342593 0.432292 0.343519 0.431250 0.343519 0.430729 0.344444 0.430208 0.344444 0.429688 0.345370 0.429167 0.345370 0.419792 0.328704 0.419792 0.327778 0.413021 0.315741
0 0.469792 0.375926 0.118750 0.116667 0.470313 0.317593 0.469792 0.318519 0.469271 0.318519 0.468750 0.319444 0.468229 0.319444 0.467708 0.320370 0.466667 0.320370 0.466146 0.321296 0.465625 0.321296 0.465104 0.322222 0.464583 0.322222 0.464062 0.323148 0.463021 0.323148 0.462500 0.324074 0.461979 0.324074 0.461458 0.325000 0.460938 0.325000 0.460417 0.325926 0.459375 0.325926 0.458854 0.326852 0.458333 0.326852 0.457813 0.327778 0.457292 0.327778 0.456771 0.328704 0.455729 0.328704 0.455208 0.329630 0.454688 0.329630 0.454167 0.330556 0.453646 0.330556 0.453125 0.331481 0.452083 0.331481 0.451562 0.332407 0.451042 0.332407 0.450521 0.333333 0.450000 0.333333 0.449479 0.334259 0.448437 0.334259 0.447917 0.335185 0.447396 0.335185 0.446875 0.336111 0.446354 0.336111 0.445833 0.337037 0.444792 0.337037 0.444271 0.337963 0.443750 0.337963 0.443229 0.338889 0.442708 0.338889 0.442188 0.339815 0.441146 0.339815 0.440625 0.340741 0.440104 0.340741 0.439583 0.341667 0.439063 0.341667 0.438542 0.342593 0.437500 0.342593 0.436979 0.343519 0.436458 0.343519 0.435937 0.344444 0.435417 0.344444 0.434896 0.345370 0.433854 0.345370 0.433333 0.346296 0.432812 0.346296 0.432292 0.347222 0.431771 0.347222 0.431250 0.348148 0.430208 0.348148 0.429688 0.349074 0.429167 0.349074 0.428646 0.350000 0.428125 0.350000 0.427604 0.350926 0.426563 0.350926 0.426042 0.351852 0.425521 0.351852 0.425000 0.352778 0.424479 0.352778 0.423958 0.353704 0.422917 0.353704 0.422396 0.354630 0.421875 0.354630 0.421354 0.355556 0.420833 0.355556 0.420312 0.356481 0.419271 0.356481 0.418750 0.357407 0.418229 0.357407 0.417708 0.358333 0.417187 0.358333 0.416667 0.359259 0.415625 0.359259 0.415104 0.360185 0.414583 0.360185 0.414062 0.361111 0.413542 0.361111 0.413021 0.362037 0.411979 0.362037 0.411458 0.362963 0.410938 0.362963 0.410938 0.363889 0.410417 0.364815 0.410417 0.367593 0.411458 0.369444 0.411458 0.370370 0.415104 0.376852 0.415104 0.377778 0.422396 0.390741 0.422396 0.391667 0.429688 0.404630 0.429688 0.405556 0.436979 0.418519 0.436979 0.419444 0.445312 0.434259 0.446875 0.434259 0.447396 0.433333 0.447917 0.433333 0.448958 0.431481 0.449479 0.431481 0.450000 0.430556 0.450521 0.430556 0.451562 0.428704 0.452083 0.428704 0.453125 0.426852 0.453646 0.426852 0.469792 0.398148 0.470313 0.398148 0.482812 0.375926 0.483333 0.375926 0.484375 0.374074 0.484896 0.374074 0.485417 0.373148 0.485938 0.373148 0.486458 0.372222 0.486979 0.372222 0.488021 0.370370 0.488542 0.370370 0.489063 0.369444 0.489583 0.369444 0.490625 0.367593 0.491146 0.367593 0.491667 0.366667 0.492188 0.366667 0.492708 0.365741 0.493229 0.365741 0.494271 0.363889 0.494792 0.363889 0.495312 0.362963 0.495833 0.362963 0.496354 0.362037 0.496875 0.362037 0.497917 0.360185 0.498437 0.360185 0.498958 0.359259 0.499479 0.359259 0.500521 0.357407 0.501042 0.357407 0.501563 0.356481 0.502083 0.356481 0.502604 0.355556 0.503125 0.355556 0.504167 0.353704 0.504687 0.353704 0.505208 0.352778 0.505729 0.352778 0.506771 0.350926 0.507292 0.350926 0.507812 0.350000 0.508333 0.350000 0.508854 0.349074 0.509375 0.349074 0.510417 0.347222 0.510938 0.347222 0.511458 0.346296 0.511979 0.346296 0.513021 0.344444 0.513542 0.344444 0.514062 0.343519 0.514583 0.343519 0.515104 0.342593 0.515625 0.342593 0.516667 0.340741 0.517188 0.340741 0.517708 0.339815 0.518229 0.339815 0.519271 0.337963 0.519792 0.337963 0.520312 0.337037 0.520833 0.337037 0.521354 0.336111 0.521875 0.336111 0.522917 0.334259 0.523438 0.334259 0.523958 0.333333 0.524479 0.333333 0.525521 0.331481 0.526042 0.331481 0.528125 0.327778 0.528125 0.326852 0.529167 0.325000 0.529167 0.322222 0.528125 0.320370 0.526563 0.320370 0.526042 0.321296 0.525521 0.321296 0.524479 0.323148 0.523958 0.323148 0.523438 0.324074 0.522917 0.324074 0.522396 0.325000 0.521875 0.325000 0.521354 0.325926 0.520833 0.325926 0.519792 0.327778 0.519271 0.327778 0.518750 0.328704 0.518229 0.328704 0.517708 0.329630 0.517188 0.329630 0.516667 0.330556 0.516146 0.330556 0.515104 0.332407 0.514583 0.332407 0.514062 0.333333 0.513542 0.333333 0.513021 0.334259 0.512500 0.334259 0.511979 0.335185 0.511458 0.335185 0.510417 0.337037 0.509896 0.337037 0.509375 0.337963 0.508854 0.337963 0.508333 0.338889 0.507812 0.338889 0.507292 0.339815 0.506771 0.339815 0.506250 0.340741 0.505729 0.340741 0.504687 0.342593 0.504167 0.342593 0.503646 0.343519 0.503125 0.343519 0.502604 0.344444 0.502083 0.344444 0.501563 0.345370 0.501042 0.345370 0.500000 0.347222 0.499479 0.347222 0.498958 0.348148 0.498437 0.348148 0.497917 0.349074 0.497396 0.349074 0.496875 0.350000 0.496354 0.350000 0.495312 0.351852 0.494792 0.351852 0.494271 0.352778 0.493750 0.352778 0.493229 0.353704 0.492708 0.353704 0.478125 0.327778 0.478125 0.326852 0.473438 0.318519 0.472917 0.318519 0.472396 0.317593
0 0.542969 0.391667 0.108854 0.125926 0.535937 0.328704 0.535417 0.329630 0.534896 0.329630 0.533854 0.331481 0.533333 0.331481 0.532813 0.332407 0.532292 0.332407 0.531250 0.334259 0.530729 0.334259 0.529687 0.336111 0.529167 0.336111 0.528646 0.337037 0.528125 0.337037 0.527083 0.338889 0.526563 0.338889 0.526042 0.339815 0.525521 0.339815 0.524479 0.341667 0.523958 0.341667 0.522917 0.343519 0.522396 0.343519 0.521875 0.344444 0.521354 0.344444 0.520312 0.346296 0.519792 0.346296 0.519271 0.347222 0.518750 0.347222 0.517708 0.349074 0.517188 0.349074 0.516146 0.350926 0.515625 0.350926 0.515104 0.351852 0.514583 0.351852 0.513542 0.353704 0.513021 0.353704 0.511979 0.355556 0.511458 0.355556 0.510938 0.356481 0.510417 0.356481 0.509375 0.358333 0.508854 0.358333 0.508333 0.359259 0.507812 0.359259 0.506771 0.361111 0.506250 0.361111 0.505208 0.362963 0.504687 0.362963 0.504167 0.363889 0.503646 0.363889 0.502604 0.365741 0.502083 0.365741 0.501563 0.366667 0.501042 0.366667 0.500000 0.368519 0.499479 0.368519 0.498437 0.370370 0.497917 0.370370 0.497396 0.371296 0.496875 0.371296 0.495833 0.373148 0.495312 0.373148 0.494271 0.375000 0.493750 0.375000 0.493229 0.375926 0.492708 0.375926 0.491667 0.377778 0.491146 0.377778 0.490625 0.378704 0.490104 0.378704 0.488542 0.381481 0.488542 0.384259 0.489063 0.385185 0.489063 0.386111 0.490625 0.388889 0.490625 0.389815 0.496875 0.400926 0.496875 0.401852 0.504687 0.415741 0.504687 0.416667 0.511979 0.429630 0.511979 0.430556 0.519792 0.444444 0.519792 0.445370 0.523958 0.452778 0.524479 0.452778 0.525000 0.453704 0.525521 0.453704 0.526042 0.454630 0.526563 0.453704 0.527083 0.453704 0.527604 0.452778 0.528125 0.452778 0.531771 0.446296 0.532292 0.446296 0.539583 0.433333 0.540104 0.433333 0.547917 0.419444 0.548438 0.419444 0.556250 0.405556 0.556771 0.405556 0.564583 0.391667 0.565104 0.391667 0.572917 0.377778 0.573438 0.377778 0.581250 0.363889 0.581771 0.363889 0.589583 0.350000 0.590104 0.350000 0.597396 0.337037 0.597396 0.333333 0.596875 0.332407 0.596354 0.332407 0.595833 0.331481 0.595313 0.331481 0.594792 0.332407 0.594271 0.332407 0.590625 0.338889 0.590104 0.338889 0.585938 0.346296 0.585417 0.346296 0.580729 0.354630 0.580208 0.354630 0.576042 0.362037 0.575521 0.362037 0.571875 0.368519 0.571354 0.368519 0.569792 0.371296 0.569271 0.371296 0.568750 0.372222 0.568229 0.372222 0.567708 0.373148 0.566146 0.373148 0.565625 0.374074 0.565104 0.373148 0.564063 0.373148 0.563542 0.372222 0.563021 0.372222 0.562500 0.371296 0.561979 0.371296 0.560937 0.369444 0.560417 0.369444 0.543229 0.338889 0.543229 0.337963 0.538542 0.329630 0.538021 0.329630 0.537500 0.328704
0 0.630208 0.394444 0.092708 0.127778 0.613542 0.330556 0.605729 0.344444 0.605729 0.345370 0.591146 0.371296 0.591146 0.372222 0.584375 0.384259 0.584375 0.385185 0.583854 0.386111 0.583854 0.387037 0.584375 0.387963 0.584375 0.388889 0.585417 0.390741 0.585417 0.391667 0.590104 0.400000 0.590104 0.400926 0.597917 0.414815 0.597917 0.415741 0.605729 0.429630 0.605729 0.430556 0.613021 0.443519 0.613021 0.444444 0.620313 0.457407 0.620833 0.457407 0.621354 0.458333 0.622396 0.458333 0.622917 0.457407 0.623437 0.457407 0.625000 0.454630 0.625521 0.454630 0.628646 0.449074 0.629167 0.449074 0.633333 0.441667 0.633854 0.441667 0.638542 0.433333 0.639062 0.433333 0.643229 0.425926 0.643750 0.425926 0.647917 0.418519 0.648438 0.418519 0.652604 0.411111 0.653125 0.411111 0.657292 0.403704 0.657813 0.403704 0.663021 0.394444 0.663021 0.393519 0.663542 0.392593 0.663542 0.390741 0.664062 0.389815 0.664062 0.388889 0.664583 0.387963 0.664583 0.387037 0.665104 0.386111 0.665104 0.385185 0.665625 0.384259 0.665625 0.382407 0.666146 0.381481 0.666146 0.380556 0.666667 0.379630 0.666667 0.378704 0.667188 0.377778 0.667188 0.375926 0.667708 0.375000 0.667708 0.374074 0.668229 0.373148 0.668229 0.372222 0.668750 0.371296 0.668750 0.370370 0.669271 0.369444 0.669271 0.367593 0.669792 0.366667 0.669792 0.365741 0.670312 0.364815 0.670312 0.363889 0.670833 0.362963 0.670833 0.361111 0.671354 0.360185 0.671354 0.359259 0.671875 0.358333 0.671875 0.357407 0.672396 0.356481 0.672396 0.355556 0.672917 0.354630 0.672917 0.352778 0.673438 0.351852 0.673438 0.350926 0.673958 0.350000 0.673958 0.349074 0.674479 0.348148 0.674479 0.346296 0.675000 0.345370 0.675000 0.344444 0.675521 0.343519 0.675521 0.342593 0.676042 0.341667 0.676042 0.340741 0.676562 0.339815 0.676562 0.335185 0.676042 0.334259 0.675521 0.334259 0.675000 0.333333 0.674479 0.333333 0.673438 0.335185 0.672917 0.335185 0.669271 0.341667 0.668750 0.341667 0.664062 0.350000 0.663542 0.350000 0.659375 0.357407 0.658854 0.357407 0.656250 0.362037 0.655729 0.362037 0.653125 0.366667 0.652604 0.366667 0.651042 0.369444 0.650521 0.369444 0.648958 0.372222 0.648438 0.372222 0.647396 0.374074 0.646875 0.374074 0.646354 0.375000 0.645312 0.375000 0.644792 0.375926 0.642188 0.375926 0.641667 0.375000 0.641146 0.375000 0.640625 0.374074 0.640104 0.374074 0.638542 0.371296 0.638021 0.371296 0.621354 0.341667 0.621354 0.340741 0.616146 0.331481 0.615625 0.331481 0.615104 0.330556
0 0.377083 0.535185 0.075000 0.066667 0.339583 0.501852 0.340104 0.502778 0.340104 0.503704 0.341146 0.505556 0.341146 0.506481 0.341667 0.507407 0.341667 0.508333 0.342708 0.510185 0.342708 0.511111 0.343229 0.512037 0.343229 0.512963 0.344271 0.514815 0.344271 0.515741 0.345313 0.517593 0.345313 0.518519 0.345833 0.519444 0.345833 0.520370 0.346875 0.522222 0.346875 0.523148 0.347917 0.525000 0.347917 0.525926 0.348438 0.526852 0.348438 0.527778 0.349479 0.529630 0.349479 0.530556 0.350521 0.532407 0.350521 0.533333 0.351042 0.534259 0.351042 0.535185 0.352083 0.537037 0.352083 0.537963 0.352604 0.538889 0.352604 0.539815 0.353646 0.541667 0.353646 0.542593 0.354687 0.544444 0.354687 0.545370 0.355208 0.546296 0.355208 0.547222 0.356250 0.549074 0.356250 0.550000 0.357292 0.551852 0.357292 0.552778 0.357812 0.553704 0.357812 0.554630 0.358854 0.556481 0.358854 0.557407 0.359896 0.559259 0.359896 0.560185 0.360417 0.561111 0.360417 0.562037 0.361458 0.563889 0.361458 0.564815 0.362500 0.566667 0.362500 0.567593 0.364063 0.567593 0.364583 0.568519 0.368229 0.568519 0.368750 0.567593 0.369271 0.567593 0.369792 0.566667 0.370312 0.566667 0.371354 0.564815 0.371875 0.564815 0.372396 0.563889 0.372917 0.563889 0.373958 0.562037 0.374479 0.562037 0.375000 0.561111 0.375521 0.561111 0.376563 0.559259 0.377083 0.559259 0.377604 0.558333 0.378125 0.558333 0.379167 0.556481 0.379688 0.556481 0.380208 0.555556 0.380729 0.555556 0.381771 0.553704 0.382292 0.553704 0.382812 0.552778 0.383333 0.552778 0.384375 0.550926 0.384896 0.550926 0.385417 0.550000 0.385937 0.550000 0.386979 0.548148 0.387500 0.548148 0.388021 0.547222 0.388542 0.547222 0.389583 0.545370 0.390104 0.545370 0.390625 0.544444 0.391146 0.544444 0.392188 0.542593 0.392708 0.542593 0.393750 0.540741 0.394271 0.540741 0.394792 0.539815 0.395313 0.539815 0.396354 0.537963 0.396875 0.537963 0.397396 0.537037 0.397917 0.537037 0.398958 0.535185 0.399479 0.535185 0.400000 0.534259 0.400521 0.534259 0.401042 0.533333 0.398958 0.529630 0.398958 0.528704 0.397917 0.526852 0.397917 0.523148 0.398958 0.521296 0.399479 0.521296 0.400521 0.519444 0.401042 0.519444 0.402083 0.517593 0.402604 0.517593 0.403646 0.515741 0.404167 0.515741 0.405208 0.513889 0.405729 0.513889 0.407292 0.511111 0.407813 0.511111 0.408854 0.509259 0.409375 0.509259 0.410417 0.507407 0.410938 0.507407 0.411979 0.505556 0.412500 0.505556 0.413542 0.503704 0.414062 0.503704 0.414583 0.502778 0.414583 0.501852 0.414062 0.501852 0.413542 0.502778 0.413021 0.502778 0.411979 0.504630 0.411458 0.504630 0.410417 0.506481 0.409896 0.506481 0.408854 0.508333 0.408333 0.508333 0.407292 0.510185 0.406771 0.510185 0.405729 0.512037 0.405208 0.512037 0.404687 0.512963 0.404167 0.512963 0.403125 0.514815 0.402604 0.514815 0.401562 0.516667 0.401042 0.516667 0.400000 0.518519 0.399479 0.518519 0.398438 0.520370 0.397917 0.520370 0.396875 0.522222 0.396354 0.522222 0.395313 0.524074 0.394792 0.524074 0.393750 0.525926 0.393229 0.525926 0.392188 0.527778 0.391667 0.527778 0.390625 0.529630 0.390104 0.529630 0.389062 0.531481 0.388542 0.531481 0.387500 0.533333 0.386979 0.533333 0.385937 0.535185 0.385417 0.535185 0.384375 0.537037 0.383854 0.537037 0.382812 0.538889 0.382292 0.538889 0.381250 0.540741 0.380729 0.540741 0.380208 0.541667 0.378646 0.541667 0.377083 0.538889 0.377083 0.537963 0.376563 0.537037 0.376563 0.536111 0.377083 0.535185 0.377083 0.534259 0.380729 0.527778 0.381250 0.527778 0.382812 0.525000 0.381771 0.526852 0.381250 0.526852 0.380208 0.528704 0.379688 0.528704 0.378646 0.530556 0.378125 0.530556 0.377083 0.532407 0.376563 0.532407 0.375521 0.534259 0.375000 0.534259 0.373958 0.536111 0.373437 0.536111 0.372396 0.537963 0.371875 0.537963 0.370833 0.539815 0.370312 0.539815 0.369271 0.541667 0.368750 0.541667 0.367708 0.543519 0.367188 0.543519 0.366146 0.545370 0.363542 0.545370 0.355208 0.530556 0.355208 0.529630 0.347396 0.515741 0.347396 0.514815 0.340104 0.501852
0 0.444531 0.545370 0.092188 0.088889 0.483854 0.500926 0.483333 0.501852 0.482292 0.501852 0.481250 0.503704 0.480729 0.503704 0.477604 0.509259 0.477083 0.509259 0.473958 0.514815 0.473438 0.514815 0.469792 0.521296 0.469271 0.521296 0.466146 0.526852 0.465625 0.526852 0.462500 0.532407 0.461979 0.532407 0.458854 0.537963 0.458333 0.537963 0.455208 0.543519 0.454688 0.543519 0.453125 0.546296 0.452083 0.546296 0.451042 0.544444 0.450000 0.546296 0.449479 0.546296 0.446875 0.550926 0.446354 0.550926 0.444271 0.554630 0.443229 0.554630 0.442708 0.553704 0.442188 0.553704 0.436979 0.544444 0.436979 0.543519 0.433333 0.537037 0.433333 0.536111 0.430208 0.530556 0.430208 0.529630 0.426042 0.522222 0.426042 0.521296 0.415625 0.502778 0.415104 0.502778 0.414062 0.504630 0.413542 0.504630 0.412500 0.506481 0.411979 0.506481 0.410938 0.508333 0.410417 0.508333 0.409375 0.510185 0.408854 0.510185 0.407813 0.512037 0.407292 0.512037 0.405729 0.514815 0.405208 0.514815 0.404167 0.516667 0.403646 0.516667 0.402604 0.518519 0.402083 0.518519 0.401042 0.520370 0.400521 0.520370 0.399479 0.522222 0.398958 0.522222 0.398438 0.523148 0.398438 0.526852 0.399479 0.528704 0.399479 0.529630 0.405729 0.540741 0.405729 0.541667 0.415104 0.558333 0.415104 0.559259 0.424479 0.575926 0.424479 0.576852 0.431250 0.588889 0.434896 0.588889 0.435417 0.589815 0.437500 0.589815 0.441146 0.583333 0.441667 0.583333 0.446354 0.575000 0.446875 0.575000 0.451562 0.566667 0.452083 0.566667 0.456250 0.559259 0.456771 0.559259 0.461458 0.550926 0.461979 0.550926 0.466667 0.542593 0.467187 0.542593 0.471875 0.534259 0.472396 0.534259 0.477083 0.525926 0.477604 0.525926 0.481771 0.518519 0.482292 0.518519 0.486979 0.510185 0.487500 0.510185 0.490625 0.504630 0.489583 0.502778 0.489063 0.502778 0.488542 0.501852 0.488021 0.501852 0.487500 0.500926
0 0.532552 0.552315 0.081771 0.078704 0.571354 0.512963 0.570833 0.513889 0.570312 0.513889 0.569792 0.514815 0.569271 0.514815 0.568750 0.515741 0.568229 0.515741 0.567708 0.516667 0.567187 0.516667 0.565625 0.519444 0.565104 0.519444 0.564063 0.521296 0.563542 0.521296 0.561458 0.525000 0.560937 0.525000 0.558333 0.529630 0.557813 0.529630 0.554688 0.535185 0.554167 0.535185 0.550521 0.541667 0.550000 0.541667 0.545833 0.549074 0.545312 0.549074 0.541146 0.556481 0.540625 0.556481 0.539062 0.559259 0.538542 0.559259 0.538021 0.560185 0.536979 0.560185 0.534896 0.556481 0.534896 0.553704 0.535417 0.552778 0.535417 0.551852 0.536979 0.549074 0.536979 0.548148 0.539062 0.544444 0.539062 0.543519 0.541146 0.539815 0.541146 0.538889 0.543229 0.535185 0.539583 0.541667 0.539062 0.541667 0.534375 0.550000 0.533854 0.550000 0.530208 0.556481 0.529687 0.556481 0.528125 0.559259 0.526563 0.559259 0.526042 0.558333 0.525521 0.558333 0.522396 0.552778 0.521875 0.552778 0.520833 0.554630 0.518750 0.554630 0.517188 0.551852 0.516667 0.551852 0.515104 0.549074 0.515104 0.548148 0.508333 0.536111 0.508333 0.535185 0.499479 0.519444 0.499479 0.518519 0.496875 0.513889 0.495833 0.513889 0.491667 0.521296 0.491667 0.524074 0.492188 0.525000 0.492188 0.525926 0.494792 0.530556 0.494792 0.531481 0.501563 0.543519 0.501563 0.544444 0.508333 0.556481 0.508333 0.557407 0.515104 0.569444 0.515104 0.570370 0.521875 0.582407 0.521875 0.583333 0.526042 0.590741 0.526563 0.590741 0.527083 0.591667 0.528646 0.591667 0.529687 0.589815 0.530208 0.589815 0.532813 0.585185 0.533333 0.585185 0.537500 0.577778 0.538021 0.577778 0.542188 0.570370 0.542708 0.570370 0.546875 0.562963 0.547396 0.562963 0.551042 0.556481 0.551562 0.556481 0.555729 0.549074 0.556250 0.549074 0.560417 0.541667 0.560937 0.541667 0.565104 0.534259 0.565104 0.533333 0.566667 0.530556 0.566667 0.529630 0.567708 0.527778 0.567708 0.526852 0.568750 0.525000 0.568750 0.524074 0.570312 0.521296 0.570312 0.520370 0.571354 0.518519 0.571354 0.517593 0.572396 0.515741 0.572396 0.514815 0.573438 0.512963
0 0.621875 0.563889 0.079167 0.075926 0.584375 0.525926 0.583854 0.526852 0.583854 0.527778 0.582812 0.529630 0.582812 0.530556 0.582292 0.531481 0.582292 0.533333 0.583333 0.535185 0.583333 0.536111 0.586458 0.541667 0.586458 0.542593 0.593750 0.555556 0.593750 0.556481 0.601562 0.570370 0.601562 0.571296 0.609375 0.585185 0.609375 0.586111 0.618229 0.601852 0.620313 0.601852 0.620833 0.600926 0.621354 0.600926 0.622917 0.598148 0.623437 0.598148 0.626563 0.592593 0.627083 0.592593 0.629687 0.587963 0.630208 0.587963 0.633333 0.582407 0.633854 0.582407 0.636979 0.576852 0.637500 0.576852 0.640104 0.572222 0.640625 0.572222 0.643750 0.566667 0.644271 0.566667 0.647396 0.561111 0.647917 0.561111 0.650521 0.556481 0.651042 0.556481 0.654167 0.550926 0.654687 0.550926 0.659375 0.542593 0.659375 0.541667 0.659896 0.540741 0.659896 0.537963 0.660417 0.537037 0.660417 0.535185 0.660937 0.534259 0.660937 0.532407 0.661458 0.531481 0.661458 0.529630 0.660937 0.530556 0.659896 0.530556 0.659375 0.531481 0.658854 0.531481 0.658333 0.532407 0.657813 0.532407 0.657292 0.533333 0.656771 0.533333 0.655729 0.535185 0.655208 0.535185 0.654167 0.537037 0.653646 0.537037 0.652604 0.538889 0.652083 0.538889 0.650521 0.541667 0.650000 0.541667 0.647917 0.545370 0.647396 0.545370 0.645312 0.549074 0.644792 0.549074 0.642188 0.553704 0.641667 0.553704 0.639062 0.558333 0.638542 0.558333 0.635938 0.562963 0.635417 0.562963 0.632292 0.568519 0.631771 0.568519 0.628646 0.574074 0.628125 0.574074 0.626563 0.576852 0.626042 0.576852 0.625521 0.577778 0.624479 0.577778 0.622396 0.574074 0.622396 0.570370 0.620313 0.574074 0.619792 0.574074 0.618750 0.575926 0.617188 0.575926 0.616667 0.575000 0.616146 0.575000 0.610938 0.565741 0.609375 0.568519 0.607812 0.568519 0.606771 0.566667 0.606250 0.566667 0.600521 0.556481 0.600521 0.555556 0.591667 0.539815 0.591667 0.538889
0 0.705208 0.570833 0.080208 0.078704 0.666146 0.531481 0.666146 0.532407 0.665625 0.533333 0.665625 0.535185 0.665104 0.536111 0.665104 0.540741 0.666667 0.543519 0.666667 0.544444 0.671875 0.553704 0.671875 0.554630 0.679688 0.568519 0.679688 0.569444 0.687500 0.583333 0.687500 0.584259 0.695312 0.598148 0.695312 0.599074 0.700521 0.608333 0.701042 0.608333 0.701562 0.609259 0.702083 0.609259 0.702604 0.610185 0.703125 0.609259 0.703646 0.609259 0.704167 0.608333 0.704688 0.608333 0.705729 0.606481 0.706250 0.606481 0.707812 0.603704 0.708333 0.603704 0.710938 0.599074 0.711458 0.599074 0.713542 0.595370 0.714063 0.595370 0.716146 0.591667 0.716667 0.591667 0.719271 0.587037 0.719792 0.587037 0.721875 0.583333 0.722396 0.583333 0.725000 0.578704 0.725521 0.578704 0.727604 0.575000 0.728125 0.575000 0.730729 0.570370 0.731250 0.570370 0.733333 0.566667 0.733854 0.566667 0.735938 0.562963 0.736458 0.562963 0.739062 0.558333 0.739583 0.558333 0.742188 0.553704 0.742708 0.553704 0.744792 0.550000 0.744792 0.549074 0.745313 0.548148 0.745313 0.545370 0.744792 0.544444 0.744792 0.537963 0.743229 0.540741 0.742708 0.540741 0.740104 0.545370 0.739583 0.545370 0.737500 0.549074 0.736979 0.549074 0.734375 0.553704 0.733854 0.553704 0.731771 0.557407 0.731250 0.557407 0.728646 0.562037 0.728125 0.562037 0.726042 0.565741 0.725521 0.565741 0.722917 0.570370 0.722396 0.570370 0.720313 0.574074 0.719792 0.574074 0.717187 0.578704 0.716667 0.578704 0.714583 0.582407 0.714063 0.582407 0.711979 0.586111 0.711458 0.586111 0.710417 0.587963 0.709896 0.587963 0.709375 0.588889 0.707292 0.588889 0.701562 0.578704 0.701562 0.582407 0.701042 0.583333 0.701042 0.584259 0.700521 0.585185 0.700000 0.585185 0.699479 0.586111 0.697917 0.586111 0.697396 0.585185 0.696875 0.585185 0.688542 0.570370 0.688542 0.569444 0.669792 0.536111 0.669271 0.536111 0.667708 0.533333 0.667188 0.533333
0 0.343750 0.508333 0.087500 0.072222 0.333854 0.472222 0.333333 0.473148 0.332813 0.473148 0.332292 0.474074 0.331771 0.474074 0.331250 0.475000 0.330729 0.475000 0.303125 0.524074 0.303125 0.525000 0.300000 0.530556 0.300000 0.533333 0.300521 0.534259 0.300521 0.535185 0.301042 0.536111 0.301563 0.536111 0.302083 0.537037 0.302604 0.536111 0.303125 0.536111 0.303646 0.535185 0.304167 0.535185 0.304688 0.534259 0.305208 0.534259 0.305729 0.533333 0.306250 0.533333 0.307292 0.531481 0.307812 0.531481 0.308333 0.530556 0.308854 0.530556 0.309375 0.529630 0.309896 0.529630 0.310417 0.528704 0.310937 0.528704 0.311979 0.526852 0.312500 0.526852 0.313021 0.525926 0.313542 0.525926 0.314063 0.525000 0.314583 0.525000 0.315104 0.524074 0.315625 0.524074 0.316667 0.522222 0.317188 0.522222 0.317708 0.521296 0.318229 0.521296 0.318750 0.520370 0.319271 0.520370 0.319792 0.519444 0.320312 0.519444 0.321354 0.517593 0.321875 0.517593 0.322396 0.516667 0.322917 0.516667 0.323437 0.515741 0.323958 0.515741 0.324479 0.514815 0.325000 0.514815 0.326042 0.512963 0.326562 0.512963 0.327083 0.512037 0.327604 0.512037 0.328125 0.511111 0.328646 0.511111 0.329167 0.510185 0.329688 0.510185 0.333333 0.503704 0.333854 0.503704 0.334896 0.501852 0.335417 0.501852 0.336458 0.500000 0.336979 0.500000 0.337500 0.499074 0.338542 0.499074 0.339583 0.500926 0.340104 0.500926 0.347917 0.514815 0.347917 0.515741 0.355729 0.529630 0.355729 0.530556 0.363542 0.544444 0.366146 0.544444 0.367188 0.542593 0.367708 0.542593 0.368750 0.540741 0.369271 0.540741 0.370312 0.538889 0.370833 0.538889 0.371875 0.537037 0.372396 0.537037 0.373437 0.535185 0.373958 0.535185 0.375000 0.533333 0.375521 0.533333 0.376563 0.531481 0.377083 0.531481 0.378125 0.529630 0.378646 0.529630 0.379688 0.527778 0.380208 0.527778 0.381250 0.525926 0.381771 0.525926 0.382812 0.524074 0.383333 0.524074 0.385937 0.519444 0.386458 0.519444 0.387500 0.517593 0.386458 0.519444 0.385937 0.519444 0.384896 0.521296 0.384375 0.521296 0.383333 0.523148 0.382812 0.523148 0.381771 0.525000 0.381250 0.525000 0.380208 0.526852 0.379688 0.526852 0.379167 0.527778 0.378646 0.527778 0.377604 0.529630 0.377083 0.529630 0.376042 0.531481 0.375521 0.531481 0.374479 0.533333 0.373958 0.533333 0.372917 0.535185 0.372396 0.535185 0.371354 0.537037 0.370833 0.537037 0.370312 0.537963 0.368229 0.537963 0.360417 0.524074 0.360417 0.523148 0.354167 0.512037 0.354167 0.511111 0.348438 0.500926 0.348438 0.500000 0.342708 0.489815 0.342708 0.488889 0.337500 0.479630 0.337500 0.478704 0.334896 0.474074 0.334896 0.473148 0.334375 0.472222
0 0.422917 0.517130 0.091667 0.073148 0.411979 0.480556 0.411458 0.481481 0.410938 0.481481 0.410417 0.482407 0.409896 0.482407 0.406771 0.487963 0.406250 0.487963 0.402083 0.495370 0.401562 0.495370 0.396875 0.503704 0.396354 0.503704 0.391667 0.512037 0.391146 0.512037 0.386458 0.520370 0.385937 0.520370 0.381250 0.528704 0.380729 0.528704 0.377604 0.534259 0.377604 0.535185 0.377083 0.536111 0.377083 0.537037 0.377604 0.537963 0.377604 0.538889 0.378646 0.540741 0.380208 0.540741 0.380729 0.539815 0.381250 0.539815 0.382292 0.537963 0.382812 0.537963 0.383854 0.536111 0.384375 0.536111 0.385417 0.534259 0.385937 0.534259 0.386979 0.532407 0.387500 0.532407 0.388542 0.530556 0.389062 0.530556 0.390104 0.528704 0.390625 0.528704 0.391667 0.526852 0.392188 0.526852 0.393229 0.525000 0.393750 0.525000 0.394792 0.523148 0.395313 0.523148 0.396354 0.521296 0.396875 0.521296 0.397917 0.519444 0.398438 0.519444 0.399479 0.517593 0.400000 0.517593 0.401042 0.515741 0.401562 0.515741 0.402604 0.513889 0.403125 0.513889 0.404167 0.512037 0.404687 0.512037 0.405208 0.511111 0.405729 0.511111 0.406771 0.509259 0.407292 0.509259 0.408333 0.507407 0.408854 0.507407 0.409896 0.505556 0.410417 0.505556 0.411458 0.503704 0.411979 0.503704 0.413021 0.501852 0.413542 0.501852 0.414062 0.500926 0.414583 0.500926 0.415104 0.501852 0.415625 0.501852 0.426563 0.521296 0.426563 0.522222 0.430729 0.529630 0.430729 0.530556 0.433854 0.536111 0.433854 0.537037 0.437500 0.543519 0.437500 0.544444 0.442188 0.552778 0.442708 0.552778 0.443229 0.553704 0.444271 0.553704 0.446354 0.550000 0.446875 0.550000 0.449479 0.545370 0.450000 0.545370 0.450521 0.544444 0.450521 0.543519 0.450000 0.542593 0.450000 0.541667 0.449479 0.540741 0.450000 0.539815 0.450000 0.538889 0.459375 0.522222 0.459896 0.522222 0.466146 0.511111 0.463542 0.515741 0.463021 0.515741 0.460417 0.520370 0.459896 0.520370 0.457292 0.525000 0.456771 0.525000 0.454167 0.529630 0.453646 0.529630 0.451042 0.534259 0.450521 0.534259 0.448437 0.537963 0.447917 0.537963 0.446354 0.540741 0.445833 0.540741 0.445312 0.541667 0.444792 0.541667 0.444271 0.540741 0.443750 0.540741 0.436458 0.527778 0.436458 0.526852 0.430208 0.515741 0.430208 0.514815 0.423438 0.502778 0.423438 0.501852 0.417187 0.490741 0.417187 0.489815
0 0.485938 0.515278 0.071875 0.076852 0.488021 0.476852 0.485938 0.480556 0.485417 0.480556 0.482292 0.486111 0.481771 0.486111 0.475521 0.497222 0.475000 0.497222 0.467708 0.510185 0.467187 0.510185 0.459896 0.523148 0.459375 0.523148 0.450521 0.538889 0.450521 0.539815 0.450000 0.540741 0.450521 0.541667 0.450521 0.542593 0.452083 0.545370 0.453125 0.545370 0.454688 0.542593 0.455208 0.542593 0.458333 0.537037 0.458854 0.537037 0.461979 0.531481 0.462500 0.531481 0.465625 0.525926 0.466146 0.525926 0.469271 0.520370 0.469792 0.520370 0.473438 0.513889 0.473958 0.513889 0.477083 0.508333 0.477604 0.508333 0.480729 0.502778 0.481250 0.502778 0.482292 0.500926 0.483333 0.500926 0.483854 0.500000 0.487500 0.500000 0.488021 0.500926 0.488542 0.500926 0.489063 0.501852 0.489583 0.501852 0.490625 0.503704 0.491146 0.503704 0.496354 0.512963 0.496875 0.512963 0.500000 0.518519 0.500000 0.519444 0.508854 0.535185 0.508854 0.536111 0.515625 0.548148 0.515625 0.549074 0.516667 0.550926 0.517188 0.550926 0.518750 0.553704 0.520833 0.553704 0.521875 0.551852 0.518750 0.546296 0.518750 0.545370 0.511458 0.532407 0.511458 0.531481 0.504167 0.518519 0.504167 0.517593 0.496875 0.504630 0.496875 0.503704 0.491667 0.494444 0.491667 0.493519 0.490104 0.490741 0.490104 0.487037 0.491667 0.484259 0.492188 0.484259 0.492708 0.483333 0.492708 0.482407 0.490104 0.477778 0.489583 0.477778 0.489063 0.476852
0 0.572917 0.519444 0.075000 0.096296 0.577604 0.471296 0.575521 0.475000 0.575521 0.475926 0.573958 0.478704 0.573958 0.479630 0.572396 0.482407 0.572396 0.483333 0.570312 0.487037 0.570312 0.487963 0.568750 0.490741 0.568750 0.491667 0.567187 0.494444 0.567187 0.495370 0.565104 0.499074 0.565104 0.500000 0.560937 0.507407 0.560417 0.507407 0.555729 0.515741 0.555208 0.515741 0.550521 0.524074 0.550000 0.524074 0.544792 0.533333 0.544271 0.533333 0.543750 0.534259 0.543750 0.535185 0.541667 0.538889 0.541667 0.539815 0.539583 0.543519 0.539583 0.544444 0.537500 0.548148 0.537500 0.549074 0.535937 0.551852 0.535937 0.552778 0.535417 0.553704 0.535417 0.556481 0.536979 0.559259 0.538021 0.559259 0.538542 0.558333 0.539062 0.558333 0.540625 0.555556 0.541146 0.555556 0.545312 0.548148 0.545833 0.548148 0.550000 0.540741 0.550521 0.540741 0.554167 0.534259 0.554688 0.534259 0.557813 0.528704 0.558333 0.528704 0.560937 0.524074 0.561458 0.524074 0.563542 0.520370 0.564063 0.520370 0.565104 0.518519 0.565625 0.518519 0.567187 0.515741 0.567708 0.515741 0.568229 0.514815 0.568750 0.514815 0.569271 0.513889 0.569792 0.513889 0.570312 0.512963 0.570833 0.512963 0.571354 0.512037 0.574479 0.512037 0.575000 0.512963 0.576042 0.512963 0.577083 0.514815 0.577604 0.514815 0.578646 0.516667 0.579167 0.516667 0.583333 0.524074 0.583854 0.524074 0.592187 0.538889 0.592187 0.539815 0.601042 0.555556 0.601042 0.556481 0.606250 0.565741 0.606771 0.565741 0.607812 0.567593 0.609375 0.567593 0.610417 0.565741 0.610417 0.564815 0.609375 0.562963 0.609375 0.562037 0.602083 0.549074 0.602083 0.548148 0.594271 0.534259 0.594271 0.533333 0.586458 0.519444 0.586458 0.518519 0.581250 0.509259 0.581250 0.508333 0.579688 0.505556 0.579688 0.500926 0.580729 0.499074 0.580729 0.498148 0.582292 0.495370 0.582292 0.494444 0.583333 0.492593 0.583333 0.491667 0.584375 0.489815 0.584375 0.488889 0.585417 0.487037 0.585417 0.486111 0.586458 0.484259 0.586458 0.483333 0.584896 0.480556 0.584375 0.480556 0.581250 0.475000 0.580729 0.475000 0.579688 0.473148 0.579167 0.473148 0.578646 0.472222 0.578125 0.472222
0 0.661979 0.542130 0.078125 0.086111 0.661979 0.499074 0.661979 0.500000 0.661458 0.500926 0.661458 0.502778 0.660937 0.503704 0.660937 0.505556 0.660417 0.506481 0.660417 0.508333 0.659896 0.509259 0.659896 0.511111 0.659375 0.512037 0.659375 0.512963 0.658854 0.513889 0.658854 0.514815 0.656250 0.519444 0.655729 0.519444 0.652083 0.525926 0.651563 0.525926 0.648438 0.531481 0.647917 0.531481 0.644792 0.537037 0.644271 0.537037 0.641146 0.542593 0.640625 0.542593 0.637500 0.548148 0.636979 0.548148 0.633854 0.553704 0.633333 0.553704 0.630208 0.559259 0.629687 0.559259 0.626563 0.564815 0.626042 0.564815 0.622917 0.570370 0.622917 0.574074 0.624479 0.576852 0.625521 0.576852 0.626042 0.575926 0.626563 0.575926 0.628125 0.573148 0.628646 0.573148 0.631771 0.567593 0.632292 0.567593 0.635417 0.562037 0.635938 0.562037 0.638542 0.557407 0.639062 0.557407 0.641667 0.552778 0.642188 0.552778 0.644792 0.548148 0.645312 0.548148 0.647396 0.544444 0.647917 0.544444 0.650000 0.540741 0.650521 0.540741 0.652083 0.537963 0.652604 0.537963 0.653646 0.536111 0.654167 0.536111 0.655208 0.534259 0.655729 0.534259 0.656771 0.532407 0.657292 0.532407 0.657813 0.531481 0.658333 0.531481 0.658854 0.530556 0.659375 0.530556 0.659896 0.529630 0.660937 0.529630 0.661458 0.528704 0.663542 0.528704 0.664062 0.529630 0.665104 0.529630 0.665625 0.530556 0.666146 0.530556 0.667188 0.532407 0.667708 0.532407 0.669271 0.535185 0.669792 0.535185 0.689063 0.569444 0.689063 0.570370 0.696875 0.584259 0.697396 0.584259 0.697917 0.585185 0.699479 0.585185 0.700000 0.584259 0.700521 0.584259 0.700521 0.583333 0.701042 0.582407 0.701042 0.577778 0.697917 0.572222 0.697917 0.571296 0.690104 0.557407 0.690104 0.556481 0.682292 0.542593 0.682292 0.541667 0.675000 0.528704 0.675000 0.527778 0.670833 0.520370 0.670833 0.519444 0.669792 0.517593 0.669792 0.513889 0.670312 0.512963 0.670312 0.511111 0.670833 0.510185 0.670833 0.508333 0.668229 0.503704 0.667708 0.503704 0.666667 0.501852 0.666146 0.501852 0.665625 0.500926 0.665104 0.500926 0.664583 0.500000 0.664062 0.500000 0.663542 0.499074
0 0.373177 0.497685 0.077604 0.078704 0.345313 0.458333 0.344792 0.459259 0.344271 0.459259 0.343750 0.460185 0.343229 0.460185 0.342708 0.461111 0.342187 0.461111 0.341667 0.462037 0.341146 0.462037 0.340625 0.462963 0.340104 0.462963 0.339583 0.463889 0.339062 0.463889 0.338542 0.464815 0.338021 0.464815 0.337500 0.465741 0.336979 0.465741 0.336458 0.466667 0.335938 0.466667 0.335417 0.467593 0.334896 0.467593 0.334896 0.468519 0.334375 0.469444 0.334375 0.471296 0.335417 0.473148 0.335417 0.474074 0.338021 0.478704 0.338021 0.479630 0.343229 0.488889 0.343229 0.489815 0.348958 0.500000 0.348958 0.500926 0.354687 0.511111 0.354687 0.512037 0.360938 0.523148 0.360938 0.524074 0.368229 0.537037 0.370312 0.537037 0.370833 0.536111 0.371354 0.536111 0.372396 0.534259 0.372917 0.534259 0.373958 0.532407 0.374479 0.532407 0.375521 0.530556 0.376042 0.530556 0.377083 0.528704 0.377604 0.528704 0.378646 0.526852 0.379167 0.526852 0.379688 0.525926 0.380208 0.525926 0.381250 0.524074 0.381771 0.524074 0.382812 0.522222 0.383333 0.522222 0.384375 0.520370 0.384896 0.520370 0.385937 0.518519 0.386458 0.518519 0.387500 0.516667 0.388021 0.516667 0.391146 0.511111 0.391667 0.511111 0.396354 0.502778 0.396875 0.502778 0.401562 0.494444 0.402083 0.494444 0.406250 0.487037 0.406771 0.487037 0.409896 0.481481 0.410417 0.481481 0.410938 0.480556 0.411458 0.480556 0.411458 0.478704 0.409896 0.475926 0.409896 0.475000 0.409375 0.474074 0.409375 0.471296 0.410938 0.468519 0.411458 0.468519 0.411979 0.467593 0.411458 0.466667 0.410938 0.466667 0.410417 0.465741 0.408333 0.465741 0.407813 0.466667 0.407292 0.466667 0.406250 0.468519 0.405729 0.468519 0.405208 0.469444 0.404687 0.469444 0.403646 0.471296 0.403125 0.471296 0.402604 0.472222 0.402083 0.472222 0.401042 0.474074 0.400521 0.474074 0.400000 0.475000 0.399479 0.475000 0.389583 0.492593 0.389062 0.492593 0.381771 0.505556 0.381250 0.505556 0.380208 0.507407 0.379688 0.507407 0.378646 0.509259 0.378125 0.509259 0.377604 0.510185 0.377083 0.510185 0.376563 0.511111 0.376042 0.510185 0.375521 0.510185 0.373958 0.507407 0.373958 0.503704 0.375000 0.501852 0.375000 0.500926 0.375521 0.500000 0.375000 0.500926 0.374479 0.500926 0.373437 0.502778 0.372917 0.502778 0.372396 0.503704 0.370833 0.503704 0.370312 0.502778 0.369792 0.502778 0.363542 0.491667 0.363542 0.490741 0.356771 0.478704 0.356771 0.477778 0.346354 0.459259 0.345833 0.459259
0 0.449219 0.504630 0.078646 0.072222 0.411979 0.468519 0.411458 0.469444 0.410938 0.469444 0.409896 0.471296 0.409896 0.474074 0.410417 0.475000 0.410417 0.475926 0.411979 0.478704 0.411979 0.479630 0.417708 0.489815 0.417708 0.490741 0.423958 0.501852 0.423958 0.502778 0.430729 0.514815 0.430729 0.515741 0.436979 0.526852 0.436979 0.527778 0.443750 0.539815 0.444271 0.539815 0.444792 0.540741 0.445312 0.540741 0.445833 0.539815 0.446354 0.539815 0.447917 0.537037 0.448437 0.537037 0.450521 0.533333 0.451042 0.533333 0.453646 0.528704 0.454167 0.528704 0.456771 0.524074 0.457292 0.524074 0.459896 0.519444 0.460417 0.519444 0.463021 0.514815 0.463542 0.514815 0.466146 0.510185 0.466667 0.510185 0.468750 0.506481 0.469271 0.506481 0.475000 0.496296 0.475521 0.496296 0.481771 0.485185 0.482292 0.485185 0.485417 0.479630 0.485938 0.479630 0.488021 0.475926 0.488542 0.475926 0.487500 0.474074 0.486979 0.474074 0.485938 0.472222 0.485417 0.472222 0.484896 0.471296 0.484375 0.471296 0.483854 0.470370 0.481771 0.470370 0.480208 0.473148 0.479687 0.473148 0.477604 0.476852 0.477083 0.476852 0.473438 0.483333 0.472917 0.483333 0.469271 0.489815 0.468750 0.489815 0.466667 0.493519 0.466146 0.493519 0.464583 0.496296 0.464062 0.496296 0.461979 0.500000 0.461458 0.500000 0.459375 0.503704 0.458854 0.503704 0.456771 0.507407 0.456250 0.507407 0.454688 0.510185 0.454167 0.510185 0.452083 0.513889 0.451562 0.513889 0.450000 0.516667 0.449479 0.516667 0.448958 0.517593 0.447917 0.517593 0.446354 0.514815 0.446354 0.513889 0.445833 0.513889 0.445312 0.514815 0.444792 0.514815 0.442708 0.518519 0.440625 0.518519 0.439063 0.515741 0.438542 0.515741 0.436458 0.512037 0.436458 0.511111 0.430208 0.500000 0.430208 0.499074 0.419792 0.480556 0.419792 0.479630 0.419271 0.478704 0.418750 0.478704 0.413542 0.469444 0.413021 0.469444 0.412500 0.468519
0 0.533854 0.514815 0.086458 0.087037 0.574479 0.471296 0.573958 0.472222 0.572917 0.472222 0.572396 0.473148 0.571875 0.473148 0.571354 0.474074 0.570833 0.474074 0.569792 0.475926 0.569271 0.475926 0.567708 0.478704 0.567187 0.478704 0.565104 0.482407 0.564583 0.482407 0.561979 0.487037 0.561458 0.487037 0.558854 0.491667 0.558333 0.491667 0.554167 0.499074 0.553646 0.499074 0.548958 0.507407 0.548438 0.507407 0.543750 0.515741 0.543229 0.515741 0.541667 0.518519 0.539583 0.518519 0.538021 0.515741 0.538021 0.512037 0.538542 0.511111 0.538542 0.510185 0.541667 0.504630 0.541667 0.503704 0.544792 0.498148 0.544792 0.497222 0.547917 0.491667 0.542188 0.501852 0.541667 0.501852 0.535937 0.512037 0.535417 0.512037 0.531250 0.519444 0.530729 0.519444 0.529687 0.521296 0.527604 0.521296 0.523958 0.514815 0.519792 0.522222 0.519792 0.523148 0.518750 0.525000 0.518229 0.525000 0.517708 0.525926 0.517188 0.525926 0.516667 0.525000 0.515625 0.525000 0.508854 0.512963 0.508854 0.512037 0.502083 0.500000 0.502083 0.499074 0.493229 0.483333 0.492188 0.485185 0.491667 0.485185 0.490625 0.487037 0.490625 0.490741 0.492188 0.493519 0.492188 0.494444 0.497396 0.503704 0.497396 0.504630 0.504687 0.517593 0.504687 0.518519 0.511979 0.531481 0.511979 0.532407 0.519271 0.545370 0.519271 0.546296 0.525521 0.557407 0.526042 0.557407 0.526563 0.558333 0.528125 0.558333 0.529687 0.555556 0.530208 0.555556 0.533854 0.549074 0.534375 0.549074 0.539062 0.540741 0.539583 0.540741 0.544271 0.532407 0.544792 0.532407 0.550000 0.523148 0.550521 0.523148 0.555208 0.514815 0.555729 0.514815 0.560417 0.506481 0.560937 0.506481 0.564583 0.500000 0.564583 0.499074 0.566667 0.495370 0.566667 0.494444 0.568229 0.491667 0.568229 0.490741 0.569792 0.487963 0.569792 0.487037 0.571875 0.483333 0.571875 0.482407 0.573438 0.479630 0.573438 0.478704 0.575000 0.475926 0.575000 0.475000 0.577083 0.471296
0 0.620833 0.529630 0.081250 0.090741 0.586979 0.484259 0.585938 0.486111 0.585938 0.487037 0.584896 0.488889 0.584896 0.489815 0.583854 0.491667 0.583854 0.492593 0.582812 0.494444 0.582812 0.495370 0.581250 0.498148 0.581250 0.499074 0.580208 0.500926 0.580208 0.505556 0.581771 0.508333 0.581771 0.509259 0.586979 0.518519 0.586979 0.519444 0.594792 0.533333 0.594792 0.534259 0.602604 0.548148 0.602604 0.549074 0.609896 0.562037 0.609896 0.562963 0.616146 0.574074 0.616667 0.574074 0.617188 0.575000 0.618750 0.575000 0.619792 0.573148 0.620313 0.573148 0.622396 0.569444 0.622917 0.569444 0.626042 0.563889 0.626563 0.563889 0.629687 0.558333 0.630208 0.558333 0.633333 0.552778 0.633854 0.552778 0.636979 0.547222 0.637500 0.547222 0.640625 0.541667 0.641146 0.541667 0.644271 0.536111 0.644792 0.536111 0.647917 0.530556 0.648438 0.530556 0.651563 0.525000 0.652083 0.525000 0.655729 0.518519 0.656250 0.518519 0.658333 0.514815 0.658333 0.513889 0.658854 0.512963 0.658854 0.512037 0.659375 0.511111 0.659375 0.509259 0.659896 0.508333 0.659896 0.506481 0.660417 0.505556 0.660417 0.503704 0.660937 0.502778 0.660937 0.500926 0.661458 0.500000 0.661458 0.499074 0.660417 0.499074 0.659896 0.500000 0.658854 0.500000 0.658333 0.500926 0.657813 0.500926 0.657292 0.501852 0.656771 0.501852 0.655729 0.503704 0.655208 0.503704 0.654167 0.505556 0.653646 0.505556 0.652083 0.508333 0.651563 0.508333 0.650000 0.511111 0.649479 0.511111 0.647396 0.514815 0.646875 0.514815 0.644792 0.518519 0.644271 0.518519 0.641667 0.523148 0.641146 0.523148 0.638542 0.527778 0.638021 0.527778 0.634896 0.533333 0.634375 0.533333 0.631250 0.538889 0.630729 0.538889 0.627604 0.544444 0.627083 0.544444 0.625521 0.547222 0.625000 0.547222 0.624479 0.548148 0.622917 0.548148 0.620833 0.544444 0.620833 0.541667 0.621354 0.540741 0.621354 0.539815 0.621875 0.538889 0.621875 0.537963 0.622396 0.537037 0.622396 0.535185 0.622917 0.534259 0.622917 0.533333 0.623437 0.532407 0.622917 0.533333 0.622396 0.533333 0.620833 0.536111 0.620313 0.536111 0.619792 0.537037 0.618229 0.537037 0.611979 0.525926 0.609896 0.525926 0.608333 0.523148 0.607812 0.523148 0.605208 0.518519 0.605208 0.517593 0.596875 0.502778 0.596875 0.501852
0 0.711198 0.546296 0.081771 0.083333 0.751042 0.504630 0.748958 0.508333 0.748437 0.508333 0.745833 0.512963 0.745313 0.512963 0.743229 0.516667 0.742708 0.516667 0.740104 0.521296 0.739583 0.521296 0.736979 0.525926 0.736458 0.525926 0.733854 0.530556 0.733333 0.530556 0.731250 0.534259 0.730729 0.534259 0.728125 0.538889 0.727604 0.538889 0.725000 0.543519 0.724479 0.543519 0.721875 0.548148 0.721354 0.548148 0.719271 0.551852 0.718750 0.551852 0.717708 0.553704 0.717187 0.553704 0.716146 0.555556 0.714583 0.555556 0.714063 0.554630 0.713542 0.554630 0.706771 0.542593 0.706771 0.541667 0.703125 0.535185 0.703125 0.538889 0.702604 0.539815 0.702604 0.546296 0.702083 0.547222 0.702083 0.552778 0.701562 0.553704 0.701562 0.554630 0.701042 0.555556 0.700521 0.555556 0.700000 0.556481 0.697917 0.556481 0.696354 0.553704 0.695833 0.553704 0.693229 0.549074 0.693229 0.548148 0.684896 0.533333 0.684896 0.532407 0.671354 0.508333 0.671354 0.510185 0.670833 0.511111 0.670833 0.512963 0.670312 0.513889 0.670312 0.517593 0.671354 0.519444 0.671354 0.520370 0.675521 0.527778 0.675521 0.528704 0.682813 0.541667 0.682813 0.542593 0.690625 0.556481 0.690625 0.557407 0.698438 0.571296 0.698438 0.572222 0.707292 0.587963 0.709375 0.587963 0.709896 0.587037 0.710417 0.587037 0.711458 0.585185 0.711979 0.585185 0.714063 0.581481 0.714583 0.581481 0.716667 0.577778 0.717187 0.577778 0.719792 0.573148 0.720313 0.573148 0.722396 0.569444 0.722917 0.569444 0.725521 0.564815 0.726042 0.564815 0.728125 0.561111 0.728646 0.561111 0.731250 0.556481 0.731771 0.556481 0.733854 0.552778 0.734375 0.552778 0.736979 0.548148 0.737500 0.548148 0.739583 0.544444 0.740104 0.544444 0.742708 0.539815 0.743229 0.539815 0.745313 0.536111 0.745833 0.536111 0.748437 0.531481 0.748958 0.531481 0.751563 0.526852 0.751563 0.525926 0.752083 0.525000 0.752083 0.524074 0.751563 0.523148 0.751563 0.512963 0.751042 0.512037
0 0.342969 0.468056 0.071354 0.069444 0.339062 0.433333 0.338542 0.434259 0.338021 0.434259 0.335417 0.438889 0.334896 0.438889 0.334896 0.439815 0.316146 0.473148 0.316146 0.474074 0.307812 0.488889 0.307812 0.489815 0.307292 0.490741 0.307292 0.491667 0.307812 0.492593 0.307812 0.493519 0.308854 0.495370 0.310417 0.495370 0.310937 0.494444 0.311458 0.494444 0.311979 0.493519 0.312500 0.493519 0.320312 0.479630 0.320312 0.478704 0.325521 0.469444 0.326042 0.469444 0.327083 0.467593 0.327604 0.467593 0.328125 0.466667 0.328646 0.466667 0.329167 0.465741 0.329688 0.465741 0.330208 0.464815 0.330729 0.464815 0.331250 0.463889 0.331771 0.463889 0.332292 0.462963 0.332813 0.462963 0.333333 0.462037 0.333854 0.462037 0.334375 0.461111 0.334896 0.461111 0.335417 0.460185 0.335938 0.460185 0.336458 0.459259 0.336979 0.459259 0.337500 0.458333 0.338021 0.458333 0.338542 0.457407 0.339583 0.457407 0.340104 0.456481 0.340625 0.456481 0.341146 0.455556 0.341667 0.455556 0.342187 0.454630 0.343750 0.454630 0.345833 0.458333 0.346354 0.458333 0.357292 0.477778 0.357292 0.478704 0.364063 0.490741 0.364063 0.491667 0.369792 0.501852 0.370312 0.501852 0.370833 0.502778 0.372396 0.502778 0.372917 0.501852 0.373437 0.501852 0.374479 0.500000 0.375000 0.500000 0.375521 0.499074 0.376042 0.499074 0.378646 0.494444 0.378125 0.495370 0.377604 0.495370 0.376563 0.497222 0.376042 0.497222 0.375521 0.498148 0.375000 0.498148 0.374479 0.499074 0.373437 0.499074 0.372917 0.498148 0.372396 0.498148 0.366667 0.487963 0.366667 0.487037 0.360938 0.476852 0.360938 0.475926 0.354687 0.464815 0.354687 0.463889 0.348438 0.452778 0.348438 0.451852 0.342708 0.441667 0.342708 0.440741 0.339583 0.435185 0.339583 0.434259
0 0.415625 0.479630 0.082292 0.075926 0.411979 0.441667 0.411458 0.442593 0.410938 0.442593 0.410417 0.443519 0.409896 0.443519 0.408854 0.445370 0.408333 0.445370 0.407813 0.446296 0.407292 0.446296 0.406250 0.448148 0.405729 0.448148 0.383854 0.487037 0.383333 0.487037 0.375521 0.500926 0.375521 0.501852 0.374479 0.503704 0.374479 0.507407 0.375521 0.509259 0.376042 0.509259 0.376563 0.510185 0.377083 0.509259 0.377604 0.509259 0.378125 0.508333 0.378646 0.508333 0.379688 0.506481 0.380208 0.506481 0.381250 0.504630 0.381771 0.504630 0.389062 0.491667 0.389583 0.491667 0.399479 0.474074 0.400000 0.474074 0.400521 0.473148 0.401042 0.473148 0.402083 0.471296 0.402604 0.471296 0.403125 0.470370 0.403646 0.470370 0.404687 0.468519 0.405208 0.468519 0.405729 0.467593 0.406250 0.467593 0.407292 0.465741 0.407813 0.465741 0.408333 0.464815 0.410417 0.464815 0.410938 0.465741 0.411458 0.465741 0.413021 0.468519 0.413542 0.468519 0.418750 0.477778 0.419271 0.477778 0.420312 0.479630 0.420312 0.480556 0.430729 0.499074 0.430729 0.500000 0.436979 0.511111 0.436979 0.512037 0.438542 0.514815 0.439063 0.514815 0.440625 0.517593 0.442708 0.517593 0.444792 0.513889 0.445312 0.513889 0.445833 0.512963 0.445833 0.511111 0.446354 0.510185 0.446354 0.509259 0.453646 0.496296 0.454167 0.496296 0.456771 0.491667 0.455208 0.494444 0.454688 0.494444 0.453125 0.497222 0.452604 0.497222 0.451042 0.500000 0.450521 0.500000 0.448437 0.503704 0.447917 0.503704 0.447396 0.504630 0.446875 0.504630 0.446354 0.505556 0.445833 0.504630 0.445312 0.504630 0.444271 0.502778 0.443750 0.502778 0.441667 0.499074 0.441667 0.498148 0.435417 0.487037 0.435417 0.486111 0.429167 0.475000 0.429167 0.474074 0.422917 0.462963 0.422917 0.462037 0.416667 0.450926 0.416667 0.450000
0 0.484896 0.482407 0.077083 0.085185 0.490104 0.439815 0.488542 0.442593 0.488021 0.442593 0.486458 0.445370 0.485938 0.445370 0.484896 0.447222 0.484375 0.447222 0.482812 0.450000 0.482292 0.450000 0.480729 0.452778 0.480208 0.452778 0.473438 0.464815 0.472917 0.464815 0.464062 0.480556 0.463542 0.480556 0.454167 0.497222 0.453646 0.497222 0.446875 0.509259 0.446875 0.510185 0.446354 0.511111 0.446354 0.512963 0.446875 0.513889 0.446875 0.514815 0.447917 0.516667 0.448958 0.516667 0.449479 0.515741 0.450000 0.515741 0.451562 0.512963 0.452083 0.512963 0.454167 0.509259 0.454688 0.509259 0.456250 0.506481 0.456771 0.506481 0.458854 0.502778 0.459375 0.502778 0.461458 0.499074 0.461979 0.499074 0.464062 0.495370 0.464583 0.495370 0.466146 0.492593 0.466667 0.492593 0.468750 0.488889 0.469271 0.488889 0.472917 0.482407 0.473438 0.482407 0.477083 0.475926 0.477604 0.475926 0.479687 0.472222 0.480208 0.472222 0.481771 0.469444 0.483854 0.469444 0.484375 0.470370 0.484896 0.470370 0.485417 0.471296 0.485938 0.471296 0.486979 0.473148 0.487500 0.473148 0.489583 0.476852 0.490104 0.476852 0.502604 0.499074 0.502604 0.500000 0.509375 0.512037 0.509375 0.512963 0.515625 0.524074 0.516667 0.524074 0.517188 0.525000 0.517708 0.525000 0.518229 0.524074 0.518750 0.524074 0.519271 0.523148 0.519271 0.522222 0.523438 0.514815 0.523438 0.513889 0.516667 0.501852 0.516667 0.500926 0.509375 0.487963 0.509375 0.487037 0.501563 0.473148 0.501563 0.472222 0.494792 0.460185 0.494792 0.459259 0.492188 0.454630 0.492188 0.453704 0.491667 0.452778 0.491667 0.449074 0.492708 0.447222 0.493229 0.447222 0.494271 0.445370 0.494271 0.444444 0.491667 0.439815
0 0.575000 0.483796 0.072917 0.082407 0.575521 0.442593 0.573438 0.446296 0.573438 0.447222 0.570833 0.451852 0.570833 0.452778 0.567708 0.458333 0.567708 0.459259 0.560417 0.472222 0.559896 0.472222 0.554167 0.482407 0.553646 0.482407 0.545312 0.497222 0.545312 0.498148 0.542188 0.503704 0.542188 0.504630 0.539062 0.510185 0.539062 0.511111 0.538542 0.512037 0.538542 0.515741 0.539583 0.517593 0.541667 0.517593 0.543229 0.514815 0.543750 0.514815 0.548438 0.506481 0.548958 0.506481 0.553646 0.498148 0.554167 0.498148 0.558333 0.490741 0.558854 0.490741 0.561458 0.486111 0.561979 0.486111 0.564583 0.481481 0.565104 0.481481 0.567187 0.477778 0.567708 0.477778 0.569271 0.475000 0.569792 0.475000 0.570833 0.473148 0.571354 0.473148 0.571875 0.472222 0.572396 0.472222 0.572917 0.471296 0.573958 0.471296 0.574479 0.470370 0.577604 0.470370 0.578125 0.471296 0.578646 0.471296 0.579167 0.472222 0.579688 0.472222 0.580729 0.474074 0.581250 0.474074 0.584375 0.479630 0.584896 0.479630 0.597396 0.501852 0.597396 0.502778 0.605729 0.517593 0.605729 0.518519 0.607812 0.522222 0.608333 0.522222 0.609896 0.525000 0.611458 0.525000 0.606771 0.516667 0.606771 0.515741 0.598958 0.501852 0.598958 0.500926 0.591146 0.487037 0.591146 0.486111 0.583854 0.473148 0.583854 0.472222 0.581250 0.467593 0.581250 0.466667 0.580729 0.465741 0.580729 0.462963 0.581771 0.461111 0.581771 0.460185 0.583333 0.457407 0.583333 0.456481 0.583854 0.455556 0.583854 0.454630 0.580208 0.448148 0.579688 0.448148 0.578125 0.445370 0.577604 0.445370 0.576562 0.443519 0.576042 0.443519
0 0.661979 0.506481 0.081250 0.098148 0.664062 0.457407 0.663542 0.458333 0.663542 0.460185 0.663021 0.461111 0.663021 0.462963 0.662500 0.463889 0.662500 0.465741 0.661979 0.466667 0.661979 0.467593 0.661458 0.468519 0.661458 0.470370 0.660937 0.471296 0.660937 0.473148 0.659375 0.475926 0.659375 0.476852 0.658854 0.477778 0.658333 0.477778 0.654167 0.485185 0.653646 0.485185 0.650000 0.491667 0.649479 0.491667 0.645833 0.498148 0.645312 0.498148 0.642188 0.503704 0.641667 0.503704 0.638021 0.510185 0.637500 0.510185 0.633854 0.516667 0.633333 0.516667 0.630208 0.522222 0.629687 0.522222 0.626042 0.528704 0.625521 0.528704 0.623958 0.531481 0.623958 0.532407 0.623437 0.533333 0.623437 0.534259 0.622917 0.535185 0.622917 0.537037 0.622396 0.537963 0.622396 0.538889 0.621875 0.539815 0.621875 0.540741 0.621354 0.541667 0.621354 0.544444 0.622917 0.547222 0.624479 0.547222 0.625000 0.546296 0.625521 0.546296 0.627083 0.543519 0.627604 0.543519 0.630729 0.537963 0.631250 0.537963 0.634375 0.532407 0.634896 0.532407 0.638021 0.526852 0.638542 0.526852 0.641146 0.522222 0.641667 0.522222 0.644271 0.517593 0.644792 0.517593 0.646875 0.513889 0.647396 0.513889 0.649479 0.510185 0.650000 0.510185 0.651563 0.507407 0.652083 0.507407 0.653646 0.504630 0.654167 0.504630 0.655208 0.502778 0.655729 0.502778 0.656771 0.500926 0.657292 0.500926 0.657813 0.500000 0.658333 0.500000 0.658854 0.499074 0.659896 0.499074 0.660417 0.498148 0.663542 0.498148 0.664062 0.499074 0.664583 0.499074 0.665104 0.500000 0.665625 0.500000 0.666146 0.500926 0.666667 0.500926 0.667708 0.502778 0.668229 0.502778 0.670833 0.507407 0.671354 0.507407 0.685417 0.532407 0.685417 0.533333 0.693750 0.548148 0.693750 0.549074 0.695833 0.552778 0.696354 0.552778 0.697917 0.555556 0.700000 0.555556 0.700521 0.554630 0.701042 0.554630 0.701042 0.553704 0.701562 0.552778 0.701562 0.547222 0.702083 0.546296 0.702083 0.539815 0.702604 0.538889 0.702604 0.534259 0.698958 0.527778 0.698958 0.526852 0.691667 0.513889 0.691667 0.512963 0.683854 0.499074 0.683854 0.498148 0.678646 0.488889 0.678646 0.487963 0.677083 0.485185 0.677083 0.479630 0.677604 0.478704 0.677604 0.476852 0.678125 0.475926 0.671354 0.463889 0.670833 0.463889 0.669271 0.461111 0.668750 0.461111 0.667708 0.459259 0.667188 0.459259 0.666667 0.458333 0.666146 0.458333 0.665625 0.457407
0 0.375781 0.462500 0.072396 0.071296 0.342187 0.426852 0.341667 0.427778 0.341146 0.427778 0.340625 0.428704 0.340104 0.428704 0.339583 0.429630 0.339583 0.433333 0.340104 0.434259 0.340104 0.435185 0.343229 0.440741 0.343229 0.441667 0.348958 0.451852 0.348958 0.452778 0.355208 0.463889 0.355208 0.464815 0.361458 0.475926 0.361458 0.476852 0.367188 0.487037 0.367188 0.487963 0.372396 0.497222 0.372917 0.497222 0.373437 0.498148 0.374479 0.498148 0.375000 0.497222 0.375521 0.497222 0.376042 0.496296 0.376563 0.496296 0.377604 0.494444 0.378125 0.494444 0.378646 0.493519 0.379167 0.493519 0.383333 0.486111 0.383854 0.486111 0.405729 0.447222 0.406250 0.447222 0.407292 0.445370 0.407813 0.445370 0.408333 0.444444 0.408854 0.444444 0.409896 0.442593 0.410417 0.442593 0.410938 0.441667 0.411458 0.441667 0.411979 0.440741 0.410938 0.438889 0.410938 0.437963 0.410417 0.437037 0.410417 0.435185 0.411458 0.433333 0.410938 0.432407 0.410417 0.432407 0.409896 0.431481 0.409375 0.431481 0.408854 0.430556 0.408333 0.431481 0.407813 0.431481 0.406771 0.433333 0.406250 0.433333 0.405729 0.434259 0.405208 0.434259 0.404687 0.435185 0.404167 0.435185 0.393750 0.453704 0.393229 0.453704 0.384896 0.468519 0.384375 0.468519 0.383854 0.469444 0.383333 0.469444 0.382812 0.470370 0.382292 0.470370 0.381250 0.472222 0.380729 0.472222 0.380208 0.473148 0.379688 0.473148 0.379167 0.474074 0.378646 0.474074 0.377604 0.475926 0.377083 0.475926 0.376563 0.476852 0.375000 0.476852 0.372917 0.473148 0.372917 0.470370 0.373958 0.468519 0.373958 0.467593 0.373437 0.468519 0.372917 0.468519 0.372396 0.469444 0.371875 0.469444 0.371354 0.470370 0.370833 0.470370 0.370312 0.471296 0.369271 0.471296 0.368750 0.470370 0.368229 0.470370 0.367708 0.471296 0.367188 0.471296 0.366667 0.470370 0.366146 0.470370 0.360938 0.461111 0.360938 0.460185 0.354167 0.448148 0.354167 0.447222 0.347917 0.436111 0.347917 0.435185 0.343229 0.426852
0 0.450781 0.468519 0.079687 0.072222 0.484375 0.432407 0.482812 0.435185 0.482292 0.435185 0.481250 0.437037 0.480729 0.437037 0.479167 0.439815 0.478646 0.439815 0.476042 0.444444 0.475521 0.444444 0.466667 0.460185 0.466146 0.460185 0.464583 0.462963 0.464062 0.462963 0.463021 0.464815 0.462500 0.464815 0.460938 0.467593 0.460417 0.467593 0.458854 0.470370 0.458333 0.470370 0.457292 0.472222 0.456771 0.472222 0.455208 0.475000 0.454688 0.475000 0.453646 0.476852 0.453125 0.476852 0.451562 0.479630 0.451042 0.479630 0.450521 0.480556 0.450000 0.480556 0.449479 0.479630 0.448958 0.479630 0.447917 0.477778 0.447917 0.476852 0.447396 0.477778 0.446875 0.477778 0.445833 0.479630 0.445312 0.479630 0.444271 0.481481 0.443750 0.481481 0.442188 0.484259 0.440625 0.484259 0.440104 0.483333 0.439583 0.483333 0.432292 0.470370 0.432292 0.469444 0.425000 0.456481 0.425000 0.455556 0.415625 0.438889 0.415104 0.438889 0.411979 0.433333 0.410938 0.435185 0.410938 0.437037 0.411458 0.437963 0.411458 0.438889 0.412500 0.440741 0.412500 0.441667 0.417187 0.450000 0.417187 0.450926 0.423438 0.462037 0.423438 0.462963 0.429688 0.474074 0.429688 0.475000 0.435937 0.486111 0.435937 0.487037 0.442188 0.498148 0.442188 0.499074 0.443750 0.501852 0.444271 0.501852 0.445312 0.503704 0.445833 0.503704 0.446354 0.504630 0.446875 0.503704 0.447396 0.503704 0.447917 0.502778 0.448437 0.502778 0.450521 0.499074 0.451042 0.499074 0.452604 0.496296 0.453125 0.496296 0.454688 0.493519 0.455208 0.493519 0.456771 0.490741 0.457292 0.490741 0.463542 0.479630 0.464062 0.479630 0.472917 0.463889 0.473438 0.463889 0.480208 0.451852 0.480729 0.451852 0.482292 0.449074 0.482812 0.449074 0.484375 0.446296 0.484896 0.446296 0.485938 0.444444 0.486458 0.444444 0.488021 0.441667 0.488542 0.441667 0.490104 0.438889 0.490625 0.438889 0.489063 0.436111 0.488542 0.436111 0.487500 0.434259 0.486979 0.434259 0.486458 0.433333 0.485938 0.433333 0.485417 0.432407
0 0.533594 0.481019 0.082812 0.078704 0.572396 0.441667 0.571875 0.442593 0.570312 0.442593 0.569792 0.443519 0.569271 0.443519 0.568229 0.445370 0.567708 0.445370 0.566667 0.447222 0.566146 0.447222 0.565104 0.449074 0.564583 0.449074 0.562500 0.452778 0.561979 0.452778 0.559375 0.457407 0.558854 0.457407 0.555729 0.462963 0.555208 0.462963 0.551042 0.470370 0.550521 0.470370 0.545312 0.479630 0.544792 0.479630 0.539583 0.488889 0.539062 0.488889 0.538021 0.490741 0.537500 0.490741 0.536979 0.491667 0.536458 0.490741 0.535937 0.490741 0.534375 0.487963 0.534375 0.487037 0.533854 0.486111 0.533854 0.485185 0.534375 0.484259 0.534375 0.483333 0.540625 0.472222 0.540625 0.471296 0.550521 0.453704 0.550521 0.452778 0.555729 0.443519 0.548958 0.455556 0.548438 0.455556 0.542188 0.466667 0.541667 0.466667 0.535417 0.477778 0.534896 0.477778 0.530729 0.485185 0.530208 0.485185 0.529167 0.487037 0.528646 0.487037 0.528125 0.487963 0.527604 0.487963 0.527083 0.487037 0.526563 0.487037 0.523438 0.481481 0.522917 0.481481 0.519792 0.487037 0.517708 0.487037 0.516146 0.484259 0.515625 0.484259 0.513021 0.479630 0.513021 0.478704 0.505208 0.464815 0.505208 0.463889 0.494792 0.445370 0.493229 0.448148 0.492708 0.448148 0.492188 0.449074 0.492188 0.452778 0.492708 0.453704 0.492708 0.454630 0.495312 0.459259 0.495312 0.460185 0.502083 0.472222 0.502083 0.473148 0.509896 0.487037 0.509896 0.487963 0.517188 0.500926 0.517188 0.501852 0.527604 0.520370 0.529687 0.520370 0.530729 0.518519 0.531250 0.518519 0.535417 0.511111 0.535937 0.511111 0.541667 0.500926 0.542188 0.500926 0.547917 0.490741 0.548438 0.490741 0.553646 0.481481 0.554167 0.481481 0.559896 0.471296 0.560417 0.471296 0.567187 0.459259 0.567187 0.458333 0.570312 0.452778 0.570312 0.451852 0.572917 0.447222 0.572917 0.446296 0.575000 0.442593 0.574479 0.442593 0.573958 0.441667
0 0.622396 0.495833 0.082292 0.080556 0.584375 0.455556 0.583854 0.456481 0.583854 0.457407 0.582292 0.460185 0.582292 0.461111 0.581250 0.462963 0.581250 0.465741 0.581771 0.466667 0.581771 0.467593 0.584375 0.472222 0.584375 0.473148 0.591667 0.486111 0.591667 0.487037 0.599479 0.500926 0.599479 0.501852 0.607292 0.515741 0.607292 0.516667 0.618229 0.536111 0.619792 0.536111 0.620313 0.535185 0.620833 0.535185 0.622396 0.532407 0.622917 0.532407 0.625521 0.527778 0.626042 0.527778 0.629687 0.521296 0.630208 0.521296 0.633333 0.515741 0.633854 0.515741 0.637500 0.509259 0.638021 0.509259 0.641667 0.502778 0.642188 0.502778 0.645312 0.497222 0.645833 0.497222 0.649479 0.490741 0.650000 0.490741 0.653646 0.484259 0.654167 0.484259 0.658333 0.476852 0.658854 0.476852 0.658854 0.475926 0.660417 0.473148 0.660417 0.471296 0.660937 0.470370 0.660937 0.468519 0.661458 0.467593 0.661458 0.466667 0.661979 0.465741 0.661979 0.463889 0.662500 0.462963 0.662500 0.461111 0.663021 0.460185 0.663021 0.458333 0.663542 0.457407 0.662500 0.457407 0.661979 0.458333 0.660937 0.458333 0.660417 0.459259 0.659896 0.459259 0.659375 0.460185 0.658854 0.460185 0.658333 0.461111 0.657813 0.461111 0.656771 0.462963 0.656250 0.462963 0.654687 0.465741 0.654167 0.465741 0.652604 0.468519 0.652083 0.468519 0.650000 0.472222 0.649479 0.472222 0.647396 0.475926 0.646875 0.475926 0.644271 0.480556 0.643750 0.480556 0.640625 0.486111 0.640104 0.486111 0.636979 0.491667 0.636458 0.491667 0.632812 0.498148 0.632292 0.498148 0.629167 0.503704 0.628646 0.503704 0.627083 0.506481 0.626563 0.506481 0.626042 0.507407 0.625521 0.507407 0.625000 0.506481 0.624479 0.506481 0.622917 0.503704 0.622917 0.500000 0.623437 0.499074 0.623437 0.498148 0.623958 0.497222 0.623958 0.496296 0.624479 0.495370 0.624479 0.494444 0.625000 0.493519 0.625000 0.492593 0.625521 0.491667 0.625000 0.492593 0.624479 0.492593 0.622917 0.495370 0.622396 0.495370 0.621875 0.496296 0.621354 0.496296 0.620833 0.497222 0.620313 0.497222 0.619271 0.495370 0.618750 0.495370 0.614583 0.487963 0.614062 0.487963 0.614062 0.488889 0.613021 0.490741 0.613021 0.491667 0.612500 0.492593 0.612500 0.493519 0.611979 0.494444 0.611979 0.495370 0.610417 0.498148 0.608333 0.498148 0.607812 0.497222 0.607292 0.497222 0.599479 0.483333 0.599479 0.482407
0 0.717969 0.515741 0.080729 0.077778 0.678125 0.476852 0.678125 0.478704 0.677604 0.479630 0.677604 0.485185 0.679167 0.487963 0.679167 0.488889 0.684375 0.498148 0.684375 0.499074 0.692187 0.512963 0.692187 0.513889 0.699479 0.526852 0.699479 0.527778 0.707292 0.541667 0.707292 0.542593 0.713542 0.553704 0.714063 0.553704 0.714583 0.554630 0.716146 0.554630 0.717187 0.552778 0.717708 0.552778 0.718750 0.550926 0.719271 0.550926 0.721354 0.547222 0.721875 0.547222 0.724479 0.542593 0.725000 0.542593 0.727604 0.537963 0.728125 0.537963 0.730729 0.533333 0.731250 0.533333 0.733333 0.529630 0.733854 0.529630 0.736458 0.525000 0.736979 0.525000 0.739583 0.520370 0.740104 0.520370 0.742708 0.515741 0.743229 0.515741 0.745313 0.512037 0.745833 0.512037 0.748437 0.507407 0.748958 0.507407 0.751563 0.502778 0.752083 0.502778 0.754687 0.498148 0.755208 0.498148 0.758333 0.492593 0.758333 0.486111 0.757812 0.485185 0.757812 0.479630 0.756771 0.481481 0.756250 0.481481 0.753646 0.486111 0.753125 0.486111 0.750521 0.490741 0.750000 0.490741 0.747396 0.495370 0.746875 0.495370 0.744271 0.500000 0.743750 0.500000 0.741146 0.504630 0.740625 0.504630 0.738021 0.509259 0.737500 0.509259 0.735417 0.512963 0.734896 0.512963 0.732292 0.517593 0.731771 0.517593 0.729167 0.522222 0.728646 0.522222 0.726042 0.526852 0.725521 0.526852 0.723958 0.529630 0.723437 0.529630 0.722917 0.530556 0.722396 0.530556 0.721875 0.531481 0.721354 0.531481 0.720833 0.530556 0.720313 0.530556 0.719792 0.529630 0.719271 0.529630 0.715104 0.522222 0.715104 0.521296 0.707292 0.507407 0.707292 0.506481 0.704167 0.500926 0.704167 0.504630 0.703646 0.505556 0.703646 0.511111 0.702083 0.513889 0.701562 0.513889 0.701042 0.514815 0.700521 0.514815 0.700000 0.513889 0.698958 0.513889 0.690104 0.498148 0.690104 0.497222 0.678646 0.476852
0 0.341146 0.438426 0.071875 0.063889 0.377083 0.462037 0.376563 0.462963 0.376042 0.462963 0.375521 0.463889 0.375000 0.463889 0.374479 0.464815 0.373958 0.464815 0.373437 0.465741 0.372917 0.465741 0.371875 0.467593 0.371354 0.467593 0.370833 0.468519 0.370312 0.468519 0.369792 0.469444 0.369271 0.469444 0.369271 0.470370 0.370312 0.470370 0.370833 0.469444 0.371354 0.469444 0.371875 0.468519 0.372396 0.468519 0.372917 0.467593 0.373437 0.467593 0.373958 0.466667 0.374479 0.466667
0 0.413802 0.444907 0.080729 0.076852 0.412500 0.406481 0.411979 0.407407 0.411458 0.407407 0.410938 0.408333 0.410417 0.408333 0.409896 0.409259 0.409375 0.409259 0.408854 0.410185 0.408333 0.410185 0.407813 0.411111 0.407292 0.411111 0.406771 0.412037 0.406250 0.412037 0.404687 0.414815 0.404167 0.414815 0.374479 0.467593 0.374479 0.468519 0.373437 0.470370 0.373437 0.473148 0.375000 0.475926 0.376563 0.475926 0.377083 0.475000 0.377604 0.475000 0.378646 0.473148 0.379167 0.473148 0.379688 0.472222 0.380208 0.472222 0.380729 0.471296 0.381250 0.471296 0.382292 0.469444 0.382812 0.469444 0.383333 0.468519 0.383854 0.468519 0.384375 0.467593 0.384896 0.467593 0.393229 0.452778 0.393750 0.452778 0.404167 0.434259 0.404687 0.434259 0.405208 0.433333 0.405729 0.433333 0.406250 0.432407 0.406771 0.432407 0.407813 0.430556 0.408333 0.430556 0.408854 0.429630 0.409375 0.430556 0.409896 0.430556 0.410417 0.431481 0.410938 0.431481 0.411458 0.432407 0.411979 0.432407 0.415104 0.437963 0.415625 0.437963 0.425521 0.455556 0.425521 0.456481 0.432812 0.469444 0.432812 0.470370 0.439583 0.482407 0.440104 0.482407 0.440625 0.483333 0.442188 0.483333 0.443750 0.480556 0.444271 0.480556 0.445312 0.478704 0.445833 0.478704 0.446875 0.476852 0.447396 0.476852 0.447396 0.473148 0.454167 0.461111 0.453125 0.462963 0.452604 0.462963 0.451042 0.465741 0.450521 0.465741 0.449479 0.467593 0.448958 0.467593 0.447917 0.469444 0.446875 0.469444 0.446354 0.468519 0.445833 0.468519 0.438021 0.454630 0.438021 0.453704 0.430729 0.440741 0.430729 0.439815 0.423958 0.427778 0.423958 0.426852 0.416667 0.413889 0.416667 0.412963 0.413021 0.406481
0 0.485417 0.444444 0.075000 0.083333 0.491667 0.402778 0.490625 0.404630 0.490104 0.404630 0.489063 0.406481 0.488542 0.406481 0.487500 0.408333 0.486979 0.408333 0.485938 0.410185 0.485417 0.410185 0.484375 0.412037 0.483854 0.412037 0.482812 0.413889 0.482292 0.413889 0.478646 0.420370 0.478125 0.420370 0.463021 0.447222 0.462500 0.447222 0.447917 0.473148 0.447917 0.475926 0.448437 0.476852 0.448437 0.477778 0.448958 0.478704 0.449479 0.478704 0.450000 0.479630 0.450521 0.479630 0.451042 0.478704 0.451562 0.478704 0.453125 0.475926 0.453646 0.475926 0.454688 0.474074 0.455208 0.474074 0.456771 0.471296 0.457292 0.471296 0.458333 0.469444 0.458854 0.469444 0.460417 0.466667 0.460938 0.466667 0.462500 0.463889 0.463021 0.463889 0.464062 0.462037 0.464583 0.462037 0.466146 0.459259 0.466667 0.459259 0.475521 0.443519 0.476042 0.443519 0.478646 0.438889 0.479167 0.438889 0.480729 0.436111 0.481250 0.436111 0.482292 0.434259 0.482812 0.434259 0.484375 0.431481 0.485417 0.431481 0.485938 0.432407 0.486458 0.432407 0.486979 0.433333 0.487500 0.433333 0.488542 0.435185 0.489063 0.435185 0.491146 0.438889 0.491667 0.438889 0.505729 0.463889 0.505729 0.464815 0.513542 0.478704 0.513542 0.479630 0.515625 0.483333 0.516146 0.483333 0.517708 0.486111 0.519792 0.486111 0.522917 0.480556 0.519792 0.475000 0.519792 0.474074 0.511979 0.460185 0.511979 0.459259 0.504687 0.446296 0.504687 0.445370 0.496875 0.431481 0.496875 0.430556 0.491667 0.421296 0.491667 0.420370 0.490625 0.418519 0.490625 0.414815 0.492188 0.412037 0.492708 0.412037 0.494271 0.409259 0.494792 0.409259 0.495312 0.408333 0.495312 0.407407 0.494271 0.405556 0.493750 0.405556 0.492188 0.402778
0 0.574219 0.451389 0.079687 0.091667 0.577083 0.405556 0.575000 0.409259 0.575000 0.410185 0.566146 0.425926 0.566146 0.426852 0.563542 0.431481 0.563021 0.431481 0.551042 0.452778 0.551042 0.453704 0.541146 0.471296 0.541146 0.472222 0.534896 0.483333 0.534896 0.484259 0.534375 0.485185 0.534375 0.486111 0.534896 0.487037 0.534896 0.487963 0.535937 0.489815 0.536458 0.489815 0.536979 0.490741 0.537500 0.489815 0.538021 0.489815 0.539062 0.487963 0.539583 0.487963 0.544792 0.478704 0.545312 0.478704 0.550521 0.469444 0.551042 0.469444 0.555208 0.462037 0.555729 0.462037 0.558854 0.456481 0.559375 0.456481 0.561979 0.451852 0.562500 0.451852 0.564583 0.448148 0.565104 0.448148 0.566146 0.446296 0.566667 0.446296 0.567708 0.444444 0.568229 0.444444 0.569271 0.442593 0.569792 0.442593 0.570312 0.441667 0.571875 0.441667 0.572396 0.440741 0.573958 0.440741 0.574479 0.441667 0.575521 0.441667 0.576042 0.442593 0.576562 0.442593 0.577604 0.444444 0.578125 0.444444 0.579688 0.447222 0.580208 0.447222 0.600000 0.482407 0.600000 0.483333 0.607292 0.496296 0.607812 0.496296 0.608333 0.497222 0.610417 0.497222 0.611458 0.495370 0.611458 0.494444 0.611979 0.493519 0.611979 0.492593 0.612500 0.491667 0.612500 0.490741 0.613542 0.488889 0.613542 0.487963 0.614062 0.487037 0.613021 0.485185 0.613021 0.484259 0.605208 0.470370 0.605208 0.469444 0.597396 0.455556 0.597396 0.454630 0.589583 0.440741 0.589583 0.439815 0.584375 0.430556 0.584375 0.429630 0.582812 0.426852 0.582812 0.425926 0.582292 0.425000 0.582292 0.424074 0.582812 0.423148 0.582812 0.422222 0.584896 0.418519 0.584896 0.417593 0.585417 0.416667 0.582812 0.412037 0.582292 0.412037 0.579688 0.407407 0.579167 0.407407 0.578125 0.405556
0 0.663542 0.465278 0.080208 0.097222 0.665625 0.416667 0.665625 0.418519 0.665104 0.419444 0.665104 0.420370 0.664583 0.421296 0.664583 0.423148 0.664062 0.424074 0.664062 0.425000 0.663542 0.425926 0.663542 0.427778 0.663021 0.428704 0.663021 0.430556 0.662500 0.431481 0.662500 0.432407 0.661458 0.434259 0.661458 0.435185 0.659896 0.437963 0.659375 0.437963 0.655208 0.445370 0.654687 0.445370 0.650521 0.452778 0.650000 0.452778 0.646354 0.459259 0.645833 0.459259 0.642188 0.465741 0.641667 0.465741 0.637500 0.473148 0.636979 0.473148 0.633333 0.479630 0.632812 0.479630 0.628646 0.487037 0.628125 0.487037 0.626042 0.490741 0.626042 0.491667 0.625521 0.492593 0.625521 0.493519 0.625000 0.494444 0.625000 0.495370 0.624479 0.496296 0.624479 0.497222 0.623958 0.498148 0.623958 0.499074 0.623437 0.500000 0.623437 0.503704 0.624479 0.505556 0.625000 0.505556 0.625521 0.506481 0.626042 0.506481 0.626563 0.505556 0.627083 0.505556 0.628646 0.502778 0.629167 0.502778 0.632292 0.497222 0.632812 0.497222 0.636458 0.490741 0.636979 0.490741 0.640104 0.485185 0.640625 0.485185 0.643750 0.479630 0.644271 0.479630 0.646875 0.475000 0.647396 0.475000 0.649479 0.471296 0.650000 0.471296 0.652083 0.467593 0.652604 0.467593 0.654167 0.464815 0.654687 0.464815 0.656250 0.462037 0.656771 0.462037 0.657813 0.460185 0.658333 0.460185 0.658854 0.459259 0.659375 0.459259 0.659896 0.458333 0.660417 0.458333 0.660937 0.457407 0.661979 0.457407 0.662500 0.456481 0.665625 0.456481 0.666146 0.457407 0.666667 0.457407 0.667188 0.458333 0.667708 0.458333 0.668750 0.460185 0.669271 0.460185 0.670833 0.462963 0.671354 0.462963 0.690625 0.497222 0.690625 0.498148 0.698958 0.512963 0.700000 0.512963 0.700521 0.513889 0.701042 0.513889 0.701562 0.512963 0.702083 0.512963 0.703125 0.511111 0.703125 0.505556 0.703646 0.504630 0.703646 0.500000 0.700000 0.493519 0.700000 0.492593 0.692187 0.478704 0.692187 0.477778 0.685417 0.465741 0.685417 0.464815 0.683333 0.461111 0.683333 0.460185 0.682813 0.459259 0.682813 0.455556 0.683333 0.454630 0.683333 0.451852 0.683854 0.450926 0.683854 0.448148 0.684375 0.447222 0.684375 0.444444 0.684896 0.443519 0.674479 0.425000 0.673958 0.425000 0.671354 0.420370 0.670833 0.420370 0.669792 0.418519 0.669271 0.418519 0.668750 0.417593 0.668229 0.417593 0.667708 0.416667
0 0.373958 0.430556 0.083333 0.079630 0.344792 0.390741 0.344271 0.391667 0.343229 0.391667 0.342708 0.392593 0.342187 0.392593 0.341667 0.393519 0.340625 0.393519 0.340104 0.394444 0.339583 0.394444 0.339062 0.395370 0.338021 0.395370 0.337500 0.396296 0.336458 0.396296 0.335938 0.397222 0.335417 0.397222 0.334896 0.398148 0.333854 0.398148 0.333333 0.399074 0.332813 0.399074 0.332292 0.400000 0.332292 0.403704 0.332813 0.404630 0.332813 0.405556 0.335417 0.410185 0.335417 0.411111 0.341667 0.422222 0.341667 0.423148 0.348438 0.435185 0.348438 0.436111 0.354687 0.447222 0.354687 0.448148 0.361458 0.460185 0.361458 0.461111 0.366146 0.469444 0.366667 0.469444 0.367188 0.470370 0.367708 0.470370 0.368229 0.469444 0.368750 0.469444 0.369271 0.468519 0.369792 0.468519 0.370312 0.467593 0.370833 0.467593 0.371354 0.466667 0.371875 0.466667 0.372917 0.464815 0.373437 0.464815 0.373958 0.463889 0.374479 0.463889 0.375000 0.462963 0.375521 0.462963 0.376042 0.462037 0.376563 0.462037 0.377083 0.461111 0.377604 0.461111 0.404167 0.413889 0.404687 0.413889 0.406250 0.411111 0.406771 0.411111 0.407292 0.410185 0.407813 0.410185 0.408333 0.409259 0.408854 0.409259 0.409375 0.408333 0.409896 0.408333 0.410417 0.407407 0.410938 0.407407 0.411458 0.406481 0.411979 0.406481 0.412500 0.405556 0.412500 0.404630 0.411458 0.402778 0.411458 0.401852 0.410938 0.400926 0.410938 0.400000 0.411458 0.399074 0.411458 0.398148 0.411979 0.397222 0.412500 0.397222 0.413021 0.396296 0.413542 0.396296 0.414062 0.395370 0.414583 0.395370 0.415104 0.394444 0.415625 0.394444 0.415104 0.393519 0.414583 0.393519 0.414062 0.392593 0.412500 0.392593 0.411979 0.393519 0.411458 0.393519 0.410938 0.394444 0.410417 0.394444 0.409896 0.395370 0.409375 0.395370 0.408854 0.396296 0.408333 0.396296 0.407813 0.397222 0.407292 0.397222 0.406771 0.398148 0.406250 0.398148 0.405729 0.399074 0.404687 0.399074 0.404167 0.400000 0.403646 0.400000 0.403125 0.400926 0.402604 0.400926 0.402083 0.401852 0.401562 0.401852 0.401042 0.402778 0.400521 0.402778 0.400000 0.403704 0.399479 0.403704 0.398958 0.404630 0.398438 0.404630 0.382812 0.432407 0.382292 0.432407 0.379167 0.437963 0.378646 0.437963 0.377083 0.435185 0.377083 0.431481 0.378646 0.428704 0.378125 0.429630 0.377604 0.429630 0.377083 0.430556 0.376563 0.430556 0.376042 0.431481 0.375521 0.431481 0.375000 0.432407 0.374479 0.432407 0.373958 0.433333 0.373437 0.433333 0.372917 0.434259 0.372396 0.434259 0.371875 0.435185 0.370312 0.435185 0.368229 0.431481 0.367708 0.431481 0.366667 0.429630 0.366667 0.428704 0.358854 0.414815 0.358854 0.413889 0.345833 0.390741
0 0.451562 0.431944 0.080208 0.073148 0.415104 0.395370 0.414583 0.396296 0.414062 0.396296 0.413542 0.397222 0.413021 0.397222 0.412500 0.398148 0.411979 0.398148 0.411979 0.399074 0.411458 0.400000 0.411458 0.400926 0.411979 0.401852 0.411979 0.402778 0.413021 0.404630 0.413021 0.405556 0.417187 0.412963 0.417187 0.413889 0.424479 0.426852 0.424479 0.427778 0.431250 0.439815 0.431250 0.440741 0.438542 0.453704 0.438542 0.454630 0.445833 0.467593 0.446354 0.467593 0.446875 0.468519 0.447917 0.468519 0.448958 0.466667 0.449479 0.466667 0.450521 0.464815 0.451042 0.464815 0.452604 0.462037 0.453125 0.462037 0.454167 0.460185 0.454688 0.460185 0.462500 0.446296 0.463021 0.446296 0.478125 0.419444 0.478646 0.419444 0.482292 0.412963 0.482812 0.412963 0.483854 0.411111 0.484375 0.411111 0.485417 0.409259 0.485938 0.409259 0.486979 0.407407 0.487500 0.407407 0.488542 0.405556 0.489063 0.405556 0.490104 0.403704 0.490625 0.403704 0.491667 0.401852 0.490625 0.400000 0.490104 0.400000 0.488542 0.397222 0.488021 0.397222 0.487500 0.396296 0.486979 0.396296 0.486458 0.395370 0.485938 0.395370 0.484896 0.397222 0.484375 0.397222 0.483333 0.399074 0.482812 0.399074 0.482292 0.400000 0.481771 0.400000 0.480729 0.401852 0.480208 0.401852 0.478646 0.404630 0.478125 0.404630 0.467187 0.424074 0.466667 0.424074 0.462500 0.431481 0.461979 0.431481 0.460938 0.433333 0.460417 0.433333 0.459375 0.435185 0.458854 0.435185 0.457813 0.437037 0.457292 0.437037 0.456771 0.437963 0.456250 0.437963 0.455208 0.439815 0.454688 0.439815 0.453646 0.441667 0.453125 0.441667 0.452083 0.443519 0.451562 0.443519 0.451042 0.444444 0.450521 0.443519 0.450000 0.443519 0.448437 0.440741 0.447396 0.442593 0.446875 0.442593 0.445833 0.444444 0.443750 0.444444 0.433854 0.426852 0.433854 0.425926 0.417187 0.396296 0.416667 0.396296 0.416146 0.395370
0 0.534115 0.442130 0.085938 0.089815 0.561979 0.397222 0.556771 0.406481 0.556250 0.406481 0.548438 0.420370 0.547917 0.420370 0.540104 0.434259 0.539583 0.434259 0.532292 0.447222 0.531771 0.447222 0.528125 0.453704 0.527604 0.453704 0.527083 0.454630 0.526563 0.454630 0.526042 0.455556 0.525521 0.454630 0.525000 0.454630 0.524479 0.453704 0.523958 0.453704 0.521354 0.449074 0.520833 0.449074 0.520312 0.450000 0.518750 0.450000 0.517708 0.448148 0.517188 0.448148 0.511979 0.438889 0.511979 0.437963 0.503646 0.423148 0.503646 0.422222 0.495833 0.408333 0.494792 0.410185 0.494271 0.410185 0.492708 0.412963 0.492188 0.412963 0.491146 0.414815 0.491146 0.418519 0.492188 0.420370 0.492188 0.421296 0.497396 0.430556 0.497396 0.431481 0.505208 0.445370 0.505208 0.446296 0.512500 0.459259 0.512500 0.460185 0.520312 0.474074 0.520312 0.475000 0.526563 0.486111 0.527083 0.486111 0.527604 0.487037 0.528125 0.487037 0.528646 0.486111 0.529167 0.486111 0.530208 0.484259 0.530729 0.484259 0.534896 0.476852 0.535417 0.476852 0.541667 0.465741 0.542188 0.465741 0.548438 0.454630 0.548958 0.454630 0.555729 0.442593 0.556250 0.442593 0.563021 0.430556 0.563542 0.430556 0.565625 0.426852 0.565625 0.425926 0.574479 0.410185 0.574479 0.409259 0.577083 0.404630 0.576562 0.404630 0.576042 0.403704 0.572396 0.403704 0.571875 0.404630 0.571354 0.404630 0.570833 0.405556 0.570312 0.405556 0.569792 0.406481 0.569271 0.406481 0.568229 0.408333 0.567708 0.408333 0.566667 0.410185 0.566146 0.410185 0.564063 0.413889 0.563542 0.413889 0.560937 0.418519 0.560417 0.418519 0.556771 0.425000 0.556250 0.425000 0.551562 0.433333 0.551042 0.433333 0.544271 0.445370 0.543750 0.445370 0.539583 0.452778 0.539062 0.452778 0.538542 0.453704 0.537500 0.453704 0.536979 0.452778 0.536458 0.452778 0.535417 0.450926 0.535417 0.450000 0.534896 0.449074 0.534896 0.447222 0.535937 0.445370 0.535937 0.444444 0.539583 0.437963 0.540104 0.437963 0.550521 0.419444 0.551042 0.419444 0.560937 0.401852 0.561458 0.401852 0.563021 0.399074 0.563021 0.398148 0.562500 0.398148
0 0.623958 0.456481 0.082292 0.079630 0.663542 0.416667 0.663021 0.417593 0.662500 0.417593 0.661979 0.418519 0.661458 0.418519 0.660937 0.419444 0.660417 0.419444 0.659375 0.421296 0.658854 0.421296 0.657813 0.423148 0.657292 0.423148 0.656250 0.425000 0.655729 0.425000 0.653646 0.428704 0.653125 0.428704 0.651042 0.432407 0.650521 0.432407 0.647917 0.437037 0.647396 0.437037 0.644271 0.442593 0.643750 0.442593 0.640625 0.448148 0.640104 0.448148 0.635938 0.455556 0.635417 0.455556 0.631771 0.462037 0.631250 0.462037 0.629167 0.465741 0.628646 0.465741 0.628125 0.466667 0.627083 0.466667 0.625000 0.462963 0.625000 0.462037 0.624479 0.461111 0.625000 0.460185 0.625000 0.459259 0.625521 0.458333 0.625521 0.457407 0.626042 0.456481 0.626042 0.455556 0.626563 0.454630 0.626563 0.453704 0.627083 0.452778 0.625521 0.455556 0.625000 0.455556 0.623437 0.458333 0.622917 0.458333 0.622396 0.459259 0.621354 0.459259 0.620833 0.458333 0.620313 0.458333 0.615625 0.450000 0.614583 0.451852 0.614583 0.452778 0.613542 0.454630 0.613542 0.455556 0.613021 0.456481 0.613021 0.457407 0.611979 0.459259 0.611458 0.459259 0.610938 0.460185 0.609896 0.460185 0.609375 0.459259 0.608854 0.459259 0.597396 0.438889 0.597396 0.437963 0.585938 0.417593 0.585417 0.417593 0.585417 0.418519 0.583333 0.422222 0.583333 0.423148 0.582812 0.424074 0.582812 0.425000 0.583333 0.425926 0.583333 0.426852 0.584896 0.429630 0.584896 0.430556 0.590104 0.439815 0.590104 0.440741 0.597917 0.454630 0.597917 0.455556 0.605729 0.469444 0.605729 0.470370 0.613542 0.484259 0.613542 0.485185 0.618750 0.494444 0.619271 0.494444 0.620313 0.496296 0.620833 0.496296 0.621354 0.495370 0.621875 0.495370 0.622396 0.494444 0.622917 0.494444 0.624479 0.491667 0.625000 0.491667 0.628125 0.486111 0.628646 0.486111 0.632812 0.478704 0.633333 0.478704 0.636979 0.472222 0.637500 0.472222 0.641667 0.464815 0.642188 0.464815 0.645833 0.458333 0.646354 0.458333 0.650000 0.451852 0.650521 0.451852 0.654687 0.444444 0.655208 0.444444 0.659375 0.437037 0.659896 0.437037 0.660937 0.435185 0.660937 0.434259 0.661979 0.432407 0.661979 0.431481 0.662500 0.430556 0.662500 0.428704 0.663021 0.427778 0.663021 0.425926 0.663542 0.425000 0.663542 0.424074 0.664062 0.423148 0.664062 0.421296 0.664583 0.420370 0.664583 0.419444 0.665104 0.418519 0.665104 0.416667
0 0.724219 0.461111 0.081771 0.138889 0.756250 0.391667 0.755208 0.393519 0.754687 0.393519 0.752083 0.398148 0.751563 0.398148 0.748437 0.403704 0.747917 0.403704 0.745313 0.408333 0.744792 0.408333 0.742188 0.412963 0.741667 0.412963 0.739062 0.417593 0.738542 0.417593 0.736458 0.421296 0.735938 0.421296 0.734375 0.424074 0.733854 0.424074 0.732292 0.426852 0.731771 0.426852 0.730729 0.428704 0.730208 0.428704 0.729167 0.430556 0.728646 0.430556 0.728125 0.431481 0.727604 0.431481 0.727083 0.432407 0.726562 0.432407 0.726042 0.433333 0.722917 0.433333 0.722396 0.432407 0.721875 0.432407 0.721354 0.431481 0.720833 0.431481 0.719792 0.429630 0.719271 0.429630 0.715104 0.422222 0.714583 0.422222 0.709375 0.412963 0.709375 0.412037 0.709375 0.417593 0.708854 0.418519 0.708854 0.424074 0.708333 0.425000 0.708333 0.430556 0.707812 0.431481 0.707812 0.437037 0.707292 0.437963 0.707292 0.443519 0.706771 0.444444 0.706771 0.450000 0.706250 0.450926 0.706250 0.456481 0.705729 0.457407 0.705729 0.462963 0.705208 0.463889 0.705208 0.469444 0.703125 0.473148 0.701562 0.473148 0.701042 0.472222 0.700521 0.472222 0.689063 0.451852 0.689063 0.450926 0.685417 0.444444 0.684896 0.444444 0.684896 0.447222 0.684375 0.448148 0.684375 0.450926 0.683854 0.451852 0.683854 0.454630 0.683333 0.455556 0.683333 0.459259 0.683854 0.460185 0.683854 0.461111 0.685937 0.464815 0.685937 0.465741 0.692708 0.477778 0.692708 0.478704 0.700521 0.492593 0.700521 0.493519 0.707812 0.506481 0.707812 0.507407 0.715625 0.521296 0.715625 0.522222 0.719271 0.528704 0.719792 0.528704 0.720313 0.529630 0.720833 0.529630 0.721354 0.530556 0.721875 0.530556 0.722396 0.529630 0.722917 0.529630 0.723437 0.528704 0.723958 0.528704 0.725521 0.525926 0.726042 0.525926 0.728646 0.521296 0.729167 0.521296 0.731771 0.516667 0.732292 0.516667 0.734896 0.512037 0.735417 0.512037 0.737500 0.508333 0.738021 0.508333 0.740625 0.503704 0.741146 0.503704 0.743750 0.499074 0.744271 0.499074 0.746875 0.494444 0.747396 0.494444 0.750000 0.489815 0.750521 0.489815 0.753125 0.485185 0.753646 0.485185 0.756250 0.480556 0.756771 0.480556 0.759375 0.475926 0.759896 0.475926 0.762500 0.471296 0.763021 0.471296 0.764583 0.468519 0.764583 0.467593 0.765104 0.466667 0.765104 0.460185 0.764583 0.459259 0.764583 0.454630 0.764062 0.453704 0.764062 0.449074 0.763542 0.448148 0.763542 0.443519 0.763021 0.442593 0.763021 0.437037 0.762500 0.436111 0.762500 0.431481 0.761979 0.430556 0.761979 0.425926 0.761458 0.425000 0.761458 0.420370 0.760938 0.419444 0.760938 0.414815 0.760417 0.413889 0.760417 0.409259 0.759896 0.408333 0.759896 0.402778 0.759375 0.401852 0.759375 0.397222 0.758854 0.396296 0.758854 0.393519 0.757812 0.391667
0 0.343750 0.399537 0.073958 0.069444 0.337500 0.364815 0.326562 0.384259 0.326562 0.385185 0.317708 0.400926 0.317708 0.401852 0.309896 0.415741 0.309896 0.416667 0.306771 0.422222 0.306771 0.425926 0.308333 0.428704 0.309375 0.428704 0.317708 0.413889 0.318229 0.413889 0.318750 0.412963 0.319271 0.412963 0.319792 0.412037 0.320312 0.412037 0.320833 0.411111 0.321875 0.411111 0.322396 0.410185 0.322917 0.410185 0.323437 0.409259 0.324479 0.409259 0.325000 0.408333 0.325521 0.408333 0.326042 0.407407 0.327083 0.407407 0.327604 0.406481 0.328125 0.406481 0.328646 0.405556 0.329688 0.405556 0.330208 0.404630 0.330729 0.404630 0.331250 0.403704 0.331771 0.403704 0.331771 0.400000 0.332813 0.398148 0.333333 0.398148 0.333854 0.397222 0.334896 0.397222 0.335417 0.396296 0.335938 0.396296 0.336458 0.395370 0.337500 0.395370 0.338021 0.394444 0.339062 0.394444 0.339583 0.393519 0.340104 0.393519 0.340625 0.392593 0.341667 0.392593 0.342187 0.391667 0.342708 0.391667 0.343229 0.390741 0.344271 0.390741 0.344792 0.389815 0.345833 0.389815 0.359375 0.413889 0.359375 0.414815 0.367188 0.428704 0.367188 0.429630 0.367708 0.430556 0.368229 0.430556 0.370312 0.434259 0.371875 0.434259 0.372396 0.433333 0.372917 0.433333 0.373437 0.432407 0.373958 0.432407 0.374479 0.431481 0.375000 0.431481 0.375521 0.430556 0.376042 0.430556 0.376563 0.429630 0.377083 0.429630 0.377604 0.428704 0.378125 0.428704 0.380729 0.424074 0.380208 0.425000 0.379688 0.425000 0.379167 0.425926 0.378646 0.425926 0.378125 0.426852 0.377604 0.426852 0.377083 0.427778 0.376563 0.427778 0.376042 0.428704 0.375521 0.428704 0.375000 0.429630 0.374479 0.429630 0.373958 0.430556 0.373437 0.430556 0.372917 0.429630 0.372396 0.429630 0.365104 0.416667 0.365104 0.415741 0.358333 0.403704 0.358333 0.402778 0.351562 0.390741 0.351562 0.389815 0.344271 0.376852 0.344271 0.375926 0.339583 0.367593 0.339583 0.366667 0.338542 0.364815
0 0.415365 0.407870 0.075521 0.071296 0.410938 0.372222 0.410417 0.373148 0.409896 0.373148 0.379167 0.427778 0.379167 0.428704 0.377604 0.431481 0.377604 0.435185 0.378646 0.437037 0.379167 0.437037 0.382292 0.431481 0.382812 0.431481 0.398438 0.403704 0.398958 0.403704 0.399479 0.402778 0.400000 0.402778 0.400521 0.401852 0.401042 0.401852 0.401562 0.400926 0.402083 0.400926 0.402604 0.400000 0.403125 0.400000 0.403646 0.399074 0.404167 0.399074 0.404687 0.398148 0.405729 0.398148 0.406250 0.397222 0.406771 0.397222 0.407292 0.396296 0.407813 0.396296 0.408333 0.395370 0.408854 0.395370 0.409375 0.394444 0.409896 0.394444 0.410417 0.393519 0.410938 0.393519 0.411458 0.392593 0.411979 0.392593 0.412500 0.391667 0.414062 0.391667 0.414583 0.392593 0.415104 0.392593 0.416667 0.395370 0.417187 0.395370 0.434375 0.425926 0.434375 0.426852 0.443750 0.443519 0.445833 0.443519 0.446875 0.441667 0.447396 0.441667 0.448437 0.439815 0.447917 0.438889 0.447917 0.437963 0.448437 0.437037 0.448437 0.436111 0.453125 0.427778 0.452083 0.429630 0.451562 0.429630 0.450521 0.431481 0.450000 0.431481 0.449479 0.432407 0.448958 0.432407 0.447917 0.434259 0.447396 0.434259 0.446875 0.435185 0.445312 0.435185 0.436458 0.419444 0.436458 0.418519 0.429167 0.405556 0.429167 0.404630 0.421875 0.391667 0.421875 0.390741 0.414583 0.377778 0.414583 0.376852 0.411979 0.372222
0 0.491406 0.387963 0.085938 0.122222 0.531250 0.326852 0.530729 0.327778 0.530208 0.327778 0.529687 0.328704 0.529167 0.328704 0.528125 0.330556 0.527604 0.330556 0.527083 0.331481 0.526563 0.331481 0.526042 0.332407 0.525521 0.332407 0.524479 0.334259 0.523958 0.334259 0.523438 0.335185 0.522917 0.335185 0.521875 0.337037 0.521354 0.337037 0.520833 0.337963 0.520312 0.337963 0.519792 0.338889 0.519271 0.338889 0.518229 0.340741 0.517708 0.340741 0.517188 0.341667 0.516667 0.341667 0.515625 0.343519 0.515104 0.343519 0.514583 0.344444 0.514062 0.344444 0.513542 0.345370 0.513021 0.345370 0.511979 0.347222 0.511458 0.347222 0.510938 0.348148 0.510417 0.348148 0.509375 0.350000 0.508854 0.350000 0.508333 0.350926 0.507812 0.350926 0.507292 0.351852 0.506771 0.351852 0.505729 0.353704 0.505208 0.353704 0.504687 0.354630 0.504167 0.354630 0.503125 0.356481 0.502604 0.356481 0.502083 0.357407 0.501563 0.357407 0.501042 0.358333 0.500521 0.358333 0.499479 0.360185 0.498958 0.360185 0.498437 0.361111 0.497917 0.361111 0.496875 0.362963 0.496354 0.362963 0.495833 0.363889 0.495312 0.363889 0.494792 0.364815 0.494271 0.364815 0.493229 0.366667 0.492708 0.366667 0.492188 0.367593 0.491667 0.367593 0.491146 0.368519 0.490625 0.368519 0.489583 0.370370 0.489063 0.370370 0.488542 0.371296 0.488021 0.371296 0.486979 0.373148 0.486458 0.373148 0.485938 0.374074 0.485417 0.374074 0.484896 0.375000 0.484375 0.375000 0.483333 0.376852 0.482812 0.376852 0.470313 0.399074 0.469792 0.399074 0.448958 0.436111 0.448958 0.437037 0.448437 0.437963 0.448437 0.438889 0.448958 0.439815 0.448958 0.440741 0.450000 0.442593 0.450521 0.442593 0.451042 0.443519 0.451562 0.442593 0.452083 0.442593 0.453125 0.440741 0.453646 0.440741 0.454688 0.438889 0.455208 0.438889 0.456250 0.437037 0.456771 0.437037 0.457292 0.436111 0.457813 0.436111 0.458854 0.434259 0.459375 0.434259 0.460417 0.432407 0.460938 0.432407 0.461979 0.430556 0.462500 0.430556 0.466667 0.423148 0.467187 0.423148 0.478125 0.403704 0.478646 0.403704 0.480208 0.400926 0.480729 0.400926 0.481771 0.399074 0.482292 0.399074 0.482812 0.398148 0.483333 0.398148 0.484375 0.396296 0.484896 0.396296 0.485938 0.394444 0.486458 0.394444 0.486979 0.395370 0.487500 0.395370 0.488021 0.396296 0.488542 0.396296 0.490104 0.399074 0.490625 0.399074 0.493750 0.404630 0.494271 0.404630 0.504167 0.422222 0.504167 0.423148 0.512500 0.437963 0.512500 0.438889 0.517188 0.447222 0.517708 0.447222 0.518750 0.449074 0.520312 0.449074 0.520833 0.448148 0.519271 0.445370 0.519271 0.444444 0.511458 0.430556 0.511458 0.429630 0.504167 0.416667 0.504167 0.415741 0.496354 0.401852 0.496354 0.400926 0.490104 0.389815 0.490104 0.388889 0.488542 0.386111 0.488542 0.385185 0.488021 0.384259 0.488021 0.381481 0.490104 0.377778 0.490625 0.377778 0.491146 0.376852 0.491667 0.376852 0.492708 0.375000 0.493229 0.375000 0.493750 0.374074 0.494271 0.374074 0.495312 0.372222 0.495833 0.372222 0.496875 0.370370 0.497396 0.370370 0.497917 0.369444 0.498437 0.369444 0.499479 0.367593 0.500000 0.367593 0.501042 0.365741 0.501563 0.365741 0.502083 0.364815 0.502604 0.364815 0.503646 0.362963 0.504167 0.362963 0.504687 0.362037 0.505208 0.362037 0.506250 0.360185 0.506771 0.360185 0.507812 0.358333 0.508333 0.358333 0.508854 0.357407 0.509375 0.357407 0.510417 0.355556 0.510938 0.355556 0.511458 0.354630 0.511979 0.354630 0.513021 0.352778 0.513542 0.352778 0.514583 0.350926 0.515104 0.350926 0.515625 0.350000 0.516146 0.350000 0.517188 0.348148 0.517708 0.348148 0.518750 0.346296 0.519271 0.346296 0.519792 0.345370 0.520312 0.345370 0.521354 0.343519 0.521875 0.343519 0.522396 0.342593 0.522917 0.342593 0.523958 0.340741 0.524479 0.340741 0.525521 0.338889 0.526042 0.338889 0.526563 0.337963 0.527083 0.337963 0.528125 0.336111 0.528646 0.336111 0.529167 0.335185 0.529687 0.335185 0.530729 0.333333 0.531250 0.333333 0.532292 0.331481 0.532813 0.331481 0.533333 0.330556 0.533854 0.330556 0.534375 0.329630 0.533333 0.327778 0.532813 0.327778 0.532292 0.326852
0 0.575260 0.394907 0.079687 0.128704 0.605208 0.330556 0.604688 0.331481 0.604167 0.331481 0.603646 0.332407 0.603125 0.332407 0.597396 0.342593 0.596875 0.342593 0.589583 0.355556 0.589063 0.355556 0.581250 0.369444 0.580729 0.369444 0.572396 0.384259 0.571875 0.384259 0.561458 0.402778 0.560937 0.402778 0.551042 0.420370 0.550521 0.420370 0.540104 0.438889 0.539583 0.438889 0.536458 0.444444 0.536458 0.445370 0.535417 0.447222 0.535417 0.449074 0.535937 0.450000 0.535937 0.450926 0.536458 0.451852 0.536979 0.451852 0.537500 0.452778 0.538542 0.452778 0.539062 0.451852 0.539583 0.451852 0.543750 0.444444 0.544271 0.444444 0.551042 0.432407 0.551562 0.432407 0.556250 0.424074 0.556771 0.424074 0.560417 0.417593 0.560937 0.417593 0.563542 0.412963 0.564063 0.412963 0.566146 0.409259 0.566667 0.409259 0.567708 0.407407 0.568229 0.407407 0.569271 0.405556 0.569792 0.405556 0.570312 0.404630 0.570833 0.404630 0.571354 0.403704 0.571875 0.403704 0.572396 0.402778 0.576042 0.402778 0.576562 0.403704 0.577083 0.403704 0.577604 0.404630 0.578125 0.404630 0.579167 0.406481 0.579688 0.406481 0.582292 0.411111 0.582812 0.411111 0.597917 0.437963 0.597917 0.438889 0.608854 0.458333 0.609375 0.458333 0.609896 0.459259 0.610938 0.459259 0.611458 0.458333 0.611979 0.458333 0.612500 0.457407 0.612500 0.456481 0.613021 0.455556 0.613021 0.454630 0.614062 0.452778 0.614062 0.451852 0.615104 0.450000 0.615104 0.449074 0.612500 0.444444 0.612500 0.443519 0.605208 0.430556 0.605208 0.429630 0.597396 0.415741 0.597396 0.414815 0.589583 0.400926 0.589583 0.400000 0.584896 0.391667 0.584896 0.390741 0.583854 0.388889 0.583854 0.387963 0.583333 0.387037 0.583333 0.386111 0.583854 0.385185 0.583854 0.384259 0.590625 0.372222 0.590625 0.371296 0.605208 0.345370 0.605208 0.344444 0.609375 0.337037 0.605729 0.330556
0 0.667448 0.406481 0.084896 0.131481 0.678646 0.340741 0.678125 0.341667 0.677604 0.341667 0.675000 0.346296 0.675000 0.348148 0.674479 0.349074 0.674479 0.350000 0.673958 0.350926 0.673958 0.351852 0.673438 0.352778 0.673438 0.354630 0.672917 0.355556 0.672917 0.356481 0.672396 0.357407 0.672396 0.358333 0.671875 0.359259 0.671875 0.360185 0.671354 0.361111 0.671354 0.362963 0.670833 0.363889 0.670833 0.364815 0.670312 0.365741 0.670312 0.366667 0.669792 0.367593 0.669792 0.369444 0.669271 0.370370 0.669271 0.371296 0.668750 0.372222 0.668750 0.373148 0.668229 0.374074 0.668229 0.375000 0.667708 0.375926 0.667708 0.377778 0.667188 0.378704 0.667188 0.379630 0.666667 0.380556 0.666667 0.381481 0.666146 0.382407 0.666146 0.384259 0.665625 0.385185 0.665625 0.386111 0.665104 0.387037 0.665104 0.387963 0.664583 0.388889 0.664583 0.389815 0.664062 0.390741 0.664062 0.392593 0.663542 0.393519 0.663542 0.394444 0.657813 0.404630 0.657292 0.404630 0.653125 0.412037 0.652604 0.412037 0.648438 0.419444 0.647917 0.419444 0.643750 0.426852 0.643229 0.426852 0.639062 0.434259 0.638542 0.434259 0.633854 0.442593 0.633333 0.442593 0.629167 0.450000 0.628646 0.450000 0.627604 0.451852 0.627604 0.452778 0.627083 0.453704 0.627083 0.454630 0.626563 0.455556 0.626563 0.456481 0.626042 0.457407 0.626042 0.458333 0.625521 0.459259 0.625521 0.460185 0.625000 0.461111 0.625521 0.462037 0.625521 0.462963 0.627083 0.465741 0.628125 0.465741 0.628646 0.464815 0.629167 0.464815 0.631250 0.461111 0.631771 0.461111 0.635417 0.454630 0.635938 0.454630 0.640104 0.447222 0.640625 0.447222 0.643750 0.441667 0.644271 0.441667 0.647396 0.436111 0.647917 0.436111 0.650521 0.431481 0.651042 0.431481 0.653125 0.427778 0.653646 0.427778 0.655729 0.424074 0.656250 0.424074 0.657292 0.422222 0.657813 0.422222 0.658854 0.420370 0.659375 0.420370 0.660417 0.418519 0.660937 0.418519 0.661458 0.417593 0.661979 0.417593 0.662500 0.416667 0.663021 0.416667 0.663542 0.415741 0.667708 0.415741 0.668229 0.416667 0.668750 0.416667 0.669271 0.417593 0.669792 0.417593 0.670833 0.419444 0.671354 0.419444 0.673958 0.424074 0.674479 0.424074 0.689583 0.450926 0.689583 0.451852 0.700521 0.471296 0.701042 0.471296 0.701562 0.472222 0.703125 0.472222 0.704688 0.469444 0.704688 0.463889 0.705208 0.462963 0.705208 0.457407 0.705729 0.456481 0.705729 0.450926 0.706250 0.450000 0.706250 0.444444 0.706771 0.443519 0.706771 0.437963 0.707292 0.437037 0.707292 0.431481 0.707812 0.430556 0.707812 0.425000 0.708333 0.424074 0.708333 0.418519 0.708854 0.417593 0.708854 0.412037 0.709375 0.411111 0.709375 0.405556 0.709896 0.404630 0.709896 0.397222 0.708333 0.394444 0.708333 0.393519 0.702083 0.382407 0.702083 0.381481 0.694271 0.367593 0.694271 0.366667 0.686979 0.353704 0.686979 0.352778 0.680729 0.341667 0.680208 0.341667 0.679688 0.340741