0 0.302083 0.535648 0.077083 0.069444 0.268750 0.500926 0.268229 0.501852 0.267708 0.501852 0.267188 0.502778 0.266667 0.502778 0.266146 0.503704 0.265104 0.503704 0.264583 0.504630 0.264062 0.504630 0.263542 0.505556 0.263542 0.510185 0.264062 0.511111 0.264062 0.512037 0.270833 0.524074 0.270833 0.525000 0.288021 0.555556 0.288021 0.556481 0.295312 0.569444 0.295833 0.569444 0.296354 0.570370 0.302083 0.570370 0.302604 0.569444 0.303125 0.569444 0.304167 0.567593 0.304688 0.567593 0.305208 0.566667 0.305729 0.566667 0.306771 0.564815 0.307292 0.564815 0.307812 0.563889 0.308333 0.563889 0.309375 0.562037 0.309896 0.562037 0.310417 0.561111 0.310937 0.561111 0.311979 0.559259 0.312500 0.559259 0.313542 0.557407 0.314063 0.557407 0.314583 0.556481 0.315104 0.556481 0.316146 0.554630 0.316667 0.554630 0.317188 0.553704 0.317708 0.553704 0.318750 0.551852 0.319271 0.551852 0.319792 0.550926 0.320312 0.550926 0.321354 0.549074 0.321875 0.549074 0.322917 0.547222 0.323437 0.547222 0.323958 0.546296 0.324479 0.546296 0.325521 0.544444 0.326042 0.544444 0.326562 0.543519 0.327083 0.543519 0.328125 0.541667 0.328646 0.541667 0.329167 0.540741 0.329688 0.540741 0.330729 0.538889 0.331250 0.538889 0.331771 0.537963 0.332292 0.537963 0.333333 0.536111 0.333854 0.536111 0.334896 0.534259 0.335417 0.534259 0.335938 0.533333 0.336458 0.533333 0.337500 0.531481 0.338021 0.531481 0.338542 0.530556 0.339062 0.530556 0.340104 0.528704 0.340625 0.528704 0.340625 0.526852 0.340104 0.525926 0.340104 0.525000 0.339583 0.524074 0.339583 0.523148 0.338542 0.521296 0.338542 0.520370 0.337500 0.518519 0.337500 0.517593 0.336979 0.516667 0.336979 0.515741 0.335938 0.513889 0.335938 0.512963 0.334896 0.511111 0.334896 0.510185 0.334375 0.509259 0.334375 0.508333 0.333333 0.506481 0.333333 0.505556 0.331771 0.505556 0.330729 0.507407 0.330208 0.507407 0.329688 0.508333 0.329167 0.508333 0.328646 0.509259 0.328125 0.509259 0.321875 0.520370 0.321354 0.520370 0.320833 0.521296 0.320312 0.521296 0.319271 0.523148 0.318750 0.523148 0.318229 0.524074 0.317708 0.524074 0.317188 0.525000 0.316667 0.525000 0.316146 0.525926 0.315625 0.525926 0.315104 0.526852 0.314583 0.526852 0.314063 0.527778 0.313542 0.527778 0.313021 0.528704 0.312500 0.528704 0.311979 0.529630 0.311458 0.529630 0.310937 0.530556 0.310417 0.530556 0.309896 0.531481 0.309375 0.531481 0.308854 0.532407 0.308333 0.532407 0.307812 0.533333 0.307292 0.533333 0.306771 0.534259 0.306250 0.534259 0.305729 0.535185 0.305208 0.535185 0.304167 0.537037 0.303646 0.537037 0.303125 0.537963 0.302604 0.537963 0.302083 0.538889 0.301563 0.538889 0.301042 0.539815 0.300521 0.539815 0.300000 0.540741 0.299479 0.540741 0.298958 0.541667 0.298438 0.541667 0.297917 0.542593 0.297396 0.542593 0.296875 0.543519 0.294792 0.543519 0.293229 0.540741 0.293229 0.537037 0.292708 0.537037 0.292187 0.537963 0.290625 0.537963 0.290104 0.537037 0.289583 0.537037 0.285938 0.530556 0.285938 0.529630 0.278125 0.515741 0.278125 0.514815 0.270313 0.500926
0 0.298177 0.499074 0.083854 0.077778 0.338021 0.460185 0.337500 0.461111 0.336979 0.461111 0.336458 0.462037 0.335938 0.462037 0.335417 0.462963 0.334896 0.462963 0.334375 0.463889 0.333333 0.463889 0.332813 0.464815 0.332292 0.464815 0.331771 0.465741 0.331250 0.465741 0.330729 0.466667 0.330208 0.466667 0.329688 0.467593 0.328646 0.467593 0.328125 0.468519 0.327604 0.468519 0.327083 0.469444 0.326562 0.469444 0.326042 0.470370 0.325521 0.470370 0.325000 0.471296 0.323958 0.471296 0.323437 0.472222 0.322917 0.472222 0.322396 0.473148 0.321875 0.473148 0.321354 0.474074 0.320833 0.474074 0.305208 0.501852 0.304688 0.501852 0.304167 0.502778 0.303646 0.502778 0.303125 0.503704 0.302604 0.503704 0.302083 0.502778 0.301563 0.502778 0.301042 0.501852 0.301042 0.500926 0.300521 0.500000 0.300000 0.500926 0.299479 0.500926 0.298958 0.501852 0.297917 0.501852 0.297396 0.502778 0.296875 0.502778 0.296354 0.503704 0.295833 0.503704 0.295312 0.504630 0.294792 0.504630 0.294271 0.505556 0.293750 0.505556 0.293229 0.506481 0.292187 0.506481 0.291667 0.507407 0.291146 0.507407 0.290625 0.508333 0.290104 0.508333 0.289583 0.509259 0.289062 0.509259 0.288542 0.510185 0.288021 0.510185 0.287500 0.511111 0.286458 0.511111 0.285938 0.512037 0.285417 0.512037 0.284896 0.512963 0.284375 0.512963 0.283854 0.513889 0.283333 0.513889 0.282813 0.514815 0.281771 0.514815 0.280729 0.512963 0.280208 0.512963 0.276562 0.506481 0.276562 0.505556 0.268229 0.490741 0.268229 0.489815 0.260417 0.475926 0.260417 0.475000 0.257292 0.469444 0.256771 0.469444 0.256250 0.470370 0.256250 0.472222 0.256771 0.473148 0.256771 0.474074 0.257812 0.475926 0.257812 0.476852 0.263021 0.486111 0.263021 0.487037 0.270833 0.500926 0.270833 0.501852 0.278646 0.515741 0.278646 0.516667 0.286458 0.530556 0.286458 0.531481 0.289062 0.536111 0.289583 0.536111 0.290625 0.537963 0.291667 0.537963 0.292187 0.537037 0.292708 0.537037 0.293229 0.536111 0.293750 0.536111 0.294271 0.535185 0.294271 0.534259 0.315625 0.496296 0.315625 0.495370 0.324479 0.479630 0.325000 0.479630 0.326042 0.477778 0.326562 0.477778 0.327083 0.476852 0.328125 0.476852 0.328646 0.475926 0.329167 0.475926 0.329167 0.472222 0.330208 0.470370 0.330729 0.470370 0.331250 0.469444 0.331771 0.469444 0.332292 0.468519 0.332813 0.468519 0.333333 0.467593 0.333854 0.467593 0.334375 0.466667 0.335417 0.466667 0.335938 0.465741 0.336458 0.465741 0.336979 0.464815 0.337500 0.464815 0.338021 0.463889 0.339062 0.463889 0.339583 0.462963 0.340104 0.462963 0.338542 0.460185
0 0.290365 0.473611 0.086979 0.080556 0.333333 0.433333 0.332813 0.434259 0.332292 0.434259 0.331771 0.435185 0.330729 0.435185 0.330208 0.436111 0.329688 0.436111 0.329167 0.437037 0.328125 0.437037 0.327604 0.437963 0.327083 0.437963 0.326562 0.438889 0.325521 0.438889 0.325000 0.439815 0.324479 0.439815 0.323958 0.440741 0.322917 0.440741 0.322396 0.441667 0.321354 0.441667 0.320833 0.442593 0.320312 0.442593 0.319792 0.443519 0.318750 0.443519 0.318229 0.444444 0.317708 0.444444 0.317188 0.445370 0.316146 0.445370 0.315625 0.446296 0.315104 0.446296 0.314583 0.447222 0.313542 0.447222 0.313021 0.448148 0.312500 0.448148 0.298438 0.473148 0.297396 0.473148 0.296875 0.474074 0.296354 0.474074 0.295833 0.475000 0.295312 0.475000 0.294792 0.475926 0.293750 0.475926 0.293229 0.476852 0.292708 0.476852 0.292187 0.477778 0.291146 0.477778 0.290625 0.478704 0.290104 0.478704 0.289583 0.479630 0.289062 0.479630 0.288542 0.480556 0.287500 0.480556 0.286979 0.481481 0.286458 0.481481 0.285938 0.482407 0.284896 0.482407 0.284375 0.483333 0.283854 0.483333 0.283333 0.484259 0.281771 0.484259 0.269792 0.462963 0.269792 0.462037 0.260417 0.445370 0.260417 0.444444 0.257292 0.438889 0.255729 0.438889 0.255208 0.439815 0.254167 0.439815 0.253646 0.440741 0.252604 0.440741 0.252083 0.441667 0.251042 0.441667 0.250521 0.442593 0.248958 0.442593 0.248438 0.443519 0.247917 0.443519 0.246875 0.445370 0.246875 0.448148 0.247917 0.450000 0.247917 0.450926 0.252604 0.459259 0.252604 0.460185 0.260937 0.475000 0.260937 0.475926 0.268750 0.489815 0.268750 0.490741 0.277083 0.505556 0.277083 0.506481 0.280208 0.512037 0.280729 0.512037 0.281771 0.513889 0.282813 0.513889 0.283333 0.512963 0.283854 0.512963 0.284375 0.512037 0.284896 0.512037 0.285417 0.511111 0.285938 0.511111 0.286458 0.510185 0.287500 0.510185 0.288021 0.509259 0.288542 0.509259 0.289062 0.508333 0.289583 0.508333 0.290104 0.507407 0.290625 0.507407 0.291146 0.506481 0.291667 0.506481 0.292187 0.505556 0.293229 0.505556 0.293750 0.504630 0.294271 0.504630 0.294792 0.503704 0.295312 0.503704 0.295833 0.502778 0.296354 0.502778 0.296875 0.501852 0.297396 0.501852 0.297917 0.500926 0.298958 0.500926 0.299479 0.500000 0.300000 0.500000 0.300521 0.499074 0.300000 0.498148 0.300521 0.497222 0.300521 0.496296 0.301042 0.495370 0.301042 0.494444 0.312500 0.474074 0.312500 0.473148 0.332813 0.437037 0.333854 0.437037 0.333854 0.433333
0 0.287500 0.445833 0.080208 0.075000 0.327604 0.408333 0.327083 0.409259 0.326042 0.409259 0.325521 0.410185 0.324479 0.410185 0.323958 0.411111 0.322917 0.411111 0.322396 0.412037 0.321354 0.412037 0.320833 0.412963 0.319792 0.412963 0.319271 0.413889 0.318229 0.413889 0.317708 0.414815 0.316667 0.414815 0.316146 0.415741 0.315625 0.415741 0.315104 0.416667 0.314063 0.416667 0.313542 0.417593 0.312500 0.417593 0.299479 0.440741 0.299479 0.441667 0.297396 0.445370 0.296875 0.445370 0.296354 0.446296 0.295312 0.446296 0.294792 0.447222 0.293750 0.447222 0.293229 0.448148 0.292187 0.448148 0.291667 0.449074 0.291146 0.449074 0.290625 0.450000 0.289583 0.450000 0.289062 0.450926 0.288021 0.450926 0.287500 0.451852 0.286979 0.451852 0.286458 0.452778 0.285417 0.452778 0.284896 0.453704 0.283854 0.453704 0.283333 0.454630 0.282813 0.454630 0.282292 0.455556 0.281250 0.455556 0.280729 0.456481 0.279687 0.456481 0.279167 0.457407 0.278646 0.457407 0.278125 0.458333 0.277083 0.458333 0.276562 0.459259 0.275521 0.459259 0.275000 0.460185 0.274479 0.460185 0.273958 0.459259 0.273438 0.459259 0.265104 0.444444 0.265104 0.443519 0.253125 0.422222 0.253125 0.421296 0.248958 0.413889 0.248438 0.413889 0.247396 0.415741 0.247396 0.418519 0.247917 0.419444 0.247917 0.420370 0.252083 0.427778 0.252083 0.428704 0.260937 0.444444 0.260937 0.445370 0.270313 0.462037 0.270313 0.462963 0.281771 0.483333 0.283333 0.483333 0.283854 0.482407 0.284375 0.482407 0.284896 0.481481 0.285938 0.481481 0.286458 0.480556 0.286979 0.480556 0.287500 0.479630 0.288542 0.479630 0.289062 0.478704 0.289583 0.478704 0.290104 0.477778 0.290625 0.477778 0.291146 0.476852 0.292187 0.476852 0.292708 0.475926 0.293229 0.475926 0.293750 0.475000 0.294792 0.475000 0.295312 0.474074 0.295833 0.474074 0.296354 0.473148 0.296875 0.473148 0.297396 0.472222 0.298438 0.472222 0.300000 0.469444 0.298438 0.466667 0.298438 0.462963 0.300521 0.459259 0.300521 0.458333 0.311458 0.438889 0.311458 0.437963 0.323437 0.416667 0.323437 0.415741
0 0.286198 0.405093 0.094271 0.108333 0.323958 0.350926 0.323437 0.351852 0.321875 0.351852 0.321354 0.352778 0.319792 0.352778 0.319271 0.353704 0.318229 0.353704 0.317708 0.354630 0.316146 0.354630 0.315625 0.355556 0.314063 0.355556 0.313542 0.356481 0.311979 0.356481 0.311458 0.357407 0.309896 0.357407 0.309375 0.358333 0.307812 0.358333 0.307292 0.359259 0.305729 0.359259 0.305208 0.360185 0.303646 0.360185 0.303125 0.361111 0.301563 0.361111 0.301042 0.362037 0.300000 0.362037 0.299479 0.362963 0.297917 0.362963 0.297396 0.363889 0.295833 0.363889 0.295312 0.364815 0.293750 0.364815 0.293229 0.365741 0.291667 0.365741 0.291146 0.366667 0.289583 0.366667 0.289062 0.367593 0.287500 0.367593 0.286979 0.368519 0.285417 0.368519 0.284896 0.369444 0.283854 0.369444 0.283333 0.370370 0.281771 0.370370 0.281250 0.371296 0.279687 0.371296 0.279167 0.372222 0.277604 0.372222 0.277083 0.373148 0.275521 0.373148 0.275000 0.374074 0.273438 0.374074 0.272917 0.375000 0.271354 0.375000 0.270833 0.375926 0.269271 0.375926 0.268750 0.376852 0.267188 0.376852 0.266667 0.377778 0.265625 0.377778 0.265104 0.378704 0.263542 0.378704 0.263021 0.379630 0.261458 0.379630 0.260937 0.380556 0.259375 0.380556 0.258854 0.381481 0.257292 0.381481 0.256771 0.382407 0.255208 0.382407 0.254688 0.383333 0.253125 0.383333 0.252604 0.384259 0.251042 0.384259 0.250521 0.385185 0.248958 0.385185 0.248438 0.386111 0.247396 0.386111 0.246875 0.387037 0.245312 0.387037 0.244792 0.387963 0.243229 0.387963 0.242708 0.388889 0.241146 0.388889 0.240625 0.389815 0.240104 0.389815 0.239063 0.391667 0.239063 0.393519 0.239583 0.394444 0.239583 0.395370 0.242708 0.400926 0.242708 0.401852 0.253646 0.421296 0.253646 0.422222 0.265625 0.443519 0.265625 0.444444 0.273438 0.458333 0.273958 0.458333 0.274479 0.459259 0.275000 0.459259 0.275521 0.458333 0.276562 0.458333 0.277083 0.457407 0.278125 0.457407 0.278646 0.456481 0.279167 0.456481 0.279687 0.455556 0.280729 0.455556 0.281250 0.454630 0.282292 0.454630 0.282813 0.453704 0.283333 0.453704 0.283854 0.452778 0.284896 0.452778 0.285417 0.451852 0.286458 0.451852 0.286979 0.450926 0.287500 0.450926 0.288021 0.450000 0.289062 0.450000 0.289583 0.449074 0.290625 0.449074 0.291146 0.448148 0.291667 0.448148 0.292187 0.447222 0.293229 0.447222 0.293750 0.446296 0.294792 0.446296 0.295312 0.445370 0.296354 0.445370 0.296875 0.444444 0.297396 0.444444 0.298958 0.441667 0.298958 0.440741 0.302604 0.434259 0.301563 0.434259 0.299479 0.430556 0.299479 0.427778 0.301042 0.425000 0.301042 0.424074 0.307292 0.412963 0.307292 0.412037 0.316146 0.396296 0.316146 0.395370 0.325000 0.379630 0.325000 0.378704 0.331250 0.367593 0.331771 0.367593 0.332292 0.366667 0.332813 0.366667 0.333333 0.365741 0.325521 0.351852 0.325000 0.351852 0.324479 0.350926
0 0.396354 0.380093 0.125000 0.104630 0.402083 0.327778 0.401562 0.328704 0.400000 0.328704 0.399479 0.329630 0.397917 0.329630 0.397396 0.330556 0.396354 0.330556 0.395833 0.331481 0.394271 0.331481 0.393750 0.332407 0.392188 0.332407 0.391667 0.333333 0.390625 0.333333 0.390104 0.334259 0.388542 0.334259 0.388021 0.335185 0.386979 0.335185 0.386458 0.336111 0.384896 0.336111 0.384375 0.337037 0.382812 0.337037 0.382292 0.337963 0.381250 0.337963 0.380729 0.338889 0.379167 0.338889 0.378646 0.339815 0.377604 0.339815 0.377083 0.340741 0.375521 0.340741 0.375000 0.341667 0.373437 0.341667 0.372917 0.342593 0.371875 0.342593 0.371354 0.343519 0.369792 0.343519 0.369271 0.344444 0.368229 0.344444 0.367708 0.345370 0.366146 0.345370 0.365625 0.346296 0.364063 0.346296 0.363542 0.347222 0.362500 0.347222 0.361979 0.348148 0.360417 0.348148 0.359896 0.349074 0.358854 0.349074 0.358333 0.350000 0.356771 0.350000 0.356250 0.350926 0.354687 0.350926 0.354167 0.351852 0.353125 0.351852 0.352604 0.352778 0.351042 0.352778 0.350521 0.353704 0.349479 0.353704 0.348958 0.354630 0.347396 0.354630 0.346875 0.355556 0.345313 0.355556 0.344792 0.356481 0.343750 0.356481 0.343229 0.357407 0.341667 0.357407 0.341146 0.358333 0.339583 0.358333 0.339062 0.359259 0.338021 0.359259 0.337500 0.360185 0.335938 0.360185 0.335417 0.361111 0.334896 0.361111 0.333854 0.362963 0.333854 0.365741 0.334375 0.366667 0.334375 0.367593 0.336979 0.372222 0.336979 0.373148 0.345833 0.388889 0.345833 0.389815 0.354687 0.405556 0.354687 0.406481 0.363542 0.422222 0.363542 0.423148 0.367708 0.430556 0.368229 0.430556 0.368750 0.431481 0.369271 0.431481 0.369792 0.432407 0.370312 0.431481 0.370833 0.431481 0.371354 0.430556 0.372396 0.430556 0.372917 0.429630 0.373437 0.429630 0.373958 0.428704 0.374479 0.428704 0.375000 0.427778 0.376042 0.427778 0.376563 0.426852 0.377083 0.426852 0.380729 0.420370 0.380729 0.419444 0.407292 0.372222 0.408333 0.372222 0.408854 0.371296 0.408333 0.370370 0.408333 0.369444 0.407292 0.367593 0.407292 0.364815 0.407813 0.363889 0.407813 0.362963 0.408333 0.362037 0.408854 0.362037 0.409375 0.361111 0.410417 0.361111 0.410938 0.360185 0.411979 0.360185 0.412500 0.359259 0.413021 0.359259 0.413542 0.358333 0.414583 0.358333 0.415104 0.357407 0.416146 0.357407 0.416667 0.356481 0.417708 0.356481 0.418229 0.355556 0.419271 0.355556 0.419792 0.354630 0.420833 0.354630 0.421354 0.353704 0.422396 0.353704 0.422917 0.352778 0.423438 0.352778 0.423958 0.351852 0.425000 0.351852 0.425521 0.350926 0.426563 0.350926 0.427083 0.350000 0.428125 0.350000 0.428646 0.349074 0.429688 0.349074 0.430208 0.348148 0.431250 0.348148 0.431771 0.347222 0.432292 0.347222 0.432812 0.346296 0.433854 0.346296 0.434375 0.345370 0.435417 0.345370 0.435937 0.344444 0.436979 0.344444 0.437500 0.343519 0.438542 0.343519 0.439063 0.342593 0.440104 0.342593 0.440625 0.341667 0.441146 0.341667 0.441667 0.340741 0.442708 0.340741 0.443229 0.339815 0.444271 0.339815 0.444792 0.338889 0.445833 0.338889 0.446354 0.337963 0.447396 0.337963 0.447917 0.337037 0.448958 0.337037 0.449479 0.336111 0.450000 0.336111 0.450521 0.335185 0.451562 0.335185 0.452083 0.334259 0.453125 0.334259 0.453646 0.333333 0.454688 0.333333 0.455208 0.332407 0.456250 0.332407 0.456771 0.331481 0.457813 0.331481 0.458333 0.330556 0.458854 0.330556 0.458333 0.329630 0.457292 0.329630 0.456771 0.330556 0.455729 0.330556 0.455208 0.331481 0.454167 0.331481 0.453646 0.332407 0.452604 0.332407 0.452083 0.333333 0.451042 0.333333 0.450521 0.334259 0.449479 0.334259 0.448958 0.335185 0.447917 0.335185 0.447396 0.336111 0.446875 0.336111 0.446354 0.337037 0.445312 0.337037 0.444792 0.337963 0.443750 0.337963 0.443229 0.338889 0.442188 0.338889 0.441667 0.339815 0.440625 0.339815 0.440104 0.340741 0.439063 0.340741 0.438542 0.341667 0.437500 0.341667 0.436979 0.342593 0.435937 0.342593 0.435417 0.343519 0.434375 0.343519 0.433854 0.344444 0.433333 0.344444 0.432812 0.345370 0.431771 0.345370 0.431250 0.346296 0.430208 0.346296 0.429688 0.347222 0.428646 0.347222 0.428125 0.348148 0.427083 0.348148 0.426563 0.349074 0.425521 0.349074 0.425000 0.350000 0.423958 0.350000 0.423438 0.350926 0.422396 0.350926 0.421875 0.351852 0.420833 0.351852 0.420312 0.352778 0.419792 0.352778 0.419271 0.353704 0.418229 0.353704 0.406771 0.333333 0.406771 0.332407 0.405729 0.330556 0.405208 0.330556 0.403646 0.327778
0 0.465104 0.381944 0.114583 0.106481 0.462500 0.328704 0.461979 0.329630 0.460938 0.329630 0.460417 0.330556 0.459375 0.330556 0.458854 0.331481 0.458333 0.331481 0.457813 0.332407 0.456771 0.332407 0.456250 0.333333 0.455208 0.333333 0.454688 0.334259 0.453646 0.334259 0.453125 0.335185 0.452083 0.335185 0.451562 0.336111 0.450521 0.336111 0.450000 0.337037 0.449479 0.337037 0.448958 0.337963 0.447917 0.337963 0.447396 0.338889 0.446354 0.338889 0.445833 0.339815 0.444792 0.339815 0.444271 0.340741 0.443229 0.340741 0.442708 0.341667 0.441667 0.341667 0.441146 0.342593 0.440625 0.342593 0.440104 0.343519 0.439063 0.343519 0.438542 0.344444 0.437500 0.344444 0.436979 0.345370 0.435937 0.345370 0.435417 0.346296 0.434375 0.346296 0.433854 0.347222 0.432812 0.347222 0.432292 0.348148 0.431771 0.348148 0.431250 0.349074 0.430208 0.349074 0.429688 0.350000 0.428646 0.350000 0.428125 0.350926 0.427083 0.350926 0.426563 0.351852 0.425521 0.351852 0.425000 0.352778 0.423958 0.352778 0.423438 0.353704 0.422917 0.353704 0.422396 0.354630 0.421354 0.354630 0.420833 0.355556 0.419792 0.355556 0.419271 0.356481 0.418229 0.356481 0.417708 0.357407 0.416667 0.357407 0.416146 0.358333 0.415104 0.358333 0.414583 0.359259 0.413542 0.359259 0.413021 0.360185 0.412500 0.360185 0.411979 0.361111 0.410938 0.361111 0.410417 0.362037 0.409375 0.362037 0.408854 0.362963 0.408333 0.362963 0.408333 0.363889 0.407813 0.364815 0.407813 0.367593 0.408854 0.369444 0.408854 0.370370 0.414583 0.380556 0.414583 0.381481 0.424479 0.399074 0.424479 0.400000 0.433854 0.416667 0.433854 0.417593 0.443229 0.434259 0.443750 0.434259 0.444271 0.435185 0.444792 0.435185 0.445312 0.434259 0.445833 0.434259 0.446354 0.433333 0.446875 0.433333 0.447917 0.431481 0.448437 0.431481 0.448958 0.430556 0.449479 0.430556 0.450000 0.429630 0.450521 0.429630 0.470313 0.394444 0.470833 0.394444 0.482812 0.373148 0.483333 0.373148 0.483854 0.372222 0.484375 0.372222 0.484896 0.371296 0.485417 0.371296 0.485938 0.370370 0.486458 0.370370 0.486979 0.369444 0.487500 0.369444 0.488021 0.368519 0.488542 0.368519 0.489063 0.367593 0.489583 0.367593 0.490104 0.366667 0.490625 0.366667 0.491146 0.365741 0.491667 0.365741 0.492188 0.364815 0.492708 0.364815 0.493229 0.363889 0.493750 0.363889 0.494271 0.362963 0.494792 0.362963 0.495312 0.362037 0.495833 0.362037 0.496354 0.361111 0.496875 0.361111 0.497396 0.360185 0.497917 0.360185 0.498437 0.359259 0.498958 0.359259 0.499479 0.358333 0.500000 0.358333 0.501042 0.356481 0.501563 0.356481 0.502083 0.355556 0.502604 0.355556 0.503125 0.354630 0.503646 0.354630 0.504167 0.353704 0.504687 0.353704 0.505208 0.352778 0.505729 0.352778 0.506250 0.351852 0.506771 0.351852 0.507292 0.350926 0.507812 0.350926 0.508333 0.350000 0.508854 0.350000 0.509375 0.349074 0.509896 0.349074 0.510417 0.348148 0.510938 0.348148 0.511458 0.347222 0.511979 0.347222 0.512500 0.346296 0.513021 0.346296 0.513542 0.345370 0.514062 0.345370 0.514583 0.344444 0.515104 0.344444 0.515625 0.343519 0.516146 0.343519 0.516667 0.342593 0.517188 0.342593 0.517708 0.341667 0.518229 0.341667 0.518750 0.340741 0.519271 0.340741 0.519792 0.339815 0.520312 0.339815 0.521354 0.337963 0.521354 0.337037 0.522396 0.335185 0.522396 0.332407 0.521354 0.330556 0.519792 0.330556 0.519271 0.331481 0.518750 0.331481 0.518229 0.332407 0.517708 0.332407 0.517188 0.333333 0.516146 0.333333 0.515625 0.334259 0.515104 0.334259 0.514583 0.335185 0.514062 0.335185 0.513542 0.336111 0.513021 0.336111 0.512500 0.337037 0.511979 0.337037 0.511458 0.337963 0.510938 0.337963 0.510417 0.338889 0.509896 0.338889 0.509375 0.339815 0.508854 0.339815 0.508333 0.340741 0.507292 0.340741 0.506771 0.341667 0.506250 0.341667 0.505729 0.342593 0.505208 0.342593 0.504687 0.343519 0.504167 0.343519 0.503646 0.344444 0.503125 0.344444 0.502604 0.345370 0.502083 0.345370 0.501563 0.346296 0.501042 0.346296 0.500521 0.347222 0.500000 0.347222 0.499479 0.348148 0.498437 0.348148 0.497917 0.349074 0.497396 0.349074 0.496875 0.350000 0.496354 0.350000 0.495833 0.350926 0.495312 0.350926 0.494792 0.351852 0.494271 0.351852 0.493750 0.352778 0.493229 0.352778 0.492708 0.353704 0.492188 0.353704 0.491667 0.354630 0.491146 0.354630 0.490625 0.355556 0.490104 0.355556 0.489583 0.356481 0.488542 0.356481 0.488021 0.357407 0.487500 0.357407 0.486979 0.358333 0.486458 0.358333 0.485938 0.359259 0.485417 0.359259 0.484896 0.360185 0.484375 0.360185 0.483854 0.361111 0.483333 0.361111 0.482812 0.360185 0.482292 0.360185 0.476042 0.349074 0.476042 0.348148 0.465104 0.328704
0 0.540365 0.393981 0.103646 0.113889 0.530208 0.337037 0.529687 0.337963 0.529167 0.337963 0.528646 0.338889 0.528125 0.338889 0.527083 0.340741 0.526563 0.340741 0.526042 0.341667 0.525521 0.341667 0.525000 0.342593 0.524479 0.342593 0.523958 0.343519 0.523438 0.343519 0.522917 0.344444 0.522396 0.344444 0.521354 0.346296 0.520833 0.346296 0.520312 0.347222 0.519792 0.347222 0.519271 0.348148 0.518750 0.348148 0.518229 0.349074 0.517708 0.349074 0.517188 0.350000 0.516667 0.350000 0.515625 0.351852 0.515104 0.351852 0.514583 0.352778 0.514062 0.352778 0.513542 0.353704 0.513021 0.353704 0.512500 0.354630 0.511979 0.354630 0.511458 0.355556 0.510938 0.355556 0.510417 0.356481 0.509896 0.356481 0.508854 0.358333 0.508333 0.358333 0.507812 0.359259 0.507292 0.359259 0.506771 0.360185 0.506250 0.360185 0.505729 0.361111 0.505208 0.361111 0.504687 0.362037 0.504167 0.362037 0.503125 0.363889 0.502604 0.363889 0.502083 0.364815 0.501563 0.364815 0.501042 0.365741 0.500521 0.365741 0.500000 0.366667 0.499479 0.366667 0.498958 0.367593 0.498437 0.367593 0.497917 0.368519 0.497396 0.368519 0.496354 0.370370 0.495833 0.370370 0.495312 0.371296 0.494792 0.371296 0.494271 0.372222 0.493750 0.372222 0.493229 0.373148 0.492708 0.373148 0.492188 0.374074 0.491667 0.374074 0.490625 0.375926 0.490104 0.375926 0.488542 0.378704 0.488542 0.379630 0.489063 0.380556 0.489063 0.381481 0.489583 0.382407 0.489583 0.383333 0.492188 0.387963 0.492188 0.388889 0.501563 0.405556 0.501563 0.406481 0.511458 0.424074 0.511458 0.425000 0.521875 0.443519 0.521875 0.444444 0.523958 0.448148 0.524479 0.448148 0.526042 0.450926 0.528125 0.450926 0.528646 0.450000 0.529167 0.450000 0.532813 0.443519 0.533333 0.443519 0.540104 0.431481 0.540625 0.431481 0.546875 0.420370 0.547396 0.420370 0.553646 0.409259 0.554167 0.409259 0.560937 0.397222 0.561458 0.397222 0.569792 0.382407 0.570312 0.382407 0.580729 0.363889 0.581250 0.363889 0.592187 0.344444 0.592187 0.341667 0.591146 0.339815 0.590625 0.339815 0.590104 0.338889 0.589583 0.339815 0.589063 0.339815 0.585938 0.345370 0.585417 0.345370 0.582292 0.350926 0.581771 0.350926 0.578646 0.356481 0.578125 0.356481 0.575000 0.362037 0.574479 0.362037 0.570833 0.368519 0.570312 0.368519 0.567187 0.374074 0.566667 0.374074 0.563542 0.379630 0.563021 0.379630 0.561458 0.382407 0.558854 0.382407 0.558333 0.381481 0.557813 0.381481 0.557292 0.380556 0.556771 0.380556 0.556250 0.379630 0.555729 0.379630 0.553125 0.375000 0.552604 0.375000 0.537500 0.348148 0.537500 0.347222 0.532813 0.338889 0.532292 0.338889 0.531771 0.337963 0.531250 0.337963 0.530729 0.337037
0 0.628385 0.396296 0.085938 0.114815 0.607812 0.338889 0.601562 0.350000 0.601562 0.350926 0.590625 0.370370 0.590625 0.371296 0.585938 0.379630 0.585938 0.380556 0.585417 0.381481 0.585417 0.382407 0.585938 0.383333 0.585938 0.384259 0.587500 0.387037 0.587500 0.387963 0.594792 0.400926 0.594792 0.401852 0.605208 0.420370 0.605208 0.421296 0.615104 0.438889 0.615104 0.439815 0.622396 0.452778 0.622917 0.452778 0.623437 0.453704 0.625000 0.453704 0.625521 0.452778 0.626042 0.452778 0.628125 0.449074 0.628646 0.449074 0.633854 0.439815 0.634375 0.439815 0.639583 0.430556 0.640104 0.430556 0.645833 0.420370 0.646354 0.420370 0.651563 0.411111 0.652083 0.411111 0.657813 0.400926 0.658333 0.400926 0.665625 0.387963 0.665625 0.387037 0.666146 0.386111 0.666146 0.383333 0.666667 0.382407 0.666667 0.379630 0.667188 0.378704 0.667188 0.375926 0.667708 0.375000 0.667708 0.371296 0.668229 0.370370 0.668229 0.367593 0.668750 0.366667 0.668750 0.363889 0.669271 0.362963 0.669271 0.360185 0.669792 0.359259 0.669792 0.356481 0.670312 0.355556 0.670312 0.352778 0.670833 0.351852 0.670833 0.349074 0.671354 0.348148 0.671354 0.342593 0.670312 0.340741 0.668750 0.340741 0.666667 0.344444 0.666146 0.344444 0.660417 0.354630 0.659896 0.354630 0.654687 0.363889 0.654167 0.363889 0.650521 0.370370 0.650000 0.370370 0.647396 0.375000 0.646875 0.375000 0.645312 0.377778 0.644792 0.377778 0.643229 0.380556 0.642708 0.380556 0.642188 0.381481 0.641667 0.381481 0.641146 0.382407 0.640625 0.382407 0.640104 0.383333 0.636458 0.383333 0.635938 0.382407 0.635417 0.382407 0.634375 0.380556 0.633854 0.380556 0.631771 0.376852 0.631250 0.376852 0.613542 0.345370 0.613542 0.344444 0.611979 0.341667 0.611458 0.341667 0.609896 0.338889
0 0.372656 0.539815 0.079687 0.072222 0.332813 0.503704 0.333333 0.504630 0.333333 0.505556 0.333854 0.506481 0.333854 0.507407 0.334896 0.509259 0.334896 0.510185 0.335417 0.511111 0.335417 0.512037 0.336458 0.513889 0.336458 0.514815 0.337500 0.516667 0.337500 0.517593 0.338021 0.518519 0.338021 0.519444 0.339062 0.521296 0.339062 0.522222 0.340104 0.524074 0.340104 0.525000 0.340625 0.525926 0.340625 0.526852 0.341667 0.528704 0.341667 0.529630 0.342708 0.531481 0.342708 0.532407 0.343229 0.533333 0.343229 0.534259 0.344271 0.536111 0.344271 0.537037 0.345313 0.538889 0.345313 0.539815 0.345833 0.540741 0.345833 0.541667 0.346875 0.543519 0.346875 0.544444 0.347917 0.546296 0.347917 0.547222 0.348958 0.549074 0.348958 0.550000 0.349479 0.550926 0.349479 0.551852 0.350521 0.553704 0.350521 0.554630 0.351562 0.556481 0.351562 0.557407 0.352083 0.558333 0.352083 0.559259 0.353125 0.561111 0.353125 0.562037 0.354167 0.563889 0.354167 0.564815 0.354687 0.565741 0.354687 0.566667 0.355729 0.568519 0.355729 0.569444 0.356771 0.571296 0.356771 0.572222 0.357812 0.574074 0.357812 0.575000 0.361979 0.575000 0.362500 0.575926 0.363542 0.575926 0.364583 0.574074 0.365104 0.574074 0.365625 0.573148 0.366146 0.573148 0.367188 0.571296 0.367708 0.571296 0.368229 0.570370 0.368750 0.570370 0.369792 0.568519 0.370312 0.568519 0.371354 0.566667 0.371875 0.566667 0.372396 0.565741 0.372917 0.565741 0.373958 0.563889 0.374479 0.563889 0.375000 0.562963 0.375521 0.562963 0.376563 0.561111 0.377083 0.561111 0.378125 0.559259 0.378646 0.559259 0.379167 0.558333 0.379688 0.558333 0.380729 0.556481 0.381250 0.556481 0.381771 0.555556 0.382292 0.555556 0.383333 0.553704 0.383854 0.553704 0.384896 0.551852 0.385417 0.551852 0.385937 0.550926 0.386458 0.550926 0.387500 0.549074 0.388021 0.549074 0.389062 0.547222 0.389583 0.547222 0.390104 0.546296 0.390625 0.546296 0.391667 0.544444 0.392188 0.544444 0.392708 0.543519 0.393229 0.543519 0.394271 0.541667 0.394792 0.541667 0.395833 0.539815 0.396354 0.539815 0.396875 0.538889 0.397396 0.538889 0.398438 0.537037 0.398958 0.537037 0.396875 0.533333 0.396875 0.532407 0.395313 0.529630 0.395313 0.526852 0.395833 0.525926 0.395833 0.525000 0.394792 0.526852 0.394271 0.526852 0.393229 0.528704 0.392708 0.528704 0.392188 0.529630 0.391667 0.529630 0.390625 0.531481 0.390104 0.531481 0.389062 0.533333 0.388542 0.533333 0.387500 0.535185 0.386979 0.535185 0.386458 0.536111 0.385937 0.536111 0.384896 0.537963 0.384375 0.537963 0.383333 0.539815 0.382812 0.539815 0.382292 0.540741 0.381771 0.540741 0.380729 0.542593 0.380208 0.542593 0.379167 0.544444 0.378646 0.544444 0.378125 0.545370 0.377604 0.545370 0.376563 0.547222 0.376042 0.547222 0.375521 0.548148 0.375000 0.548148 0.374479 0.547222 0.373958 0.547222 0.372917 0.545370 0.372917 0.544444 0.372396 0.543519 0.372396 0.541667 0.372917 0.540741 0.372917 0.539815 0.376042 0.534259 0.375000 0.536111 0.374479 0.536111 0.373437 0.537963 0.372917 0.537963 0.372396 0.538889 0.371875 0.538889 0.370833 0.540741 0.370312 0.540741 0.369271 0.542593 0.368750 0.542593 0.368229 0.543519 0.367708 0.543519 0.366667 0.545370 0.366146 0.545370 0.365104 0.547222 0.364583 0.547222 0.364063 0.548148 0.363542 0.548148 0.362500 0.550000 0.361979 0.550000 0.361458 0.550926 0.359896 0.550926 0.359375 0.550000 0.358854 0.550000 0.350521 0.535185 0.350521 0.534259 0.333333 0.503704
0 0.443229 0.547685 0.094792 0.091667 0.484375 0.501852 0.482812 0.504630 0.481250 0.504630 0.479167 0.508333 0.478646 0.508333 0.475521 0.513889 0.475000 0.513889 0.472396 0.518519 0.471875 0.518519 0.468750 0.524074 0.468229 0.524074 0.465625 0.528704 0.465104 0.528704 0.462500 0.533333 0.461979 0.533333 0.458854 0.538889 0.458333 0.538889 0.455729 0.543519 0.455208 0.543519 0.452604 0.548148 0.452083 0.548148 0.451562 0.549074 0.450000 0.549074 0.449479 0.548148 0.448437 0.550000 0.447917 0.550000 0.445833 0.553704 0.445312 0.553704 0.443229 0.557407 0.442708 0.557407 0.442188 0.558333 0.440104 0.558333 0.434896 0.549074 0.434896 0.548148 0.431250 0.541667 0.431250 0.540741 0.427083 0.533333 0.427083 0.532407 0.422396 0.524074 0.422396 0.523148 0.413542 0.507407 0.411979 0.507407 0.410938 0.509259 0.410417 0.509259 0.409896 0.510185 0.409375 0.510185 0.408333 0.512037 0.407813 0.512037 0.406771 0.513889 0.406250 0.513889 0.405208 0.515741 0.404687 0.515741 0.404167 0.516667 0.403646 0.516667 0.402604 0.518519 0.402083 0.518519 0.401042 0.520370 0.400521 0.520370 0.399479 0.522222 0.398958 0.522222 0.398438 0.523148 0.397917 0.523148 0.396875 0.525000 0.396354 0.525000 0.396354 0.525926 0.395833 0.526852 0.395833 0.529630 0.397396 0.532407 0.397396 0.533333 0.406771 0.550000 0.406771 0.550926 0.419792 0.574074 0.419792 0.575000 0.429688 0.592593 0.434375 0.592593 0.434896 0.593519 0.435937 0.593519 0.438021 0.589815 0.438542 0.589815 0.442708 0.582407 0.443229 0.582407 0.447396 0.575000 0.447917 0.575000 0.452083 0.567593 0.452604 0.567593 0.457292 0.559259 0.457813 0.559259 0.461979 0.551852 0.462500 0.551852 0.466667 0.544444 0.467187 0.544444 0.471354 0.537037 0.471875 0.537037 0.476042 0.529630 0.476562 0.529630 0.480729 0.522222 0.481250 0.522222 0.486979 0.512037 0.487500 0.512037 0.490625 0.506481 0.490625 0.505556 0.490104 0.505556 0.489063 0.503704 0.488542 0.503704 0.488021 0.502778 0.487500 0.502778 0.486979 0.501852
0 0.532813 0.552315 0.083333 0.082407 0.572917 0.511111 0.572396 0.512037 0.571875 0.512037 0.571354 0.512963 0.570833 0.512963 0.570312 0.513889 0.569792 0.513889 0.568750 0.515741 0.568229 0.515741 0.566667 0.518519 0.566146 0.518519 0.564583 0.521296 0.564063 0.521296 0.561458 0.525926 0.560937 0.525926 0.557813 0.531481 0.557292 0.531481 0.553125 0.538889 0.552604 0.538889 0.546875 0.549074 0.546354 0.549074 0.541667 0.557407 0.541146 0.557407 0.539583 0.560185 0.537500 0.560185 0.535937 0.557407 0.535937 0.552778 0.537500 0.550000 0.537500 0.549074 0.539062 0.546296 0.539062 0.545370 0.540625 0.542593 0.540625 0.541667 0.542188 0.538889 0.542188 0.537963 0.535937 0.549074 0.535417 0.549074 0.530729 0.557407 0.530208 0.557407 0.529167 0.559259 0.526563 0.559259 0.522917 0.552778 0.521354 0.555556 0.520833 0.555556 0.520312 0.556481 0.519792 0.556481 0.519271 0.555556 0.518750 0.555556 0.517188 0.552778 0.516667 0.552778 0.514062 0.548148 0.514062 0.547222 0.506250 0.533333 0.506250 0.532407 0.496354 0.514815 0.495833 0.514815 0.491667 0.522222 0.491667 0.523148 0.491146 0.524074 0.491667 0.525000 0.491667 0.525926 0.492188 0.526852 0.492188 0.527778 0.496875 0.536111 0.496875 0.537037 0.505729 0.552778 0.505729 0.553704 0.514062 0.568519 0.514062 0.569444 0.522917 0.585185 0.522917 0.586111 0.526042 0.591667 0.526563 0.591667 0.527604 0.593519 0.529167 0.593519 0.530208 0.591667 0.530729 0.591667 0.533854 0.586111 0.534375 0.586111 0.539583 0.576852 0.540104 0.576852 0.544792 0.568519 0.545312 0.568519 0.550521 0.559259 0.551042 0.559259 0.556250 0.550000 0.556771 0.550000 0.561979 0.540741 0.562500 0.540741 0.566667 0.533333 0.566667 0.532407 0.567187 0.531481 0.567187 0.530556 0.568229 0.528704 0.568229 0.527778 0.569271 0.525926 0.569271 0.525000 0.570312 0.523148 0.570312 0.522222 0.570833 0.521296 0.570833 0.520370 0.571875 0.518519 0.571875 0.517593 0.572917 0.515741 0.572917 0.514815 0.573958 0.512963 0.573958 0.512037 0.574479 0.511111
0 0.623698 0.562500 0.079687 0.076852 0.585938 0.524074 0.585417 0.525000 0.585417 0.525926 0.584896 0.526852 0.584896 0.527778 0.584375 0.528704 0.584375 0.529630 0.583854 0.530556 0.584375 0.531481 0.584375 0.533333 0.586458 0.537037 0.586458 0.537963 0.595313 0.553704 0.595313 0.554630 0.605729 0.573148 0.605729 0.574074 0.616146 0.592593 0.616146 0.593519 0.619271 0.599074 0.619792 0.599074 0.620833 0.600926 0.622917 0.600926 0.623437 0.600000 0.623958 0.600000 0.626042 0.596296 0.626563 0.596296 0.630208 0.589815 0.630729 0.589815 0.634375 0.583333 0.634896 0.583333 0.639062 0.575926 0.639583 0.575926 0.643229 0.569444 0.643750 0.569444 0.647396 0.562963 0.647917 0.562963 0.651563 0.556481 0.652083 0.556481 0.655729 0.550000 0.656250 0.550000 0.662500 0.538889 0.662500 0.536111 0.663021 0.535185 0.663021 0.529630 0.663542 0.528704 0.663542 0.526852 0.662500 0.526852 0.661979 0.527778 0.661458 0.527778 0.660937 0.528704 0.660417 0.528704 0.659375 0.530556 0.658854 0.530556 0.657292 0.533333 0.656771 0.533333 0.655729 0.535185 0.655208 0.535185 0.653125 0.538889 0.652604 0.538889 0.650521 0.542593 0.650000 0.542593 0.647396 0.547222 0.646875 0.547222 0.643750 0.552778 0.643229 0.552778 0.639583 0.559259 0.639062 0.559259 0.635417 0.565741 0.634896 0.565741 0.631250 0.572222 0.630729 0.572222 0.629167 0.575000 0.628646 0.575000 0.628125 0.575926 0.627083 0.575926 0.625000 0.572222 0.625000 0.571296 0.624479 0.570370 0.625000 0.569444 0.625000 0.568519 0.623437 0.571296 0.622917 0.571296 0.622396 0.572222 0.621875 0.572222 0.621354 0.573148 0.620313 0.573148 0.619271 0.571296 0.618750 0.571296 0.614062 0.562963 0.613542 0.562963 0.613542 0.563889 0.611979 0.566667 0.610417 0.566667 0.609896 0.565741 0.609375 0.565741 0.597396 0.544444 0.597396 0.543519 0.586458 0.524074
0 0.708333 0.567130 0.081250 0.078704 0.668229 0.527778 0.668229 0.534259 0.667708 0.535185 0.668229 0.536111 0.668229 0.537037 0.668750 0.537963 0.668750 0.538889 0.671354 0.543519 0.671354 0.544444 0.681250 0.562037 0.681250 0.562963 0.691667 0.581481 0.691667 0.582407 0.705208 0.606481 0.707292 0.606481 0.708333 0.604630 0.708854 0.604630 0.710417 0.601852 0.710938 0.601852 0.713542 0.597222 0.714063 0.597222 0.717187 0.591667 0.717708 0.591667 0.720313 0.587037 0.720833 0.587037 0.723958 0.581481 0.724479 0.581481 0.727083 0.576852 0.727604 0.576852 0.730729 0.571296 0.731250 0.571296 0.734375 0.565741 0.734896 0.565741 0.737500 0.561111 0.738021 0.561111 0.741146 0.555556 0.741667 0.555556 0.744792 0.550000 0.745313 0.550000 0.748958 0.543519 0.748958 0.539815 0.748437 0.538889 0.748437 0.536111 0.747917 0.535185 0.747917 0.533333 0.747396 0.534259 0.746875 0.534259 0.744271 0.538889 0.743750 0.538889 0.740625 0.544444 0.740104 0.544444 0.736979 0.550000 0.736458 0.550000 0.733333 0.555556 0.732812 0.555556 0.730208 0.560185 0.729688 0.560185 0.726562 0.565741 0.726042 0.565741 0.722917 0.571296 0.722396 0.571296 0.719792 0.575926 0.719271 0.575926 0.716667 0.580556 0.716146 0.580556 0.714583 0.583333 0.714063 0.583333 0.713542 0.584259 0.711458 0.584259 0.705208 0.573148 0.705208 0.578704 0.704688 0.579630 0.704688 0.580556 0.704167 0.581481 0.703646 0.581481 0.703125 0.582407 0.702083 0.582407 0.701562 0.581481 0.701042 0.581481 0.700521 0.580556 0.700000 0.580556 0.692708 0.567593 0.692708 0.566667 0.675000 0.535185 0.674479 0.535185 0.671875 0.530556 0.671354 0.530556 0.670312 0.528704 0.669792 0.528704 0.669271 0.527778
0 0.336979 0.513426 0.087500 0.073148 0.328646 0.476852 0.328125 0.477778 0.327083 0.477778 0.326562 0.478704 0.326042 0.478704 0.325000 0.480556 0.324479 0.480556 0.316146 0.495370 0.316146 0.496296 0.294792 0.534259 0.294792 0.535185 0.293229 0.537963 0.293229 0.539815 0.293750 0.540741 0.293750 0.541667 0.294792 0.543519 0.296354 0.543519 0.296875 0.542593 0.297396 0.542593 0.297917 0.541667 0.298438 0.541667 0.298958 0.540741 0.299479 0.540741 0.300000 0.539815 0.300521 0.539815 0.301042 0.538889 0.301563 0.538889 0.302083 0.537963 0.302604 0.537963 0.303125 0.537037 0.303646 0.537037 0.304167 0.536111 0.304688 0.536111 0.305729 0.534259 0.306250 0.534259 0.306771 0.533333 0.307292 0.533333 0.307812 0.532407 0.308333 0.532407 0.308854 0.531481 0.309375 0.531481 0.309896 0.530556 0.310417 0.530556 0.310937 0.529630 0.311458 0.529630 0.311979 0.528704 0.312500 0.528704 0.313021 0.527778 0.313542 0.527778 0.314063 0.526852 0.314583 0.526852 0.315104 0.525926 0.315625 0.525926 0.316146 0.525000 0.316667 0.525000 0.317188 0.524074 0.317708 0.524074 0.318229 0.523148 0.318750 0.523148 0.319271 0.522222 0.319792 0.522222 0.320833 0.520370 0.321354 0.520370 0.321875 0.519444 0.322396 0.519444 0.328646 0.508333 0.329167 0.508333 0.329688 0.507407 0.330208 0.507407 0.330729 0.506481 0.331250 0.506481 0.332292 0.504630 0.332813 0.504630 0.332292 0.503704 0.332813 0.502778 0.333333 0.502778 0.351042 0.534259 0.351042 0.535185 0.358854 0.549074 0.359375 0.549074 0.359896 0.550000 0.361458 0.550000 0.361979 0.549074 0.362500 0.549074 0.363542 0.547222 0.364063 0.547222 0.364583 0.546296 0.365104 0.546296 0.366146 0.544444 0.366667 0.544444 0.367708 0.542593 0.368229 0.542593 0.368750 0.541667 0.369271 0.541667 0.370312 0.539815 0.370833 0.539815 0.371875 0.537963 0.372396 0.537963 0.372917 0.537037 0.373437 0.537037 0.374479 0.535185 0.375000 0.535185 0.376042 0.533333 0.376563 0.533333 0.377604 0.531481 0.378125 0.531481 0.380729 0.526852 0.380208 0.527778 0.379688 0.527778 0.378646 0.529630 0.378125 0.529630 0.377083 0.531481 0.376563 0.531481 0.376042 0.532407 0.375521 0.532407 0.374479 0.534259 0.373958 0.534259 0.373437 0.535185 0.372917 0.535185 0.371875 0.537037 0.371354 0.537037 0.370833 0.537963 0.370312 0.537963 0.369271 0.539815 0.368750 0.539815 0.367708 0.541667 0.367188 0.541667 0.366667 0.542593 0.366146 0.542593 0.365625 0.543519 0.365104 0.543519 0.364583 0.542593 0.364063 0.542593 0.354687 0.525926 0.354687 0.525000 0.347917 0.512963 0.347917 0.512037 0.340625 0.499074 0.340625 0.498148 0.333854 0.486111 0.333854 0.485185 0.330208 0.478704 0.330208 0.477778 0.329688 0.476852
0 0.417448 0.520370 0.089063 0.074074 0.409375 0.483333 0.408854 0.484259 0.408333 0.484259 0.407813 0.485185 0.407292 0.485185 0.405208 0.488889 0.404687 0.488889 0.400000 0.497222 0.399479 0.497222 0.394271 0.506481 0.393750 0.506481 0.388542 0.515741 0.388021 0.515741 0.382812 0.525000 0.382292 0.525000 0.377083 0.534259 0.376563 0.534259 0.373437 0.539815 0.373437 0.540741 0.372917 0.541667 0.372917 0.543519 0.373437 0.544444 0.373437 0.545370 0.373958 0.546296 0.374479 0.546296 0.375000 0.547222 0.375521 0.547222 0.376042 0.546296 0.376563 0.546296 0.377604 0.544444 0.378125 0.544444 0.378646 0.543519 0.379167 0.543519 0.380208 0.541667 0.380729 0.541667 0.381771 0.539815 0.382292 0.539815 0.382812 0.538889 0.383333 0.538889 0.384375 0.537037 0.384896 0.537037 0.385937 0.535185 0.386458 0.535185 0.386979 0.534259 0.387500 0.534259 0.388542 0.532407 0.389062 0.532407 0.390104 0.530556 0.390625 0.530556 0.391667 0.528704 0.392188 0.528704 0.392708 0.527778 0.393229 0.527778 0.394271 0.525926 0.394792 0.525926 0.395833 0.524074 0.396354 0.524074 0.396875 0.523148 0.397396 0.523148 0.398438 0.521296 0.398958 0.521296 0.400000 0.519444 0.400521 0.519444 0.401042 0.518519 0.401562 0.518519 0.402604 0.516667 0.403125 0.516667 0.404167 0.514815 0.404687 0.514815 0.405208 0.513889 0.405729 0.513889 0.406771 0.512037 0.407292 0.512037 0.408333 0.510185 0.408854 0.510185 0.409375 0.509259 0.409896 0.509259 0.410938 0.507407 0.411458 0.507407 0.412500 0.505556 0.413021 0.506481 0.413542 0.506481 0.422917 0.523148 0.422917 0.524074 0.427604 0.532407 0.427604 0.533333 0.431771 0.540741 0.431771 0.541667 0.435417 0.548148 0.435417 0.549074 0.440104 0.557407 0.442188 0.557407 0.442708 0.556481 0.443229 0.556481 0.445312 0.552778 0.445833 0.552778 0.447917 0.549074 0.448437 0.549074 0.448958 0.548148 0.448958 0.547222 0.448437 0.546296 0.448437 0.545370 0.447917 0.544444 0.447917 0.543519 0.448437 0.542593 0.448437 0.541667 0.458854 0.523148 0.459375 0.523148 0.461979 0.518519 0.459896 0.522222 0.459375 0.522222 0.457292 0.525926 0.456771 0.525926 0.454167 0.530556 0.453646 0.530556 0.451562 0.534259 0.451042 0.534259 0.448958 0.537963 0.448437 0.537963 0.446354 0.541667 0.445833 0.541667 0.444271 0.544444 0.442188 0.544444 0.433854 0.529630 0.433854 0.528704 0.425521 0.513889 0.425521 0.512963 0.417187 0.498148 0.417187 0.497222 0.409896 0.484259 0.409896 0.483333
0 0.485417 0.515741 0.073958 0.079630 0.488542 0.475926 0.486458 0.479630 0.485938 0.479630 0.483854 0.483333 0.483333 0.483333 0.479167 0.490741 0.478646 0.490741 0.469271 0.507407 0.468750 0.507407 0.459375 0.524074 0.458854 0.524074 0.448958 0.541667 0.448958 0.542593 0.448437 0.543519 0.448437 0.544444 0.448958 0.545370 0.448958 0.546296 0.450000 0.548148 0.451562 0.548148 0.452083 0.547222 0.452604 0.547222 0.455208 0.542593 0.455729 0.542593 0.458333 0.537963 0.458854 0.537963 0.461979 0.532407 0.462500 0.532407 0.465104 0.527778 0.465625 0.527778 0.468229 0.523148 0.468750 0.523148 0.471875 0.517593 0.472396 0.517593 0.475000 0.512963 0.475521 0.512963 0.478646 0.507407 0.479167 0.507407 0.481771 0.502778 0.482292 0.502778 0.483333 0.500926 0.486979 0.500926 0.487500 0.501852 0.488021 0.501852 0.488542 0.502778 0.489063 0.502778 0.490104 0.504630 0.490625 0.504630 0.493229 0.509259 0.493750 0.509259 0.506771 0.532407 0.506771 0.533333 0.514583 0.547222 0.514583 0.548148 0.516667 0.551852 0.517188 0.551852 0.518750 0.554630 0.519271 0.554630 0.519792 0.555556 0.520312 0.555556 0.520833 0.554630 0.521354 0.554630 0.522396 0.552778 0.522396 0.551852 0.517708 0.543519 0.517708 0.542593 0.508333 0.525926 0.508333 0.525000 0.498437 0.507407 0.498437 0.506481 0.491667 0.494444 0.491667 0.493519 0.490104 0.490741 0.490104 0.487037 0.492708 0.482407 0.492708 0.481481 0.490104 0.476852 0.489583 0.476852 0.489063 0.475926
0 0.575000 0.517593 0.077083 0.096296 0.578125 0.469444 0.577083 0.471296 0.577083 0.472222 0.575521 0.475000 0.575521 0.475926 0.574479 0.477778 0.574479 0.478704 0.572917 0.481481 0.572917 0.482407 0.571875 0.484259 0.571875 0.485185 0.570312 0.487963 0.570312 0.488889 0.569271 0.490741 0.569271 0.491667 0.567708 0.494444 0.567708 0.495370 0.566146 0.498148 0.566146 0.499074 0.563542 0.503704 0.563021 0.503704 0.556250 0.515741 0.555729 0.515741 0.549479 0.526852 0.548958 0.526852 0.542708 0.537963 0.542708 0.538889 0.541146 0.541667 0.541146 0.542593 0.539583 0.545370 0.539583 0.546296 0.538021 0.549074 0.538021 0.550000 0.536458 0.552778 0.536458 0.557407 0.537500 0.559259 0.539583 0.559259 0.541146 0.556481 0.541667 0.556481 0.546354 0.548148 0.546875 0.548148 0.552604 0.537963 0.553125 0.537963 0.557292 0.530556 0.557813 0.530556 0.560937 0.525000 0.561458 0.525000 0.564063 0.520370 0.564583 0.520370 0.566146 0.517593 0.566667 0.517593 0.568229 0.514815 0.568750 0.514815 0.569792 0.512963 0.570312 0.512963 0.570833 0.512037 0.571354 0.512037 0.571875 0.511111 0.572396 0.511111 0.572917 0.510185 0.576562 0.510185 0.577083 0.511111 0.578125 0.511111 0.579167 0.512963 0.579688 0.512963 0.581250 0.515741 0.581771 0.515741 0.585938 0.523148 0.586458 0.523148 0.597917 0.543519 0.597917 0.544444 0.609375 0.564815 0.609896 0.564815 0.610417 0.565741 0.611979 0.565741 0.613021 0.563889 0.613021 0.562963 0.613542 0.562037 0.613021 0.561111 0.613021 0.560185 0.602604 0.541667 0.602604 0.540741 0.592708 0.523148 0.592708 0.522222 0.583854 0.506481 0.583854 0.505556 0.582292 0.502778 0.582292 0.501852 0.581771 0.500926 0.581771 0.498148 0.582812 0.496296 0.582812 0.495370 0.583854 0.493519 0.583854 0.492593 0.584375 0.491667 0.584375 0.490741 0.585417 0.488889 0.585417 0.487963 0.585938 0.487037 0.585938 0.486111 0.586979 0.484259 0.586979 0.483333 0.588021 0.481481 0.586458 0.478704 0.585938 0.478704 0.583333 0.474074 0.582812 0.474074 0.581250 0.471296 0.580729 0.471296 0.580208 0.470370 0.579688 0.470370 0.579167 0.469444
0 0.664844 0.537500 0.079687 0.087963 0.664583 0.493519 0.664583 0.495370 0.664062 0.496296 0.664062 0.500926 0.663542 0.501852 0.663542 0.506481 0.663021 0.507407 0.663021 0.508333 0.658333 0.516667 0.657813 0.516667 0.653646 0.524074 0.653125 0.524074 0.648958 0.531481 0.648438 0.531481 0.644271 0.538889 0.643750 0.538889 0.639583 0.546296 0.639062 0.546296 0.635417 0.552778 0.634896 0.552778 0.630729 0.560185 0.630208 0.560185 0.626042 0.567593 0.625521 0.567593 0.625521 0.569444 0.625000 0.570370 0.625521 0.571296 0.625521 0.572222 0.627083 0.575000 0.628125 0.575000 0.628646 0.574074 0.629167 0.574074 0.630729 0.571296 0.631250 0.571296 0.634896 0.564815 0.635417 0.564815 0.639062 0.558333 0.639583 0.558333 0.643229 0.551852 0.643750 0.551852 0.646875 0.546296 0.647396 0.546296 0.650000 0.541667 0.650521 0.541667 0.652604 0.537963 0.653125 0.537963 0.655208 0.534259 0.655729 0.534259 0.656771 0.532407 0.657292 0.532407 0.658854 0.529630 0.659375 0.529630 0.660417 0.527778 0.660937 0.527778 0.661458 0.526852 0.661979 0.526852 0.662500 0.525926 0.663542 0.525926 0.664062 0.525000 0.667188 0.525000 0.667708 0.525926 0.668229 0.525926 0.668750 0.526852 0.669271 0.526852 0.669792 0.527778 0.670312 0.527778 0.671354 0.529630 0.671875 0.529630 0.674479 0.534259 0.675000 0.534259 0.693229 0.566667 0.693229 0.567593 0.700000 0.579630 0.700521 0.579630 0.701042 0.580556 0.701562 0.580556 0.702083 0.581481 0.703125 0.581481 0.703646 0.580556 0.704167 0.580556 0.704167 0.579630 0.704688 0.578704 0.704688 0.572222 0.696875 0.558333 0.696875 0.557407 0.686458 0.538889 0.686458 0.537963 0.677083 0.521296 0.677083 0.520370 0.673958 0.514815 0.673958 0.513889 0.673438 0.512963 0.673438 0.512037 0.672917 0.511111 0.673438 0.510185 0.673438 0.502778 0.673958 0.501852 0.673958 0.500926 0.673438 0.500000 0.672917 0.500000 0.670833 0.496296 0.670312 0.496296 0.669792 0.495370 0.669271 0.495370 0.668750 0.494444 0.668229 0.494444 0.667708 0.493519
0 0.369531 0.503241 0.079687 0.078704 0.339583 0.463889 0.339062 0.464815 0.338021 0.464815 0.337500 0.465741 0.336979 0.465741 0.336458 0.466667 0.335938 0.466667 0.335417 0.467593 0.334375 0.467593 0.333854 0.468519 0.333333 0.468519 0.332813 0.469444 0.332292 0.469444 0.331771 0.470370 0.331250 0.470370 0.330729 0.471296 0.330208 0.471296 0.329688 0.472222 0.329688 0.475926 0.330729 0.477778 0.330729 0.478704 0.334375 0.485185 0.334375 0.486111 0.341146 0.498148 0.341146 0.499074 0.348438 0.512037 0.348438 0.512963 0.355208 0.525000 0.355208 0.525926 0.364063 0.541667 0.364583 0.541667 0.365104 0.542593 0.365625 0.542593 0.366146 0.541667 0.366667 0.541667 0.367188 0.540741 0.367708 0.540741 0.368750 0.538889 0.369271 0.538889 0.370312 0.537037 0.370833 0.537037 0.371354 0.536111 0.371875 0.536111 0.372917 0.534259 0.373437 0.534259 0.373958 0.533333 0.374479 0.533333 0.375521 0.531481 0.376042 0.531481 0.376563 0.530556 0.377083 0.530556 0.378125 0.528704 0.378646 0.528704 0.379688 0.526852 0.380208 0.526852 0.380729 0.525926 0.381250 0.525926 0.382292 0.524074 0.382812 0.524074 0.388021 0.514815 0.388542 0.514815 0.393750 0.505556 0.394271 0.505556 0.399479 0.496296 0.400000 0.496296 0.404687 0.487963 0.405208 0.487963 0.407292 0.484259 0.407813 0.484259 0.408333 0.483333 0.408854 0.483333 0.409375 0.482407 0.407292 0.478704 0.407292 0.477778 0.406771 0.476852 0.406771 0.475926 0.406250 0.475000 0.406771 0.474074 0.406771 0.473148 0.407813 0.471296 0.408333 0.471296 0.409375 0.469444 0.408854 0.469444 0.408333 0.468519 0.407813 0.468519 0.407292 0.467593 0.406250 0.467593 0.405208 0.469444 0.404687 0.469444 0.404167 0.470370 0.403646 0.470370 0.403125 0.471296 0.402604 0.471296 0.402083 0.472222 0.401562 0.472222 0.400521 0.474074 0.400000 0.474074 0.399479 0.475000 0.398958 0.475000 0.398438 0.475926 0.397917 0.475926 0.397396 0.476852 0.396875 0.476852 0.384375 0.499074 0.383854 0.499074 0.377083 0.511111 0.376563 0.511111 0.375521 0.512963 0.375000 0.512963 0.374479 0.513889 0.373958 0.513889 0.373437 0.514815 0.371875 0.514815 0.369792 0.511111 0.369792 0.508333 0.371354 0.505556 0.370833 0.505556 0.370312 0.506481 0.369792 0.506481 0.368750 0.508333 0.368229 0.508333 0.367708 0.509259 0.366667 0.509259 0.366146 0.508333 0.365625 0.508333 0.355729 0.490741 0.355729 0.489815 0.341146 0.463889
0 0.447656 0.506481 0.081771 0.074074 0.482292 0.469444 0.481250 0.471296 0.480729 0.471296 0.479167 0.474074 0.478646 0.474074 0.476562 0.477778 0.476042 0.477778 0.471354 0.486111 0.470833 0.486111 0.465104 0.496296 0.464583 0.496296 0.463021 0.499074 0.462500 0.499074 0.460938 0.501852 0.460417 0.501852 0.458333 0.505556 0.457813 0.505556 0.456250 0.508333 0.455729 0.508333 0.454167 0.511111 0.453646 0.511111 0.452083 0.513889 0.451562 0.513889 0.450000 0.516667 0.449479 0.516667 0.448437 0.518519 0.447917 0.518519 0.447396 0.519444 0.446875 0.518519 0.446354 0.518519 0.444792 0.515741 0.444271 0.516667 0.443750 0.516667 0.442188 0.519444 0.441667 0.519444 0.440625 0.521296 0.439063 0.521296 0.438021 0.519444 0.437500 0.519444 0.431771 0.509259 0.431771 0.508333 0.422917 0.492593 0.422917 0.491667 0.415625 0.478704 0.415104 0.478704 0.410938 0.471296 0.410417 0.471296 0.409896 0.470370 0.409375 0.470370 0.408333 0.472222 0.407813 0.472222 0.407292 0.473148 0.407292 0.474074 0.406771 0.475000 0.407292 0.475926 0.407292 0.476852 0.407813 0.477778 0.407813 0.478704 0.410417 0.483333 0.410417 0.484259 0.417708 0.497222 0.417708 0.498148 0.426042 0.512963 0.426042 0.513889 0.434375 0.528704 0.434375 0.529630 0.442188 0.543519 0.444271 0.543519 0.445833 0.540741 0.446354 0.540741 0.448437 0.537037 0.448958 0.537037 0.451042 0.533333 0.451562 0.533333 0.453646 0.529630 0.454167 0.529630 0.456771 0.525000 0.457292 0.525000 0.459375 0.521296 0.459896 0.521296 0.461979 0.517593 0.462500 0.517593 0.468750 0.506481 0.469271 0.506481 0.478646 0.489815 0.479167 0.489815 0.483333 0.482407 0.483854 0.482407 0.485938 0.478704 0.486458 0.478704 0.488542 0.475000 0.487500 0.473148 0.486979 0.473148 0.485938 0.471296 0.485417 0.471296 0.484896 0.470370 0.483854 0.470370 0.483333 0.469444
0 0.534115 0.513889 0.086979 0.088889 0.575521 0.469444 0.575000 0.470370 0.573958 0.470370 0.573438 0.471296 0.572917 0.471296 0.571875 0.473148 0.571354 0.473148 0.570312 0.475000 0.569792 0.475000 0.568229 0.477778 0.567708 0.477778 0.565104 0.482407 0.564583 0.482407 0.561458 0.487963 0.560937 0.487963 0.556771 0.495370 0.556250 0.495370 0.550521 0.505556 0.550000 0.505556 0.544271 0.515741 0.543750 0.515741 0.542188 0.518519 0.541667 0.518519 0.541146 0.519444 0.540625 0.518519 0.540104 0.518519 0.538542 0.515741 0.538542 0.514815 0.538021 0.513889 0.538021 0.512963 0.538542 0.512037 0.538542 0.511111 0.541146 0.506481 0.541146 0.505556 0.543750 0.500926 0.543750 0.500000 0.546354 0.495370 0.545833 0.495370 0.538542 0.508333 0.538021 0.508333 0.532292 0.518519 0.531771 0.518519 0.530208 0.521296 0.528646 0.521296 0.528125 0.520370 0.527604 0.520370 0.524479 0.514815 0.518750 0.525000 0.517188 0.525000 0.516667 0.524074 0.516146 0.524074 0.506250 0.506481 0.506250 0.505556 0.493229 0.482407 0.490625 0.487037 0.490625 0.490741 0.492188 0.493519 0.492188 0.494444 0.498958 0.506481 0.498958 0.507407 0.508854 0.525000 0.508854 0.525926 0.518229 0.542593 0.518229 0.543519 0.526563 0.558333 0.529167 0.558333 0.530208 0.556481 0.530729 0.556481 0.535417 0.548148 0.535937 0.548148 0.542188 0.537037 0.542708 0.537037 0.548958 0.525926 0.549479 0.525926 0.555729 0.514815 0.556250 0.514815 0.563021 0.502778 0.563542 0.502778 0.565625 0.499074 0.565625 0.498148 0.567187 0.495370 0.567187 0.494444 0.568750 0.491667 0.568750 0.490741 0.569792 0.488889 0.569792 0.487963 0.571354 0.485185 0.571354 0.484259 0.572396 0.482407 0.572396 0.481481 0.573958 0.478704 0.573958 0.477778 0.575000 0.475926 0.575000 0.475000 0.576562 0.472222 0.576562 0.471296 0.577604 0.469444
0 0.623177 0.527315 0.081771 0.089815 0.588021 0.482407 0.587500 0.483333 0.587500 0.484259 0.586458 0.486111 0.586458 0.487037 0.585938 0.487963 0.585938 0.488889 0.584896 0.490741 0.584896 0.491667 0.584375 0.492593 0.584375 0.493519 0.583333 0.495370 0.583333 0.496296 0.582292 0.498148 0.582292 0.500926 0.582812 0.501852 0.582812 0.502778 0.584375 0.505556 0.584375 0.506481 0.593229 0.522222 0.593229 0.523148 0.603125 0.540741 0.603125 0.541667 0.613542 0.560185 0.613542 0.561111 0.618750 0.570370 0.619271 0.570370 0.620313 0.572222 0.621354 0.572222 0.621875 0.571296 0.622396 0.571296 0.622917 0.570370 0.623437 0.570370 0.625521 0.566667 0.626042 0.566667 0.630208 0.559259 0.630729 0.559259 0.634896 0.551852 0.635417 0.551852 0.639062 0.545370 0.639583 0.545370 0.643750 0.537963 0.644271 0.537963 0.648438 0.530556 0.648958 0.530556 0.653125 0.523148 0.653646 0.523148 0.657813 0.515741 0.658333 0.515741 0.662500 0.508333 0.662500 0.507407 0.663021 0.506481 0.663021 0.501852 0.663542 0.500926 0.663542 0.496296 0.664062 0.495370 0.664062 0.493519 0.663542 0.494444 0.662500 0.494444 0.661979 0.495370 0.661458 0.495370 0.660937 0.496296 0.660417 0.496296 0.659375 0.498148 0.658854 0.498148 0.657813 0.500000 0.657292 0.500000 0.655729 0.502778 0.655208 0.502778 0.653125 0.506481 0.652604 0.506481 0.650000 0.511111 0.649479 0.511111 0.646875 0.515741 0.646354 0.515741 0.643229 0.521296 0.642708 0.521296 0.639062 0.527778 0.638542 0.527778 0.634375 0.535185 0.633854 0.535185 0.630208 0.541667 0.629687 0.541667 0.628125 0.544444 0.627604 0.544444 0.627083 0.545370 0.626563 0.544444 0.626042 0.544444 0.623958 0.540741 0.623958 0.537963 0.624479 0.537037 0.624479 0.535185 0.625000 0.534259 0.625000 0.532407 0.625521 0.531481 0.625521 0.529630 0.623958 0.532407 0.623437 0.532407 0.622917 0.533333 0.621354 0.533333 0.620833 0.532407 0.620313 0.532407 0.615104 0.523148 0.614583 0.523148 0.614062 0.524074 0.611979 0.524074 0.610938 0.522222 0.610417 0.522222 0.603125 0.509259 0.603125 0.508333 0.588542 0.482407
0 0.714844 0.542130 0.082812 0.082407 0.752604 0.500926 0.749479 0.506481 0.748958 0.506481 0.745833 0.512037 0.745313 0.512037 0.742188 0.517593 0.741667 0.517593 0.738542 0.523148 0.738021 0.523148 0.734896 0.528704 0.734375 0.528704 0.731250 0.534259 0.730729 0.534259 0.727604 0.539815 0.727083 0.539815 0.723958 0.545370 0.723437 0.545370 0.721354 0.549074 0.720833 0.549074 0.719792 0.550926 0.717708 0.550926 0.715104 0.546296 0.714583 0.546296 0.714063 0.545370 0.714063 0.544444 0.705729 0.529630 0.705729 0.534259 0.706250 0.535185 0.706250 0.547222 0.705729 0.548148 0.705729 0.549074 0.705208 0.550000 0.704688 0.550000 0.704167 0.550926 0.702604 0.550926 0.702083 0.550000 0.701562 0.550000 0.689583 0.528704 0.689583 0.527778 0.677604 0.506481 0.677083 0.506481 0.674479 0.501852 0.673958 0.502778 0.673958 0.510185 0.673438 0.511111 0.673958 0.512037 0.673958 0.512963 0.674479 0.513889 0.674479 0.514815 0.677604 0.520370 0.677604 0.521296 0.686979 0.537963 0.686979 0.538889 0.697396 0.557407 0.697396 0.558333 0.711458 0.583333 0.713542 0.583333 0.714063 0.582407 0.714583 0.582407 0.716146 0.579630 0.716667 0.579630 0.719271 0.575000 0.719792 0.575000 0.722396 0.570370 0.722917 0.570370 0.726042 0.564815 0.726562 0.564815 0.729688 0.559259 0.730208 0.559259 0.732812 0.554630 0.733333 0.554630 0.736458 0.549074 0.736979 0.549074 0.740104 0.543519 0.740625 0.543519 0.743750 0.537963 0.744271 0.537963 0.746875 0.533333 0.747396 0.533333 0.750521 0.527778 0.751042 0.527778 0.756250 0.518519 0.756250 0.516667 0.755729 0.515741 0.755729 0.513889 0.755208 0.512963 0.755208 0.511111 0.754687 0.510185 0.754687 0.508333 0.754167 0.507407 0.754167 0.504630 0.753646 0.503704 0.753646 0.501852 0.753125 0.500926
0 0.337500 0.473148 0.073958 0.070370 0.332813 0.437963 0.313021 0.473148 0.313021 0.474074 0.301563 0.494444 0.301563 0.495370 0.301042 0.496296 0.301042 0.497222 0.300521 0.498148 0.301042 0.499074 0.301042 0.500000 0.301563 0.500926 0.301563 0.501852 0.302083 0.501852 0.302604 0.502778 0.303125 0.502778 0.303646 0.501852 0.304167 0.501852 0.304688 0.500926 0.305208 0.500926 0.320833 0.473148 0.321354 0.473148 0.321875 0.472222 0.322396 0.472222 0.322917 0.471296 0.323437 0.471296 0.323958 0.470370 0.325000 0.470370 0.325521 0.469444 0.326042 0.469444 0.326562 0.468519 0.327083 0.468519 0.327604 0.467593 0.328125 0.467593 0.328646 0.466667 0.329688 0.466667 0.330208 0.465741 0.330729 0.465741 0.331250 0.464815 0.331771 0.464815 0.332292 0.463889 0.332813 0.463889 0.333333 0.462963 0.334375 0.462963 0.334896 0.462037 0.335417 0.462037 0.335938 0.461111 0.336458 0.461111 0.336979 0.460185 0.337500 0.460185 0.338021 0.459259 0.338542 0.459259 0.340625 0.462963 0.341146 0.462963 0.356250 0.489815 0.356250 0.490741 0.365625 0.507407 0.366146 0.507407 0.366667 0.508333 0.367708 0.508333 0.368229 0.507407 0.368750 0.507407 0.369792 0.505556 0.370312 0.505556 0.370833 0.504630 0.371354 0.504630 0.374479 0.499074 0.373437 0.500926 0.372917 0.500926 0.372396 0.501852 0.371875 0.501852 0.371354 0.502778 0.370833 0.502778 0.370312 0.503704 0.369271 0.503704 0.368750 0.502778 0.368229 0.502778 0.361979 0.491667 0.361979 0.490741 0.354687 0.477778 0.354687 0.476852 0.346875 0.462963 0.346875 0.462037 0.339583 0.449074 0.339583 0.448148 0.334896 0.439815 0.334896 0.438889 0.334375 0.437963
0 0.411979 0.481944 0.083333 0.076852 0.409375 0.443519 0.408854 0.444444 0.408333 0.444444 0.407813 0.445370 0.407292 0.445370 0.406771 0.446296 0.406250 0.446296 0.405729 0.447222 0.405208 0.447222 0.404167 0.449074 0.403646 0.449074 0.386979 0.478704 0.386458 0.478704 0.371875 0.504630 0.371875 0.505556 0.370312 0.508333 0.370312 0.511111 0.371875 0.513889 0.373437 0.513889 0.373958 0.512963 0.374479 0.512963 0.375000 0.512037 0.375521 0.512037 0.376563 0.510185 0.377083 0.510185 0.383854 0.498148 0.384375 0.498148 0.396875 0.475926 0.397396 0.475926 0.397917 0.475000 0.398438 0.475000 0.398958 0.474074 0.399479 0.474074 0.400000 0.473148 0.400521 0.473148 0.401562 0.471296 0.402083 0.471296 0.402604 0.470370 0.403125 0.470370 0.403646 0.469444 0.404167 0.469444 0.404687 0.468519 0.405208 0.468519 0.406250 0.466667 0.407292 0.466667 0.407813 0.467593 0.408333 0.467593 0.408854 0.468519 0.409375 0.468519 0.410417 0.470370 0.410938 0.470370 0.415104 0.477778 0.415625 0.477778 0.423438 0.491667 0.423438 0.492593 0.432292 0.508333 0.432292 0.509259 0.437500 0.518519 0.438021 0.518519 0.439063 0.520370 0.440625 0.520370 0.441667 0.518519 0.442188 0.518519 0.443750 0.515741 0.444271 0.515741 0.444792 0.514815 0.444792 0.512037 0.445312 0.511111 0.445312 0.510185 0.451562 0.499074 0.450521 0.500926 0.450000 0.500926 0.448437 0.503704 0.447917 0.503704 0.446354 0.506481 0.445833 0.506481 0.445312 0.507407 0.443750 0.507407 0.443229 0.506481 0.442708 0.506481 0.436979 0.496296 0.436979 0.495370 0.429167 0.481481 0.429167 0.480556 0.421354 0.466667 0.421354 0.465741 0.413542 0.451852 0.413542 0.450926
0 0.484635 0.481019 0.078646 0.086111 0.491146 0.437963 0.490104 0.439815 0.489583 0.439815 0.488542 0.441667 0.488021 0.441667 0.486979 0.443519 0.486458 0.443519 0.484896 0.446296 0.484375 0.446296 0.483333 0.448148 0.482812 0.448148 0.481771 0.450000 0.481250 0.450000 0.478646 0.454630 0.478125 0.454630 0.466146 0.475926 0.465625 0.475926 0.453646 0.497222 0.453125 0.497222 0.445833 0.510185 0.445833 0.511111 0.445312 0.512037 0.445312 0.515741 0.446354 0.517593 0.446875 0.517593 0.447396 0.518519 0.447917 0.517593 0.448437 0.517593 0.449479 0.515741 0.450000 0.515741 0.451562 0.512963 0.452083 0.512963 0.453646 0.510185 0.454167 0.510185 0.455729 0.507407 0.456250 0.507407 0.457813 0.504630 0.458333 0.504630 0.460417 0.500926 0.460938 0.500926 0.462500 0.498148 0.463021 0.498148 0.464583 0.495370 0.465104 0.495370 0.470833 0.485185 0.471354 0.485185 0.476042 0.476852 0.476562 0.476852 0.478646 0.473148 0.479167 0.473148 0.480729 0.470370 0.481250 0.470370 0.482292 0.468519 0.483333 0.468519 0.483854 0.469444 0.484896 0.469444 0.485417 0.470370 0.485938 0.470370 0.486979 0.472222 0.487500 0.472222 0.489583 0.475926 0.490104 0.475926 0.506771 0.505556 0.506771 0.506481 0.516146 0.523148 0.516667 0.523148 0.517188 0.524074 0.518750 0.524074 0.523958 0.514815 0.523958 0.513889 0.518229 0.503704 0.518229 0.502778 0.508333 0.485185 0.508333 0.484259 0.498958 0.467593 0.498958 0.466667 0.492708 0.455556 0.492708 0.454630 0.491667 0.452778 0.491667 0.451852 0.491146 0.450926 0.491146 0.449074 0.493750 0.444444 0.494271 0.444444 0.494271 0.443519
0 0.576562 0.481019 0.076042 0.084259 0.576562 0.438889 0.576562 0.439815 0.574479 0.443519 0.574479 0.444444 0.572396 0.448148 0.572396 0.449074 0.570312 0.452778 0.570312 0.453704 0.568229 0.457407 0.568229 0.458333 0.561979 0.469444 0.561458 0.469444 0.554167 0.482407 0.553646 0.482407 0.546875 0.494444 0.546875 0.495370 0.544271 0.500000 0.544271 0.500926 0.541667 0.505556 0.541667 0.506481 0.539062 0.511111 0.539062 0.512037 0.538542 0.512963 0.538542 0.513889 0.539062 0.514815 0.539062 0.515741 0.540104 0.517593 0.540625 0.517593 0.541146 0.518519 0.541667 0.517593 0.542188 0.517593 0.543750 0.514815 0.544271 0.514815 0.550000 0.504630 0.550521 0.504630 0.556250 0.494444 0.556771 0.494444 0.560937 0.487037 0.561458 0.487037 0.564583 0.481481 0.565104 0.481481 0.567708 0.476852 0.568229 0.476852 0.569792 0.474074 0.570312 0.474074 0.571354 0.472222 0.571875 0.472222 0.572917 0.470370 0.573438 0.470370 0.573958 0.469444 0.575000 0.469444 0.575521 0.468519 0.579167 0.468519 0.579688 0.469444 0.580208 0.469444 0.580729 0.470370 0.581250 0.470370 0.582812 0.473148 0.583333 0.473148 0.585938 0.477778 0.586458 0.477778 0.603646 0.508333 0.603646 0.509259 0.610417 0.521296 0.610938 0.521296 0.611979 0.523148 0.614062 0.523148 0.614583 0.522222 0.609896 0.513889 0.609896 0.512963 0.600000 0.495370 0.600000 0.494444 0.589583 0.475926 0.589583 0.475000 0.583854 0.464815 0.583854 0.463889 0.582812 0.462037 0.582812 0.459259 0.583333 0.458333 0.583333 0.457407 0.584375 0.455556 0.584375 0.454630 0.585938 0.451852 0.585938 0.450000 0.583854 0.446296 0.583333 0.446296 0.581250 0.442593 0.580729 0.442593 0.579167 0.439815 0.578646 0.439815 0.578125 0.438889
0 0.665104 0.500926 0.081250 0.098148 0.665625 0.451852 0.665625 0.456481 0.665104 0.457407 0.665104 0.461111 0.664583 0.462037 0.664583 0.465741 0.664062 0.466667 0.664062 0.467593 0.663542 0.468519 0.663542 0.469444 0.660937 0.474074 0.660417 0.474074 0.655729 0.482407 0.655208 0.482407 0.650521 0.490741 0.650000 0.490741 0.645312 0.499074 0.644792 0.499074 0.640625 0.506481 0.640104 0.506481 0.635417 0.514815 0.634896 0.514815 0.630729 0.522222 0.630208 0.522222 0.626042 0.529630 0.626042 0.531481 0.625521 0.532407 0.625521 0.534259 0.625000 0.535185 0.625000 0.537037 0.624479 0.537963 0.624479 0.540741 0.626042 0.543519 0.626563 0.543519 0.627083 0.544444 0.627604 0.543519 0.628125 0.543519 0.629687 0.540741 0.630208 0.540741 0.633854 0.534259 0.634375 0.534259 0.638542 0.526852 0.639062 0.526852 0.642708 0.520370 0.643229 0.520370 0.646354 0.514815 0.646875 0.514815 0.649479 0.510185 0.650000 0.510185 0.652604 0.505556 0.653125 0.505556 0.655208 0.501852 0.655729 0.501852 0.657292 0.499074 0.657813 0.499074 0.658854 0.497222 0.659375 0.497222 0.660417 0.495370 0.660937 0.495370 0.661458 0.494444 0.661979 0.494444 0.662500 0.493519 0.663542 0.493519 0.664062 0.492593 0.667708 0.492593 0.668229 0.493519 0.668750 0.493519 0.669271 0.494444 0.669792 0.494444 0.670312 0.495370 0.670833 0.495370 0.672917 0.499074 0.673438 0.499074 0.677083 0.505556 0.677604 0.505556 0.690104 0.527778 0.690104 0.528704 0.701562 0.549074 0.702083 0.549074 0.702604 0.550000 0.704167 0.550000 0.704688 0.549074 0.705208 0.549074 0.705208 0.548148 0.705729 0.547222 0.705729 0.535185 0.705208 0.534259 0.705208 0.528704 0.702604 0.524074 0.702604 0.523148 0.692708 0.505556 0.692708 0.504630 0.682813 0.487037 0.682813 0.486111 0.680208 0.481481 0.680208 0.480556 0.679688 0.479630 0.679688 0.472222 0.680208 0.471296 0.680208 0.467593 0.676562 0.461111 0.676042 0.461111 0.673438 0.456481 0.672917 0.456481 0.671875 0.454630 0.671354 0.454630 0.670312 0.452778 0.669271 0.452778 0.668750 0.451852
0 0.371875 0.466204 0.075000 0.073148 0.338542 0.429630 0.338021 0.430556 0.336979 0.430556 0.336458 0.431481 0.335938 0.431481 0.335417 0.432407 0.334896 0.432407 0.334375 0.433333 0.334375 0.437037 0.335417 0.438889 0.335417 0.439815 0.340104 0.448148 0.340104 0.449074 0.347396 0.462037 0.347396 0.462963 0.355208 0.476852 0.355208 0.477778 0.362500 0.490741 0.362500 0.491667 0.368229 0.501852 0.368750 0.501852 0.369271 0.502778 0.370312 0.502778 0.370833 0.501852 0.371354 0.501852 0.371875 0.500926 0.372396 0.500926 0.372917 0.500000 0.373437 0.500000 0.374479 0.498148 0.375000 0.498148 0.386458 0.477778 0.386979 0.477778 0.403646 0.448148 0.404167 0.448148 0.405208 0.446296 0.405729 0.446296 0.406250 0.445370 0.406771 0.445370 0.407292 0.444444 0.407813 0.444444 0.408333 0.443519 0.408854 0.443519 0.408854 0.441667 0.407813 0.439815 0.407813 0.436111 0.408854 0.434259 0.409375 0.434259 0.408854 0.434259 0.408333 0.433333 0.407813 0.433333 0.407292 0.432407 0.406250 0.432407 0.405729 0.433333 0.405208 0.433333 0.404687 0.434259 0.404167 0.434259 0.403646 0.435185 0.403125 0.435185 0.402604 0.436111 0.402083 0.436111 0.401042 0.437963 0.400521 0.437963 0.384896 0.465741 0.384375 0.465741 0.380208 0.473148 0.379688 0.473148 0.379167 0.474074 0.378646 0.474074 0.378125 0.475000 0.377604 0.475000 0.376563 0.476852 0.376042 0.476852 0.375521 0.477778 0.375000 0.477778 0.374479 0.478704 0.373958 0.478704 0.373437 0.479630 0.372917 0.479630 0.372396 0.480556 0.371875 0.480556 0.371354 0.479630 0.370833 0.479630 0.369271 0.476852 0.369271 0.473148 0.370312 0.471296 0.369792 0.472222 0.369271 0.472222 0.368750 0.473148 0.368229 0.473148 0.367708 0.474074 0.367188 0.474074 0.366667 0.475000 0.364583 0.475000 0.363542 0.473148 0.362500 0.473148 0.355729 0.461111 0.355729 0.460185 0.347396 0.445370 0.347396 0.444444 0.339062 0.429630
0 0.449479 0.468981 0.082292 0.075000 0.484896 0.431481 0.484375 0.432407 0.483854 0.432407 0.482812 0.434259 0.482292 0.434259 0.481250 0.436111 0.480729 0.436111 0.479687 0.437963 0.479167 0.437963 0.478125 0.439815 0.477604 0.439815 0.472917 0.448148 0.472396 0.448148 0.462500 0.465741 0.461979 0.465741 0.460938 0.467593 0.460417 0.467593 0.459375 0.469444 0.458854 0.469444 0.457813 0.471296 0.457292 0.471296 0.456250 0.473148 0.455729 0.473148 0.454167 0.475926 0.453646 0.475926 0.452604 0.477778 0.452083 0.477778 0.451042 0.479630 0.450521 0.479630 0.449479 0.481481 0.448437 0.481481 0.446875 0.478704 0.445833 0.478704 0.444792 0.480556 0.444271 0.480556 0.443229 0.482407 0.442708 0.482407 0.441667 0.484259 0.441146 0.484259 0.440625 0.485185 0.440104 0.485185 0.439583 0.486111 0.439063 0.485185 0.438021 0.485185 0.429167 0.469444 0.429167 0.468519 0.411458 0.437037 0.410938 0.437037 0.409896 0.435185 0.408854 0.435185 0.408333 0.436111 0.408333 0.439815 0.409375 0.441667 0.409375 0.442593 0.414062 0.450926 0.414062 0.451852 0.421875 0.465741 0.421875 0.466667 0.429688 0.480556 0.429688 0.481481 0.437500 0.495370 0.437500 0.496296 0.442708 0.505556 0.443229 0.505556 0.443750 0.506481 0.445312 0.506481 0.445833 0.505556 0.446354 0.505556 0.447917 0.502778 0.448437 0.502778 0.450000 0.500000 0.450521 0.500000 0.451562 0.498148 0.452083 0.498148 0.453646 0.495370 0.454167 0.495370 0.465625 0.475000 0.466146 0.475000 0.478125 0.453704 0.478646 0.453704 0.481250 0.449074 0.481771 0.449074 0.482812 0.447222 0.483333 0.447222 0.484375 0.445370 0.484896 0.445370 0.486458 0.442593 0.486979 0.442593 0.488021 0.440741 0.488542 0.440741 0.489583 0.438889 0.490104 0.438889 0.490625 0.437963 0.490625 0.437037 0.490104 0.437037 0.488542 0.434259 0.488021 0.434259 0.486979 0.432407 0.486458 0.432407 0.485938 0.431481
0 0.534115 0.479167 0.084896 0.082407 0.573438 0.437963 0.572917 0.438889 0.571875 0.438889 0.571354 0.439815 0.570833 0.439815 0.569792 0.441667 0.569271 0.441667 0.568229 0.443519 0.567708 0.443519 0.565625 0.447222 0.565104 0.447222 0.563021 0.450926 0.562500 0.450926 0.558854 0.457407 0.558333 0.457407 0.553646 0.465741 0.553125 0.465741 0.546354 0.477778 0.545833 0.477778 0.540104 0.487963 0.539583 0.487963 0.539062 0.488889 0.538542 0.488889 0.538021 0.489815 0.537500 0.488889 0.536979 0.488889 0.535417 0.486111 0.535417 0.481481 0.540104 0.473148 0.540104 0.472222 0.547396 0.459259 0.547396 0.458333 0.554167 0.446296 0.554167 0.445370 0.555208 0.443519 0.546354 0.459259 0.545833 0.459259 0.537500 0.474074 0.536979 0.474074 0.531250 0.484259 0.530729 0.484259 0.529687 0.486111 0.528125 0.486111 0.527604 0.485185 0.527083 0.485185 0.523958 0.479630 0.520312 0.486111 0.518229 0.486111 0.516667 0.483333 0.516146 0.483333 0.513021 0.477778 0.513021 0.476852 0.501042 0.455556 0.501042 0.454630 0.497396 0.448148 0.496875 0.448148 0.494792 0.444444 0.494271 0.445370 0.493750 0.445370 0.491667 0.449074 0.491667 0.450926 0.492188 0.451852 0.492188 0.452778 0.493229 0.454630 0.493229 0.455556 0.499479 0.466667 0.499479 0.467593 0.508854 0.484259 0.508854 0.485185 0.518750 0.502778 0.518750 0.503704 0.527604 0.519444 0.528125 0.519444 0.528646 0.520370 0.530208 0.520370 0.531771 0.517593 0.532292 0.517593 0.538021 0.507407 0.538542 0.507407 0.545833 0.494444 0.546354 0.494444 0.553646 0.481481 0.554167 0.481481 0.561458 0.468519 0.561979 0.468519 0.567708 0.458333 0.567708 0.457407 0.569792 0.453704 0.569792 0.452778 0.571875 0.449074 0.571875 0.448148 0.573958 0.444444 0.573958 0.443519 0.576042 0.439815 0.576042 0.438889 0.576562 0.437963
0 0.624219 0.491667 0.081771 0.081481 0.586458 0.450926 0.586458 0.451852 0.584896 0.454630 0.584896 0.455556 0.583854 0.457407 0.583854 0.458333 0.583333 0.459259 0.583333 0.462037 0.584375 0.463889 0.584375 0.464815 0.590104 0.475000 0.590104 0.475926 0.600521 0.494444 0.600521 0.495370 0.610417 0.512963 0.610417 0.513889 0.620313 0.531481 0.620833 0.531481 0.621354 0.532407 0.622917 0.532407 0.623437 0.531481 0.623958 0.531481 0.625521 0.528704 0.626042 0.528704 0.630208 0.521296 0.630729 0.521296 0.634896 0.513889 0.635417 0.513889 0.640104 0.505556 0.640625 0.505556 0.644792 0.498148 0.645312 0.498148 0.650000 0.489815 0.650521 0.489815 0.655208 0.481481 0.655729 0.481481 0.660417 0.473148 0.660937 0.473148 0.663021 0.469444 0.663021 0.468519 0.663542 0.467593 0.663542 0.466667 0.664062 0.465741 0.664062 0.462037 0.664583 0.461111 0.664583 0.457407 0.665104 0.456481 0.665104 0.451852 0.664583 0.452778 0.663542 0.452778 0.662500 0.454630 0.661979 0.454630 0.661458 0.455556 0.660937 0.455556 0.659896 0.457407 0.659375 0.457407 0.657813 0.460185 0.657292 0.460185 0.655729 0.462963 0.655208 0.462963 0.652604 0.467593 0.652083 0.467593 0.649479 0.472222 0.648958 0.472222 0.645833 0.477778 0.645312 0.477778 0.641146 0.485185 0.640625 0.485185 0.636458 0.492593 0.635938 0.492593 0.631771 0.500000 0.631250 0.500000 0.629687 0.502778 0.629167 0.502778 0.628646 0.503704 0.628125 0.503704 0.627604 0.502778 0.627083 0.502778 0.625521 0.500000 0.625521 0.496296 0.626042 0.495370 0.626042 0.493519 0.626563 0.492593 0.626563 0.490741 0.627083 0.489815 0.627083 0.488889 0.627604 0.487963 0.625521 0.491667 0.625000 0.491667 0.624479 0.492593 0.623958 0.492593 0.623437 0.493519 0.622917 0.492593 0.621875 0.492593 0.616667 0.483333 0.616146 0.484259 0.616146 0.485185 0.615625 0.486111 0.615625 0.487037 0.615104 0.487963 0.615104 0.488889 0.614583 0.489815 0.614583 0.491667 0.613542 0.493519 0.613021 0.493519 0.612500 0.494444 0.611458 0.494444 0.610938 0.493519 0.610417 0.493519 0.609896 0.492593 0.609375 0.492593 0.603125 0.481481 0.603125 0.480556
0 0.721094 0.509259 0.081771 0.081481 0.680729 0.468519 0.680729 0.471296 0.680208 0.472222 0.680208 0.479630 0.680729 0.480556 0.680729 0.481481 0.683333 0.486111 0.683333 0.487037 0.693229 0.504630 0.693229 0.505556 0.703125 0.523148 0.703125 0.524074 0.714583 0.544444 0.714583 0.545370 0.715104 0.545370 0.717708 0.550000 0.719792 0.550000 0.720833 0.548148 0.721354 0.548148 0.723437 0.544444 0.723958 0.544444 0.727083 0.538889 0.727604 0.538889 0.730729 0.533333 0.731250 0.533333 0.734375 0.527778 0.734896 0.527778 0.738021 0.522222 0.738542 0.522222 0.741667 0.516667 0.742188 0.516667 0.745313 0.511111 0.745833 0.511111 0.748958 0.505556 0.749479 0.505556 0.752604 0.500000 0.753125 0.500000 0.756250 0.494444 0.756771 0.494444 0.761979 0.485185 0.761979 0.482407 0.761458 0.481481 0.761458 0.480556 0.760938 0.479630 0.760938 0.477778 0.760417 0.476852 0.760417 0.475926 0.759896 0.475000 0.759896 0.474074 0.756771 0.479630 0.756250 0.479630 0.752604 0.486111 0.752083 0.486111 0.748958 0.491667 0.748437 0.491667 0.745313 0.497222 0.744792 0.497222 0.741667 0.502778 0.741146 0.502778 0.738021 0.508333 0.737500 0.508333 0.734375 0.513889 0.733854 0.513889 0.730729 0.519444 0.730208 0.519444 0.728125 0.523148 0.727604 0.523148 0.726562 0.525000 0.726042 0.525000 0.725521 0.525926 0.725000 0.525926 0.724479 0.525000 0.723958 0.525000 0.722917 0.523148 0.722396 0.523148 0.717708 0.514815 0.717708 0.513889 0.707292 0.495370 0.707292 0.494444 0.706771 0.493519 0.706771 0.496296 0.707292 0.497222 0.707292 0.505556 0.705729 0.508333 0.703125 0.508333 0.702083 0.506481 0.701562 0.506481 0.694792 0.494444 0.694792 0.493519
0 0.335938 0.441204 0.073958 0.065741 0.372917 0.465741 0.372396 0.466667 0.371875 0.466667 0.371354 0.467593 0.370833 0.467593 0.370312 0.468519 0.369792 0.468519 0.369271 0.469444 0.368750 0.469444 0.368229 0.470370 0.367708 0.470370 0.367188 0.471296 0.366667 0.471296 0.366146 0.472222 0.365625 0.472222 0.365104 0.473148 0.364063 0.473148 0.364583 0.474074 0.366667 0.474074 0.367188 0.473148 0.367708 0.473148 0.368229 0.472222 0.368750 0.472222 0.369271 0.471296 0.369792 0.471296 0.370312 0.470370 0.370833 0.470370 0.370833 0.469444
0 0.410417 0.446296 0.081250 0.077778 0.409896 0.407407 0.409375 0.408333 0.408854 0.408333 0.408333 0.409259 0.407813 0.409259 0.407292 0.410185 0.406771 0.410185 0.406250 0.411111 0.405208 0.411111 0.404687 0.412037 0.404167 0.412037 0.403125 0.413889 0.402604 0.413889 0.371354 0.469444 0.371354 0.470370 0.369792 0.473148 0.369792 0.476852 0.370833 0.478704 0.371354 0.478704 0.371875 0.479630 0.372396 0.479630 0.372917 0.478704 0.373437 0.478704 0.373958 0.477778 0.374479 0.477778 0.375000 0.476852 0.375521 0.476852 0.376042 0.475926 0.376563 0.475926 0.377604 0.474074 0.378125 0.474074 0.378646 0.473148 0.379167 0.473148 0.379688 0.472222 0.380208 0.472222 0.384375 0.464815 0.384896 0.464815 0.400521 0.437037 0.401042 0.437037 0.402083 0.435185 0.402604 0.435185 0.403125 0.434259 0.403646 0.434259 0.404167 0.433333 0.404687 0.433333 0.405208 0.432407 0.405729 0.432407 0.406250 0.431481 0.407292 0.431481 0.407813 0.432407 0.408333 0.432407 0.408854 0.433333 0.409375 0.433333 0.410938 0.436111 0.411458 0.436111 0.429688 0.468519 0.429688 0.469444 0.438021 0.484259 0.439063 0.484259 0.439583 0.485185 0.440104 0.484259 0.440625 0.484259 0.441146 0.483333 0.441667 0.483333 0.442708 0.481481 0.443229 0.481481 0.444271 0.479630 0.444792 0.479630 0.445833 0.477778 0.446354 0.477778 0.446354 0.476852 0.445833 0.475926 0.445833 0.475000 0.446354 0.474074 0.446354 0.473148 0.451042 0.464815 0.450521 0.465741 0.450000 0.465741 0.448958 0.467593 0.448437 0.467593 0.447396 0.469444 0.446875 0.469444 0.446354 0.470370 0.445833 0.470370 0.445312 0.471296 0.444792 0.470370 0.444271 0.470370 0.443229 0.468519 0.442708 0.468519 0.440104 0.463889 0.440104 0.462963 0.430729 0.446296 0.430729 0.445370 0.421354 0.428704 0.421354 0.427778 0.412500 0.412037 0.412500 0.411111 0.410417 0.407407
0 0.484896 0.443056 0.077083 0.084259 0.492188 0.400926 0.491146 0.402778 0.490625 0.402778 0.490104 0.403704 0.489583 0.403704 0.488542 0.405556 0.488021 0.405556 0.486979 0.407407 0.486458 0.407407 0.485938 0.408333 0.485417 0.408333 0.484375 0.410185 0.483854 0.410185 0.483333 0.411111 0.482812 0.411111 0.481771 0.412963 0.481250 0.412963 0.464583 0.442593 0.464062 0.442593 0.446875 0.473148 0.446875 0.474074 0.446354 0.475000 0.446354 0.475926 0.446875 0.476852 0.446875 0.477778 0.448437 0.480556 0.449479 0.480556 0.450521 0.478704 0.451042 0.478704 0.452083 0.476852 0.452604 0.476852 0.453646 0.475000 0.454167 0.475000 0.455729 0.472222 0.456250 0.472222 0.457292 0.470370 0.457813 0.470370 0.458854 0.468519 0.459375 0.468519 0.460417 0.466667 0.460938 0.466667 0.461979 0.464815 0.462500 0.464815 0.472396 0.447222 0.472917 0.447222 0.477604 0.438889 0.478125 0.438889 0.479167 0.437037 0.479687 0.437037 0.480729 0.435185 0.481250 0.435185 0.482292 0.433333 0.482812 0.433333 0.483854 0.431481 0.484375 0.431481 0.484896 0.430556 0.485938 0.430556 0.486458 0.431481 0.486979 0.431481 0.488021 0.433333 0.488542 0.433333 0.490104 0.436111 0.490625 0.436111 0.496875 0.447222 0.497396 0.447222 0.501563 0.454630 0.501563 0.455556 0.513542 0.476852 0.513542 0.477778 0.516146 0.482407 0.516667 0.482407 0.518229 0.485185 0.520312 0.485185 0.523438 0.479630 0.523438 0.478704 0.517708 0.468519 0.517708 0.467593 0.507812 0.450000 0.507812 0.449074 0.497396 0.430556 0.497396 0.429630 0.491667 0.419444 0.491667 0.418519 0.490625 0.416667 0.490625 0.412963 0.492708 0.409259 0.493229 0.409259 0.494271 0.407407 0.494792 0.407407 0.495312 0.406481 0.495833 0.406481 0.495312 0.405556 0.494792 0.405556
0 0.576042 0.447222 0.080208 0.092593 0.579688 0.400926 0.578125 0.403704 0.577604 0.403704 0.572917 0.412037 0.572917 0.412963 0.554688 0.445370 0.554688 0.446296 0.547917 0.458333 0.547917 0.459259 0.540625 0.472222 0.540625 0.473148 0.535937 0.481481 0.535937 0.486111 0.536979 0.487963 0.537500 0.487963 0.538021 0.488889 0.538542 0.487963 0.539062 0.487963 0.539583 0.487037 0.540104 0.487037 0.545833 0.476852 0.546354 0.476852 0.553125 0.464815 0.553646 0.464815 0.558333 0.456481 0.558854 0.456481 0.562500 0.450000 0.563021 0.450000 0.565104 0.446296 0.565625 0.446296 0.567708 0.442593 0.568229 0.442593 0.569271 0.440741 0.569792 0.440741 0.570833 0.438889 0.571354 0.438889 0.571875 0.437963 0.572917 0.437963 0.573438 0.437037 0.576562 0.437037 0.577083 0.437963 0.578125 0.437963 0.578646 0.438889 0.579167 0.438889 0.580729 0.441667 0.581250 0.441667 0.583333 0.445370 0.583854 0.445370 0.603646 0.480556 0.603646 0.481481 0.609375 0.491667 0.609896 0.491667 0.610417 0.492593 0.610938 0.492593 0.611458 0.493519 0.612500 0.493519 0.613021 0.492593 0.613542 0.492593 0.614062 0.491667 0.614062 0.489815 0.614583 0.488889 0.614583 0.487963 0.615104 0.487037 0.615104 0.486111 0.615625 0.485185 0.615625 0.484259 0.616146 0.483333 0.616146 0.482407 0.612500 0.475926 0.612500 0.475000 0.602083 0.456481 0.602083 0.455556 0.592187 0.437963 0.592187 0.437037 0.585417 0.425000 0.585417 0.424074 0.584375 0.422222 0.584375 0.418519 0.585938 0.415741 0.585938 0.414815 0.587500 0.412037 0.585938 0.409259 0.585417 0.409259 0.582812 0.404630 0.582292 0.404630 0.580729 0.401852 0.580208 0.401852
0 0.666406 0.458796 0.080729 0.097222 0.668229 0.410185 0.667708 0.411111 0.667188 0.411111 0.667188 0.412037 0.666667 0.412963 0.666667 0.416667 0.666146 0.417593 0.666146 0.421296 0.665625 0.422222 0.665625 0.425926 0.664583 0.427778 0.664583 0.428704 0.661458 0.434259 0.660937 0.434259 0.655729 0.443519 0.655208 0.443519 0.650521 0.451852 0.650000 0.451852 0.644792 0.461111 0.644271 0.461111 0.639583 0.469444 0.639062 0.469444 0.633854 0.478704 0.633333 0.478704 0.628646 0.487037 0.628125 0.487037 0.628125 0.487963 0.627604 0.488889 0.627604 0.489815 0.627083 0.490741 0.627083 0.492593 0.626563 0.493519 0.626563 0.495370 0.626042 0.496296 0.626042 0.500000 0.627083 0.501852 0.627604 0.501852 0.628125 0.502778 0.628646 0.502778 0.629167 0.501852 0.629687 0.501852 0.631250 0.499074 0.631771 0.499074 0.635938 0.491667 0.636458 0.491667 0.640625 0.484259 0.641146 0.484259 0.645312 0.476852 0.645833 0.476852 0.648958 0.471296 0.649479 0.471296 0.652083 0.466667 0.652604 0.466667 0.655208 0.462037 0.655729 0.462037 0.657292 0.459259 0.657813 0.459259 0.659375 0.456481 0.659896 0.456481 0.660937 0.454630 0.661458 0.454630 0.661979 0.453704 0.662500 0.453704 0.663542 0.451852 0.664583 0.451852 0.665104 0.450926 0.668750 0.450926 0.669271 0.451852 0.670312 0.451852 0.671354 0.453704 0.671875 0.453704 0.672917 0.455556 0.673438 0.455556 0.676042 0.460185 0.676562 0.460185 0.695312 0.493519 0.695312 0.494444 0.701562 0.505556 0.702083 0.505556 0.703125 0.507407 0.705729 0.507407 0.706771 0.505556 0.706771 0.497222 0.706250 0.496296 0.706250 0.492593 0.696875 0.475926 0.696875 0.475000 0.688021 0.459259 0.688021 0.458333 0.685937 0.454630 0.685937 0.436111 0.686458 0.435185 0.681250 0.425926 0.680729 0.425926 0.676042 0.417593 0.675521 0.417593 0.673438 0.413889 0.672917 0.413889 0.672396 0.412963 0.671875 0.412963 0.671354 0.412037 0.670833 0.412037 0.670312 0.411111 0.668750 0.411111
0 0.370312 0.432870 0.085417 0.078704 0.340104 0.393519 0.339583 0.394444 0.338542 0.394444 0.338021 0.395370 0.336979 0.395370 0.336458 0.396296 0.335417 0.396296 0.334896 0.397222 0.333854 0.397222 0.333333 0.398148 0.332292 0.398148 0.331771 0.399074 0.330729 0.399074 0.330208 0.400000 0.329167 0.400000 0.328646 0.400926 0.328125 0.400926 0.327604 0.401852 0.327604 0.405556 0.328125 0.406481 0.328125 0.407407 0.331771 0.413889 0.331771 0.414815 0.340104 0.429630 0.340104 0.430556 0.347917 0.444444 0.347917 0.445370 0.356250 0.460185 0.356250 0.461111 0.362500 0.472222 0.365104 0.472222 0.365625 0.471296 0.366146 0.471296 0.366667 0.470370 0.367188 0.470370 0.367708 0.469444 0.368229 0.469444 0.368750 0.468519 0.369271 0.468519 0.369792 0.467593 0.370312 0.467593 0.370833 0.466667 0.371354 0.466667 0.371875 0.465741 0.372396 0.465741 0.372917 0.464815 0.373437 0.464815 0.402604 0.412963 0.403125 0.412963 0.404167 0.411111 0.404687 0.411111 0.405208 0.410185 0.406250 0.410185 0.406771 0.409259 0.407292 0.409259 0.407813 0.408333 0.408333 0.408333 0.408854 0.407407 0.409375 0.407407 0.409896 0.406481 0.408854 0.404630 0.408854 0.403704 0.408333 0.402778 0.408333 0.400000 0.409896 0.397222 0.410417 0.397222 0.410938 0.396296 0.411979 0.396296 0.412500 0.395370 0.413021 0.395370 0.412500 0.395370 0.411458 0.393519 0.410938 0.393519 0.410417 0.394444 0.409375 0.394444 0.408854 0.395370 0.408333 0.395370 0.407813 0.396296 0.407292 0.396296 0.406771 0.397222 0.405729 0.397222 0.405208 0.398148 0.404687 0.398148 0.404167 0.399074 0.403125 0.399074 0.402604 0.400000 0.402083 0.400000 0.401562 0.400926 0.401042 0.400926 0.400521 0.401852 0.399479 0.401852 0.398958 0.402778 0.398438 0.402778 0.397917 0.403704 0.396875 0.403704 0.396354 0.404630 0.395833 0.404630 0.376563 0.438889 0.376042 0.438889 0.375000 0.440741 0.374479 0.440741 0.373437 0.438889 0.373437 0.437963 0.372917 0.437037 0.372917 0.435185 0.373437 0.434259 0.373437 0.433333 0.372917 0.434259 0.372396 0.434259 0.371875 0.435185 0.371354 0.435185 0.370833 0.436111 0.369792 0.436111 0.369271 0.437037 0.368750 0.437037 0.368229 0.437963 0.367708 0.437963 0.367188 0.438889 0.366667 0.438889 0.366146 0.437963 0.365625 0.437963 0.364063 0.435185 0.363542 0.435185 0.361458 0.431481 0.361458 0.430556 0.350000 0.410185 0.350000 0.409259 0.345833 0.401852 0.345313 0.401852 0.340625 0.393519
0 0.450260 0.432407 0.082812 0.075926 0.485938 0.394444 0.485417 0.395370 0.484896 0.395370 0.483854 0.397222 0.483333 0.397222 0.482812 0.398148 0.482292 0.398148 0.481771 0.399074 0.481250 0.399074 0.480208 0.400926 0.479687 0.400926 0.479167 0.401852 0.478646 0.401852 0.475521 0.407407 0.475000 0.407407 0.460938 0.432407 0.460417 0.432407 0.458854 0.435185 0.458333 0.435185 0.457813 0.436111 0.457292 0.436111 0.456250 0.437963 0.455729 0.437963 0.455208 0.438889 0.454688 0.438889 0.453646 0.440741 0.453125 0.440741 0.452604 0.441667 0.452083 0.441667 0.451042 0.443519 0.450521 0.443519 0.450000 0.444444 0.449479 0.444444 0.448958 0.443519 0.448437 0.443519 0.447396 0.441667 0.446875 0.442593 0.446354 0.442593 0.445833 0.443519 0.445312 0.443519 0.444271 0.445370 0.441667 0.445370 0.440625 0.443519 0.440104 0.443519 0.435937 0.436111 0.435937 0.435185 0.425000 0.415741 0.425000 0.414815 0.420833 0.407407 0.420312 0.407407 0.415104 0.398148 0.414583 0.398148 0.413542 0.396296 0.412500 0.396296 0.411979 0.397222 0.410938 0.397222 0.410417 0.398148 0.409896 0.398148 0.408854 0.400000 0.408854 0.402778 0.409375 0.403704 0.409375 0.404630 0.413021 0.411111 0.413021 0.412037 0.421875 0.427778 0.421875 0.428704 0.431250 0.445370 0.431250 0.446296 0.440625 0.462963 0.440625 0.463889 0.442708 0.467593 0.443229 0.467593 0.444271 0.469444 0.444792 0.469444 0.445312 0.470370 0.445833 0.469444 0.446354 0.469444 0.446875 0.468519 0.447396 0.468519 0.448437 0.466667 0.448958 0.466667 0.450000 0.464815 0.450521 0.464815 0.451042 0.463889 0.451562 0.463889 0.464062 0.441667 0.464583 0.441667 0.481250 0.412037 0.481771 0.412037 0.482812 0.410185 0.483333 0.410185 0.483854 0.409259 0.484375 0.409259 0.485417 0.407407 0.485938 0.407407 0.486458 0.406481 0.486979 0.406481 0.488021 0.404630 0.488542 0.404630 0.489583 0.402778 0.490104 0.402778 0.490625 0.401852 0.491146 0.401852 0.491667 0.400926 0.491667 0.400000 0.491146 0.399074 0.490625 0.399074 0.489063 0.396296 0.488542 0.396296 0.487500 0.394444
0 0.535156 0.442130 0.088021 0.086111 0.574479 0.399074 0.573958 0.400000 0.572917 0.400000 0.572396 0.400926 0.571875 0.400926 0.570833 0.402778 0.570312 0.402778 0.569271 0.404630 0.568750 0.404630 0.566667 0.408333 0.566146 0.408333 0.563542 0.412963 0.563021 0.412963 0.559375 0.419444 0.558854 0.419444 0.553646 0.428704 0.553125 0.428704 0.544792 0.443519 0.544271 0.443519 0.540625 0.450000 0.540104 0.450000 0.539583 0.450926 0.538021 0.450926 0.536458 0.448148 0.536458 0.447222 0.535937 0.446296 0.535937 0.444444 0.536979 0.442593 0.536979 0.441667 0.541667 0.433333 0.542188 0.433333 0.552604 0.414815 0.553125 0.414815 0.556771 0.408333 0.556771 0.407407 0.555729 0.407407 0.554167 0.410185 0.553646 0.410185 0.547396 0.421296 0.546875 0.421296 0.540625 0.432407 0.540104 0.432407 0.533333 0.444444 0.532813 0.444444 0.529167 0.450926 0.528646 0.450926 0.528125 0.451852 0.526042 0.451852 0.524479 0.449074 0.523958 0.449074 0.522396 0.446296 0.521875 0.447222 0.521354 0.447222 0.520833 0.448148 0.519271 0.448148 0.518750 0.447222 0.518229 0.447222 0.505729 0.425000 0.505729 0.424074 0.496354 0.407407 0.495312 0.407407 0.494792 0.408333 0.494271 0.408333 0.493229 0.410185 0.492708 0.410185 0.491146 0.412963 0.491146 0.416667 0.492188 0.418519 0.492188 0.419444 0.497917 0.429630 0.497917 0.430556 0.508333 0.449074 0.508333 0.450000 0.518229 0.467593 0.518229 0.468519 0.527083 0.484259 0.527604 0.484259 0.528125 0.485185 0.529687 0.485185 0.530729 0.483333 0.531250 0.483333 0.536979 0.473148 0.537500 0.473148 0.545833 0.458333 0.546354 0.458333 0.555208 0.442593 0.555729 0.442593 0.572396 0.412963 0.572396 0.412037 0.579167 0.400000 0.578125 0.400000 0.577604 0.399074
0 0.625781 0.451852 0.081771 0.081481 0.666146 0.411111 0.665625 0.412037 0.664583 0.412037 0.663542 0.413889 0.663021 0.413889 0.662500 0.414815 0.661979 0.414815 0.660937 0.416667 0.660417 0.416667 0.658854 0.419444 0.658333 0.419444 0.656250 0.423148 0.655729 0.423148 0.653125 0.427778 0.652604 0.427778 0.649479 0.433333 0.648958 0.433333 0.644792 0.440741 0.644271 0.440741 0.639583 0.449074 0.639062 0.449074 0.634375 0.457407 0.633854 0.457407 0.631250 0.462037 0.630729 0.462037 0.630208 0.462963 0.629167 0.462963 0.627083 0.459259 0.627083 0.454630 0.627604 0.453704 0.627604 0.452778 0.628125 0.451852 0.628125 0.450926 0.628646 0.450000 0.628125 0.450000 0.626042 0.453704 0.625521 0.453704 0.625000 0.454630 0.623437 0.454630 0.622917 0.453704 0.622396 0.453704 0.617708 0.445370 0.616667 0.447222 0.616667 0.448148 0.616146 0.449074 0.616146 0.450000 0.615625 0.450926 0.615625 0.451852 0.615104 0.452778 0.615104 0.453704 0.614583 0.454630 0.614062 0.454630 0.613542 0.455556 0.611979 0.455556 0.610938 0.453704 0.610417 0.453704 0.601562 0.437963 0.601562 0.437037 0.588021 0.412963 0.587500 0.412963 0.586458 0.414815 0.586458 0.415741 0.584896 0.418519 0.584896 0.422222 0.585938 0.424074 0.585938 0.425000 0.592708 0.437037 0.592708 0.437963 0.602604 0.455556 0.602604 0.456481 0.613021 0.475000 0.613021 0.475926 0.621875 0.491667 0.622917 0.491667 0.623437 0.492593 0.623958 0.491667 0.624479 0.491667 0.625000 0.490741 0.625521 0.490741 0.628125 0.486111 0.628646 0.486111 0.633333 0.477778 0.633854 0.477778 0.639062 0.468519 0.639583 0.468519 0.644271 0.460185 0.644792 0.460185 0.650000 0.450926 0.650521 0.450926 0.655208 0.442593 0.655729 0.442593 0.660937 0.433333 0.661458 0.433333 0.664062 0.428704 0.664062 0.427778 0.665104 0.425926 0.665104 0.422222 0.665625 0.421296 0.665625 0.417593 0.666146 0.416667 0.666146 0.412963 0.666667 0.412037 0.666667 0.411111
0 0.727604 0.461111 0.082292 0.127778 0.751563 0.397222 0.751042 0.398148 0.750521 0.398148 0.747396 0.403704 0.746875 0.403704 0.743229 0.410185 0.742708 0.410185 0.739062 0.416667 0.738542 0.416667 0.735938 0.421296 0.735417 0.421296 0.732812 0.425926 0.732292 0.425926 0.730208 0.429630 0.729688 0.429630 0.727604 0.433333 0.727083 0.433333 0.726042 0.435185 0.725521 0.435185 0.724479 0.437037 0.723958 0.437037 0.722917 0.438889 0.721875 0.438889 0.721354 0.439815 0.717708 0.439815 0.717187 0.438889 0.716667 0.438889 0.715625 0.437037 0.715104 0.437037 0.713542 0.434259 0.713021 0.434259 0.706250 0.422222 0.706250 0.425926 0.706771 0.426852 0.706771 0.437037 0.707292 0.437963 0.707292 0.448148 0.707812 0.449074 0.707812 0.459259 0.708333 0.460185 0.708333 0.462963 0.707812 0.463889 0.707812 0.464815 0.706771 0.466667 0.706250 0.466667 0.705729 0.467593 0.705208 0.467593 0.704688 0.466667 0.703646 0.466667 0.689583 0.441667 0.689583 0.440741 0.686979 0.436111 0.686458 0.436111 0.686458 0.454630 0.688542 0.458333 0.688542 0.459259 0.697396 0.475000 0.697396 0.475926 0.707812 0.494444 0.707812 0.495370 0.718229 0.513889 0.718229 0.514815 0.722396 0.522222 0.722917 0.522222 0.723958 0.524074 0.724479 0.524074 0.725000 0.525000 0.725521 0.525000 0.726042 0.524074 0.726562 0.524074 0.727604 0.522222 0.728125 0.522222 0.730208 0.518519 0.730729 0.518519 0.733854 0.512963 0.734375 0.512963 0.737500 0.507407 0.738021 0.507407 0.741146 0.501852 0.741667 0.501852 0.744792 0.496296 0.745313 0.496296 0.748437 0.490741 0.748958 0.490741 0.752083 0.485185 0.752604 0.485185 0.756250 0.478704 0.756771 0.478704 0.759896 0.473148 0.760417 0.473148 0.763542 0.467593 0.764062 0.467593 0.768750 0.459259 0.768750 0.455556 0.768229 0.454630 0.768229 0.452778 0.767708 0.451852 0.767708 0.450926 0.767188 0.450000 0.767188 0.449074 0.766667 0.448148 0.766667 0.447222 0.766146 0.446296 0.766146 0.445370 0.765625 0.444444 0.765625 0.443519 0.765104 0.442593 0.765104 0.441667 0.764583 0.440741 0.764583 0.439815 0.764062 0.438889 0.764062 0.437037 0.763542 0.436111 0.763542 0.435185 0.763021 0.434259 0.763021 0.433333 0.762500 0.432407 0.762500 0.431481 0.761979 0.430556 0.761979 0.429630 0.761458 0.428704 0.761458 0.427778 0.760938 0.426852 0.760938 0.425926 0.760417 0.425000 0.760417 0.424074 0.759896 0.423148 0.759896 0.422222 0.759375 0.421296 0.759375 0.419444 0.758854 0.418519 0.758854 0.417593 0.758333 0.416667 0.758333 0.415741 0.757812 0.414815 0.757812 0.413889 0.757292 0.412963 0.757292 0.412037 0.756771 0.411111 0.756771 0.410185 0.756250 0.409259 0.756250 0.408333 0.755729 0.407407 0.755729 0.406481 0.755208 0.405556 0.755208 0.404630 0.754687 0.403704 0.754687 0.401852 0.754167 0.400926 0.754167 0.400000 0.752604 0.397222
0 0.338281 0.402315 0.076563 0.071296 0.333333 0.366667 0.332813 0.367593 0.332292 0.367593 0.331771 0.368519 0.331250 0.368519 0.325521 0.378704 0.325521 0.379630 0.316667 0.395370 0.316667 0.396296 0.307812 0.412037 0.307812 0.412963 0.301563 0.424074 0.301563 0.425000 0.300000 0.427778 0.300000 0.430556 0.301563 0.433333 0.303125 0.433333 0.312500 0.416667 0.313542 0.416667 0.314063 0.415741 0.315104 0.415741 0.315625 0.414815 0.316146 0.414815 0.316667 0.413889 0.317708 0.413889 0.318229 0.412963 0.319271 0.412963 0.319792 0.412037 0.320833 0.412037 0.321354 0.411111 0.322396 0.411111 0.322917 0.410185 0.323958 0.410185 0.324479 0.409259 0.325521 0.409259 0.326042 0.408333 0.327083 0.408333 0.327604 0.407407 0.327604 0.406481 0.327083 0.405556 0.327083 0.401852 0.328125 0.400000 0.328646 0.400000 0.329167 0.399074 0.330208 0.399074 0.330729 0.398148 0.331771 0.398148 0.332292 0.397222 0.333333 0.397222 0.333854 0.396296 0.334896 0.396296 0.335417 0.395370 0.336458 0.395370 0.336979 0.394444 0.338021 0.394444 0.338542 0.393519 0.339583 0.393519 0.340104 0.392593 0.340625 0.392593 0.345313 0.400926 0.345833 0.400926 0.350521 0.409259 0.350521 0.410185 0.361979 0.430556 0.361979 0.431481 0.363542 0.434259 0.364063 0.434259 0.365625 0.437037 0.366146 0.437037 0.366667 0.437963 0.367188 0.437963 0.367708 0.437037 0.368229 0.437037 0.368750 0.436111 0.369271 0.436111 0.369792 0.435185 0.370833 0.435185 0.371354 0.434259 0.371875 0.434259 0.372396 0.433333 0.372917 0.433333 0.373437 0.432407 0.373958 0.432407 0.376563 0.427778 0.376042 0.428704 0.375000 0.428704 0.374479 0.429630 0.373958 0.429630 0.373437 0.430556 0.372917 0.430556 0.372396 0.431481 0.371354 0.431481 0.370833 0.432407 0.370312 0.432407 0.369792 0.433333 0.369271 0.432407 0.368750 0.432407 0.368229 0.431481 0.367708 0.431481 0.363021 0.423148 0.363021 0.422222 0.354167 0.406481 0.354167 0.405556 0.345313 0.389815 0.345313 0.388889 0.336458 0.373148 0.336458 0.372222 0.333854 0.367593 0.333854 0.366667
0 0.411719 0.408333 0.076563 0.072222 0.408854 0.372222 0.408333 0.373148 0.407292 0.373148 0.381250 0.419444 0.381250 0.420370 0.373958 0.433333 0.373958 0.434259 0.373437 0.435185 0.373437 0.437037 0.373958 0.437963 0.373958 0.438889 0.374479 0.439815 0.375000 0.439815 0.376042 0.437963 0.376563 0.437963 0.395833 0.403704 0.396354 0.403704 0.396875 0.402778 0.397917 0.402778 0.398438 0.401852 0.398958 0.401852 0.399479 0.400926 0.400521 0.400926 0.401042 0.400000 0.401562 0.400000 0.402083 0.399074 0.402604 0.399074 0.403125 0.398148 0.404167 0.398148 0.404687 0.397222 0.405208 0.397222 0.405729 0.396296 0.406771 0.396296 0.407292 0.395370 0.407813 0.395370 0.408333 0.394444 0.408854 0.394444 0.409375 0.393519 0.410417 0.393519 0.410938 0.392593 0.411458 0.392593 0.412500 0.394444 0.413021 0.394444 0.414583 0.397222 0.415104 0.397222 0.420312 0.406481 0.420833 0.406481 0.425521 0.414815 0.425521 0.415741 0.436458 0.435185 0.436458 0.436111 0.440104 0.442593 0.440625 0.442593 0.441667 0.444444 0.444271 0.444444 0.445312 0.442593 0.445833 0.442593 0.446354 0.441667 0.446875 0.441667 0.446875 0.437037 0.447396 0.436111 0.447396 0.435185 0.450000 0.430556 0.449479 0.431481 0.448958 0.431481 0.448437 0.432407 0.447917 0.432407 0.446875 0.434259 0.446354 0.434259 0.445833 0.435185 0.445312 0.435185 0.444792 0.436111 0.444271 0.436111 0.443750 0.435185 0.443229 0.435185 0.433333 0.417593 0.433333 0.416667 0.423958 0.400000 0.423958 0.399074 0.414062 0.381481 0.414062 0.380556 0.409375 0.372222
0 0.487500 0.391667 0.080208 0.111111 0.525000 0.336111 0.524479 0.337037 0.523958 0.337037 0.523438 0.337963 0.522917 0.337963 0.522396 0.338889 0.521875 0.338889 0.521354 0.339815 0.520833 0.339815 0.520312 0.340741 0.519792 0.340741 0.519271 0.341667 0.518750 0.341667 0.518229 0.342593 0.517708 0.342593 0.517188 0.343519 0.516667 0.343519 0.516146 0.344444 0.515625 0.344444 0.515104 0.345370 0.514583 0.345370 0.514062 0.346296 0.513542 0.346296 0.513021 0.347222 0.512500 0.347222 0.511979 0.348148 0.511458 0.348148 0.510938 0.349074 0.510417 0.349074 0.509896 0.350000 0.509375 0.350000 0.508854 0.350926 0.508333 0.350926 0.507812 0.351852 0.507292 0.351852 0.506771 0.352778 0.506250 0.352778 0.505729 0.353704 0.505208 0.353704 0.504687 0.354630 0.504167 0.354630 0.503646 0.355556 0.503125 0.355556 0.502604 0.356481 0.502083 0.356481 0.501563 0.357407 0.501042 0.357407 0.500000 0.359259 0.499479 0.359259 0.498958 0.360185 0.498437 0.360185 0.497917 0.361111 0.497396 0.361111 0.496875 0.362037 0.496354 0.362037 0.495833 0.362963 0.495312 0.362963 0.494792 0.363889 0.494271 0.363889 0.493750 0.364815 0.493229 0.364815 0.492708 0.365741 0.492188 0.365741 0.491667 0.366667 0.491146 0.366667 0.490625 0.367593 0.490104 0.367593 0.489583 0.368519 0.489063 0.368519 0.488542 0.369444 0.488021 0.369444 0.487500 0.370370 0.486979 0.370370 0.486458 0.371296 0.485938 0.371296 0.485417 0.372222 0.484896 0.372222 0.484375 0.373148 0.483854 0.373148 0.483333 0.374074 0.482812 0.374074 0.470833 0.395370 0.470313 0.395370 0.447917 0.435185 0.447917 0.436111 0.447396 0.437037 0.447396 0.440741 0.448437 0.442593 0.448958 0.442593 0.449479 0.443519 0.450000 0.443519 0.450521 0.442593 0.451042 0.442593 0.452083 0.440741 0.452604 0.440741 0.453125 0.439815 0.453646 0.439815 0.454688 0.437963 0.455208 0.437963 0.455729 0.437037 0.456250 0.437037 0.457292 0.435185 0.457813 0.435185 0.458333 0.434259 0.458854 0.434259 0.460417 0.431481 0.460938 0.431481 0.475000 0.406481 0.475521 0.406481 0.478646 0.400926 0.479167 0.400926 0.479687 0.400000 0.480208 0.400000 0.481250 0.398148 0.481771 0.398148 0.482292 0.397222 0.482812 0.397222 0.483333 0.396296 0.483854 0.396296 0.484896 0.394444 0.485417 0.394444 0.485938 0.393519 0.487500 0.393519 0.488542 0.395370 0.489063 0.395370 0.490625 0.398148 0.491146 0.398148 0.494792 0.404630 0.495312 0.404630 0.506250 0.424074 0.506250 0.425000 0.518229 0.446296 0.518750 0.446296 0.519271 0.447222 0.520833 0.447222 0.521354 0.446296 0.521875 0.446296 0.521875 0.445370 0.521354 0.444444 0.521354 0.443519 0.510938 0.425000 0.510938 0.424074 0.501042 0.406481 0.501042 0.405556 0.491667 0.388889 0.491667 0.387963 0.489063 0.383333 0.489063 0.382407 0.488542 0.381481 0.488542 0.380556 0.488021 0.379630 0.488021 0.378704 0.490104 0.375000 0.490625 0.375000 0.491667 0.373148 0.492188 0.373148 0.492708 0.372222 0.493229 0.372222 0.493750 0.371296 0.494271 0.371296 0.494792 0.370370 0.495312 0.370370 0.495833 0.369444 0.496354 0.369444 0.497396 0.367593 0.497917 0.367593 0.498437 0.366667 0.498958 0.366667 0.499479 0.365741 0.500000 0.365741 0.500521 0.364815 0.501042 0.364815 0.501563 0.363889 0.502083 0.363889 0.502604 0.362963 0.503125 0.362963 0.504167 0.361111 0.504687 0.361111 0.505208 0.360185 0.505729 0.360185 0.506250 0.359259 0.506771 0.359259 0.507292 0.358333 0.507812 0.358333 0.508333 0.357407 0.508854 0.357407 0.509896 0.355556 0.510417 0.355556 0.510938 0.354630 0.511458 0.354630 0.511979 0.353704 0.512500 0.353704 0.513021 0.352778 0.513542 0.352778 0.514062 0.351852 0.514583 0.351852 0.515104 0.350926 0.515625 0.350926 0.516667 0.349074 0.517188 0.349074 0.517708 0.348148 0.518229 0.348148 0.518750 0.347222 0.519271 0.347222 0.519792 0.346296 0.520312 0.346296 0.520833 0.345370 0.521354 0.345370 0.522396 0.343519 0.522917 0.343519 0.523438 0.342593 0.523958 0.342593 0.524479 0.341667 0.525000 0.341667 0.525521 0.340741 0.526042 0.340741 0.526563 0.339815 0.527083 0.339815 0.527604 0.338889 0.526563 0.337037 0.526042 0.337037 0.525521 0.336111
0 0.576823 0.396759 0.080729 0.115741 0.598958 0.338889 0.597917 0.340741 0.597396 0.340741 0.590625 0.352778 0.590104 0.352778 0.582292 0.366667 0.581771 0.366667 0.573438 0.381481 0.572917 0.381481 0.563542 0.398148 0.563021 0.398148 0.553125 0.415741 0.552604 0.415741 0.542188 0.434259 0.541667 0.434259 0.537500 0.441667 0.537500 0.442593 0.536458 0.444444 0.536458 0.446296 0.536979 0.447222 0.536979 0.448148 0.538021 0.450000 0.539583 0.450000 0.540104 0.449074 0.540625 0.449074 0.544271 0.442593 0.544792 0.442593 0.553125 0.427778 0.553646 0.427778 0.558854 0.418519 0.559375 0.418519 0.563021 0.412037 0.563542 0.412037 0.566146 0.407407 0.566667 0.407407 0.568750 0.403704 0.569271 0.403704 0.570312 0.401852 0.570833 0.401852 0.571875 0.400000 0.572396 0.400000 0.572917 0.399074 0.573958 0.399074 0.574479 0.398148 0.577604 0.398148 0.578125 0.399074 0.579167 0.399074 0.580208 0.400926 0.580729 0.400926 0.582292 0.403704 0.582812 0.403704 0.585417 0.408333 0.585938 0.408333 0.602083 0.437037 0.602083 0.437963 0.610417 0.452778 0.610938 0.452778 0.611979 0.454630 0.613542 0.454630 0.614062 0.453704 0.614583 0.453704 0.614583 0.452778 0.615104 0.451852 0.615104 0.450926 0.615625 0.450000 0.615625 0.449074 0.616146 0.448148 0.616146 0.447222 0.617188 0.445370 0.617188 0.444444 0.614583 0.439815 0.614583 0.438889 0.604688 0.421296 0.604688 0.420370 0.594271 0.401852 0.594271 0.400926 0.586979 0.387963 0.586979 0.387037 0.585417 0.384259 0.585417 0.383333 0.584896 0.382407 0.584896 0.381481 0.585417 0.380556 0.585417 0.379630 0.590104 0.371296 0.590104 0.370370 0.601042 0.350926 0.601042 0.350000 0.603646 0.345370 0.603646 0.344444 0.600521 0.338889
0 0.667708 0.407407 0.080208 0.118519 0.672917 0.348148 0.671875 0.350000 0.671354 0.350000 0.671354 0.351852 0.670833 0.352778 0.670833 0.355556 0.670312 0.356481 0.670312 0.359259 0.669792 0.360185 0.669792 0.362963 0.669271 0.363889 0.669271 0.366667 0.668750 0.367593 0.668750 0.370370 0.668229 0.371296 0.668229 0.375000 0.667708 0.375926 0.667708 0.378704 0.667188 0.379630 0.667188 0.382407 0.666667 0.383333 0.666667 0.386111 0.666146 0.387037 0.666146 0.387963 0.658333 0.401852 0.657813 0.401852 0.652083 0.412037 0.651563 0.412037 0.646354 0.421296 0.645833 0.421296 0.640104 0.431481 0.639583 0.431481 0.634375 0.440741 0.633854 0.440741 0.629167 0.449074 0.629167 0.450000 0.628646 0.450926 0.628646 0.451852 0.628125 0.452778 0.628125 0.453704 0.627604 0.454630 0.627604 0.459259 0.629167 0.462037 0.630208 0.462037 0.630729 0.461111 0.631250 0.461111 0.633854 0.456481 0.634375 0.456481 0.639062 0.448148 0.639583 0.448148 0.644271 0.439815 0.644792 0.439815 0.648958 0.432407 0.649479 0.432407 0.652604 0.426852 0.653125 0.426852 0.655729 0.422222 0.656250 0.422222 0.658333 0.418519 0.658854 0.418519 0.660417 0.415741 0.660937 0.415741 0.661979 0.413889 0.662500 0.413889 0.663021 0.412963 0.663542 0.412963 0.664583 0.411111 0.665625 0.411111 0.666146 0.410185 0.667708 0.410185 0.668229 0.409259 0.668750 0.410185 0.670312 0.410185 0.670833 0.411111 0.671354 0.411111 0.671875 0.412037 0.672396 0.412037 0.672917 0.412963 0.673438 0.412963 0.675521 0.416667 0.676042 0.416667 0.680729 0.425000 0.681250 0.425000 0.690104 0.440741 0.690104 0.441667 0.703646 0.465741 0.704688 0.465741 0.705208 0.466667 0.705729 0.466667 0.706250 0.465741 0.706771 0.465741 0.707292 0.464815 0.707292 0.463889 0.707812 0.462963 0.707812 0.460185 0.707292 0.459259 0.707292 0.449074 0.706771 0.448148 0.706771 0.437963 0.706250 0.437037 0.706250 0.426852 0.705729 0.425926 0.705729 0.414815 0.705208 0.413889 0.705208 0.405556 0.704688 0.404630 0.704688 0.403704 0.702604 0.400000 0.702604 0.399074 0.693229 0.382407 0.693229 0.381481 0.682813 0.362963 0.682813 0.362037 0.675000 0.348148