2 0.351042 0.595833 0.072917 0.115741 0.354167 0.537963 0.353646 0.538889 0.353125 0.538889 0.346354 0.550926 0.345833 0.550926 0.339062 0.562963 0.338542 0.562963 0.331771 0.575000 0.331250 0.575000 0.324479 0.587037 0.323958 0.587037 0.318229 0.597222 0.318229 0.598148 0.317188 0.600000 0.317188 0.600926 0.316667 0.601852 0.316667 0.602778 0.316146 0.603704 0.316146 0.604630 0.315625 0.605556 0.315625 0.607407 0.315104 0.608333 0.315104 0.611111 0.314583 0.612037 0.314583 0.624074 0.315104 0.625000 0.315104 0.627778 0.315625 0.628704 0.315625 0.630556 0.316146 0.631481 0.316146 0.632407 0.316667 0.633333 0.316667 0.634259 0.317188 0.635185 0.317188 0.636111 0.318229 0.637963 0.318229 0.638889 0.322917 0.647222 0.323437 0.647222 0.324479 0.649074 0.325000 0.649074 0.325521 0.650000 0.326042 0.650000 0.326562 0.650926 0.327083 0.650926 0.327604 0.651852 0.328646 0.651852 0.329167 0.652778 0.330729 0.652778 0.331250 0.653704 0.338021 0.653704 0.338542 0.652778 0.340104 0.652778 0.340625 0.651852 0.341667 0.651852 0.342187 0.650926 0.342708 0.650926 0.343229 0.650000 0.343750 0.650000 0.344271 0.649074 0.344792 0.649074 0.345833 0.647222 0.346354 0.647222 0.355208 0.631481 0.355208 0.630556 0.365625 0.612037 0.365625 0.611111 0.372917 0.598148 0.372917 0.597222 0.373437 0.596296 0.373437 0.595370 0.374479 0.593519 0.374479 0.592593 0.377083 0.587963 0.377083 0.587037 0.387500 0.568519 0.387500 0.562963 0.386979 0.562037 0.386979 0.561111 0.386458 0.560185 0.384375 0.563889 0.383854 0.563889 0.382812 0.565741 0.382292 0.565741 0.381771 0.566667 0.380729 0.566667 0.380208 0.567593 0.378646 0.567593 0.378125 0.568519 0.370833 0.568519 0.370312 0.567593 0.368750 0.567593 0.368229 0.566667 0.367188 0.566667 0.366667 0.565741 0.365625 0.565741 0.364583 0.563889 0.364063 0.563889 0.362500 0.561111 0.361979 0.561111 0.358854 0.555556 0.358854 0.554630 0.357812 0.552778 0.357812 0.551852 0.356771 0.550000 0.356771 0.549074 0.356250 0.548148 0.356250 0.546296 0.355729 0.545370 0.355729 0.543519 0.355208 0.542593 0.355208 0.538889 0.354687 0.537963
2 0.465104 0.670370 0.051042 0.087037 0.456771 0.626852 0.456771 0.627778 0.455208 0.630556 0.455208 0.631481 0.453646 0.634259 0.453646 0.635185 0.452083 0.637963 0.452083 0.638889 0.450521 0.641667 0.450521 0.642593 0.449479 0.644444 0.449479 0.645370 0.447917 0.648148 0.447917 0.649074 0.446354 0.651852 0.446354 0.652778 0.444792 0.655556 0.444792 0.656481 0.443229 0.659259 0.443229 0.660185 0.442188 0.662037 0.442188 0.662963 0.441667 0.663889 0.441667 0.664815 0.441146 0.665741 0.441146 0.667593 0.440625 0.668519 0.440625 0.670370 0.440104 0.671296 0.440104 0.675000 0.439583 0.675926 0.439583 0.681481 0.440104 0.682407 0.440104 0.687037 0.440625 0.687963 0.440625 0.689815 0.441146 0.690741 0.441146 0.692593 0.441667 0.693519 0.441667 0.694444 0.442188 0.695370 0.442188 0.696296 0.443229 0.698148 0.443229 0.699074 0.447917 0.707407 0.448437 0.707407 0.449479 0.709259 0.450000 0.709259 0.450521 0.710185 0.451042 0.710185 0.451562 0.711111 0.452604 0.711111 0.453125 0.712037 0.454167 0.712037 0.454688 0.712963 0.456250 0.712963 0.456771 0.713889 0.462500 0.713889 0.463021 0.712963 0.464583 0.712963 0.465104 0.712037 0.466146 0.712037 0.466667 0.711111 0.467187 0.711111 0.467708 0.710185 0.468229 0.710185 0.468750 0.709259 0.469271 0.709259 0.469792 0.708333 0.470313 0.708333 0.472396 0.704630 0.472917 0.704630 0.472917 0.703704 0.475000 0.700000 0.475000 0.699074 0.476042 0.697222 0.476042 0.696296 0.477083 0.694444 0.477083 0.693519 0.477604 0.692593 0.477604 0.691667 0.478125 0.690741 0.478125 0.687963 0.478646 0.687037 0.478646 0.685185 0.479167 0.684259 0.479167 0.683333 0.479687 0.682407 0.479687 0.681481 0.480208 0.680556 0.480208 0.679630 0.480729 0.678704 0.480729 0.677778 0.481771 0.675926 0.481771 0.675000 0.482812 0.673148 0.482812 0.672222 0.483854 0.670370 0.483854 0.669444 0.484896 0.667593 0.484896 0.666667 0.485938 0.664815 0.485938 0.663889 0.486458 0.662963 0.486458 0.662037 0.487500 0.660185 0.487500 0.659259 0.488542 0.657407 0.488542 0.656481 0.489583 0.654630 0.489583 0.653704 0.490625 0.651852 0.489063 0.654630 0.488542 0.654630 0.487500 0.656481 0.486979 0.656481 0.485938 0.658333 0.484896 0.658333 0.484375 0.659259 0.483854 0.659259 0.483333 0.660185 0.481771 0.660185 0.481250 0.661111 0.472917 0.661111 0.472396 0.660185 0.470833 0.660185 0.470313 0.659259 0.469792 0.659259 0.469271 0.658333 0.468750 0.658333 0.468229 0.657407 0.467708 0.657407 0.467187 0.656481 0.466667 0.656481 0.466146 0.655556 0.465625 0.655556 0.459896 0.645370 0.459896 0.644444 0.459375 0.643519 0.459375 0.642593 0.458333 0.640741 0.458333 0.638889 0.457813 0.637963 0.457813 0.637037 0.457292 0.636111 0.457292 0.633333 0.456771 0.632407
2 0.773438 0.571296 0.040625 0.116667 0.785937 0.512963 0.785937 0.513889 0.785417 0.514815 0.785417 0.515741 0.784375 0.517593 0.784375 0.518519 0.779687 0.526852 0.779167 0.526852 0.778125 0.528704 0.777604 0.528704 0.777083 0.529630 0.776563 0.529630 0.776042 0.530556 0.775521 0.530556 0.775000 0.531481 0.773958 0.531481 0.773438 0.532407 0.771875 0.532407 0.771354 0.533333 0.763021 0.533333 0.762500 0.532407 0.760938 0.532407 0.760417 0.531481 0.759896 0.531481 0.759375 0.530556 0.758333 0.530556 0.757812 0.529630 0.757292 0.529630 0.756771 0.528704 0.756771 0.532407 0.756250 0.533333 0.756250 0.541667 0.755729 0.542593 0.755729 0.550926 0.755208 0.551852 0.755208 0.560185 0.754687 0.561111 0.754687 0.569444 0.754167 0.570370 0.754167 0.579630 0.753646 0.580556 0.753646 0.588889 0.753125 0.589815 0.753125 0.598148 0.753646 0.599074 0.753646 0.602778 0.754167 0.603704 0.754167 0.605556 0.754687 0.606481 0.754687 0.608333 0.755208 0.609259 0.755208 0.610185 0.755729 0.611111 0.755729 0.612037 0.756771 0.613889 0.756771 0.614815 0.760938 0.622222 0.761458 0.622222 0.762500 0.624074 0.763021 0.624074 0.763542 0.625000 0.764062 0.625000 0.764583 0.625926 0.765104 0.625926 0.765625 0.626852 0.766667 0.626852 0.767188 0.627778 0.768229 0.627778 0.768750 0.628704 0.772396 0.628704 0.772917 0.629630 0.773958 0.629630 0.774479 0.628704 0.778125 0.628704 0.778646 0.627778 0.779687 0.627778 0.780208 0.626852 0.781250 0.626852 0.781771 0.625926 0.782292 0.625926 0.782813 0.625000 0.783333 0.625000 0.783854 0.624074 0.784375 0.624074 0.785417 0.622222 0.785937 0.622222 0.789583 0.615741 0.789583 0.614815 0.790625 0.612963 0.790625 0.612037 0.791146 0.611111 0.791146 0.610185 0.791667 0.609259 0.791667 0.608333 0.792188 0.607407 0.792188 0.606481 0.792708 0.605556 0.792708 0.602778 0.793229 0.601852 0.793229 0.587963 0.793750 0.587037 0.793750 0.561111 0.793229 0.560185 0.792708 0.560185 0.790104 0.555556 0.790104 0.554630 0.788542 0.551852 0.788542 0.550926 0.788021 0.550000 0.788021 0.549074 0.787500 0.548148 0.787500 0.547222 0.786979 0.546296 0.786979 0.545370 0.786458 0.544444 0.786458 0.542593 0.785937 0.541667 0.785937 0.537963 0.785417 0.537037 0.785417 0.517593 0.785937 0.516667
2 0.475781 0.525463 0.079687 0.126852 0.514583 0.462037 0.513542 0.463889 0.513542 0.464815 0.511979 0.467593 0.511979 0.468519 0.510417 0.471296 0.510417 0.472222 0.508333 0.475926 0.508333 0.476852 0.506771 0.479630 0.506771 0.480556 0.505208 0.483333 0.505208 0.484259 0.503646 0.487037 0.503646 0.487963 0.502083 0.490741 0.502083 0.491667 0.500000 0.495370 0.500000 0.496296 0.498437 0.499074 0.498437 0.500000 0.496875 0.502778 0.496875 0.503704 0.495312 0.506481 0.495312 0.507407 0.493750 0.510185 0.493750 0.511111 0.491667 0.514815 0.491667 0.515741 0.489583 0.519444 0.489583 0.520370 0.489063 0.521296 0.488542 0.521296 0.486458 0.525000 0.485938 0.525000 0.484896 0.526852 0.484375 0.526852 0.483854 0.527778 0.482812 0.527778 0.482292 0.528704 0.481771 0.528704 0.481250 0.529630 0.479687 0.529630 0.479167 0.530556 0.471354 0.530556 0.470833 0.529630 0.469271 0.529630 0.468750 0.528704 0.467708 0.528704 0.467187 0.527778 0.466667 0.527778 0.466146 0.526852 0.465625 0.526852 0.465104 0.525926 0.464583 0.525926 0.463542 0.524074 0.463021 0.524074 0.458333 0.515741 0.458333 0.514815 0.457292 0.512963 0.457292 0.512037 0.456771 0.511111 0.456771 0.510185 0.456250 0.509259 0.456250 0.508333 0.455729 0.507407 0.455729 0.505556 0.455208 0.504630 0.455208 0.502778 0.454688 0.502778 0.453646 0.504630 0.453646 0.505556 0.450000 0.512037 0.450000 0.512963 0.446354 0.519444 0.446354 0.520370 0.442188 0.527778 0.442188 0.528704 0.439583 0.533333 0.439583 0.534259 0.438542 0.536111 0.438542 0.537037 0.438021 0.537963 0.438021 0.538889 0.437500 0.539815 0.437500 0.540741 0.436979 0.541667 0.436979 0.543519 0.436458 0.544444 0.436458 0.548148 0.435937 0.549074 0.435937 0.557407 0.436458 0.558333 0.436458 0.562037 0.436979 0.562963 0.436979 0.564815 0.437500 0.565741 0.437500 0.567593 0.438021 0.568519 0.438021 0.569444 0.438542 0.570370 0.438542 0.571296 0.439583 0.573148 0.439583 0.574074 0.441667 0.577778 0.441667 0.578704 0.442188 0.578704 0.444271 0.582407 0.444792 0.582407 0.445833 0.584259 0.446354 0.584259 0.446875 0.585185 0.447396 0.585185 0.447917 0.586111 0.448437 0.586111 0.448958 0.587037 0.450000 0.587037 0.450521 0.587963 0.452083 0.587963 0.452604 0.588889 0.459375 0.588889 0.459896 0.587963 0.461458 0.587963 0.461979 0.587037 0.463021 0.587037 0.463542 0.586111 0.464062 0.586111 0.464583 0.585185 0.465104 0.585185 0.465625 0.584259 0.466146 0.584259 0.467187 0.582407 0.467708 0.582407 0.471354 0.575926 0.471354 0.575000 0.472917 0.572222 0.472917 0.571296 0.474479 0.568519 0.474479 0.567593 0.476042 0.564815 0.476042 0.563889 0.478125 0.560185 0.478125 0.559259 0.479687 0.556481 0.479687 0.555556 0.481250 0.552778 0.481250 0.551852 0.482812 0.549074 0.482812 0.548148 0.484375 0.545370 0.484375 0.544444 0.485938 0.541667 0.485938 0.540741 0.487500 0.537963 0.487500 0.537037 0.489063 0.534259 0.489063 0.533333 0.490104 0.531481 0.490104 0.525926 0.490625 0.525000 0.490625 0.523148 0.491146 0.522222 0.491146 0.520370 0.491667 0.519444 0.491667 0.518519 0.492188 0.517593 0.492188 0.516667 0.492708 0.515741 0.492708 0.514815 0.494271 0.512037 0.494271 0.511111 0.495833 0.508333 0.495833 0.507407 0.497917 0.503704 0.497917 0.502778 0.499479 0.500000 0.499479 0.499074 0.501042 0.496296 0.501042 0.495370 0.503125 0.491667 0.503125 0.490741 0.504687 0.487963 0.504687 0.487037 0.506250 0.484259 0.506250 0.483333 0.508333 0.479630 0.508333 0.478704 0.509896 0.475926 0.509896 0.475000 0.511458 0.472222 0.511458 0.471296 0.513542 0.467593 0.513542 0.466667 0.515104 0.463889 0.515104 0.462963 0.515625 0.462037
2 0.735156 0.474074 0.042188 0.233333 0.745833 0.357407 0.745313 0.358333 0.743750 0.358333 0.743229 0.359259 0.742708 0.359259 0.742188 0.360185 0.741667 0.360185 0.741146 0.361111 0.740625 0.361111 0.740104 0.362037 0.739583 0.362037 0.735938 0.368519 0.735938 0.369444 0.734896 0.371296 0.734896 0.372222 0.734375 0.373148 0.734375 0.375000 0.733854 0.375926 0.733854 0.377778 0.733333 0.378704 0.733333 0.382407 0.732812 0.383333 0.732812 0.387037 0.732292 0.387963 0.732292 0.391667 0.731771 0.392593 0.731771 0.396296 0.731250 0.397222 0.731250 0.401852 0.730729 0.402778 0.730729 0.406481 0.730208 0.407407 0.730208 0.411111 0.729688 0.412037 0.729688 0.415741 0.729167 0.416667 0.729167 0.420370 0.728646 0.421296 0.728646 0.425000 0.728125 0.425926 0.728125 0.429630 0.727604 0.430556 0.727604 0.434259 0.727083 0.435185 0.727083 0.438889 0.726562 0.439815 0.726562 0.443519 0.726042 0.444444 0.726042 0.448148 0.725521 0.449074 0.725521 0.452778 0.725000 0.453704 0.725000 0.457407 0.724479 0.458333 0.724479 0.462037 0.723958 0.462963 0.723958 0.466667 0.723437 0.467593 0.723437 0.471296 0.722917 0.472222 0.722917 0.475926 0.722396 0.476852 0.722396 0.480556 0.721875 0.481481 0.721875 0.485185 0.721354 0.486111 0.721354 0.489815 0.720833 0.490741 0.720833 0.494444 0.720313 0.495370 0.720313 0.499074 0.719792 0.500000 0.719792 0.503704 0.719271 0.504630 0.719271 0.508333 0.718750 0.509259 0.718750 0.512963 0.718229 0.513889 0.718229 0.518519 0.717708 0.519444 0.717708 0.523148 0.717187 0.524074 0.717187 0.527778 0.716667 0.528704 0.716667 0.532407 0.716146 0.533333 0.716146 0.537037 0.715625 0.537963 0.715625 0.541667 0.715104 0.542593 0.715104 0.546296 0.714583 0.547222 0.714583 0.551852 0.714063 0.552778 0.714063 0.558333 0.714583 0.559259 0.714583 0.563889 0.715104 0.564815 0.715104 0.566667 0.715625 0.567593 0.715625 0.569444 0.716146 0.570370 0.716146 0.571296 0.717187 0.573148 0.717187 0.574074 0.717708 0.575000 0.717708 0.575926 0.722396 0.584259 0.722917 0.584259 0.723437 0.585185 0.723958 0.585185 0.725000 0.587037 0.725521 0.587037 0.726042 0.587963 0.727083 0.587963 0.727604 0.588889 0.728646 0.588889 0.729167 0.589815 0.731250 0.589815 0.731771 0.590741 0.737500 0.590741 0.738021 0.589815 0.740104 0.589815 0.740625 0.588889 0.741667 0.588889 0.742188 0.587963 0.742708 0.587963 0.743229 0.587037 0.743750 0.587037 0.744271 0.586111 0.744792 0.586111 0.745313 0.585185 0.745833 0.585185 0.747396 0.582407 0.747917 0.582407 0.750000 0.578704 0.750000 0.577778 0.751563 0.575000 0.751563 0.574074 0.752083 0.573148 0.752083 0.572222 0.752604 0.571296 0.752604 0.570370 0.753125 0.569444 0.753125 0.568519 0.753646 0.567593 0.753646 0.564815 0.754167 0.563889 0.754167 0.560185 0.754687 0.559259 0.754687 0.550926 0.755208 0.550000 0.755208 0.541667 0.755729 0.540741 0.755729 0.532407 0.756250 0.531481 0.756250 0.527778 0.755729 0.527778 0.754687 0.525926 0.754167 0.525926 0.750521 0.519444 0.750521 0.518519 0.749479 0.516667 0.749479 0.515741 0.748958 0.514815 0.748958 0.513889 0.748437 0.512963 0.748437 0.512037 0.747917 0.511111 0.747917 0.510185 0.747396 0.509259 0.747396 0.507407 0.746875 0.506481 0.746875 0.502778 0.746354 0.501852 0.746354 0.493519 0.746875 0.492593 0.746875 0.486111 0.747396 0.485185 0.747396 0.478704 0.747917 0.477778 0.747917 0.471296 0.748437 0.470370 0.748437 0.463889 0.748958 0.462963 0.748958 0.457407 0.749479 0.456481 0.749479 0.450000 0.750000 0.449074 0.750000 0.442593 0.750521 0.441667 0.750521 0.435185 0.751042 0.434259 0.751042 0.427778 0.751563 0.426852 0.751563 0.420370 0.752083 0.419444 0.752083 0.413889 0.752604 0.412963 0.752604 0.406481 0.753125 0.405556 0.753125 0.399074 0.753646 0.398148 0.753646 0.391667 0.754167 0.390741 0.754167 0.384259 0.754687 0.383333 0.754687 0.376852 0.755208 0.375926 0.755208 0.370370 0.755729 0.369444 0.755729 0.362963 0.756250 0.362037 0.756250 0.361111 0.755729 0.360185 0.755208 0.360185 0.754687 0.359259 0.754167 0.359259 0.753646 0.358333 0.752083 0.358333 0.751563 0.357407
2 0.285677 0.375463 0.159896 0.200926 0.347917 0.275000 0.347396 0.275926 0.346354 0.275926 0.345833 0.276852 0.344792 0.276852 0.344271 0.277778 0.343750 0.277778 0.343229 0.278704 0.342708 0.278704 0.341667 0.280556 0.341146 0.280556 0.340625 0.281481 0.340104 0.281481 0.339583 0.282407 0.339062 0.282407 0.338021 0.284259 0.337500 0.284259 0.336979 0.285185 0.336458 0.285185 0.335417 0.287037 0.334896 0.287037 0.334375 0.287963 0.333854 0.287963 0.333333 0.288889 0.332813 0.288889 0.331771 0.290741 0.331250 0.290741 0.330729 0.291667 0.330208 0.291667 0.329167 0.293519 0.328646 0.293519 0.328125 0.294444 0.327604 0.294444 0.327083 0.295370 0.326562 0.295370 0.325521 0.297222 0.325000 0.297222 0.324479 0.298148 0.323958 0.298148 0.322917 0.300000 0.322396 0.300000 0.321875 0.300926 0.321354 0.300926 0.320312 0.302778 0.319792 0.302778 0.319271 0.303704 0.318750 0.303704 0.318229 0.304630 0.317708 0.304630 0.316667 0.306481 0.316146 0.306481 0.315625 0.307407 0.315104 0.307407 0.314063 0.309259 0.313542 0.309259 0.313021 0.310185 0.312500 0.310185 0.311979 0.311111 0.311458 0.311111 0.310417 0.312963 0.309896 0.312963 0.309375 0.313889 0.308854 0.313889 0.307812 0.315741 0.307292 0.315741 0.306771 0.316667 0.306250 0.316667 0.305208 0.318519 0.304688 0.318519 0.304167 0.319444 0.303646 0.319444 0.303125 0.320370 0.302604 0.320370 0.301563 0.322222 0.301042 0.322222 0.300521 0.323148 0.300000 0.323148 0.298958 0.325000 0.298438 0.325000 0.297917 0.325926 0.297396 0.325926 0.296875 0.326852 0.296354 0.326852 0.295312 0.328704 0.294792 0.328704 0.294271 0.329630 0.293750 0.329630 0.292708 0.331481 0.292187 0.331481 0.291667 0.332407 0.291146 0.332407 0.290104 0.334259 0.289583 0.334259 0.289062 0.335185 0.288542 0.335185 0.288021 0.336111 0.287500 0.336111 0.286458 0.337963 0.285938 0.337963 0.285417 0.338889 0.284896 0.338889 0.283854 0.340741 0.283333 0.340741 0.282813 0.341667 0.282292 0.341667 0.281771 0.342593 0.281250 0.342593 0.280208 0.344444 0.279687 0.344444 0.279167 0.345370 0.278646 0.345370 0.277604 0.347222 0.277083 0.347222 0.276562 0.348148 0.276042 0.348148 0.275521 0.349074 0.275000 0.349074 0.273958 0.350926 0.273438 0.350926 0.272917 0.351852 0.272396 0.351852 0.271354 0.353704 0.270833 0.353704 0.270313 0.354630 0.269792 0.354630 0.268750 0.356481 0.268229 0.356481 0.267708 0.357407 0.267188 0.357407 0.266667 0.358333 0.266146 0.358333 0.265104 0.360185 0.264583 0.360185 0.264062 0.361111 0.263542 0.361111 0.262500 0.362963 0.261979 0.362963 0.261458 0.363889 0.260937 0.363889 0.260417 0.364815 0.259896 0.364815 0.258854 0.366667 0.258333 0.366667 0.257812 0.367593 0.257292 0.367593 0.256250 0.369444 0.255729 0.369444 0.255208 0.370370 0.254688 0.370370 0.253646 0.372222 0.253125 0.372222 0.252604 0.373148 0.252083 0.373148 0.251563 0.374074 0.251042 0.374074 0.250000 0.375926 0.249479 0.375926 0.248958 0.376852 0.248438 0.376852 0.247396 0.378704 0.246875 0.378704 0.246354 0.379630 0.245833 0.379630 0.245312 0.380556 0.244792 0.380556 0.243750 0.382407 0.243229 0.382407 0.242708 0.383333 0.242188 0.383333 0.241146 0.385185 0.240625 0.385185 0.240104 0.386111 0.239583 0.386111 0.238542 0.387963 0.238021 0.387963 0.237500 0.388889 0.236979 0.388889 0.236458 0.389815 0.235937 0.389815 0.234896 0.391667 0.234375 0.391667 0.233854 0.392593 0.233333 0.392593 0.232292 0.394444 0.231771 0.394444 0.231250 0.395370 0.230729 0.395370 0.230208 0.396296 0.229687 0.396296 0.228646 0.398148 0.228125 0.398148 0.227604 0.399074 0.227083 0.399074 0.226042 0.400926 0.225521 0.400926 0.225000 0.401852 0.224479 0.401852 0.223958 0.402778 0.223438 0.402778 0.222396 0.404630 0.221875 0.404630 0.221354 0.405556 0.220833 0.405556 0.219792 0.407407 0.219271 0.407407 0.218750 0.408333 0.218229 0.408333 0.217188 0.410185 0.216667 0.410185 0.216146 0.411111 0.215625 0.411111 0.215104 0.412037 0.214583 0.412037 0.213542 0.413889 0.213021 0.413889 0.208854 0.421296 0.208854 0.422222 0.207813 0.424074 0.207813 0.425000 0.207292 0.425926 0.207292 0.426852 0.206771 0.427778 0.206771 0.429630 0.206250 0.430556 0.206250 0.433333 0.205729 0.434259 0.205729 0.446296 0.206250 0.447222 0.206250 0.450000 0.206771 0.450926 0.206771 0.452778 0.207292 0.453704 0.207292 0.455556 0.207813 0.456481 0.207813 0.457407 0.208854 0.459259 0.208854 0.460185 0.209896 0.462037 0.209896 0.462963 0.212500 0.467593 0.213021 0.467593 0.214583 0.470370 0.215104 0.470370 0.215625 0.471296 0.216146 0.471296 0.216667 0.472222 0.217188 0.472222 0.217708 0.473148 0.218229 0.473148 0.218750 0.474074 0.219792 0.474074 0.220312 0.475000 0.222396 0.475000 0.222917 0.475926 0.227604 0.475926 0.228125 0.475000 0.230208 0.475000 0.230729 0.474074 0.231771 0.474074 0.232292 0.473148 0.232813 0.473148 0.233333 0.472222 0.233854 0.472222 0.234896 0.470370 0.235417 0.470370 0.235937 0.469444 0.236458 0.469444 0.237500 0.467593 0.238021 0.467593 0.239063 0.465741 0.239583 0.465741 0.240625 0.463889 0.241146 0.463889 0.242188 0.462037 0.242708 0.462037 0.243750 0.460185 0.244271 0.460185 0.245312 0.458333 0.245833 0.458333 0.246875 0.456481 0.247396 0.456481 0.248438 0.454630 0.248958 0.454630 0.250000 0.452778 0.250521 0.452778 0.251563 0.450926 0.252083 0.450926 0.253125 0.449074 0.253646 0.449074 0.254688 0.447222 0.255208 0.447222 0.256250 0.445370 0.256771 0.445370 0.257812 0.443519 0.258333 0.443519 0.259375 0.441667 0.259896 0.441667 0.260937 0.439815 0.261458 0.439815 0.262500 0.437963 0.263021 0.437963 0.264062 0.436111 0.264583 0.436111 0.265625 0.434259 0.266146 0.434259 0.267188 0.432407 0.267708 0.432407 0.268750 0.430556 0.269271 0.430556 0.270313 0.428704 0.270833 0.428704 0.271875 0.426852 0.272396 0.426852 0.273438 0.425000 0.273958 0.425000 0.275000 0.423148 0.275521 0.423148 0.276562 0.421296 0.277083 0.421296 0.278125 0.419444 0.278646 0.419444 0.279687 0.417593 0.280208 0.417593 0.281250 0.415741 0.281771 0.415741 0.282813 0.413889 0.283333 0.413889 0.284375 0.412037 0.284896 0.412037 0.285938 0.410185 0.286458 0.410185 0.287500 0.408333 0.288021 0.408333 0.289062 0.406481 0.289583 0.406481 0.290625 0.404630 0.291146 0.404630 0.292187 0.402778 0.292708 0.402778 0.293750 0.400926 0.294271 0.400926 0.295312 0.399074 0.295833 0.399074 0.296875 0.397222 0.297396 0.397222 0.298438 0.395370 0.298958 0.395370 0.300000 0.393519 0.300521 0.393519 0.301563 0.391667 0.302083 0.391667 0.303125 0.389815 0.303646 0.389815 0.304688 0.387963 0.305208 0.387963 0.306250 0.386111 0.306771 0.386111 0.307812 0.384259 0.308333 0.384259 0.309375 0.382407 0.309896 0.382407 0.310937 0.380556 0.311458 0.380556 0.312500 0.378704 0.313021 0.378704 0.314063 0.376852 0.314583 0.376852 0.315625 0.375000 0.316146 0.375000 0.317188 0.373148 0.317708 0.373148 0.318750 0.371296 0.319271 0.371296 0.320312 0.369444 0.320833 0.369444 0.321875 0.367593 0.322396 0.367593 0.323437 0.365741 0.323958 0.365741 0.325000 0.363889 0.325521 0.363889 0.326562 0.362037 0.327083 0.362037 0.328125 0.360185 0.328646 0.360185 0.328646 0.359259 0.331771 0.353704 0.332292 0.353704 0.333854 0.350926 0.334375 0.350926 0.335417 0.349074 0.335938 0.349074 0.336979 0.347222 0.337500 0.347222 0.338542 0.345370 0.339062 0.345370 0.340104 0.343519 0.340625 0.343519 0.341667 0.341667 0.342187 0.341667 0.343229 0.339815 0.343750 0.339815 0.344792 0.337963 0.345313 0.337963 0.346354 0.336111 0.346875 0.336111 0.347917 0.334259 0.348438 0.334259 0.349479 0.332407 0.350000 0.332407 0.351042 0.330556 0.351562 0.330556 0.352604 0.328704 0.353125 0.328704 0.354167 0.326852 0.354687 0.326852 0.355729 0.325000 0.356250 0.325000 0.356771 0.324074 0.357292 0.324074 0.358333 0.322222 0.358854 0.322222 0.359896 0.320370 0.360417 0.320370 0.361458 0.318519 0.361979 0.318519 0.363542 0.315741 0.363542 0.314815 0.364063 0.313889 0.364063 0.312963 0.364583 0.312037 0.364583 0.310185 0.365104 0.309259 0.365104 0.306481 0.365625 0.305556 0.365625 0.299074 0.365104 0.298148 0.365104 0.294444 0.364583 0.293519 0.364583 0.291667 0.364063 0.290741 0.364063 0.289815 0.363021 0.287963 0.363021 0.287037 0.361979 0.285185 0.361979 0.284259 0.360417 0.281481 0.359896 0.281481 0.358333 0.278704 0.357812 0.278704 0.357292 0.277778 0.356771 0.277778 0.356250 0.276852 0.355208 0.276852 0.354687 0.275926 0.353125 0.275926 0.352604 0.275000
2 0.392188 0.321296 0.134375 0.187037 0.440625 0.227778 0.440104 0.228704 0.439063 0.228704 0.438542 0.229630 0.438021 0.229630 0.437500 0.230556 0.436979 0.230556 0.436458 0.231481 0.435937 0.231481 0.434896 0.233333 0.434375 0.233333 0.433333 0.235185 0.432812 0.235185 0.431771 0.237037 0.431250 0.237037 0.430208 0.238889 0.429688 0.238889 0.428646 0.240741 0.428125 0.240741 0.427083 0.242593 0.426563 0.242593 0.425521 0.244444 0.425000 0.244444 0.423958 0.246296 0.423438 0.246296 0.422396 0.248148 0.421875 0.248148 0.420833 0.250000 0.420312 0.250000 0.419271 0.251852 0.418750 0.251852 0.417708 0.253704 0.417187 0.253704 0.416667 0.254630 0.416146 0.254630 0.415104 0.256481 0.414583 0.256481 0.413542 0.258333 0.413021 0.258333 0.411979 0.260185 0.411458 0.260185 0.410417 0.262037 0.409896 0.262037 0.408854 0.263889 0.408333 0.263889 0.407292 0.265741 0.406771 0.265741 0.405729 0.267593 0.405208 0.267593 0.404167 0.269444 0.403646 0.269444 0.402604 0.271296 0.402083 0.271296 0.401042 0.273148 0.400521 0.273148 0.399479 0.275000 0.398958 0.275000 0.397917 0.276852 0.397396 0.276852 0.396354 0.278704 0.395833 0.278704 0.394792 0.280556 0.394271 0.280556 0.393229 0.282407 0.392708 0.282407 0.391667 0.284259 0.391146 0.284259 0.390104 0.286111 0.389583 0.286111 0.388542 0.287963 0.388021 0.287963 0.386979 0.289815 0.386458 0.289815 0.385417 0.291667 0.384896 0.291667 0.383854 0.293519 0.383333 0.293519 0.382292 0.295370 0.381771 0.295370 0.380729 0.297222 0.380208 0.297222 0.379167 0.299074 0.378646 0.299074 0.377604 0.300926 0.377083 0.300926 0.376042 0.302778 0.375521 0.302778 0.374479 0.304630 0.373958 0.304630 0.372917 0.306481 0.372396 0.306481 0.371354 0.308333 0.370833 0.308333 0.369792 0.310185 0.369271 0.310185 0.368229 0.312037 0.367708 0.312037 0.366667 0.313889 0.366146 0.313889 0.365104 0.315741 0.364583 0.315741 0.363542 0.317593 0.363021 0.317593 0.361979 0.319444 0.361458 0.319444 0.360417 0.321296 0.359896 0.321296 0.358854 0.323148 0.358333 0.323148 0.357292 0.325000 0.356771 0.325000 0.356250 0.325926 0.355729 0.325926 0.354687 0.327778 0.354167 0.327778 0.353125 0.329630 0.352604 0.329630 0.351562 0.331481 0.351042 0.331481 0.350000 0.333333 0.349479 0.333333 0.348438 0.335185 0.347917 0.335185 0.346875 0.337037 0.346354 0.337037 0.345313 0.338889 0.344792 0.338889 0.343750 0.340741 0.343229 0.340741 0.342187 0.342593 0.341667 0.342593 0.340625 0.344444 0.340104 0.344444 0.339062 0.346296 0.338542 0.346296 0.337500 0.348148 0.336979 0.348148 0.335938 0.350000 0.335417 0.350000 0.334375 0.351852 0.333854 0.351852 0.332292 0.354630 0.331771 0.354630 0.329167 0.359259 0.329167 0.360185 0.328125 0.362037 0.328125 0.362963 0.327083 0.364815 0.327083 0.366667 0.326562 0.367593 0.326562 0.368519 0.326042 0.369444 0.326042 0.372222 0.325521 0.373148 0.325521 0.379630 0.325000 0.380556 0.325521 0.381481 0.325521 0.387963 0.326042 0.388889 0.326042 0.390741 0.326562 0.391667 0.326562 0.393519 0.327083 0.394444 0.327083 0.395370 0.327604 0.396296 0.327604 0.397222 0.328125 0.398148 0.328125 0.399074 0.329688 0.401852 0.329688 0.402778 0.332292 0.407407 0.332813 0.407407 0.334375 0.410185 0.334896 0.410185 0.335417 0.411111 0.335938 0.411111 0.336458 0.412037 0.336979 0.412037 0.337500 0.412963 0.338542 0.412963 0.339062 0.413889 0.340104 0.413889 0.340625 0.414815 0.348958 0.414815 0.349479 0.413889 0.350521 0.413889 0.351042 0.412963 0.352083 0.412963 0.352604 0.412037 0.353125 0.412037 0.353646 0.411111 0.354167 0.411111 0.355208 0.409259 0.355729 0.409259 0.357292 0.406481 0.357812 0.406481 0.359375 0.403704 0.359896 0.403704 0.361979 0.400000 0.362500 0.400000 0.364063 0.397222 0.364583 0.397222 0.366146 0.394444 0.366667 0.394444 0.368750 0.390741 0.369271 0.390741 0.370833 0.387963 0.371354 0.387963 0.372917 0.385185 0.373437 0.385185 0.375521 0.381481 0.376042 0.381481 0.377604 0.378704 0.378125 0.378704 0.379688 0.375926 0.380208 0.375926 0.382292 0.372222 0.382812 0.372222 0.384375 0.369444 0.384896 0.369444 0.386979 0.365741 0.387500 0.365741 0.389062 0.362963 0.389583 0.362963 0.391146 0.360185 0.391667 0.360185 0.393750 0.356481 0.394271 0.356481 0.395833 0.353704 0.396354 0.353704 0.397917 0.350926 0.398438 0.350926 0.400521 0.347222 0.401042 0.347222 0.402604 0.344444 0.403125 0.344444 0.404687 0.341667 0.405208 0.341667 0.407292 0.337963 0.407813 0.337963 0.409375 0.335185 0.409896 0.335185 0.411458 0.332407 0.411979 0.332407 0.414062 0.328704 0.414583 0.328704 0.416146 0.325926 0.416667 0.325926 0.418750 0.322222 0.419271 0.322222 0.420833 0.319444 0.421354 0.319444 0.422917 0.316667 0.423438 0.316667 0.425521 0.312963 0.426042 0.312963 0.427604 0.310185 0.428125 0.310185 0.429688 0.307407 0.430208 0.307407 0.432292 0.303704 0.432812 0.303704 0.434375 0.300926 0.434896 0.300926 0.436458 0.298148 0.436979 0.298148 0.439063 0.294444 0.439583 0.294444 0.441146 0.291667 0.441667 0.291667 0.443750 0.287963 0.444271 0.287963 0.445833 0.285185 0.446354 0.285185 0.447917 0.282407 0.448437 0.282407 0.450521 0.278704 0.451042 0.278704 0.452604 0.275926 0.453125 0.275926 0.456771 0.269444 0.456771 0.268519 0.457292 0.267593 0.457292 0.266667 0.457813 0.265741 0.457813 0.264815 0.458333 0.263889 0.458333 0.262037 0.458854 0.261111 0.458854 0.255556 0.459375 0.254630 0.458854 0.253704 0.458854 0.248148 0.458333 0.247222 0.458333 0.245370 0.457813 0.244444 0.457813 0.242593 0.457292 0.241667 0.457292 0.240741 0.456250 0.238889 0.456250 0.237963 0.453125 0.232407 0.452604 0.232407 0.451562 0.230556 0.451042 0.230556 0.450521 0.229630 0.449479 0.229630 0.448958 0.228704 0.447917 0.228704 0.447396 0.227778
2 0.502604 0.346759 0.109375 0.199074 0.538021 0.247222 0.537500 0.248148 0.536458 0.248148 0.535937 0.249074 0.535417 0.249074 0.534896 0.250000 0.534375 0.250000 0.533854 0.250926 0.533333 0.250926 0.531771 0.253704 0.531250 0.253704 0.521354 0.271296 0.520833 0.271296 0.510938 0.288889 0.510417 0.288889 0.500000 0.307407 0.499479 0.307407 0.489583 0.325000 0.489063 0.325000 0.478646 0.343519 0.478125 0.343519 0.468229 0.361111 0.467708 0.361111 0.457813 0.378704 0.457292 0.378704 0.452083 0.387963 0.452083 0.388889 0.450521 0.391667 0.450521 0.392593 0.450000 0.393519 0.450000 0.394444 0.449479 0.395370 0.449479 0.396296 0.448958 0.397222 0.448958 0.399074 0.448437 0.400000 0.448437 0.402778 0.447917 0.403704 0.447917 0.416667 0.448437 0.417593 0.448437 0.420370 0.448958 0.421296 0.448958 0.423148 0.449479 0.424074 0.449479 0.425000 0.450000 0.425926 0.450000 0.426852 0.450521 0.427778 0.450521 0.428704 0.451562 0.430556 0.451562 0.431481 0.455729 0.438889 0.456250 0.438889 0.457292 0.440741 0.457813 0.440741 0.458333 0.441667 0.458854 0.441667 0.459375 0.442593 0.459896 0.442593 0.460417 0.443519 0.460938 0.443519 0.461458 0.444444 0.463021 0.444444 0.463542 0.445370 0.466667 0.445370 0.467187 0.446296 0.468229 0.446296 0.468750 0.445370 0.472396 0.445370 0.472917 0.444444 0.473958 0.444444 0.474479 0.443519 0.475521 0.443519 0.476042 0.442593 0.476562 0.442593 0.477083 0.441667 0.477604 0.441667 0.478646 0.439815 0.479167 0.439815 0.485417 0.428704 0.485417 0.427778 0.489583 0.420370 0.489583 0.419444 0.493750 0.412037 0.493750 0.411111 0.497396 0.404630 0.497396 0.403704 0.501563 0.396296 0.501563 0.395370 0.505729 0.387963 0.505729 0.387037 0.509896 0.379630 0.509896 0.378704 0.514062 0.371296 0.514062 0.370370 0.518229 0.362963 0.518229 0.362037 0.521875 0.355556 0.521875 0.354630 0.526042 0.347222 0.526042 0.346296 0.530208 0.338889 0.530208 0.337963 0.534375 0.330556 0.534375 0.329630 0.538542 0.322222 0.538542 0.321296 0.542708 0.313889 0.542708 0.312963 0.546354 0.306481 0.546354 0.305556 0.550521 0.298148 0.550521 0.297222 0.554167 0.290741 0.554167 0.289815 0.555208 0.287963 0.555208 0.287037 0.555729 0.286111 0.555729 0.285185 0.556250 0.284259 0.556250 0.282407 0.556771 0.281481 0.556771 0.277778 0.557292 0.276852 0.557292 0.271296 0.556771 0.270370 0.556771 0.266667 0.556250 0.265741 0.556250 0.263889 0.555729 0.262963 0.555729 0.262037 0.555208 0.261111 0.555208 0.260185 0.554167 0.258333 0.554167 0.257407 0.551042 0.251852 0.550521 0.251852 0.549479 0.250000 0.548958 0.250000 0.548438 0.249074 0.547396 0.249074 0.546875 0.248148 0.545833 0.248148 0.545312 0.247222
2 0.647135 0.300926 0.072396 0.188889 0.665625 0.206481 0.665104 0.207407 0.663542 0.207407 0.663021 0.208333 0.661979 0.208333 0.661458 0.209259 0.660937 0.209259 0.659896 0.211111 0.659375 0.211111 0.657813 0.213889 0.657292 0.213889 0.657292 0.214815 0.655208 0.218519 0.655208 0.219444 0.654687 0.220370 0.654687 0.221296 0.653646 0.223148 0.653646 0.224074 0.653125 0.225000 0.653125 0.225926 0.652083 0.227778 0.652083 0.228704 0.651563 0.229630 0.651563 0.230556 0.650521 0.232407 0.650521 0.233333 0.650000 0.234259 0.650000 0.235185 0.648958 0.237037 0.648958 0.237963 0.648438 0.238889 0.648438 0.239815 0.647396 0.241667 0.647396 0.242593 0.646354 0.244444 0.646354 0.245370 0.645833 0.246296 0.645833 0.247222 0.644792 0.249074 0.644792 0.250000 0.644271 0.250926 0.644271 0.251852 0.643229 0.253704 0.643229 0.254630 0.642708 0.255556 0.642708 0.256481 0.641667 0.258333 0.641667 0.259259 0.641146 0.260185 0.641146 0.261111 0.640104 0.262963 0.640104 0.263889 0.639583 0.264815 0.639583 0.265741 0.638542 0.267593 0.638542 0.268519 0.638021 0.269444 0.638021 0.270370 0.636979 0.272222 0.636979 0.273148 0.636458 0.274074 0.636458 0.275000 0.635417 0.276852 0.635417 0.277778 0.634896 0.278704 0.634896 0.279630 0.633854 0.281481 0.633854 0.282407 0.633333 0.283333 0.633333 0.284259 0.632292 0.286111 0.632292 0.287037 0.631771 0.287963 0.631771 0.288889 0.630729 0.290741 0.630729 0.291667 0.630208 0.292593 0.630208 0.293519 0.629167 0.295370 0.629167 0.296296 0.628646 0.297222 0.628646 0.298148 0.627604 0.300000 0.627604 0.300926 0.627083 0.301852 0.627083 0.302778 0.626042 0.304630 0.626042 0.305556 0.625521 0.306481 0.625521 0.307407 0.624479 0.309259 0.624479 0.310185 0.623958 0.311111 0.623958 0.312037 0.622917 0.313889 0.622917 0.314815 0.621875 0.316667 0.621875 0.317593 0.621354 0.318519 0.621354 0.319444 0.620313 0.321296 0.620313 0.322222 0.619792 0.323148 0.619792 0.324074 0.618750 0.325926 0.618750 0.326852 0.618229 0.327778 0.618229 0.328704 0.617188 0.330556 0.617188 0.331481 0.616667 0.332407 0.616667 0.333333 0.615625 0.335185 0.615625 0.336111 0.615104 0.337037 0.615104 0.337963 0.614062 0.339815 0.614062 0.340741 0.613542 0.341667 0.613542 0.342593 0.613021 0.343519 0.613021 0.344444 0.612500 0.345370 0.612500 0.346296 0.611979 0.347222 0.611979 0.349074 0.611458 0.350000 0.611458 0.351852 0.610938 0.352778 0.610938 0.366667 0.611458 0.367593 0.611458 0.370370 0.611979 0.371296 0.611979 0.373148 0.612500 0.374074 0.612500 0.375000 0.613021 0.375926 0.613021 0.376852 0.613542 0.377778 0.613542 0.378704 0.615104 0.381481 0.615104 0.382407 0.618229 0.387963 0.618750 0.387963 0.619792 0.389815 0.620313 0.389815 0.620833 0.390741 0.621354 0.390741 0.621875 0.391667 0.622396 0.391667 0.622917 0.392593 0.623437 0.392593 0.623958 0.393519 0.625000 0.393519 0.625521 0.394444 0.627604 0.394444 0.628125 0.395370 0.633333 0.395370 0.633854 0.394444 0.635938 0.394444 0.636458 0.393519 0.637500 0.393519 0.638021 0.392593 0.638542 0.392593 0.639062 0.391667 0.639583 0.391667 0.640104 0.390741 0.640625 0.390741 0.641146 0.389815 0.641667 0.389815 0.642708 0.387963 0.643229 0.387963 0.646354 0.382407 0.646354 0.381481 0.647396 0.379630 0.647396 0.378704 0.648438 0.376852 0.648438 0.375926 0.648958 0.375000 0.648958 0.373148 0.649479 0.372222 0.649479 0.371296 0.650000 0.370370 0.650000 0.369444 0.650521 0.368519 0.650521 0.367593 0.651042 0.366667 0.651042 0.365741 0.651563 0.364815 0.651563 0.362963 0.652083 0.362037 0.652083 0.361111 0.652604 0.360185 0.652604 0.359259 0.653125 0.358333 0.653125 0.357407 0.653646 0.356481 0.653646 0.355556 0.654167 0.354630 0.654167 0.353704 0.654687 0.352778 0.654687 0.350926 0.655208 0.350000 0.655208 0.349074 0.655729 0.348148 0.655729 0.347222 0.656250 0.346296 0.656250 0.345370 0.656771 0.344444 0.656771 0.343519 0.657292 0.342593 0.657292 0.340741 0.657813 0.339815 0.657813 0.338889 0.658333 0.337963 0.658333 0.337037 0.658854 0.336111 0.658854 0.335185 0.659375 0.334259 0.659375 0.333333 0.659896 0.332407 0.659896 0.330556 0.660417 0.329630 0.660417 0.328704 0.660937 0.327778 0.660937 0.326852 0.661458 0.325926 0.661458 0.325000 0.661979 0.324074 0.661979 0.323148 0.662500 0.322222 0.662500 0.321296 0.663021 0.320370 0.663021 0.318519 0.663542 0.317593 0.663542 0.316667 0.664062 0.315741 0.664062 0.314815 0.664583 0.313889 0.664583 0.312963 0.665104 0.312037 0.665104 0.311111 0.665625 0.310185 0.665625 0.308333 0.666146 0.307407 0.666146 0.306481 0.666667 0.305556 0.666667 0.304630 0.667188 0.303704 0.667188 0.302778 0.667708 0.301852 0.667708 0.300926 0.668229 0.300000 0.668229 0.298148 0.668750 0.297222 0.668750 0.296296 0.669271 0.295370 0.669271 0.294444 0.669792 0.293519 0.669792 0.292593 0.670312 0.291667 0.670312 0.290741 0.670833 0.289815 0.670833 0.287963 0.671354 0.287037 0.671354 0.286111 0.671875 0.285185 0.671875 0.284259 0.672396 0.283333 0.672396 0.282407 0.672917 0.281481 0.672917 0.280556 0.673438 0.279630 0.673438 0.278704 0.673958 0.277778 0.673958 0.275926 0.674479 0.275000 0.674479 0.274074 0.675000 0.273148 0.675000 0.272222 0.675521 0.271296 0.675521 0.270370 0.676042 0.269444 0.676042 0.268519 0.676562 0.267593 0.676562 0.265741 0.677083 0.264815 0.677083 0.263889 0.677604 0.262963 0.677604 0.262037 0.678125 0.261111 0.678125 0.260185 0.678646 0.259259 0.678646 0.258333 0.679167 0.257407 0.679167 0.255556 0.679688 0.254630 0.679688 0.253704 0.680208 0.252778 0.680208 0.251852 0.680729 0.250926 0.680729 0.250000 0.681250 0.249074 0.681250 0.248148 0.681771 0.247222 0.681771 0.246296 0.682292 0.245370 0.682292 0.243519 0.682813 0.242593 0.682813 0.240741 0.683333 0.239815 0.683333 0.227778 0.682813 0.226852 0.682813 0.224074 0.682292 0.223148 0.682292 0.222222 0.681771 0.221296 0.681771 0.220370 0.681250 0.219444 0.681250 0.218519 0.677083 0.211111 0.676562 0.211111 0.676042 0.210185 0.675521 0.210185 0.675000 0.209259 0.674479 0.209259 0.673958 0.208333 0.673438 0.208333 0.672917 0.207407 0.671354 0.207407 0.670833 0.206481
2 0.388802 0.643056 0.055729 0.065741 0.371354 0.610185 0.364583 0.622222 0.364583 0.623148 0.363542 0.625000 0.363542 0.625926 0.362500 0.627778 0.362500 0.629630 0.361979 0.630556 0.361979 0.631481 0.361458 0.632407 0.361458 0.635185 0.360938 0.636111 0.360938 0.649074 0.361458 0.650000 0.361458 0.652778 0.361979 0.653704 0.361979 0.655556 0.362500 0.656481 0.362500 0.657407 0.363542 0.659259 0.363542 0.660185 0.364063 0.661111 0.364063 0.662037 0.368229 0.669444 0.368750 0.669444 0.369792 0.671296 0.370312 0.671296 0.370833 0.672222 0.371354 0.672222 0.371875 0.673148 0.372396 0.673148 0.372917 0.674074 0.373958 0.674074 0.374479 0.675000 0.376042 0.675000 0.376563 0.675926 0.382812 0.675926 0.383333 0.675000 0.384896 0.675000 0.385417 0.674074 0.386458 0.674074 0.386979 0.673148 0.387500 0.673148 0.388021 0.672222 0.388542 0.672222 0.389062 0.671296 0.389583 0.671296 0.391667 0.667593 0.392188 0.667593 0.392188 0.666667 0.395313 0.661111 0.395313 0.660185 0.398438 0.654630 0.398438 0.653704 0.401042 0.649074 0.401042 0.648148 0.403646 0.643519 0.403646 0.642593 0.406771 0.637037 0.406771 0.636111 0.409375 0.631481 0.409375 0.630556 0.411979 0.625926 0.411979 0.625000 0.414583 0.620370 0.414583 0.619444 0.416667 0.615741 0.416667 0.611111 0.416667 0.612037 0.414062 0.616667 0.414062 0.617593 0.411458 0.622222 0.411458 0.623148 0.408333 0.628704 0.408333 0.629630 0.405729 0.634259 0.405729 0.635185 0.404167 0.637963 0.403646 0.637963 0.401562 0.641667 0.401042 0.641667 0.400521 0.642593 0.400000 0.642593 0.399479 0.643519 0.398958 0.643519 0.398438 0.644444 0.397396 0.644444 0.396875 0.645370 0.395313 0.645370 0.394792 0.646296 0.388021 0.646296 0.387500 0.645370 0.385937 0.645370 0.385417 0.644444 0.384375 0.644444 0.383854 0.643519 0.383333 0.643519 0.382812 0.642593 0.382292 0.642593 0.381771 0.641667 0.381250 0.641667 0.380208 0.639815 0.379688 0.639815 0.375000 0.631481 0.375000 0.630556 0.373958 0.628704 0.373958 0.627778 0.373437 0.626852 0.373437 0.625926 0.372917 0.625000 0.372917 0.624074 0.372396 0.623148 0.372396 0.621296 0.371875 0.620370 0.371875 0.617593 0.371354 0.616667
2 0.509896 0.663426 0.063542 0.137963 0.511458 0.596296 0.510938 0.597222 0.510938 0.598148 0.510417 0.599074 0.510417 0.600000 0.509375 0.601852 0.509375 0.602778 0.508333 0.604630 0.508333 0.605556 0.507292 0.607407 0.507292 0.608333 0.506250 0.610185 0.506250 0.611111 0.505208 0.612963 0.505208 0.613889 0.504687 0.614815 0.504687 0.615741 0.503646 0.617593 0.503646 0.618519 0.502604 0.620370 0.502604 0.621296 0.501563 0.623148 0.501563 0.624074 0.500521 0.625926 0.500521 0.626852 0.500000 0.627778 0.500000 0.628704 0.498958 0.630556 0.498958 0.631481 0.497917 0.633333 0.497917 0.634259 0.496875 0.636111 0.496875 0.637037 0.495833 0.638889 0.495833 0.639815 0.494792 0.641667 0.494792 0.642593 0.494271 0.643519 0.494271 0.644444 0.493229 0.646296 0.493229 0.647222 0.491146 0.650926 0.491146 0.651852 0.490104 0.653704 0.490104 0.654630 0.489063 0.656481 0.489063 0.657407 0.488021 0.659259 0.488021 0.660185 0.486979 0.662037 0.486979 0.662963 0.486458 0.663889 0.486458 0.664815 0.485417 0.666667 0.485417 0.667593 0.484375 0.669444 0.484375 0.670370 0.483333 0.672222 0.483333 0.673148 0.482292 0.675000 0.482292 0.675926 0.481250 0.677778 0.481250 0.678704 0.480729 0.679630 0.480729 0.680556 0.480208 0.681481 0.480208 0.682407 0.479687 0.683333 0.479687 0.684259 0.479167 0.685185 0.479167 0.687037 0.478646 0.687963 0.478646 0.691667 0.478125 0.692593 0.478125 0.700926 0.478646 0.701852 0.478646 0.705556 0.479167 0.706481 0.479167 0.708333 0.479687 0.709259 0.479687 0.710185 0.480208 0.711111 0.480208 0.712963 0.481250 0.714815 0.481250 0.715741 0.482292 0.717593 0.482292 0.718519 0.485938 0.725000 0.486458 0.725000 0.487500 0.726852 0.488021 0.726852 0.488542 0.727778 0.489063 0.727778 0.489583 0.728704 0.490104 0.728704 0.490625 0.729630 0.491146 0.729630 0.491667 0.730556 0.493229 0.730556 0.493750 0.731481 0.495833 0.731481 0.496354 0.732407 0.500521 0.732407 0.501042 0.731481 0.503125 0.731481 0.503646 0.730556 0.505208 0.730556 0.505729 0.729630 0.506250 0.729630 0.506771 0.728704 0.507292 0.728704 0.507812 0.727778 0.508333 0.727778 0.509375 0.725926 0.509896 0.725926 0.514062 0.718519 0.514062 0.717593 0.515104 0.715741 0.515104 0.714815 0.515625 0.713889 0.515625 0.712963 0.516146 0.712037 0.516146 0.711111 0.517188 0.709259 0.517188 0.708333 0.517708 0.707407 0.517708 0.706481 0.518229 0.705556 0.518229 0.704630 0.518750 0.703704 0.518750 0.702778 0.519792 0.700926 0.519792 0.700000 0.520312 0.699074 0.520312 0.698148 0.520833 0.697222 0.520833 0.696296 0.521354 0.695370 0.521354 0.694444 0.521875 0.693519 0.521875 0.692593 0.522917 0.690741 0.522917 0.689815 0.523438 0.688889 0.523438 0.687963 0.523958 0.687037 0.523958 0.686111 0.524479 0.685185 0.524479 0.684259 0.525521 0.682407 0.525521 0.681481 0.526042 0.680556 0.526042 0.679630 0.526563 0.678704 0.526563 0.677778 0.527083 0.676852 0.527083 0.675926 0.527604 0.675000 0.527604 0.674074 0.528646 0.672222 0.528646 0.671296 0.529167 0.670370 0.529167 0.669444 0.529687 0.668519 0.529687 0.667593 0.530208 0.666667 0.530208 0.665741 0.531250 0.663889 0.531250 0.662963 0.531771 0.662037 0.531771 0.661111 0.532292 0.660185 0.532292 0.659259 0.532813 0.658333 0.532813 0.657407 0.533333 0.656481 0.533333 0.655556 0.533854 0.654630 0.533854 0.653704 0.534896 0.651852 0.534896 0.650926 0.535417 0.650000 0.535417 0.649074 0.535937 0.648148 0.535937 0.647222 0.536458 0.646296 0.536458 0.645370 0.537500 0.643519 0.537500 0.642593 0.538021 0.641667 0.538021 0.640741 0.538542 0.639815 0.538542 0.638889 0.539062 0.637963 0.539062 0.637037 0.540104 0.635185 0.540104 0.634259 0.540625 0.633333 0.540625 0.632407 0.541146 0.631481 0.541146 0.630556 0.541667 0.629630 0.541667 0.628704 0.540625 0.630556 0.540104 0.630556 0.539583 0.631481 0.538542 0.631481 0.538021 0.632407 0.536979 0.632407 0.536458 0.633333 0.534896 0.633333 0.534375 0.634259 0.529167 0.634259 0.528646 0.633333 0.526563 0.633333 0.526042 0.632407 0.525000 0.632407 0.524479 0.631481 0.523438 0.631481 0.522917 0.630556 0.522396 0.630556 0.521354 0.628704 0.520833 0.628704 0.519792 0.626852 0.519271 0.626852 0.515625 0.620370 0.515625 0.619444 0.514583 0.617593 0.514583 0.616667 0.513542 0.614815 0.513542 0.613889 0.513021 0.612963 0.513021 0.611111 0.512500 0.610185 0.512500 0.608333 0.511979 0.607407 0.511979 0.603704 0.511458 0.602778
2 0.630469 0.579630 0.069271 0.244444 0.661979 0.457407 0.661979 0.459259 0.661458 0.460185 0.661458 0.462037 0.660937 0.462963 0.660937 0.463889 0.660417 0.464815 0.660417 0.466667 0.659896 0.467593 0.659896 0.469444 0.659375 0.470370 0.659375 0.471296 0.658854 0.472222 0.658854 0.474074 0.658333 0.475000 0.658333 0.476852 0.657813 0.477778 0.657813 0.479630 0.657292 0.480556 0.657292 0.481481 0.656771 0.482407 0.656771 0.484259 0.656250 0.485185 0.656250 0.487037 0.655729 0.487963 0.655729 0.488889 0.655208 0.489815 0.655208 0.491667 0.654687 0.492593 0.654687 0.494444 0.654167 0.495370 0.654167 0.497222 0.653646 0.498148 0.653646 0.499074 0.653125 0.500000 0.653125 0.501852 0.652604 0.502778 0.652604 0.504630 0.652083 0.505556 0.652083 0.506481 0.651563 0.507407 0.651563 0.509259 0.651042 0.510185 0.651042 0.512037 0.650521 0.512963 0.650521 0.514815 0.650000 0.515741 0.650000 0.516667 0.649479 0.517593 0.649479 0.519444 0.648958 0.520370 0.648958 0.522222 0.648438 0.523148 0.648438 0.524074 0.647917 0.525000 0.647917 0.526852 0.647396 0.527778 0.647396 0.529630 0.646875 0.530556 0.646875 0.532407 0.646354 0.533333 0.646354 0.534259 0.645833 0.535185 0.645833 0.537037 0.645312 0.537963 0.645312 0.539815 0.644792 0.540741 0.644792 0.541667 0.644271 0.542593 0.644271 0.544444 0.643750 0.545370 0.643750 0.547222 0.643229 0.548148 0.643229 0.550000 0.642708 0.550926 0.642708 0.551852 0.642188 0.552778 0.642188 0.554630 0.641667 0.555556 0.641667 0.557407 0.641146 0.558333 0.641146 0.559259 0.640625 0.560185 0.640625 0.562037 0.640104 0.562963 0.640104 0.564815 0.639583 0.565741 0.639583 0.567593 0.639062 0.568519 0.639062 0.569444 0.638542 0.570370 0.638542 0.572222 0.638021 0.573148 0.638021 0.575000 0.637500 0.575926 0.637500 0.576852 0.636979 0.577778 0.636979 0.579630 0.636458 0.580556 0.636458 0.582407 0.635938 0.583333 0.635938 0.585185 0.635417 0.586111 0.635417 0.587037 0.634896 0.587963 0.634896 0.589815 0.634375 0.590741 0.634375 0.592593 0.633854 0.593519 0.633854 0.594444 0.633333 0.595370 0.633333 0.597222 0.632812 0.598148 0.632812 0.600000 0.632292 0.600926 0.632292 0.602778 0.631771 0.603704 0.631771 0.604630 0.631250 0.605556 0.631250 0.607407 0.630729 0.608333 0.630729 0.609259 0.629687 0.611111 0.629687 0.612037 0.628125 0.614815 0.628125 0.615741 0.626563 0.618519 0.626042 0.618519 0.623958 0.622222 0.623437 0.622222 0.622917 0.623148 0.622396 0.623148 0.621875 0.624074 0.621354 0.624074 0.620833 0.625000 0.620313 0.625000 0.619792 0.625926 0.618750 0.625926 0.618229 0.626852 0.616146 0.626852 0.615625 0.627778 0.609896 0.627778 0.609375 0.626852 0.607812 0.626852 0.607292 0.625926 0.606250 0.625926 0.605729 0.625000 0.604167 0.625000 0.604167 0.625926 0.603646 0.626852 0.603646 0.627778 0.603125 0.628704 0.603125 0.630556 0.602604 0.631481 0.602604 0.632407 0.602083 0.633333 0.602083 0.635185 0.601562 0.636111 0.601562 0.637037 0.601042 0.637963 0.601042 0.638889 0.600521 0.639815 0.600521 0.641667 0.600000 0.642593 0.600000 0.643519 0.599479 0.644444 0.599479 0.645370 0.598958 0.646296 0.598958 0.648148 0.598437 0.649074 0.598437 0.650000 0.597917 0.650926 0.597917 0.652778 0.597396 0.653704 0.597396 0.654630 0.596875 0.655556 0.596875 0.657407 0.596354 0.658333 0.596354 0.660185 0.595833 0.661111 0.595833 0.674074 0.596354 0.675000 0.596354 0.677778 0.596875 0.678704 0.596875 0.680556 0.597396 0.681481 0.597396 0.682407 0.597917 0.683333 0.597917 0.684259 0.598958 0.686111 0.598958 0.687037 0.600521 0.689815 0.600521 0.690741 0.602083 0.693519 0.602604 0.693519 0.604167 0.696296 0.604688 0.696296 0.605208 0.697222 0.605729 0.697222 0.606250 0.698148 0.606771 0.698148 0.607292 0.699074 0.607812 0.699074 0.608333 0.700000 0.609375 0.700000 0.609896 0.700926 0.611979 0.700926 0.612500 0.701852 0.618229 0.701852 0.618750 0.700926 0.620313 0.700926 0.620833 0.700000 0.621875 0.700000 0.622396 0.699074 0.622917 0.699074 0.623437 0.698148 0.623958 0.698148 0.624479 0.697222 0.625000 0.697222 0.625521 0.696296 0.626042 0.696296 0.630729 0.687963 0.630729 0.687037 0.631771 0.685185 0.631771 0.684259 0.632292 0.683333 0.632292 0.681481 0.632812 0.680556 0.632812 0.679630 0.633333 0.678704 0.633333 0.676852 0.633854 0.675926 0.633854 0.674074 0.634375 0.673148 0.634375 0.671296 0.634896 0.670370 0.634896 0.668519 0.635417 0.667593 0.635417 0.665741 0.635938 0.664815 0.635938 0.662963 0.636458 0.662037 0.636458 0.660185 0.636979 0.659259 0.636979 0.657407 0.637500 0.656481 0.637500 0.654630 0.638021 0.653704 0.638021 0.651852 0.638542 0.650926 0.638542 0.649074 0.639062 0.648148 0.639062 0.646296 0.639583 0.645370 0.639583 0.643519 0.640104 0.642593 0.640104 0.640741 0.640625 0.639815 0.640625 0.637963 0.641146 0.637037 0.641146 0.635185 0.640625 0.634259 0.640625 0.633333 0.639583 0.631481 0.639583 0.630556 0.638542 0.628704 0.638542 0.627778 0.638021 0.626852 0.638021 0.625926 0.637500 0.625000 0.637500 0.623148 0.636979 0.622222 0.636979 0.619444 0.636458 0.618519 0.636458 0.604630 0.636979 0.603704 0.636979 0.601852 0.637500 0.600926 0.637500 0.599074 0.638021 0.598148 0.638021 0.596296 0.638542 0.595370 0.638542 0.593519 0.639062 0.592593 0.639062 0.591667 0.639583 0.590741 0.639583 0.588889 0.640104 0.587963 0.640104 0.586111 0.640625 0.585185 0.640625 0.583333 0.641146 0.582407 0.641146 0.580556 0.641667 0.579630 0.641667 0.578704 0.642188 0.577778 0.642188 0.575926 0.642708 0.575000 0.642708 0.573148 0.643229 0.572222 0.643229 0.570370 0.643750 0.569444 0.643750 0.567593 0.644271 0.566667 0.644271 0.564815 0.644792 0.563889 0.644792 0.562963 0.645312 0.562037 0.645312 0.560185 0.645833 0.559259 0.645833 0.557407 0.646354 0.556481 0.646354 0.554630 0.646875 0.553704 0.646875 0.551852 0.647396 0.550926 0.647396 0.550000 0.647917 0.549074 0.647917 0.547222 0.648438 0.546296 0.648438 0.544444 0.648958 0.543519 0.648958 0.541667 0.649479 0.540741 0.649479 0.538889 0.650000 0.537963 0.650000 0.537037 0.650521 0.536111 0.650521 0.534259 0.651042 0.533333 0.651042 0.531481 0.651563 0.530556 0.651563 0.528704 0.652083 0.527778 0.652083 0.525926 0.652604 0.525000 0.652604 0.524074 0.653125 0.523148 0.653125 0.521296 0.653646 0.520370 0.653646 0.518519 0.654167 0.517593 0.654167 0.515741 0.654687 0.514815 0.654687 0.512963 0.655208 0.512037 0.655208 0.511111 0.655729 0.510185 0.655729 0.508333 0.656250 0.507407 0.656250 0.505556 0.656771 0.504630 0.656771 0.502778 0.657292 0.501852 0.657292 0.500000 0.657813 0.499074 0.657813 0.497222 0.658333 0.496296 0.658333 0.495370 0.658854 0.494444 0.658854 0.492593 0.659375 0.491667 0.659375 0.489815 0.659896 0.488889 0.659896 0.487037 0.660417 0.486111 0.660417 0.484259 0.660937 0.483333 0.660937 0.482407 0.661458 0.481481 0.661458 0.479630 0.661979 0.478704 0.661979 0.476852 0.662500 0.475926 0.662500 0.474074 0.663021 0.473148 0.663021 0.471296 0.663542 0.470370 0.663542 0.469444 0.664062 0.468519 0.664062 0.466667 0.664583 0.465741 0.664583 0.463889 0.665104 0.462963 0.665104 0.461111 0.664583 0.460185 0.664062 0.460185 0.662500 0.457407
2 0.701823 0.648148 0.043229 0.125926 0.722917 0.585185 0.722917 0.587037 0.722396 0.587963 0.722396 0.592593 0.721875 0.593519 0.721875 0.596296 0.721354 0.597222 0.721354 0.599074 0.720833 0.600000 0.720833 0.601852 0.720313 0.602778 0.720313 0.603704 0.719271 0.605556 0.719271 0.606481 0.717708 0.609259 0.717708 0.610185 0.715625 0.613889 0.715104 0.613889 0.713542 0.616667 0.713021 0.616667 0.712500 0.617593 0.711979 0.617593 0.711458 0.618519 0.710938 0.618519 0.710417 0.619444 0.709896 0.619444 0.709375 0.620370 0.708333 0.620370 0.707812 0.621296 0.705729 0.621296 0.705208 0.622222 0.700000 0.622222 0.699479 0.621296 0.697396 0.621296 0.696875 0.620370 0.695833 0.620370 0.695312 0.619444 0.694792 0.619444 0.694271 0.618519 0.693750 0.618519 0.693229 0.617593 0.692708 0.617593 0.692187 0.616667 0.691667 0.616667 0.690625 0.614815 0.690104 0.614815 0.688542 0.612037 0.688021 0.612963 0.688021 0.615741 0.687500 0.616667 0.687500 0.619444 0.686979 0.620370 0.686979 0.624074 0.686458 0.625000 0.686458 0.627778 0.685937 0.628704 0.685937 0.631481 0.685417 0.632407 0.685417 0.635185 0.684896 0.636111 0.684896 0.638889 0.684375 0.639815 0.684375 0.643519 0.683854 0.644444 0.683854 0.647222 0.683333 0.648148 0.683333 0.650926 0.682813 0.651852 0.682813 0.654630 0.682292 0.655556 0.682292 0.658333 0.681771 0.659259 0.681771 0.662963 0.681250 0.663889 0.681250 0.666667 0.680729 0.667593 0.680729 0.670370 0.680208 0.671296 0.680208 0.682407 0.680729 0.683333 0.680729 0.686111 0.681250 0.687037 0.681250 0.688889 0.681771 0.689815 0.681771 0.690741 0.682292 0.691667 0.682292 0.692593 0.682813 0.693519 0.682813 0.694444 0.683333 0.695370 0.683333 0.696296 0.688542 0.705556 0.689063 0.705556 0.689583 0.706481 0.690104 0.706481 0.690625 0.707407 0.691146 0.707407 0.691667 0.708333 0.692187 0.708333 0.692708 0.709259 0.693229 0.709259 0.693750 0.710185 0.695312 0.710185 0.695833 0.711111 0.704167 0.711111 0.704688 0.710185 0.706250 0.710185 0.706771 0.709259 0.707812 0.709259 0.708333 0.708333 0.708854 0.708333 0.709375 0.707407 0.709896 0.707407 0.710417 0.706481 0.710938 0.706481 0.712500 0.703704 0.713021 0.703704 0.715625 0.699074 0.715625 0.698148 0.716667 0.696296 0.716667 0.695370 0.717187 0.694444 0.717187 0.693519 0.717708 0.692593 0.717708 0.691667 0.718229 0.690741 0.718229 0.689815 0.718750 0.688889 0.718750 0.687037 0.719271 0.686111 0.719271 0.681481 0.719792 0.680556 0.719792 0.675926 0.720313 0.675000 0.720313 0.669444 0.720833 0.668519 0.720833 0.667593 0.720313 0.666667 0.720313 0.665741 0.719792 0.664815 0.719792 0.663889 0.719271 0.662963 0.719271 0.661111 0.718750 0.660185 0.718750 0.658333 0.718229 0.657407 0.718229 0.652778 0.717708 0.651852 0.717708 0.647222 0.718229 0.646296 0.718229 0.640741 0.718750 0.639815 0.718750 0.635185 0.719271 0.634259 0.719271 0.629630 0.719792 0.628704 0.719792 0.624074 0.720313 0.623148 0.720313 0.618519 0.720833 0.617593 0.720833 0.612963 0.721354 0.612037 0.721354 0.607407 0.721875 0.606481 0.721875 0.601852 0.722396 0.600926 0.722396 0.596296 0.722917 0.595370 0.722917 0.590741 0.723437 0.589815 0.723437 0.586111
2 0.338542 0.643981 0.067708 0.089815 0.372396 0.599074 0.366146 0.610185 0.366146 0.611111 0.355729 0.629630 0.355729 0.630556 0.345833 0.648148 0.345313 0.648148 0.344271 0.650000 0.343750 0.650000 0.343229 0.650926 0.342708 0.650926 0.342187 0.651852 0.341146 0.651852 0.340625 0.652778 0.339583 0.652778 0.339062 0.653704 0.336458 0.653704 0.335938 0.654630 0.333854 0.654630 0.333333 0.653704 0.330208 0.653704 0.329688 0.652778 0.328646 0.652778 0.328125 0.651852 0.327083 0.651852 0.326562 0.650926 0.326042 0.650926 0.325521 0.650000 0.325000 0.650000 0.323958 0.648148 0.323437 0.648148 0.321875 0.645370 0.321354 0.645370 0.319271 0.641667 0.319271 0.640741 0.317708 0.637963 0.317708 0.637037 0.316667 0.635185 0.316667 0.634259 0.316146 0.633333 0.316146 0.632407 0.315625 0.631481 0.315625 0.629630 0.315104 0.628704 0.315104 0.626852 0.314583 0.625926 0.314583 0.624074 0.307812 0.636111 0.307812 0.637037 0.306771 0.638889 0.306771 0.639815 0.306250 0.640741 0.306250 0.641667 0.305729 0.642593 0.305729 0.644444 0.305208 0.645370 0.305208 0.648148 0.304688 0.649074 0.304688 0.660185 0.305208 0.661111 0.305208 0.663889 0.305729 0.664815 0.305729 0.666667 0.306250 0.667593 0.306250 0.668519 0.306771 0.669444 0.306771 0.670370 0.307292 0.671296 0.307292 0.672222 0.307812 0.673148 0.307812 0.674074 0.309896 0.677778 0.309896 0.678704 0.310417 0.678704 0.313021 0.683333 0.313542 0.683333 0.314063 0.684259 0.314583 0.684259 0.315104 0.685185 0.315625 0.685185 0.316146 0.686111 0.316667 0.686111 0.317188 0.687037 0.318229 0.687037 0.318750 0.687963 0.320312 0.687963 0.320833 0.688889 0.327083 0.688889 0.327604 0.687963 0.329167 0.687963 0.329688 0.687037 0.330729 0.687037 0.331250 0.686111 0.331771 0.686111 0.332292 0.685185 0.332813 0.685185 0.333854 0.683333 0.334375 0.683333 0.335938 0.680556 0.336458 0.680556 0.336458 0.679630 0.343750 0.666667 0.343750 0.665741 0.351042 0.652778 0.351042 0.651852 0.358333 0.638889 0.358333 0.637963 0.360938 0.633333 0.360938 0.632407 0.361458 0.631481 0.361458 0.630556 0.361979 0.629630 0.361979 0.627778 0.363021 0.625926 0.363021 0.625000 0.364063 0.623148 0.364063 0.622222 0.371354 0.609259 0.371354 0.604630 0.371875 0.603704 0.371875 0.600926 0.372396 0.600000
2 0.431771 0.653704 0.050000 0.068519 0.417187 0.619444 0.416146 0.621296 0.416146 0.622222 0.413542 0.626852 0.413542 0.627778 0.410938 0.632407 0.410938 0.633333 0.409375 0.636111 0.409375 0.637037 0.408854 0.637963 0.408854 0.638889 0.408333 0.639815 0.408333 0.640741 0.407813 0.641667 0.407813 0.642593 0.407292 0.643519 0.407292 0.646296 0.406771 0.647222 0.406771 0.661111 0.407292 0.662037 0.407292 0.663889 0.407813 0.664815 0.407813 0.666667 0.408333 0.667593 0.408333 0.668519 0.408854 0.669444 0.408854 0.670370 0.409375 0.671296 0.409375 0.672222 0.410938 0.675000 0.410938 0.675926 0.413542 0.680556 0.414062 0.680556 0.415104 0.682407 0.415625 0.682407 0.416146 0.683333 0.416667 0.683333 0.417187 0.684259 0.417708 0.684259 0.418229 0.685185 0.418750 0.685185 0.419271 0.686111 0.420312 0.686111 0.420833 0.687037 0.422917 0.687037 0.423438 0.687963 0.428125 0.687963 0.428646 0.687037 0.430729 0.687037 0.431250 0.686111 0.432292 0.686111 0.432812 0.685185 0.433333 0.685185 0.433854 0.684259 0.434375 0.684259 0.434896 0.683333 0.435417 0.683333 0.436458 0.681481 0.436979 0.681481 0.439063 0.677778 0.439063 0.675926 0.439583 0.675000 0.439583 0.671296 0.440104 0.670370 0.440104 0.668519 0.440625 0.667593 0.440625 0.665741 0.441146 0.664815 0.441146 0.663889 0.441667 0.662963 0.441667 0.662037 0.442708 0.660185 0.442708 0.659259 0.444271 0.656481 0.444271 0.655556 0.445833 0.652778 0.445833 0.651852 0.447396 0.649074 0.447396 0.648148 0.448958 0.645370 0.448958 0.644444 0.450000 0.642593 0.450000 0.641667 0.451562 0.638889 0.451562 0.637963 0.453125 0.635185 0.453125 0.634259 0.454688 0.631481 0.454688 0.630556 0.456250 0.627778 0.456250 0.625926 0.455208 0.627778 0.455208 0.628704 0.453646 0.631481 0.453646 0.632407 0.452083 0.635185 0.452083 0.636111 0.448958 0.641667 0.448437 0.641667 0.447396 0.643519 0.446875 0.643519 0.446354 0.644444 0.445833 0.644444 0.445312 0.645370 0.444792 0.645370 0.444271 0.646296 0.443229 0.646296 0.442708 0.647222 0.441146 0.647222 0.440625 0.648148 0.433333 0.648148 0.432812 0.647222 0.431250 0.647222 0.430729 0.646296 0.430208 0.646296 0.429688 0.645370 0.428646 0.645370 0.428125 0.644444 0.427604 0.644444 0.426563 0.642593 0.426042 0.642593 0.425000 0.640741 0.424479 0.640741 0.421354 0.635185 0.421354 0.634259 0.419792 0.631481 0.419792 0.630556 0.419271 0.629630 0.419271 0.628704 0.418750 0.627778 0.418750 0.626852 0.418229 0.625926 0.418229 0.625000 0.417708 0.624074 0.417708 0.621296 0.417187 0.620370
2 0.553906 0.651852 0.046354 0.112963 0.566667 0.595370 0.566146 0.596296 0.565625 0.596296 0.565104 0.597222 0.564583 0.597222 0.564063 0.598148 0.563021 0.598148 0.562500 0.599074 0.560417 0.599074 0.559896 0.600000 0.554688 0.600000 0.554167 0.599074 0.553646 0.599074 0.553646 0.600000 0.553125 0.600926 0.553125 0.601852 0.552083 0.603704 0.552083 0.604630 0.551562 0.605556 0.551562 0.606481 0.551042 0.607407 0.551042 0.608333 0.550521 0.609259 0.550521 0.610185 0.549479 0.612037 0.549479 0.612963 0.548958 0.613889 0.548958 0.614815 0.548438 0.615741 0.548438 0.616667 0.547396 0.618519 0.547396 0.619444 0.546354 0.621296 0.546354 0.622222 0.544271 0.625926 0.543750 0.625926 0.542188 0.628704 0.542188 0.629630 0.541667 0.630556 0.541667 0.631481 0.541146 0.632407 0.541146 0.633333 0.540625 0.634259 0.540625 0.635185 0.539583 0.637037 0.539583 0.637963 0.539062 0.638889 0.539062 0.639815 0.538542 0.640741 0.538542 0.641667 0.538021 0.642593 0.538021 0.643519 0.536979 0.645370 0.536979 0.646296 0.536458 0.647222 0.536458 0.648148 0.535937 0.649074 0.535937 0.650000 0.535417 0.650926 0.535417 0.651852 0.534375 0.653704 0.534375 0.654630 0.533854 0.655556 0.533854 0.656481 0.533333 0.657407 0.533333 0.658333 0.532813 0.659259 0.532813 0.660185 0.532292 0.661111 0.532292 0.662037 0.531771 0.662963 0.531771 0.664815 0.531250 0.665741 0.531250 0.669444 0.530729 0.670370 0.530729 0.677778 0.531250 0.678704 0.531250 0.682407 0.531771 0.683333 0.531771 0.685185 0.532292 0.686111 0.532292 0.687963 0.532813 0.688889 0.532813 0.689815 0.533333 0.690741 0.533333 0.691667 0.534375 0.693519 0.534375 0.694444 0.538542 0.701852 0.539062 0.701852 0.540104 0.703704 0.540625 0.703704 0.541146 0.704630 0.541667 0.704630 0.542188 0.705556 0.542708 0.705556 0.543229 0.706481 0.544271 0.706481 0.544792 0.707407 0.545833 0.707407 0.546354 0.708333 0.554688 0.708333 0.555208 0.707407 0.556250 0.707407 0.556771 0.706481 0.557813 0.706481 0.558333 0.705556 0.558854 0.705556 0.559375 0.704630 0.559896 0.704630 0.560417 0.703704 0.560937 0.703704 0.562500 0.700926 0.563021 0.700926 0.565104 0.697222 0.565104 0.696296 0.566146 0.694444 0.566146 0.693519 0.567187 0.691667 0.567187 0.690741 0.567708 0.689815 0.567708 0.688889 0.568229 0.687963 0.568229 0.686111 0.568750 0.685185 0.568750 0.684259 0.569271 0.683333 0.569271 0.682407 0.569792 0.681481 0.569792 0.680556 0.570312 0.679630 0.570312 0.678704 0.570833 0.677778 0.570833 0.676852 0.571354 0.675926 0.571354 0.674074 0.571875 0.673148 0.571875 0.672222 0.572396 0.671296 0.572396 0.670370 0.572917 0.669444 0.572917 0.668519 0.573438 0.667593 0.573438 0.666667 0.573958 0.665741 0.573958 0.664815 0.574479 0.663889 0.574479 0.662963 0.575000 0.662037 0.575000 0.660185 0.575521 0.659259 0.575521 0.658333 0.576042 0.657407 0.576042 0.656481 0.576562 0.655556 0.576562 0.654630 0.577083 0.653704 0.577083 0.652778 0.576562 0.652778 0.576042 0.651852 0.575521 0.651852 0.575000 0.650926 0.573958 0.650926 0.572917 0.649074 0.572396 0.649074 0.571875 0.648148 0.571354 0.648148 0.566146 0.638889 0.566146 0.637963 0.565104 0.636111 0.565104 0.635185 0.564583 0.634259 0.564583 0.633333 0.564063 0.632407 0.564063 0.631481 0.563542 0.630556 0.563542 0.627778 0.563021 0.626852 0.563021 0.623148 0.562500 0.622222 0.562500 0.615741 0.563021 0.614815 0.563021 0.611111 0.563542 0.610185 0.563542 0.607407 0.564063 0.606481 0.564063 0.605556 0.564583 0.604630 0.564583 0.603704 0.565104 0.602778 0.565104 0.601852 0.565625 0.600926 0.565625 0.600000 0.566146 0.599074 0.566146 0.598148 0.566667 0.597222 0.566667 0.596296 0.567187 0.595370
2 0.662500 0.636111 0.048958 0.155556 0.685937 0.558333 0.685417 0.559259 0.685417 0.560185 0.684896 0.561111 0.684896 0.563889 0.684375 0.564815 0.684375 0.566667 0.683854 0.567593 0.683854 0.570370 0.683333 0.571296 0.683333 0.574074 0.682813 0.575000 0.682813 0.577778 0.682292 0.578704 0.682292 0.581481 0.681771 0.582407 0.681771 0.584259 0.681250 0.585185 0.681250 0.587963 0.680729 0.588889 0.680729 0.591667 0.680208 0.592593 0.680208 0.595370 0.679688 0.596296 0.679688 0.599074 0.679167 0.600000 0.679167 0.601852 0.678646 0.602778 0.678646 0.605556 0.678125 0.606481 0.678125 0.609259 0.677604 0.610185 0.677604 0.612963 0.677083 0.613889 0.677083 0.616667 0.676562 0.617593 0.676562 0.620370 0.676042 0.621296 0.676042 0.623148 0.675521 0.624074 0.675521 0.625926 0.675000 0.626852 0.675000 0.627778 0.674479 0.628704 0.674479 0.629630 0.673438 0.631481 0.673438 0.632407 0.671875 0.635185 0.671875 0.636111 0.670312 0.638889 0.669792 0.638889 0.668229 0.641667 0.667708 0.641667 0.666667 0.643519 0.666146 0.643519 0.665625 0.644444 0.665104 0.644444 0.664583 0.645370 0.663542 0.645370 0.663021 0.646296 0.661458 0.646296 0.660937 0.647222 0.657813 0.647222 0.657292 0.648148 0.656250 0.648148 0.655729 0.647222 0.652604 0.647222 0.652083 0.646296 0.650521 0.646296 0.650000 0.645370 0.648958 0.645370 0.648438 0.644444 0.647917 0.644444 0.647396 0.643519 0.646875 0.643519 0.645833 0.641667 0.645312 0.641667 0.644271 0.639815 0.643750 0.640741 0.643750 0.642593 0.643229 0.643519 0.643229 0.645370 0.642708 0.646296 0.642708 0.648148 0.642188 0.649074 0.642188 0.650926 0.641667 0.651852 0.641667 0.653704 0.641146 0.654630 0.641146 0.656481 0.640625 0.657407 0.640625 0.659259 0.640104 0.660185 0.640104 0.662963 0.639583 0.663889 0.639583 0.665741 0.639062 0.666667 0.639062 0.668519 0.638542 0.669444 0.638542 0.671296 0.638021 0.672222 0.638021 0.686111 0.638542 0.687037 0.638542 0.689815 0.639062 0.690741 0.639062 0.692593 0.639583 0.693519 0.639583 0.694444 0.640104 0.695370 0.640104 0.696296 0.641146 0.698148 0.641146 0.699074 0.645833 0.707407 0.646354 0.707407 0.647396 0.709259 0.647917 0.709259 0.648438 0.710185 0.648958 0.710185 0.649479 0.711111 0.650521 0.711111 0.651042 0.712037 0.652083 0.712037 0.652604 0.712963 0.654687 0.712963 0.655208 0.713889 0.659896 0.713889 0.660417 0.712963 0.662500 0.712963 0.663021 0.712037 0.664062 0.712037 0.664583 0.711111 0.665625 0.711111 0.666146 0.710185 0.666667 0.710185 0.667188 0.709259 0.667708 0.709259 0.668750 0.707407 0.669271 0.707407 0.672917 0.700926 0.672917 0.700000 0.673958 0.698148 0.673958 0.697222 0.674479 0.696296 0.674479 0.695370 0.675000 0.694444 0.675000 0.693519 0.675521 0.692593 0.675521 0.690741 0.676042 0.689815 0.676042 0.687037 0.676562 0.686111 0.676562 0.683333 0.677083 0.682407 0.677083 0.679630 0.677604 0.678704 0.677604 0.675926 0.678125 0.675000 0.678125 0.672222 0.678646 0.671296 0.678646 0.668519 0.679167 0.667593 0.679167 0.664815 0.679688 0.663889 0.679688 0.661111 0.680208 0.660185 0.680208 0.656481 0.680729 0.655556 0.680729 0.652778 0.681250 0.651852 0.681250 0.649074 0.681771 0.648148 0.681771 0.645370 0.682292 0.644444 0.682292 0.641667 0.682813 0.640741 0.682813 0.637963 0.683333 0.637037 0.683333 0.634259 0.683854 0.633333 0.683854 0.630556 0.684375 0.629630 0.684375 0.625926 0.684896 0.625000 0.684896 0.622222 0.685417 0.621296 0.685417 0.618519 0.685937 0.617593 0.685937 0.614815 0.686458 0.613889 0.686458 0.611111 0.686979 0.610185 0.686979 0.609259 0.686458 0.608333 0.686458 0.607407 0.684896 0.604630 0.684896 0.603704 0.684375 0.602778 0.684375 0.601852 0.683854 0.600926 0.683854 0.599074 0.683333 0.598148 0.683333 0.597222 0.682813 0.596296 0.682813 0.592593 0.682292 0.591667 0.682292 0.582407 0.682813 0.581481 0.682813 0.577778 0.683333 0.576852 0.683333 0.575000 0.683854 0.574074 0.683854 0.571296 0.684375 0.570370 0.684375 0.567593 0.684896 0.566667 0.684896 0.563889 0.685417 0.562963 0.685417 0.560185 0.685937 0.559259
2 0.311719 0.591204 0.085938 0.115741 0.354687 0.533333 0.353125 0.536111 0.352604 0.536111 0.346354 0.547222 0.345833 0.547222 0.342187 0.553704 0.341667 0.553704 0.340625 0.555556 0.340104 0.555556 0.339583 0.556481 0.339062 0.556481 0.338542 0.557407 0.338021 0.557407 0.337500 0.558333 0.336458 0.558333 0.335938 0.559259 0.333333 0.559259 0.332813 0.560185 0.329688 0.560185 0.329167 0.559259 0.326562 0.559259 0.326042 0.558333 0.325000 0.558333 0.324479 0.557407 0.323437 0.557407 0.322917 0.556481 0.322396 0.556481 0.321354 0.554630 0.320833 0.554630 0.319792 0.552778 0.319271 0.552778 0.317188 0.549074 0.316667 0.549074 0.316146 0.550000 0.315625 0.550000 0.311979 0.556481 0.311458 0.556481 0.307812 0.562963 0.307292 0.562963 0.304167 0.568519 0.303646 0.568519 0.300000 0.575000 0.299479 0.575000 0.295833 0.581481 0.295312 0.581481 0.294271 0.583333 0.293750 0.583333 0.292708 0.585185 0.291667 0.585185 0.291146 0.586111 0.290625 0.586111 0.290104 0.587037 0.288542 0.587037 0.288021 0.587963 0.280208 0.587963 0.279687 0.587037 0.277083 0.587037 0.271354 0.597222 0.271354 0.598148 0.270833 0.599074 0.270833 0.600000 0.270313 0.600926 0.270313 0.601852 0.269792 0.602778 0.269792 0.604630 0.269271 0.605556 0.269271 0.608333 0.268750 0.609259 0.268750 0.621296 0.269271 0.622222 0.269271 0.625000 0.269792 0.625926 0.269792 0.626852 0.270313 0.627778 0.270313 0.628704 0.270833 0.629630 0.270833 0.630556 0.271354 0.631481 0.271354 0.632407 0.271875 0.633333 0.271875 0.634259 0.273958 0.637963 0.273958 0.638889 0.274479 0.639815 0.275000 0.639815 0.277083 0.643519 0.277604 0.643519 0.278125 0.644444 0.278646 0.644444 0.279167 0.645370 0.279687 0.645370 0.280208 0.646296 0.280729 0.646296 0.281250 0.647222 0.282292 0.647222 0.282813 0.648148 0.284375 0.648148 0.284896 0.649074 0.291146 0.649074 0.291667 0.648148 0.293229 0.648148 0.293750 0.647222 0.294792 0.647222 0.295312 0.646296 0.295833 0.646296 0.296354 0.645370 0.296875 0.645370 0.297917 0.643519 0.298438 0.643519 0.302604 0.636111 0.303125 0.636111 0.312500 0.619444 0.313021 0.619444 0.314063 0.617593 0.314063 0.615741 0.314583 0.614815 0.314583 0.610185 0.315104 0.609259 0.315104 0.607407 0.315625 0.606481 0.315625 0.604630 0.316146 0.603704 0.316146 0.602778 0.316667 0.601852 0.316667 0.600926 0.317708 0.599074 0.317708 0.598148 0.324479 0.586111 0.325000 0.586111 0.331771 0.574074 0.332292 0.574074 0.339062 0.562037 0.339583 0.562037 0.346354 0.550000 0.346875 0.550000 0.353646 0.537963 0.354167 0.537963 0.354687 0.537037
2 0.403906 0.599074 0.064062 0.092593 0.435417 0.552778 0.434896 0.553704 0.434896 0.554630 0.431771 0.560185 0.431771 0.561111 0.428125 0.567593 0.428125 0.568519 0.425000 0.574074 0.425000 0.575000 0.421875 0.580556 0.421875 0.581481 0.419792 0.585185 0.419271 0.585185 0.417708 0.587963 0.417187 0.587963 0.416667 0.588889 0.416146 0.588889 0.415625 0.589815 0.415104 0.589815 0.414583 0.590741 0.414062 0.590741 0.413542 0.591667 0.412500 0.591667 0.411979 0.592593 0.409375 0.592593 0.408854 0.593519 0.405208 0.593519 0.404687 0.592593 0.402604 0.592593 0.402083 0.591667 0.400521 0.591667 0.400000 0.590741 0.399479 0.590741 0.398958 0.589815 0.398438 0.589815 0.397917 0.588889 0.397396 0.588889 0.396875 0.587963 0.396354 0.587963 0.395313 0.586111 0.394792 0.586111 0.390625 0.578704 0.390625 0.577778 0.389583 0.575926 0.389583 0.575000 0.389062 0.574074 0.389062 0.573148 0.388542 0.572222 0.388542 0.571296 0.388021 0.570370 0.388021 0.569444 0.387500 0.568519 0.377604 0.586111 0.377604 0.587037 0.375000 0.591667 0.375000 0.592593 0.373958 0.594444 0.373958 0.595370 0.373437 0.596296 0.373437 0.597222 0.372917 0.598148 0.372917 0.600000 0.372396 0.600926 0.372396 0.603704 0.371875 0.604630 0.371875 0.616667 0.372396 0.617593 0.372396 0.620370 0.372917 0.621296 0.372917 0.623148 0.373437 0.624074 0.373437 0.625000 0.373958 0.625926 0.373958 0.626852 0.374479 0.627778 0.374479 0.628704 0.375521 0.630556 0.375521 0.631481 0.379688 0.638889 0.380208 0.638889 0.381250 0.640741 0.381771 0.640741 0.382292 0.641667 0.382812 0.641667 0.383333 0.642593 0.383854 0.642593 0.384375 0.643519 0.385417 0.643519 0.385937 0.644444 0.387500 0.644444 0.388021 0.645370 0.394792 0.645370 0.395313 0.644444 0.396875 0.644444 0.397396 0.643519 0.398438 0.643519 0.398958 0.642593 0.399479 0.642593 0.400000 0.641667 0.400521 0.641667 0.401042 0.640741 0.401562 0.640741 0.403646 0.637037 0.404167 0.637037 0.405208 0.635185 0.405208 0.634259 0.407813 0.629630 0.407813 0.628704 0.410938 0.623148 0.410938 0.622222 0.413542 0.617593 0.413542 0.616667 0.416146 0.612037 0.416146 0.611111 0.416667 0.610185 0.416667 0.609259 0.417187 0.608333 0.417187 0.604630 0.417708 0.603704 0.417708 0.600926 0.418229 0.600000 0.418229 0.599074 0.418750 0.598148 0.418750 0.597222 0.419271 0.596296 0.419271 0.595370 0.420312 0.593519 0.420312 0.592593 0.422917 0.587963 0.422917 0.587037 0.425521 0.582407 0.425521 0.581481 0.428646 0.575926 0.428646 0.575000 0.431771 0.569444 0.431771 0.568519 0.434896 0.562963 0.434896 0.562037 0.435937 0.560185 0.435937 0.558333 0.435417 0.557407
2 0.596354 0.533333 0.066667 0.238889 0.628125 0.413889 0.627604 0.414815 0.625521 0.414815 0.625000 0.415741 0.623958 0.415741 0.623437 0.416667 0.622917 0.416667 0.622396 0.417593 0.621875 0.417593 0.621875 0.418519 0.620833 0.420370 0.620833 0.421296 0.620313 0.422222 0.620313 0.423148 0.619792 0.424074 0.619792 0.425000 0.619271 0.425926 0.619271 0.426852 0.618750 0.427778 0.618750 0.428704 0.618229 0.429630 0.618229 0.430556 0.617708 0.431481 0.617708 0.432407 0.617188 0.433333 0.617188 0.434259 0.616667 0.435185 0.616667 0.436111 0.616146 0.437037 0.616146 0.437963 0.615625 0.438889 0.615625 0.439815 0.615104 0.440741 0.615104 0.441667 0.614583 0.442593 0.614583 0.443519 0.614062 0.444444 0.614062 0.445370 0.613542 0.446296 0.613542 0.447222 0.613021 0.448148 0.613021 0.449074 0.612500 0.450000 0.612500 0.450926 0.611979 0.451852 0.611979 0.452778 0.611458 0.453704 0.611458 0.454630 0.610417 0.456481 0.610417 0.457407 0.609896 0.458333 0.609896 0.459259 0.609375 0.460185 0.609375 0.461111 0.608854 0.462037 0.608854 0.462963 0.608333 0.463889 0.608333 0.464815 0.607812 0.465741 0.607812 0.466667 0.607292 0.467593 0.607292 0.468519 0.606771 0.469444 0.606771 0.470370 0.606250 0.471296 0.606250 0.472222 0.605729 0.473148 0.605729 0.474074 0.605208 0.475000 0.605208 0.475926 0.604688 0.476852 0.604688 0.477778 0.604167 0.478704 0.604167 0.479630 0.603646 0.480556 0.603646 0.481481 0.603125 0.482407 0.603125 0.483333 0.602604 0.484259 0.602604 0.485185 0.602083 0.486111 0.602083 0.487037 0.601562 0.487963 0.601562 0.488889 0.600521 0.490741 0.600521 0.491667 0.600000 0.492593 0.600000 0.493519 0.599479 0.494444 0.599479 0.495370 0.598958 0.496296 0.598958 0.497222 0.598437 0.498148 0.598437 0.499074 0.597917 0.500000 0.597917 0.500926 0.597396 0.501852 0.597396 0.502778 0.596875 0.503704 0.596875 0.504630 0.596354 0.505556 0.596354 0.506481 0.595833 0.507407 0.595833 0.508333 0.595313 0.509259 0.595313 0.510185 0.594792 0.511111 0.594792 0.512037 0.594271 0.512963 0.594271 0.513889 0.593750 0.514815 0.593750 0.515741 0.593229 0.516667 0.593229 0.517593 0.592708 0.518519 0.592708 0.519444 0.592187 0.520370 0.592187 0.521296 0.591667 0.522222 0.591667 0.523148 0.591146 0.524074 0.591146 0.525000 0.590104 0.526852 0.590104 0.527778 0.589583 0.528704 0.589583 0.529630 0.589063 0.530556 0.589063 0.531481 0.588542 0.532407 0.588542 0.533333 0.588021 0.534259 0.588021 0.535185 0.587500 0.536111 0.587500 0.537037 0.586979 0.537963 0.586979 0.538889 0.586458 0.539815 0.586458 0.540741 0.585938 0.541667 0.585938 0.542593 0.585417 0.543519 0.585417 0.544444 0.584896 0.545370 0.584896 0.546296 0.584375 0.547222 0.584375 0.548148 0.583854 0.549074 0.583854 0.550000 0.583333 0.550926 0.583333 0.551852 0.582812 0.552778 0.582812 0.553704 0.582292 0.554630 0.582292 0.555556 0.581771 0.556481 0.581771 0.557407 0.581250 0.558333 0.581250 0.559259 0.580729 0.560185 0.580729 0.561111 0.579688 0.562963 0.579688 0.563889 0.579167 0.564815 0.579167 0.565741 0.578646 0.566667 0.578646 0.567593 0.578125 0.568519 0.578125 0.569444 0.577604 0.570370 0.577604 0.571296 0.577083 0.572222 0.577083 0.573148 0.576562 0.574074 0.576562 0.575000 0.576042 0.575926 0.576042 0.576852 0.575521 0.577778 0.575521 0.578704 0.575000 0.579630 0.575000 0.580556 0.574479 0.581481 0.574479 0.582407 0.573438 0.584259 0.573438 0.585185 0.568750 0.593519 0.568229 0.593519 0.567708 0.594444 0.567708 0.595370 0.567187 0.596296 0.567187 0.597222 0.566667 0.598148 0.566667 0.599074 0.566146 0.600000 0.566146 0.600926 0.565625 0.601852 0.565625 0.602778 0.565104 0.603704 0.565104 0.604630 0.564583 0.605556 0.564583 0.606481 0.564063 0.607407 0.564063 0.610185 0.563542 0.611111 0.563542 0.614815 0.563021 0.615741 0.563021 0.622222 0.563542 0.623148 0.563542 0.626852 0.564063 0.627778 0.564063 0.630556 0.564583 0.631481 0.564583 0.632407 0.565104 0.633333 0.565104 0.634259 0.565625 0.635185 0.565625 0.636111 0.566667 0.637963 0.566667 0.638889 0.571354 0.647222 0.571875 0.647222 0.572396 0.648148 0.572917 0.648148 0.573958 0.650000 0.575000 0.650000 0.575521 0.650926 0.576042 0.650926 0.576562 0.651852 0.578125 0.651852 0.578646 0.652778 0.586979 0.652778 0.587500 0.651852 0.589063 0.651852 0.589583 0.650926 0.590104 0.650926 0.590625 0.650000 0.591146 0.650000 0.591667 0.649074 0.592187 0.649074 0.592708 0.648148 0.593229 0.648148 0.594271 0.646296 0.594792 0.646296 0.597396 0.641667 0.597396 0.640741 0.598958 0.637963 0.598958 0.637037 0.599479 0.636111 0.599479 0.635185 0.600000 0.634259 0.600000 0.633333 0.600521 0.632407 0.600521 0.630556 0.601042 0.629630 0.601042 0.628704 0.601562 0.627778 0.601562 0.626852 0.602083 0.625926 0.602083 0.624074 0.602604 0.623148 0.601562 0.621296 0.601042 0.621296 0.599479 0.618519 0.598958 0.618519 0.597396 0.615741 0.597396 0.614815 0.595313 0.611111 0.595313 0.610185 0.594792 0.609259 0.594792 0.608333 0.594271 0.607407 0.594271 0.606481 0.593750 0.605556 0.593750 0.604630 0.593229 0.603704 0.593229 0.601852 0.592708 0.600926 0.592708 0.598148 0.592187 0.597222 0.592187 0.586111 0.592708 0.585185 0.592708 0.582407 0.593229 0.581481 0.593229 0.579630 0.593750 0.578704 0.593750 0.577778 0.594271 0.576852 0.594271 0.575000 0.594792 0.574074 0.594792 0.573148 0.595313 0.572222 0.595313 0.571296 0.595833 0.570370 0.595833 0.569444 0.596354 0.568519 0.596354 0.567593 0.596875 0.566667 0.596875 0.565741 0.597396 0.564815 0.597396 0.563889 0.597917 0.562963 0.597917 0.561111 0.598437 0.560185 0.598437 0.559259 0.598958 0.558333 0.598958 0.557407 0.599479 0.556481 0.599479 0.555556 0.600000 0.554630 0.600000 0.553704 0.600521 0.552778 0.600521 0.551852 0.601042 0.550926 0.601042 0.550000 0.601562 0.549074 0.601562 0.547222 0.602083 0.546296 0.602083 0.545370 0.602604 0.544444 0.602604 0.543519 0.603125 0.542593 0.603125 0.541667 0.603646 0.540741 0.603646 0.539815 0.604167 0.538889 0.604167 0.537963 0.604688 0.537037 0.604688 0.536111 0.605208 0.535185 0.605208 0.534259 0.605729 0.533333 0.605729 0.531481 0.606250 0.530556 0.606250 0.529630 0.606771 0.528704 0.606771 0.527778 0.607292 0.526852 0.607292 0.525926 0.607812 0.525000 0.607812 0.524074 0.608333 0.523148 0.608333 0.522222 0.608854 0.521296 0.608854 0.520370 0.609375 0.519444 0.609375 0.517593 0.609896 0.516667 0.609896 0.515741 0.610417 0.514815 0.610417 0.513889 0.610938 0.512963 0.610938 0.512037 0.611458 0.511111 0.611458 0.510185 0.611979 0.509259 0.611979 0.508333 0.612500 0.507407 0.612500 0.506481 0.613021 0.505556 0.613021 0.504630 0.612500 0.503704 0.612500 0.490741 0.613021 0.489815 0.613021 0.487037 0.613542 0.486111 0.613542 0.485185 0.614062 0.484259 0.614062 0.482407 0.614583 0.481481 0.614583 0.480556 0.615104 0.479630 0.615104 0.478704 0.615625 0.477778 0.615625 0.476852 0.616146 0.475926 0.616146 0.475000 0.616667 0.474074 0.616667 0.473148 0.617188 0.472222 0.617188 0.471296 0.617708 0.470370 0.617708 0.469444 0.618229 0.468519 0.618229 0.467593 0.618750 0.466667 0.618750 0.465741 0.619271 0.464815 0.619271 0.463889 0.619792 0.462963 0.619792 0.462037 0.620313 0.461111 0.620313 0.459259 0.620833 0.458333 0.620833 0.457407 0.621354 0.456481 0.621354 0.455556 0.621875 0.454630 0.621875 0.453704 0.622396 0.452778 0.622396 0.451852 0.622917 0.450926 0.622917 0.450000 0.623437 0.449074 0.623437 0.448148 0.623958 0.447222 0.623958 0.446296 0.624479 0.445370 0.624479 0.444444 0.625000 0.443519 0.625000 0.442593 0.625521 0.441667 0.625521 0.440741 0.626042 0.439815 0.626042 0.438889 0.626563 0.437963 0.626563 0.436111 0.627083 0.435185 0.627083 0.434259 0.627604 0.433333 0.627604 0.432407 0.628125 0.431481 0.628125 0.430556 0.628646 0.429630 0.628646 0.428704 0.629167 0.427778 0.629167 0.426852 0.629687 0.425926 0.629687 0.425000 0.629167 0.424074 0.629167 0.413889
2 0.739062 0.608333 0.041667 0.151852 0.754167 0.564815 0.754167 0.567593 0.753646 0.568519 0.753646 0.569444 0.753125 0.570370 0.753125 0.571296 0.752604 0.572222 0.752604 0.573148 0.752083 0.574074 0.752083 0.575000 0.750521 0.577778 0.750521 0.578704 0.747917 0.583333 0.747396 0.583333 0.745833 0.586111 0.745313 0.586111 0.744792 0.587037 0.744271 0.587037 0.743750 0.587963 0.743229 0.587963 0.742708 0.588889 0.742188 0.588889 0.741667 0.589815 0.740625 0.589815 0.740104 0.590741 0.738021 0.590741 0.737500 0.591667 0.731771 0.591667 0.731250 0.590741 0.729167 0.590741 0.728646 0.589815 0.727604 0.589815 0.727083 0.588889 0.726042 0.588889 0.725521 0.587963 0.725000 0.587963 0.723958 0.586111 0.723958 0.589815 0.723437 0.590741 0.723437 0.595370 0.722917 0.596296 0.722917 0.600926 0.722396 0.601852 0.722396 0.606481 0.721875 0.607407 0.721875 0.612037 0.721354 0.612963 0.721354 0.617593 0.720833 0.618519 0.720833 0.623148 0.720313 0.624074 0.720313 0.628704 0.719792 0.629630 0.719792 0.634259 0.719271 0.635185 0.719271 0.639815 0.718750 0.640741 0.718750 0.646296 0.718229 0.647222 0.718229 0.651852 0.718750 0.652778 0.718750 0.657407 0.719271 0.658333 0.719271 0.660185 0.719792 0.661111 0.719792 0.662963 0.720313 0.663889 0.720313 0.664815 0.720833 0.665741 0.720833 0.666667 0.721875 0.668519 0.721875 0.669444 0.723958 0.673148 0.723958 0.674074 0.724479 0.674074 0.726562 0.677778 0.727083 0.677778 0.728125 0.679630 0.728646 0.679630 0.729167 0.680556 0.729688 0.680556 0.730208 0.681481 0.730729 0.681481 0.731250 0.682407 0.732292 0.682407 0.732812 0.683333 0.734375 0.683333 0.734896 0.684259 0.742188 0.684259 0.742708 0.683333 0.744271 0.683333 0.744792 0.682407 0.745833 0.682407 0.746354 0.681481 0.747396 0.681481 0.747917 0.680556 0.748437 0.680556 0.749479 0.678704 0.750000 0.678704 0.751042 0.676852 0.751563 0.676852 0.754687 0.671296 0.754687 0.670370 0.755729 0.668519 0.755729 0.667593 0.756250 0.666667 0.756250 0.665741 0.756771 0.664815 0.756771 0.663889 0.757292 0.662963 0.757292 0.662037 0.757812 0.661111 0.757812 0.658333 0.758333 0.657407 0.758333 0.650926 0.758854 0.650000 0.758854 0.639815 0.759375 0.638889 0.759375 0.627778 0.759896 0.626852 0.759896 0.621296 0.756250 0.614815 0.756250 0.613889 0.755208 0.612037 0.755208 0.611111 0.754687 0.610185 0.754687 0.609259 0.754167 0.608333 0.754167 0.606481 0.753646 0.605556 0.753646 0.603704 0.753125 0.602778 0.753125 0.599074 0.752604 0.598148 0.752604 0.589815 0.753125 0.588889 0.753125 0.580556 0.753646 0.579630 0.753646 0.570370 0.754167 0.569444
2 0.352865 0.489352 0.081771 0.139815 0.392708 0.419444 0.392188 0.420370 0.391667 0.420370 0.388542 0.425926 0.388021 0.425926 0.384896 0.431481 0.384375 0.431481 0.381250 0.437037 0.380729 0.437037 0.377604 0.442593 0.377083 0.442593 0.373958 0.448148 0.373437 0.448148 0.370312 0.453704 0.369792 0.453704 0.366667 0.459259 0.366146 0.459259 0.363542 0.463889 0.363021 0.463889 0.359896 0.469444 0.359375 0.469444 0.356250 0.475000 0.355729 0.475000 0.352604 0.480556 0.352083 0.480556 0.349479 0.485185 0.348958 0.485185 0.347917 0.487037 0.347396 0.487037 0.346875 0.487963 0.346354 0.487963 0.345833 0.488889 0.345313 0.488889 0.344792 0.489815 0.343750 0.489815 0.343229 0.490741 0.341667 0.490741 0.341146 0.491667 0.335417 0.491667 0.334896 0.490741 0.332813 0.490741 0.332292 0.489815 0.331250 0.489815 0.330729 0.488889 0.330208 0.488889 0.329688 0.487963 0.329167 0.487963 0.328646 0.487037 0.328125 0.487037 0.327604 0.486111 0.326562 0.487963 0.326042 0.487963 0.323437 0.492593 0.322917 0.492593 0.320833 0.496296 0.320312 0.496296 0.317708 0.500926 0.317188 0.500926 0.316667 0.501852 0.316667 0.502778 0.314583 0.506481 0.314583 0.507407 0.314063 0.508333 0.314063 0.509259 0.313542 0.510185 0.313542 0.511111 0.313021 0.512037 0.313021 0.513889 0.312500 0.514815 0.312500 0.516667 0.311979 0.517593 0.311979 0.531481 0.312500 0.532407 0.312500 0.534259 0.313021 0.535185 0.313021 0.537037 0.313542 0.537963 0.313542 0.538889 0.314063 0.539815 0.314063 0.540741 0.314583 0.541667 0.314583 0.542593 0.315625 0.544444 0.315625 0.545370 0.319271 0.551852 0.319792 0.551852 0.320833 0.553704 0.321354 0.553704 0.322396 0.555556 0.322917 0.555556 0.323437 0.556481 0.324479 0.556481 0.325000 0.557407 0.326042 0.557407 0.326562 0.558333 0.329167 0.558333 0.329688 0.559259 0.332813 0.559259 0.333333 0.558333 0.335938 0.558333 0.336458 0.557407 0.337500 0.557407 0.338021 0.556481 0.338542 0.556481 0.339062 0.555556 0.339583 0.555556 0.340104 0.554630 0.340625 0.554630 0.341667 0.552778 0.342187 0.552778 0.345833 0.546296 0.346354 0.546296 0.352604 0.535185 0.353125 0.535185 0.354687 0.532407 0.354687 0.526852 0.355208 0.525926 0.355208 0.524074 0.355729 0.523148 0.355729 0.521296 0.356250 0.520370 0.356250 0.519444 0.356771 0.518519 0.356771 0.517593 0.357812 0.515741 0.357812 0.514815 0.363542 0.504630 0.364063 0.504630 0.365104 0.502778 0.365104 0.500926 0.364583 0.500000 0.364583 0.497222 0.364063 0.496296 0.364063 0.491667 0.363542 0.490741 0.363542 0.485185 0.364063 0.484259 0.364063 0.480556 0.364583 0.479630 0.364583 0.477778 0.365104 0.476852 0.365104 0.475000 0.365625 0.474074 0.365625 0.473148 0.366146 0.472222 0.366146 0.471296 0.367188 0.469444 0.367188 0.468519 0.372917 0.458333 0.373437 0.458333 0.377083 0.451852 0.377604 0.451852 0.380729 0.446296 0.381250 0.446296 0.384896 0.439815 0.385417 0.439815 0.389062 0.433333 0.389583 0.433333 0.392708 0.427778 0.393229 0.427778 0.393750 0.426852 0.393750 0.425000 0.393229 0.424074 0.393229 0.423148 0.392708 0.422222
2 0.453646 0.589815 0.072917 0.114815 0.490104 0.532407 0.489583 0.533333 0.489583 0.534259 0.488021 0.537037 0.488021 0.537963 0.486458 0.540741 0.486458 0.541667 0.484896 0.544444 0.484896 0.545370 0.483333 0.548148 0.483333 0.549074 0.481771 0.551852 0.481771 0.552778 0.480208 0.555556 0.480208 0.556481 0.478646 0.559259 0.478646 0.560185 0.476562 0.563889 0.476562 0.564815 0.475000 0.567593 0.475000 0.568519 0.473438 0.571296 0.473438 0.572222 0.471875 0.575000 0.471875 0.575926 0.467708 0.583333 0.467187 0.583333 0.466146 0.585185 0.465625 0.585185 0.465104 0.586111 0.464583 0.586111 0.464062 0.587037 0.463542 0.587037 0.463021 0.587963 0.461979 0.587963 0.461458 0.588889 0.459896 0.588889 0.459375 0.589815 0.452604 0.589815 0.452083 0.588889 0.450521 0.588889 0.450000 0.587963 0.448958 0.587963 0.448437 0.587037 0.447917 0.587037 0.447396 0.586111 0.446875 0.586111 0.446354 0.585185 0.445833 0.585185 0.444792 0.583333 0.444271 0.583333 0.442188 0.579630 0.441667 0.579630 0.441146 0.578704 0.441146 0.577778 0.439063 0.574074 0.439063 0.573148 0.438021 0.571296 0.438021 0.570370 0.437500 0.569444 0.437500 0.568519 0.436979 0.567593 0.436979 0.565741 0.436458 0.564815 0.436458 0.562963 0.435937 0.562037 0.435937 0.561111 0.435417 0.562037 0.435417 0.562963 0.432292 0.568519 0.432292 0.569444 0.429167 0.575000 0.429167 0.575926 0.426042 0.581481 0.426042 0.582407 0.423438 0.587037 0.423438 0.587963 0.420833 0.592593 0.420833 0.593519 0.419792 0.595370 0.419792 0.596296 0.419271 0.597222 0.419271 0.598148 0.418750 0.599074 0.418750 0.600000 0.418229 0.600926 0.418229 0.603704 0.417708 0.604630 0.417708 0.608333 0.417187 0.609259 0.417187 0.615741 0.417708 0.616667 0.417708 0.620370 0.418229 0.621296 0.418229 0.624074 0.418750 0.625000 0.418750 0.625926 0.419271 0.626852 0.419271 0.627778 0.419792 0.628704 0.419792 0.629630 0.420312 0.630556 0.420312 0.631481 0.421875 0.634259 0.421875 0.635185 0.424479 0.639815 0.425000 0.639815 0.426042 0.641667 0.426563 0.641667 0.427604 0.643519 0.428125 0.643519 0.428646 0.644444 0.429688 0.644444 0.430208 0.645370 0.430729 0.645370 0.431250 0.646296 0.432812 0.646296 0.433333 0.647222 0.440625 0.647222 0.441146 0.646296 0.442708 0.646296 0.443229 0.645370 0.444271 0.645370 0.444792 0.644444 0.445312 0.644444 0.445833 0.643519 0.446354 0.643519 0.446875 0.642593 0.447396 0.642593 0.448437 0.640741 0.448958 0.640741 0.451562 0.636111 0.451562 0.635185 0.453125 0.632407 0.453125 0.631481 0.454688 0.628704 0.454688 0.627778 0.456250 0.625000 0.456250 0.624074 0.456771 0.623148 0.456771 0.617593 0.457292 0.616667 0.457292 0.614815 0.457813 0.613889 0.457813 0.612037 0.458333 0.611111 0.458333 0.610185 0.458854 0.609259 0.458854 0.608333 0.459896 0.606481 0.459896 0.605556 0.461458 0.602778 0.461458 0.601852 0.463021 0.599074 0.463021 0.598148 0.464583 0.595370 0.464583 0.594444 0.466146 0.591667 0.466146 0.590741 0.467708 0.587963 0.467708 0.587037 0.469271 0.584259 0.469271 0.583333 0.470833 0.580556 0.470833 0.579630 0.472396 0.576852 0.472396 0.575926 0.473958 0.573148 0.473958 0.572222 0.475521 0.569444 0.475521 0.568519 0.477083 0.565741 0.477083 0.564815 0.478646 0.562037 0.478646 0.561111 0.480208 0.558333 0.480208 0.557407 0.481771 0.554630 0.481771 0.553704 0.483333 0.550926 0.483333 0.550000 0.484896 0.547222 0.484896 0.546296 0.486458 0.543519 0.486458 0.542593 0.488021 0.539815 0.488021 0.538889 0.489583 0.536111 0.489583 0.535185 0.490104 0.534259
2 0.533594 0.564352 0.043229 0.137963 0.546875 0.495370 0.546354 0.496296 0.546354 0.497222 0.545312 0.499074 0.545312 0.500000 0.544271 0.501852 0.544271 0.502778 0.543750 0.503704 0.543750 0.504630 0.542708 0.506481 0.542708 0.507407 0.541667 0.509259 0.541667 0.510185 0.540625 0.512037 0.540625 0.512963 0.539583 0.514815 0.539583 0.515741 0.538542 0.517593 0.538542 0.518519 0.537500 0.520370 0.537500 0.521296 0.536458 0.523148 0.536458 0.524074 0.535937 0.525000 0.535937 0.525926 0.534896 0.527778 0.534896 0.528704 0.533854 0.530556 0.533854 0.531481 0.532813 0.533333 0.532813 0.534259 0.531771 0.536111 0.531771 0.537037 0.530729 0.538889 0.530729 0.539815 0.529687 0.541667 0.529687 0.542593 0.528646 0.544444 0.528646 0.545370 0.528125 0.546296 0.528125 0.547222 0.527083 0.549074 0.527083 0.550000 0.526042 0.551852 0.526042 0.552778 0.524479 0.555556 0.524479 0.556481 0.522917 0.559259 0.522917 0.560185 0.521875 0.562037 0.521875 0.562963 0.521354 0.563889 0.521354 0.564815 0.520312 0.566667 0.520312 0.567593 0.519271 0.569444 0.519271 0.570370 0.518229 0.572222 0.518229 0.573148 0.517188 0.575000 0.517188 0.575926 0.516146 0.577778 0.516146 0.578704 0.515104 0.580556 0.515104 0.581481 0.514583 0.582407 0.514583 0.583333 0.514062 0.584259 0.514062 0.585185 0.513542 0.586111 0.513542 0.587037 0.513021 0.587963 0.513021 0.589815 0.512500 0.590741 0.512500 0.594444 0.511979 0.595370 0.511979 0.602778 0.512500 0.603704 0.512500 0.607407 0.513021 0.608333 0.513021 0.610185 0.513542 0.611111 0.513542 0.612963 0.514062 0.613889 0.514062 0.614815 0.515104 0.616667 0.515104 0.617593 0.516146 0.619444 0.516146 0.620370 0.519271 0.625926 0.519792 0.625926 0.520833 0.627778 0.521354 0.627778 0.522396 0.629630 0.522917 0.629630 0.523438 0.630556 0.524479 0.630556 0.525000 0.631481 0.526042 0.631481 0.526563 0.632407 0.528646 0.632407 0.529167 0.633333 0.534375 0.633333 0.534896 0.632407 0.536458 0.632407 0.536979 0.631481 0.538021 0.631481 0.538542 0.630556 0.539583 0.630556 0.540104 0.629630 0.540625 0.629630 0.541667 0.627778 0.542188 0.627778 0.543750 0.625000 0.544271 0.625000 0.545833 0.622222 0.545833 0.621296 0.546875 0.619444 0.546875 0.618519 0.547917 0.616667 0.547917 0.615741 0.548438 0.614815 0.548438 0.613889 0.548958 0.612963 0.548958 0.612037 0.550000 0.610185 0.550000 0.609259 0.550521 0.608333 0.550521 0.607407 0.551042 0.606481 0.551042 0.605556 0.551562 0.604630 0.551562 0.603704 0.552604 0.601852 0.552604 0.600926 0.553125 0.600000 0.553125 0.599074 0.552083 0.599074 0.551562 0.598148 0.550521 0.598148 0.550000 0.597222 0.549479 0.597222 0.548958 0.596296 0.548438 0.596296 0.547917 0.595370 0.547396 0.595370 0.546875 0.594444 0.546354 0.594444 0.545312 0.592593 0.544792 0.592593 0.540625 0.585185 0.540625 0.584259 0.539583 0.582407 0.539583 0.581481 0.539062 0.580556 0.539062 0.579630 0.538542 0.578704 0.538542 0.577778 0.538021 0.576852 0.538021 0.575000 0.537500 0.574074 0.537500 0.572222 0.536979 0.571296 0.536979 0.556481 0.537500 0.555556 0.537500 0.553704 0.538021 0.552778 0.538021 0.550926 0.538542 0.550000 0.538542 0.549074 0.539062 0.548148 0.539062 0.547222 0.540104 0.545370 0.540104 0.544444 0.540625 0.543519 0.540625 0.542593 0.541667 0.540741 0.541667 0.539815 0.542708 0.537963 0.542708 0.537037 0.543229 0.536111 0.543229 0.535185 0.544271 0.533333 0.544271 0.532407 0.544792 0.531481 0.544792 0.530556 0.545833 0.528704 0.545833 0.527778 0.546875 0.525926 0.546875 0.525000 0.547396 0.524074 0.547396 0.523148 0.548438 0.521296 0.548438 0.520370 0.549479 0.518519 0.549479 0.517593 0.550000 0.516667 0.550000 0.515741 0.551042 0.513889 0.551042 0.512963 0.552083 0.511111 0.552083 0.510185 0.552604 0.509259 0.552604 0.508333 0.553646 0.506481 0.553646 0.505556 0.554167 0.504630 0.554167 0.503704 0.555208 0.501852 0.555208 0.500926 0.554688 0.500000 0.552604 0.500000 0.552083 0.499074 0.551042 0.499074 0.550521 0.498148 0.550000 0.498148 0.549479 0.497222 0.548958 0.497222 0.548438 0.496296 0.547917 0.496296 0.547396 0.495370
2 0.660937 0.534722 0.047917 0.225000 0.653125 0.524074 0.653125 0.525000 0.652604 0.525926 0.652604 0.527778 0.652083 0.528704 0.652083 0.530556 0.651563 0.531481 0.651563 0.533333 0.651042 0.534259 0.651042 0.536111 0.650521 0.537037 0.650521 0.537963 0.650000 0.538889 0.650000 0.540741 0.649479 0.541667 0.649479 0.543519 0.648958 0.544444 0.648958 0.546296 0.648438 0.547222 0.648438 0.549074 0.647917 0.550000 0.647917 0.550926 0.647396 0.551852 0.647396 0.553704 0.646875 0.554630 0.646875 0.556481 0.646354 0.557407 0.646354 0.559259 0.645833 0.560185 0.645833 0.562037 0.645312 0.562963 0.645312 0.563889 0.644792 0.564815 0.644792 0.566667 0.644271 0.567593 0.644271 0.569444 0.643750 0.570370 0.643750 0.572222 0.643229 0.573148 0.643229 0.575000 0.642708 0.575926 0.642708 0.577778 0.642188 0.578704 0.642188 0.579630 0.641667 0.580556 0.641667 0.582407 0.641146 0.583333 0.641146 0.585185 0.640625 0.586111 0.640625 0.587963 0.640104 0.588889 0.640104 0.590741 0.639583 0.591667 0.639583 0.592593 0.639062 0.593519 0.639062 0.595370 0.638542 0.596296 0.638542 0.598148 0.638021 0.599074 0.638021 0.600926 0.637500 0.601852 0.637500 0.603704 0.636979 0.604630 0.636979 0.618519 0.637500 0.619444 0.637500 0.622222 0.638021 0.623148 0.638021 0.625000 0.638542 0.625926 0.638542 0.626852 0.639062 0.627778 0.639062 0.628704 0.640104 0.630556 0.640104 0.631481 0.641146 0.633333 0.641146 0.634259 0.643750 0.638889 0.644271 0.638889 0.645312 0.640741 0.645833 0.640741 0.646875 0.642593 0.647396 0.642593 0.647917 0.643519 0.648438 0.643519 0.648958 0.644444 0.650000 0.644444 0.650521 0.645370 0.652083 0.645370 0.652604 0.646296 0.655729 0.646296 0.656250 0.647222 0.657292 0.647222 0.657813 0.646296 0.660937 0.646296 0.661458 0.645370 0.663021 0.645370 0.663542 0.644444 0.664583 0.644444 0.665104 0.643519 0.665625 0.643519 0.666146 0.642593 0.666667 0.642593 0.667708 0.640741 0.668229 0.640741 0.669792 0.637963 0.670312 0.637963 0.671354 0.636111 0.671354 0.635185 0.672917 0.632407 0.672917 0.631481 0.673958 0.629630 0.673958 0.628704 0.674479 0.627778 0.674479 0.626852 0.675000 0.625926 0.675000 0.624074 0.675521 0.623148 0.675521 0.621296 0.676042 0.620370 0.676042 0.617593 0.676562 0.616667 0.676562 0.613889 0.677083 0.612963 0.677083 0.610185 0.677604 0.609259 0.677604 0.606481 0.678125 0.605556 0.678125 0.602778 0.678646 0.601852 0.678646 0.600000 0.679167 0.599074 0.679167 0.596296 0.679688 0.595370 0.679688 0.592593 0.680208 0.591667 0.680208 0.588889 0.680729 0.587963 0.680729 0.585185 0.681250 0.584259 0.681250 0.582407 0.681771 0.581481 0.681771 0.578704 0.682292 0.577778 0.682292 0.575000 0.682813 0.574074 0.682813 0.571296 0.683333 0.570370 0.683333 0.567593 0.683854 0.566667 0.683854 0.564815 0.684375 0.563889 0.684375 0.561111 0.684896 0.560185 0.684375 0.560185 0.683333 0.562037 0.682813 0.562037 0.682292 0.562963 0.681771 0.562963 0.681250 0.563889 0.680729 0.563889 0.680208 0.564815 0.679167 0.564815 0.678646 0.565741 0.677083 0.565741 0.676562 0.566667 0.669792 0.566667 0.669271 0.565741 0.667708 0.565741 0.667188 0.564815 0.666146 0.564815 0.665625 0.563889 0.664583 0.563889 0.664062 0.562963 0.663542 0.562963 0.662500 0.561111 0.661979 0.561111 0.660937 0.559259 0.660417 0.559259 0.656250 0.551852 0.656250 0.550926 0.655208 0.549074 0.655208 0.548148 0.654687 0.547222 0.654687 0.546296 0.654167 0.545370 0.654167 0.544444 0.653646 0.543519 0.653646 0.541667 0.653125 0.540741 0.653125 0.537037 0.652604 0.536111 0.652604 0.525926 0.653125 0.525000
2 0.295833 0.533796 0.062500 0.106481 0.323958 0.480556 0.322917 0.482407 0.322396 0.482407 0.320312 0.486111 0.319792 0.486111 0.317708 0.489815 0.317188 0.489815 0.315104 0.493519 0.314583 0.493519 0.312500 0.497222 0.311979 0.497222 0.309375 0.501852 0.308854 0.501852 0.306771 0.505556 0.306250 0.505556 0.304167 0.509259 0.303646 0.509259 0.301563 0.512963 0.301042 0.512963 0.298958 0.516667 0.298438 0.516667 0.297396 0.518519 0.296875 0.518519 0.296354 0.519444 0.295833 0.519444 0.295312 0.520370 0.294271 0.520370 0.293750 0.521296 0.292708 0.521296 0.292187 0.522222 0.283854 0.522222 0.283333 0.521296 0.281771 0.521296 0.281250 0.520370 0.280729 0.520370 0.280208 0.519444 0.279687 0.519444 0.279167 0.518519 0.278646 0.518519 0.278125 0.517593 0.276562 0.520370 0.276042 0.520370 0.273958 0.524074 0.273438 0.524074 0.271875 0.526852 0.271354 0.526852 0.268229 0.532407 0.268229 0.533333 0.267188 0.535185 0.267188 0.536111 0.266667 0.537037 0.266667 0.537963 0.266146 0.538889 0.266146 0.539815 0.265625 0.540741 0.265625 0.542593 0.265104 0.543519 0.265104 0.547222 0.264583 0.548148 0.264583 0.557407 0.265104 0.558333 0.265104 0.561111 0.265625 0.562037 0.265625 0.563889 0.266146 0.564815 0.266146 0.566667 0.266667 0.567593 0.266667 0.568519 0.267188 0.569444 0.267188 0.570370 0.268229 0.572222 0.268229 0.573148 0.272396 0.580556 0.272917 0.580556 0.273958 0.582407 0.274479 0.582407 0.275000 0.583333 0.275521 0.583333 0.276042 0.584259 0.276562 0.584259 0.277083 0.585185 0.277604 0.585185 0.278125 0.586111 0.279687 0.586111 0.280208 0.587037 0.288021 0.587037 0.288542 0.586111 0.290104 0.586111 0.290625 0.585185 0.291146 0.585185 0.291667 0.584259 0.292708 0.584259 0.293750 0.582407 0.294271 0.582407 0.295312 0.580556 0.295833 0.580556 0.299479 0.574074 0.300000 0.574074 0.303646 0.567593 0.304167 0.567593 0.307292 0.562037 0.307812 0.562037 0.311458 0.555556 0.311979 0.555556 0.315625 0.549074 0.316146 0.549074 0.316667 0.548148 0.315104 0.545370 0.315104 0.544444 0.314063 0.542593 0.314063 0.541667 0.313542 0.540741 0.313542 0.539815 0.313021 0.538889 0.313021 0.537963 0.312500 0.537037 0.312500 0.535185 0.311979 0.534259 0.311979 0.532407 0.311458 0.531481 0.311458 0.517593 0.311979 0.516667 0.311979 0.514815 0.312500 0.513889 0.312500 0.512037 0.313021 0.511111 0.313021 0.510185 0.313542 0.509259 0.313542 0.508333 0.314063 0.507407 0.314063 0.506481 0.316146 0.502778 0.316146 0.501852 0.317188 0.500000 0.317708 0.500000 0.320312 0.495370 0.320833 0.495370 0.322917 0.491667 0.323437 0.491667 0.326042 0.487037 0.326562 0.487037 0.327083 0.486111 0.327083 0.485185 0.326562 0.485185
2 0.388802 0.520370 0.067187 0.096296 0.421875 0.472222 0.396875 0.516667 0.396354 0.516667 0.394792 0.519444 0.394271 0.519444 0.393229 0.521296 0.392708 0.521296 0.392188 0.522222 0.391146 0.522222 0.390625 0.523148 0.389583 0.523148 0.389062 0.524074 0.386979 0.524074 0.386458 0.525000 0.381771 0.525000 0.381250 0.524074 0.379167 0.524074 0.378646 0.523148 0.377604 0.523148 0.377083 0.522222 0.376563 0.522222 0.376042 0.521296 0.375521 0.521296 0.375000 0.520370 0.374479 0.520370 0.373958 0.519444 0.373437 0.519444 0.372396 0.517593 0.371875 0.517593 0.367708 0.510185 0.367708 0.509259 0.366667 0.507407 0.366667 0.506481 0.366146 0.505556 0.366146 0.504630 0.365625 0.503704 0.365625 0.502778 0.364063 0.505556 0.363542 0.505556 0.358333 0.514815 0.358333 0.515741 0.357292 0.517593 0.357292 0.518519 0.356771 0.519444 0.356771 0.520370 0.356250 0.521296 0.356250 0.523148 0.355729 0.524074 0.355729 0.525926 0.355208 0.526852 0.355208 0.541667 0.355729 0.542593 0.355729 0.544444 0.356250 0.545370 0.356250 0.547222 0.356771 0.548148 0.356771 0.549074 0.357292 0.550000 0.357292 0.550926 0.358333 0.552778 0.358333 0.553704 0.359375 0.555556 0.359375 0.556481 0.361458 0.560185 0.361979 0.560185 0.363542 0.562963 0.364063 0.562963 0.365104 0.564815 0.365625 0.564815 0.366146 0.565741 0.367188 0.565741 0.367708 0.566667 0.368750 0.566667 0.369271 0.567593 0.370833 0.567593 0.371354 0.568519 0.377604 0.568519 0.378125 0.567593 0.379688 0.567593 0.380208 0.566667 0.381250 0.566667 0.381771 0.565741 0.382292 0.565741 0.382812 0.564815 0.383333 0.564815 0.384375 0.562963 0.384896 0.562963 0.386458 0.560185 0.386458 0.552778 0.386979 0.551852 0.386979 0.548148 0.387500 0.547222 0.387500 0.545370 0.388021 0.544444 0.388021 0.543519 0.388542 0.542593 0.388542 0.541667 0.389062 0.540741 0.389062 0.539815 0.389583 0.538889 0.389583 0.537963 0.392708 0.532407 0.392708 0.531481 0.422396 0.478704 0.422396 0.476852 0.421875 0.475926
2 0.489583 0.597685 0.065625 0.125000 0.490104 0.535185 0.490104 0.536111 0.488542 0.538889 0.488542 0.539815 0.486979 0.542593 0.486979 0.543519 0.485417 0.546296 0.485417 0.547222 0.483854 0.550000 0.483854 0.550926 0.482292 0.553704 0.482292 0.554630 0.480729 0.557407 0.480729 0.558333 0.479167 0.561111 0.479167 0.562037 0.477604 0.564815 0.477604 0.565741 0.476042 0.568519 0.476042 0.569444 0.474479 0.572222 0.474479 0.573148 0.472917 0.575926 0.472917 0.576852 0.471354 0.579630 0.471354 0.580556 0.469792 0.583333 0.469792 0.584259 0.468229 0.587037 0.468229 0.587963 0.466667 0.590741 0.466667 0.591667 0.465104 0.594444 0.465104 0.595370 0.463542 0.598148 0.463542 0.599074 0.461979 0.601852 0.461979 0.602778 0.460417 0.605556 0.460417 0.606481 0.459375 0.608333 0.459375 0.609259 0.458854 0.610185 0.458854 0.611111 0.458333 0.612037 0.458333 0.613889 0.457813 0.614815 0.457813 0.616667 0.457292 0.617593 0.457292 0.624074 0.456771 0.625000 0.456771 0.625926 0.457292 0.626852 0.457292 0.632407 0.457813 0.633333 0.457813 0.636111 0.458333 0.637037 0.458333 0.637963 0.458854 0.638889 0.458854 0.640741 0.459896 0.642593 0.459896 0.643519 0.460417 0.644444 0.460417 0.645370 0.465625 0.654630 0.466146 0.654630 0.466667 0.655556 0.467187 0.655556 0.467708 0.656481 0.468229 0.656481 0.468750 0.657407 0.469271 0.657407 0.469792 0.658333 0.470313 0.658333 0.470833 0.659259 0.472396 0.659259 0.472917 0.660185 0.481250 0.660185 0.481771 0.659259 0.483333 0.659259 0.483854 0.658333 0.484375 0.658333 0.484896 0.657407 0.485938 0.657407 0.486979 0.655556 0.487500 0.655556 0.488542 0.653704 0.489063 0.653704 0.492708 0.647222 0.492708 0.646296 0.493750 0.644444 0.493750 0.643519 0.494271 0.642593 0.494271 0.641667 0.495312 0.639815 0.495312 0.638889 0.496354 0.637037 0.496354 0.636111 0.497396 0.634259 0.497396 0.633333 0.498437 0.631481 0.498437 0.630556 0.499479 0.628704 0.499479 0.627778 0.500000 0.626852 0.500000 0.625926 0.501042 0.624074 0.501042 0.623148 0.502083 0.621296 0.502083 0.620370 0.503125 0.618519 0.503125 0.617593 0.504167 0.615741 0.504167 0.614815 0.504687 0.613889 0.504687 0.612963 0.505729 0.611111 0.505729 0.610185 0.506771 0.608333 0.506771 0.607407 0.507812 0.605556 0.507812 0.604630 0.508854 0.602778 0.508854 0.601852 0.509896 0.600000 0.509896 0.599074 0.510417 0.598148 0.510417 0.597222 0.511458 0.595370 0.511458 0.594444 0.511979 0.593519 0.511979 0.590741 0.512500 0.589815 0.512500 0.587963 0.513021 0.587037 0.513021 0.586111 0.513542 0.585185 0.513542 0.584259 0.514062 0.583333 0.514062 0.582407 0.514583 0.581481 0.514583 0.580556 0.515625 0.578704 0.515625 0.577778 0.516667 0.575926 0.516667 0.575000 0.517708 0.573148 0.517708 0.572222 0.518750 0.570370 0.518750 0.569444 0.519792 0.567593 0.519792 0.566667 0.520833 0.564815 0.520833 0.563889 0.521354 0.562963 0.521354 0.562037 0.522396 0.560185 0.521875 0.560185 0.520312 0.562963 0.519792 0.562963 0.519271 0.563889 0.518750 0.563889 0.518229 0.564815 0.517708 0.564815 0.517188 0.565741 0.516667 0.565741 0.516146 0.566667 0.514583 0.566667 0.514062 0.567593 0.510417 0.567593 0.509896 0.568519 0.509375 0.568519 0.508854 0.567593 0.505729 0.567593 0.505208 0.566667 0.503646 0.566667 0.503125 0.565741 0.502604 0.565741 0.502083 0.564815 0.501563 0.564815 0.501042 0.563889 0.500521 0.563889 0.500000 0.562963 0.499479 0.562963 0.498437 0.561111 0.497917 0.561111 0.493750 0.553704 0.493750 0.552778 0.492708 0.550926 0.492708 0.550000 0.492188 0.549074 0.492188 0.548148 0.491667 0.547222 0.491667 0.546296 0.491146 0.545370 0.491146 0.543519 0.490625 0.542593 0.490625 0.540741 0.490104 0.539815
2 0.630729 0.525463 0.076042 0.202778 0.613021 0.506481 0.613021 0.507407 0.612500 0.508333 0.612500 0.509259 0.611979 0.510185 0.611979 0.511111 0.611458 0.512037 0.611458 0.512963 0.610938 0.513889 0.610938 0.514815 0.610417 0.515741 0.610417 0.516667 0.609896 0.517593 0.609896 0.519444 0.609375 0.520370 0.609375 0.521296 0.608854 0.522222 0.608854 0.523148 0.608333 0.524074 0.608333 0.525000 0.607812 0.525926 0.607812 0.526852 0.607292 0.527778 0.607292 0.528704 0.606771 0.529630 0.606771 0.530556 0.606250 0.531481 0.606250 0.533333 0.605729 0.534259 0.605729 0.535185 0.605208 0.536111 0.605208 0.537037 0.604688 0.537963 0.604688 0.538889 0.604167 0.539815 0.604167 0.540741 0.603646 0.541667 0.603646 0.542593 0.603125 0.543519 0.603125 0.544444 0.602604 0.545370 0.602604 0.546296 0.602083 0.547222 0.602083 0.549074 0.601562 0.550000 0.601562 0.550926 0.601042 0.551852 0.601042 0.552778 0.600521 0.553704 0.600521 0.554630 0.600000 0.555556 0.600000 0.556481 0.599479 0.557407 0.599479 0.558333 0.598958 0.559259 0.598958 0.560185 0.598437 0.561111 0.598437 0.562963 0.597917 0.563889 0.597917 0.564815 0.597396 0.565741 0.597396 0.566667 0.596875 0.567593 0.596875 0.568519 0.596354 0.569444 0.596354 0.570370 0.595833 0.571296 0.595833 0.572222 0.595313 0.573148 0.595313 0.574074 0.594792 0.575000 0.594792 0.576852 0.594271 0.577778 0.594271 0.578704 0.593750 0.579630 0.593750 0.581481 0.593229 0.582407 0.593229 0.585185 0.592708 0.586111 0.592708 0.597222 0.593229 0.598148 0.593229 0.600926 0.593750 0.601852 0.593750 0.603704 0.594271 0.604630 0.594271 0.605556 0.594792 0.606481 0.594792 0.607407 0.595313 0.608333 0.595313 0.609259 0.595833 0.610185 0.595833 0.611111 0.597917 0.614815 0.597917 0.615741 0.598958 0.617593 0.599479 0.617593 0.601042 0.620370 0.601562 0.620370 0.602604 0.622222 0.603125 0.622222 0.603646 0.623148 0.604167 0.623148 0.604688 0.624074 0.605729 0.624074 0.606250 0.625000 0.607292 0.625000 0.607812 0.625926 0.609375 0.625926 0.609896 0.626852 0.615625 0.626852 0.616146 0.625926 0.618229 0.625926 0.618750 0.625000 0.619792 0.625000 0.620313 0.624074 0.620833 0.624074 0.621354 0.623148 0.621875 0.623148 0.622396 0.622222 0.622917 0.622222 0.623437 0.621296 0.623958 0.621296 0.626042 0.617593 0.626563 0.617593 0.627604 0.615741 0.627604 0.614815 0.629167 0.612037 0.629167 0.611111 0.630208 0.609259 0.630208 0.608333 0.630729 0.607407 0.630729 0.605556 0.631250 0.604630 0.631250 0.603704 0.631771 0.602778 0.631771 0.600926 0.632292 0.600000 0.632292 0.598148 0.632812 0.597222 0.632812 0.595370 0.633333 0.594444 0.633333 0.593519 0.633854 0.592593 0.633854 0.590741 0.634375 0.589815 0.634375 0.587963 0.634896 0.587037 0.634896 0.586111 0.635417 0.585185 0.635417 0.583333 0.635938 0.582407 0.635938 0.580556 0.636458 0.579630 0.636458 0.577778 0.636979 0.576852 0.636979 0.575926 0.637500 0.575000 0.637500 0.573148 0.638021 0.572222 0.638021 0.570370 0.638542 0.569444 0.638542 0.568519 0.639062 0.567593 0.639062 0.565741 0.639583 0.564815 0.639583 0.562963 0.640104 0.562037 0.640104 0.560185 0.640625 0.559259 0.640625 0.558333 0.641146 0.557407 0.641146 0.555556 0.641667 0.554630 0.641667 0.552778 0.642188 0.551852 0.642188 0.550926 0.642708 0.550000 0.642708 0.548148 0.643229 0.547222 0.643229 0.545370 0.643750 0.544444 0.643750 0.542593 0.644271 0.541667 0.644271 0.540741 0.644792 0.539815 0.644792 0.537963 0.645312 0.537037 0.645312 0.535185 0.645833 0.534259 0.645833 0.533333 0.646354 0.532407 0.646354 0.530556 0.646875 0.529630 0.646875 0.527778 0.647396 0.526852 0.647396 0.525000 0.647917 0.524074 0.647917 0.523148 0.648438 0.522222 0.648438 0.520370 0.648958 0.519444 0.648958 0.517593 0.649479 0.516667 0.649479 0.515741 0.650000 0.514815 0.650000 0.512963 0.650521 0.512037 0.650521 0.511111 0.650521 0.512037 0.650000 0.512963 0.650000 0.513889 0.649479 0.514815 0.649479 0.515741 0.648438 0.517593 0.648438 0.518519 0.644271 0.525926 0.643750 0.525926 0.642708 0.527778 0.642188 0.527778 0.641667 0.528704 0.641146 0.528704 0.640625 0.529630 0.640104 0.529630 0.639583 0.530556 0.638542 0.530556 0.638021 0.531481 0.636458 0.531481 0.635938 0.532407 0.629167 0.532407 0.628646 0.531481 0.627083 0.531481 0.626563 0.530556 0.625521 0.530556 0.625000 0.529630 0.624479 0.529630 0.623958 0.528704 0.623437 0.528704 0.622917 0.527778 0.622396 0.527778 0.621875 0.526852 0.621354 0.526852 0.619271 0.523148 0.618750 0.523148 0.617188 0.520370 0.617188 0.519444 0.615625 0.516667 0.615625 0.515741 0.614583 0.513889 0.614583 0.512963 0.614062 0.512037 0.614062 0.510185 0.613542 0.509259 0.613542 0.508333 0.613021 0.507407
2 0.405990 0.462037 0.083854 0.124074 0.447917 0.400000 0.436458 0.420370 0.435937 0.420370 0.425000 0.439815 0.424479 0.439815 0.422917 0.442593 0.422396 0.442593 0.421354 0.444444 0.420833 0.444444 0.420312 0.445370 0.419271 0.445370 0.418750 0.446296 0.417708 0.446296 0.417187 0.447222 0.415625 0.447222 0.415104 0.448148 0.409375 0.448148 0.408854 0.447222 0.407292 0.447222 0.406771 0.446296 0.405729 0.446296 0.405208 0.445370 0.404167 0.445370 0.403646 0.444444 0.403125 0.444444 0.402083 0.442593 0.401562 0.442593 0.400521 0.440741 0.400000 0.440741 0.396354 0.434259 0.396354 0.433333 0.395313 0.431481 0.395313 0.430556 0.394271 0.428704 0.394271 0.427778 0.393750 0.427778 0.393229 0.428704 0.392708 0.428704 0.389583 0.434259 0.389062 0.434259 0.385417 0.440741 0.384896 0.440741 0.381250 0.447222 0.380729 0.447222 0.377604 0.452778 0.377083 0.452778 0.373437 0.459259 0.372917 0.459259 0.367708 0.468519 0.367708 0.469444 0.366667 0.471296 0.366667 0.472222 0.366146 0.473148 0.366146 0.474074 0.365625 0.475000 0.365625 0.476852 0.365104 0.477778 0.365104 0.479630 0.364583 0.480556 0.364583 0.484259 0.364063 0.485185 0.364063 0.490741 0.364583 0.491667 0.364583 0.496296 0.365104 0.497222 0.365104 0.500000 0.365625 0.500926 0.365625 0.501852 0.366146 0.502778 0.366146 0.503704 0.366667 0.504630 0.366667 0.505556 0.367188 0.506481 0.367188 0.507407 0.368229 0.509259 0.368229 0.510185 0.371875 0.516667 0.372396 0.516667 0.373437 0.518519 0.373958 0.518519 0.374479 0.519444 0.375000 0.519444 0.375521 0.520370 0.376042 0.520370 0.376563 0.521296 0.377083 0.521296 0.377604 0.522222 0.378646 0.522222 0.379167 0.523148 0.381250 0.523148 0.381771 0.524074 0.386458 0.524074 0.386979 0.523148 0.389062 0.523148 0.389583 0.522222 0.390625 0.522222 0.391146 0.521296 0.392188 0.521296 0.392708 0.520370 0.393229 0.520370 0.394271 0.518519 0.394792 0.518519 0.396354 0.515741 0.396875 0.515741 0.421875 0.471296 0.421354 0.470370 0.421354 0.464815 0.421875 0.463889 0.421875 0.460185 0.422396 0.459259 0.422396 0.456481 0.422917 0.455556 0.422917 0.454630 0.423438 0.453704 0.423438 0.452778 0.423958 0.451852 0.423958 0.450926 0.424479 0.450000 0.424479 0.449074 0.441667 0.418519 0.442188 0.418519 0.447396 0.409259 0.447396 0.403704 0.447917 0.402778
2 0.420833 0.536111 0.067708 0.112963 0.422396 0.479630 0.393229 0.531481 0.393229 0.532407 0.390104 0.537963 0.390104 0.538889 0.389583 0.539815 0.389583 0.540741 0.389062 0.541667 0.389062 0.542593 0.388542 0.543519 0.388542 0.544444 0.388021 0.545370 0.388021 0.547222 0.387500 0.548148 0.387500 0.551852 0.386979 0.552778 0.386979 0.561111 0.387500 0.562037 0.387500 0.565741 0.388021 0.566667 0.388021 0.568519 0.388542 0.569444 0.388542 0.570370 0.389062 0.571296 0.389062 0.572222 0.389583 0.573148 0.389583 0.574074 0.390104 0.575000 0.390104 0.575926 0.391146 0.577778 0.391146 0.578704 0.394792 0.585185 0.395313 0.585185 0.396354 0.587037 0.396875 0.587037 0.397396 0.587963 0.397917 0.587963 0.398438 0.588889 0.398958 0.588889 0.399479 0.589815 0.400000 0.589815 0.400521 0.590741 0.402083 0.590741 0.402604 0.591667 0.404687 0.591667 0.405208 0.592593 0.408854 0.592593 0.409375 0.591667 0.411979 0.591667 0.412500 0.590741 0.413542 0.590741 0.414062 0.589815 0.414583 0.589815 0.415104 0.588889 0.415625 0.588889 0.416146 0.587963 0.416667 0.587963 0.417187 0.587037 0.417708 0.587037 0.419271 0.584259 0.419792 0.584259 0.421354 0.581481 0.421354 0.580556 0.424479 0.575000 0.424479 0.574074 0.427604 0.568519 0.427604 0.567593 0.431250 0.561111 0.431250 0.560185 0.434375 0.554630 0.434375 0.553704 0.435417 0.551852 0.435417 0.549074 0.435937 0.548148 0.435937 0.544444 0.436458 0.543519 0.436458 0.541667 0.436979 0.540741 0.436979 0.539815 0.437500 0.538889 0.437500 0.537963 0.438021 0.537037 0.438021 0.536111 0.439063 0.534259 0.439063 0.533333 0.441667 0.528704 0.441667 0.527778 0.445833 0.520370 0.445833 0.519444 0.449479 0.512963 0.449479 0.512037 0.453125 0.505556 0.453125 0.504630 0.454688 0.501852 0.454688 0.496296 0.454167 0.495370 0.454167 0.494444 0.453646 0.495370 0.453125 0.495370 0.451562 0.498148 0.451042 0.498148 0.450521 0.499074 0.450000 0.499074 0.449479 0.500000 0.448958 0.500000 0.448437 0.500926 0.447396 0.500926 0.446875 0.501852 0.445312 0.501852 0.444792 0.502778 0.437500 0.502778 0.436979 0.501852 0.435937 0.501852 0.435417 0.500926 0.434375 0.500926 0.433854 0.500000 0.433333 0.500000 0.432812 0.499074 0.432292 0.499074 0.431771 0.498148 0.431250 0.498148 0.430208 0.496296 0.429688 0.496296 0.425000 0.487963 0.425000 0.487037 0.424479 0.486111 0.424479 0.485185 0.423438 0.483333 0.423438 0.482407 0.422917 0.481481 0.422917 0.479630
2 0.581771 0.485185 0.088542 0.227778 0.611458 0.371296 0.611458 0.372222 0.610417 0.374074 0.610417 0.375000 0.609896 0.375926 0.609896 0.376852 0.608854 0.378704 0.608854 0.379630 0.608333 0.380556 0.608333 0.381481 0.607812 0.382407 0.607812 0.383333 0.606771 0.385185 0.606771 0.386111 0.606250 0.387037 0.606250 0.387963 0.605208 0.389815 0.605208 0.390741 0.604688 0.391667 0.604688 0.392593 0.603646 0.394444 0.603646 0.395370 0.603125 0.396296 0.603125 0.397222 0.602604 0.398148 0.602604 0.399074 0.601562 0.400926 0.601562 0.401852 0.601042 0.402778 0.601042 0.403704 0.600000 0.405556 0.600000 0.406481 0.599479 0.407407 0.599479 0.408333 0.598958 0.409259 0.598958 0.410185 0.597917 0.412037 0.597917 0.412963 0.597396 0.413889 0.597396 0.414815 0.596354 0.416667 0.596354 0.417593 0.595833 0.418519 0.595833 0.419444 0.595313 0.420370 0.595313 0.421296 0.594271 0.423148 0.594271 0.424074 0.593750 0.425000 0.593750 0.425926 0.592708 0.427778 0.592708 0.428704 0.592187 0.429630 0.592187 0.430556 0.591146 0.432407 0.591146 0.433333 0.590625 0.434259 0.590625 0.435185 0.590104 0.436111 0.590104 0.437037 0.589063 0.438889 0.589063 0.439815 0.588542 0.440741 0.588542 0.441667 0.587500 0.443519 0.587500 0.444444 0.586979 0.445370 0.586979 0.446296 0.586458 0.447222 0.586458 0.448148 0.585417 0.450000 0.585417 0.450926 0.584896 0.451852 0.584896 0.452778 0.583854 0.454630 0.583854 0.455556 0.583333 0.456481 0.583333 0.457407 0.582292 0.459259 0.582292 0.460185 0.581771 0.461111 0.581771 0.462037 0.581250 0.462963 0.581250 0.463889 0.580208 0.465741 0.580208 0.466667 0.579688 0.467593 0.579688 0.468519 0.578646 0.470370 0.578646 0.471296 0.578125 0.472222 0.578125 0.473148 0.577604 0.474074 0.577604 0.475000 0.576562 0.476852 0.576562 0.477778 0.576042 0.478704 0.576042 0.479630 0.575000 0.481481 0.575000 0.482407 0.574479 0.483333 0.574479 0.484259 0.573438 0.486111 0.573438 0.487037 0.569271 0.494444 0.568750 0.494444 0.567708 0.496296 0.567187 0.496296 0.566667 0.497222 0.566146 0.497222 0.565625 0.498148 0.565104 0.498148 0.564583 0.499074 0.563542 0.499074 0.563021 0.500000 0.560937 0.500000 0.560417 0.500926 0.555729 0.500926 0.555729 0.501852 0.554688 0.503704 0.554688 0.504630 0.554167 0.505556 0.554167 0.506481 0.553125 0.508333 0.553125 0.509259 0.552604 0.510185 0.552604 0.511111 0.551562 0.512963 0.551562 0.513889 0.550521 0.515741 0.550521 0.516667 0.550000 0.517593 0.550000 0.518519 0.548958 0.520370 0.548958 0.521296 0.547917 0.523148 0.547917 0.524074 0.547396 0.525000 0.547396 0.525926 0.546354 0.527778 0.546354 0.528704 0.545312 0.530556 0.545312 0.531481 0.544792 0.532407 0.544792 0.533333 0.543750 0.535185 0.543750 0.536111 0.543229 0.537037 0.543229 0.537963 0.542188 0.539815 0.542188 0.540741 0.541146 0.542593 0.541146 0.543519 0.540625 0.544444 0.540625 0.545370 0.539583 0.547222 0.539583 0.548148 0.539062 0.549074 0.539062 0.550000 0.538542 0.550926 0.538542 0.552778 0.538021 0.553704 0.538021 0.555556 0.537500 0.556481 0.537500 0.571296 0.538021 0.572222 0.538021 0.574074 0.538542 0.575000 0.538542 0.576852 0.539062 0.577778 0.539062 0.578704 0.539583 0.579630 0.539583 0.580556 0.540104 0.581481 0.540104 0.582407 0.541146 0.584259 0.541146 0.585185 0.544792 0.591667 0.545312 0.591667 0.546354 0.593519 0.546875 0.593519 0.547396 0.594444 0.547917 0.594444 0.548438 0.595370 0.548958 0.595370 0.549479 0.596296 0.550000 0.596296 0.550521 0.597222 0.551562 0.597222 0.552083 0.598148 0.554167 0.598148 0.554688 0.599074 0.559896 0.599074 0.560417 0.598148 0.562500 0.598148 0.563021 0.597222 0.564063 0.597222 0.564583 0.596296 0.565104 0.596296 0.565625 0.595370 0.566146 0.595370 0.566667 0.594444 0.567187 0.594444 0.568229 0.592593 0.568750 0.592593 0.572917 0.585185 0.572917 0.584259 0.573958 0.582407 0.573958 0.581481 0.574479 0.580556 0.574479 0.579630 0.575000 0.578704 0.575000 0.577778 0.575521 0.576852 0.575521 0.575926 0.576042 0.575000 0.576042 0.574074 0.576562 0.573148 0.576562 0.572222 0.577083 0.571296 0.577083 0.570370 0.577604 0.569444 0.577604 0.568519 0.578125 0.567593 0.578125 0.566667 0.578646 0.565741 0.578646 0.564815 0.579167 0.563889 0.579167 0.562963 0.580208 0.561111 0.580208 0.560185 0.580729 0.559259 0.580729 0.558333 0.581250 0.557407 0.581250 0.556481 0.581771 0.555556 0.581771 0.554630 0.582292 0.553704 0.582292 0.552778 0.582812 0.551852 0.582812 0.550926 0.583333 0.550000 0.583333 0.549074 0.583854 0.548148 0.583854 0.547222 0.584375 0.546296 0.584375 0.545370 0.584896 0.544444 0.584896 0.543519 0.585417 0.542593 0.585417 0.541667 0.585938 0.540741 0.585938 0.539815 0.586458 0.538889 0.586458 0.537963 0.586979 0.537037 0.586979 0.536111 0.587500 0.535185 0.587500 0.534259 0.588021 0.533333 0.588021 0.532407 0.588542 0.531481 0.588542 0.530556 0.589063 0.529630 0.589063 0.528704 0.589583 0.527778 0.589583 0.526852 0.590625 0.525000 0.590625 0.524074 0.591146 0.523148 0.591146 0.522222 0.591667 0.521296 0.591667 0.520370 0.592187 0.519444 0.592187 0.518519 0.592708 0.517593 0.592708 0.516667 0.593229 0.515741 0.593229 0.514815 0.593750 0.513889 0.593750 0.512963 0.594271 0.512037 0.594271 0.511111 0.594792 0.510185 0.594792 0.509259 0.595313 0.508333 0.595313 0.507407 0.595833 0.506481 0.595833 0.505556 0.596354 0.504630 0.596354 0.503704 0.596875 0.502778 0.596875 0.501852 0.597396 0.500926 0.597396 0.500000 0.597917 0.499074 0.597917 0.498148 0.598437 0.497222 0.598437 0.496296 0.598958 0.495370 0.598958 0.494444 0.599479 0.493519 0.599479 0.492593 0.600000 0.491667 0.600000 0.490741 0.601042 0.488889 0.601042 0.487963 0.601562 0.487037 0.601562 0.486111 0.602083 0.485185 0.602083 0.484259 0.602604 0.483333 0.602604 0.482407 0.603125 0.481481 0.603125 0.480556 0.603646 0.479630 0.603646 0.478704 0.604167 0.477778 0.604167 0.476852 0.604688 0.475926 0.604688 0.475000 0.605208 0.474074 0.605208 0.473148 0.605729 0.472222 0.605729 0.471296 0.606250 0.470370 0.606250 0.469444 0.606771 0.468519 0.606771 0.467593 0.607292 0.466667 0.607292 0.465741 0.607812 0.464815 0.607812 0.463889 0.608333 0.462963 0.608333 0.462037 0.608854 0.461111 0.608854 0.460185 0.609375 0.459259 0.609375 0.458333 0.609896 0.457407 0.609896 0.456481 0.610938 0.454630 0.610938 0.453704 0.611458 0.452778 0.611458 0.451852 0.611979 0.450926 0.611979 0.450000 0.612500 0.449074 0.612500 0.448148 0.613021 0.447222 0.613021 0.446296 0.613542 0.445370 0.613542 0.444444 0.614062 0.443519 0.614062 0.442593 0.614583 0.441667 0.614583 0.440741 0.615104 0.439815 0.615104 0.438889 0.615625 0.437963 0.615625 0.437037 0.616146 0.436111 0.616146 0.435185 0.616667 0.434259 0.616667 0.433333 0.617188 0.432407 0.617188 0.431481 0.617708 0.430556 0.617708 0.429630 0.618229 0.428704 0.618229 0.427778 0.618750 0.426852 0.618750 0.425926 0.619271 0.425000 0.619271 0.424074 0.619792 0.423148 0.619792 0.422222 0.620313 0.421296 0.620313 0.420370 0.621354 0.418519 0.621354 0.417593 0.621875 0.416667 0.621875 0.415741 0.622396 0.414815 0.622396 0.413889 0.622917 0.412963 0.622917 0.412037 0.623437 0.411111 0.623437 0.410185 0.623958 0.409259 0.623958 0.408333 0.624479 0.407407 0.624479 0.406481 0.625000 0.405556 0.625000 0.403704 0.625521 0.402778 0.625521 0.399074 0.626042 0.398148 0.626042 0.395370 0.625521 0.395370 0.625000 0.394444 0.623958 0.394444 0.623437 0.393519 0.622917 0.393519 0.622396 0.392593 0.621875 0.392593 0.621354 0.391667 0.620833 0.391667 0.620313 0.390741 0.619792 0.390741 0.618750 0.388889 0.618229 0.388889 0.614583 0.382407 0.614583 0.381481 0.613021 0.378704 0.613021 0.377778 0.612500 0.376852 0.612500 0.375926 0.611979 0.375000 0.611979 0.374074 0.611458 0.373148
2 0.707292 0.504167 0.048958 0.234259 0.720833 0.387037 0.720313 0.387963 0.718750 0.387963 0.718229 0.388889 0.717708 0.388889 0.717187 0.389815 0.716146 0.389815 0.715104 0.391667 0.714583 0.391667 0.713021 0.394444 0.713021 0.396296 0.712500 0.397222 0.712500 0.400000 0.711979 0.400926 0.711979 0.403704 0.711458 0.404630 0.711458 0.407407 0.710938 0.408333 0.710938 0.411111 0.710417 0.412037 0.710417 0.414815 0.709896 0.415741 0.709896 0.418519 0.709375 0.419444 0.709375 0.422222 0.708854 0.423148 0.708854 0.425926 0.708333 0.426852 0.708333 0.429630 0.707812 0.430556 0.707812 0.433333 0.707292 0.434259 0.707292 0.437037 0.706771 0.437963 0.706771 0.439815 0.706250 0.440741 0.706250 0.443519 0.705729 0.444444 0.705729 0.447222 0.705208 0.448148 0.705208 0.450926 0.704688 0.451852 0.704688 0.454630 0.704167 0.455556 0.704167 0.458333 0.703646 0.459259 0.703646 0.462037 0.703125 0.462963 0.703125 0.465741 0.702604 0.466667 0.702604 0.469444 0.702083 0.470370 0.702083 0.473148 0.701562 0.474074 0.701562 0.476852 0.701042 0.477778 0.701042 0.480556 0.700521 0.481481 0.700521 0.484259 0.700000 0.485185 0.700000 0.487963 0.699479 0.488889 0.699479 0.491667 0.698958 0.492593 0.698958 0.495370 0.698438 0.496296 0.698438 0.499074 0.697917 0.500000 0.697917 0.502778 0.697396 0.503704 0.697396 0.506481 0.696875 0.507407 0.696875 0.510185 0.696354 0.511111 0.696354 0.513889 0.695833 0.514815 0.695833 0.517593 0.695312 0.518519 0.695312 0.520370 0.694792 0.521296 0.694792 0.524074 0.694271 0.525000 0.694271 0.527778 0.693750 0.528704 0.693750 0.531481 0.693229 0.532407 0.693229 0.535185 0.692708 0.536111 0.692708 0.538889 0.692187 0.539815 0.692187 0.542593 0.691667 0.543519 0.691667 0.544444 0.691146 0.545370 0.691146 0.546296 0.690625 0.547222 0.690625 0.548148 0.690104 0.549074 0.690104 0.550000 0.689583 0.550926 0.689583 0.551852 0.686458 0.557407 0.686458 0.559259 0.685937 0.560185 0.685937 0.562963 0.685417 0.563889 0.685417 0.566667 0.684896 0.567593 0.684896 0.570370 0.684375 0.571296 0.684375 0.574074 0.683854 0.575000 0.683854 0.576852 0.683333 0.577778 0.683333 0.581481 0.682813 0.582407 0.682813 0.591667 0.683333 0.592593 0.683333 0.596296 0.683854 0.597222 0.683854 0.598148 0.684375 0.599074 0.684375 0.600926 0.684896 0.601852 0.684896 0.602778 0.685417 0.603704 0.685417 0.604630 0.686979 0.607407 0.686979 0.608333 0.690104 0.613889 0.690625 0.613889 0.691667 0.615741 0.692187 0.615741 0.692708 0.616667 0.693229 0.616667 0.693750 0.617593 0.694271 0.617593 0.694792 0.618519 0.695312 0.618519 0.695833 0.619444 0.696875 0.619444 0.697396 0.620370 0.699479 0.620370 0.700000 0.621296 0.705208 0.621296 0.705729 0.620370 0.707812 0.620370 0.708333 0.619444 0.709375 0.619444 0.709896 0.618519 0.710417 0.618519 0.710938 0.617593 0.711458 0.617593 0.711979 0.616667 0.712500 0.616667 0.713021 0.615741 0.713542 0.615741 0.715104 0.612963 0.715625 0.612963 0.717187 0.610185 0.717187 0.609259 0.718750 0.606481 0.718750 0.605556 0.719792 0.603704 0.719792 0.602778 0.720313 0.601852 0.720313 0.600000 0.720833 0.599074 0.720833 0.597222 0.721354 0.596296 0.721354 0.593519 0.721875 0.592593 0.721875 0.587963 0.722396 0.587037 0.722396 0.585185 0.717187 0.575926 0.717187 0.575000 0.716667 0.574074 0.716667 0.573148 0.715625 0.571296 0.715625 0.570370 0.715104 0.569444 0.715104 0.567593 0.714583 0.566667 0.714583 0.564815 0.714063 0.563889 0.714063 0.559259 0.713542 0.558333 0.713542 0.552778 0.714063 0.551852 0.714063 0.547222 0.714583 0.546296 0.714583 0.542593 0.715104 0.541667 0.715104 0.537963 0.715625 0.537037 0.715625 0.533333 0.716146 0.532407 0.716146 0.528704 0.716667 0.527778 0.716667 0.524074 0.717187 0.523148 0.717187 0.519444 0.717708 0.518519 0.717708 0.513889 0.718229 0.512963 0.718229 0.509259 0.718750 0.508333 0.718750 0.504630 0.719271 0.503704 0.719271 0.500000 0.719792 0.499074 0.719792 0.495370 0.720313 0.494444 0.720313 0.490741 0.720833 0.489815 0.720833 0.486111 0.721354 0.485185 0.721354 0.481481 0.721875 0.480556 0.721875 0.476852 0.722396 0.475926 0.722396 0.472222 0.722917 0.471296 0.722917 0.467593 0.723437 0.466667 0.723437 0.462963 0.723958 0.462037 0.723958 0.458333 0.724479 0.457407 0.724479 0.453704 0.725000 0.452778 0.725000 0.449074 0.725521 0.448148 0.725521 0.444444 0.726042 0.443519 0.726042 0.439815 0.726562 0.438889 0.726562 0.435185 0.727083 0.434259 0.727083 0.430556 0.727604 0.429630 0.727604 0.425926 0.728125 0.425000 0.728125 0.421296 0.728646 0.420370 0.728646 0.416667 0.729167 0.415741 0.729167 0.412037 0.729688 0.411111 0.729688 0.407407 0.730208 0.406481 0.730208 0.402778 0.730729 0.401852 0.730729 0.397222 0.731250 0.396296 0.731250 0.392593 0.731771 0.391667 0.731250 0.390741 0.730729 0.390741 0.730208 0.389815 0.729688 0.389815 0.729167 0.388889 0.728125 0.388889 0.727604 0.387963 0.726042 0.387963 0.725521 0.387037
2 0.259115 0.556019 0.036979 0.082407 0.275000 0.514815 0.273958 0.516667 0.273438 0.516667 0.271875 0.519444 0.271354 0.519444 0.269792 0.522222 0.269271 0.522222 0.267708 0.525000 0.267188 0.525000 0.265104 0.528704 0.264583 0.528704 0.263021 0.531481 0.262500 0.531481 0.260937 0.534259 0.260417 0.534259 0.259375 0.536111 0.258854 0.536111 0.258333 0.537037 0.257812 0.537037 0.257292 0.537963 0.256250 0.537963 0.255729 0.538889 0.254688 0.538889 0.254167 0.539815 0.246354 0.539815 0.243750 0.544444 0.243750 0.545370 0.242708 0.547222 0.242708 0.548148 0.242188 0.549074 0.242188 0.550000 0.241667 0.550926 0.241667 0.552778 0.241146 0.553704 0.241146 0.555556 0.240625 0.556481 0.240625 0.570370 0.241146 0.571296 0.241146 0.573148 0.241667 0.574074 0.241667 0.575926 0.242188 0.576852 0.242188 0.577778 0.242708 0.578704 0.242708 0.579630 0.243229 0.580556 0.243229 0.581481 0.244271 0.583333 0.244271 0.584259 0.247917 0.590741 0.248438 0.590741 0.249479 0.592593 0.250000 0.592593 0.250521 0.593519 0.251042 0.593519 0.251563 0.594444 0.252083 0.594444 0.252604 0.595370 0.253646 0.595370 0.254167 0.596296 0.255729 0.596296 0.256250 0.597222 0.263021 0.597222 0.263542 0.596296 0.264583 0.596296 0.265104 0.595370 0.266146 0.595370 0.266667 0.594444 0.267188 0.594444 0.267708 0.593519 0.268229 0.593519 0.268750 0.592593 0.269271 0.592593 0.271354 0.588889 0.271875 0.588889 0.274479 0.584259 0.274479 0.583333 0.273958 0.583333 0.272917 0.581481 0.272396 0.581481 0.267708 0.573148 0.267708 0.572222 0.266667 0.570370 0.266667 0.569444 0.266146 0.568519 0.266146 0.567593 0.265625 0.566667 0.265625 0.564815 0.265104 0.563889 0.265104 0.562037 0.264583 0.561111 0.264583 0.558333 0.264062 0.557407 0.264062 0.548148 0.264583 0.547222 0.264583 0.543519 0.265104 0.542593 0.265104 0.540741 0.265625 0.539815 0.265625 0.538889 0.266146 0.537963 0.266146 0.537037 0.266667 0.536111 0.266667 0.535185 0.267708 0.533333 0.267708 0.532407 0.271354 0.525926 0.271875 0.525926 0.273438 0.523148 0.273958 0.523148 0.276042 0.519444 0.276562 0.519444 0.277604 0.517593 0.277083 0.516667 0.276562 0.516667 0.275521 0.514815
2 0.452604 0.349537 0.119792 0.195370 0.493750 0.251852 0.493229 0.252778 0.492188 0.252778 0.491667 0.253704 0.490625 0.253704 0.489583 0.255556 0.489063 0.255556 0.488021 0.257407 0.487500 0.257407 0.485417 0.261111 0.484896 0.261111 0.482292 0.265741 0.481771 0.265741 0.479687 0.269444 0.479167 0.269444 0.476562 0.274074 0.476042 0.274074 0.473438 0.278704 0.472917 0.278704 0.470833 0.282407 0.470313 0.282407 0.467708 0.287037 0.467187 0.287037 0.465104 0.290741 0.464583 0.290741 0.461979 0.295370 0.461458 0.295370 0.458854 0.300000 0.458333 0.300000 0.456250 0.303704 0.455729 0.303704 0.453125 0.308333 0.452604 0.308333 0.450521 0.312037 0.450000 0.312037 0.447396 0.316667 0.446875 0.316667 0.444271 0.321296 0.443750 0.321296 0.441667 0.325000 0.441146 0.325000 0.438542 0.329630 0.438021 0.329630 0.435937 0.333333 0.435417 0.333333 0.432812 0.337963 0.432292 0.337963 0.430208 0.341667 0.429688 0.341667 0.427083 0.346296 0.426563 0.346296 0.423958 0.350926 0.423438 0.350926 0.421354 0.354630 0.420833 0.354630 0.418229 0.359259 0.417708 0.359259 0.415625 0.362963 0.415104 0.362963 0.412500 0.367593 0.411979 0.367593 0.409375 0.372222 0.408854 0.372222 0.406771 0.375926 0.406250 0.375926 0.403646 0.380556 0.403125 0.380556 0.401042 0.384259 0.400521 0.384259 0.396354 0.391667 0.396354 0.392593 0.395313 0.394444 0.395313 0.395370 0.394792 0.396296 0.394792 0.397222 0.394271 0.398148 0.394271 0.399074 0.393750 0.400000 0.393750 0.401852 0.393229 0.402778 0.393229 0.405556 0.392708 0.406481 0.392708 0.417593 0.393229 0.418519 0.393229 0.422222 0.393750 0.423148 0.393750 0.424074 0.394271 0.425000 0.394271 0.426852 0.394792 0.427778 0.394792 0.428704 0.395833 0.430556 0.395833 0.431481 0.396875 0.433333 0.396875 0.434259 0.400000 0.439815 0.400521 0.439815 0.401562 0.441667 0.402083 0.441667 0.403125 0.443519 0.403646 0.443519 0.404167 0.444444 0.405208 0.444444 0.405729 0.445370 0.406771 0.445370 0.407292 0.446296 0.408854 0.446296 0.409375 0.447222 0.415104 0.447222 0.415625 0.446296 0.417187 0.446296 0.417708 0.445370 0.418750 0.445370 0.419271 0.444444 0.420312 0.444444 0.420833 0.443519 0.421354 0.443519 0.422396 0.441667 0.422917 0.441667 0.424479 0.438889 0.425000 0.438889 0.435937 0.419444 0.436458 0.419444 0.447917 0.399074 0.448437 0.399074 0.448437 0.397222 0.448958 0.396296 0.448958 0.395370 0.449479 0.394444 0.449479 0.393519 0.450000 0.392593 0.450000 0.391667 0.451562 0.388889 0.451562 0.387963 0.457292 0.377778 0.457813 0.377778 0.467708 0.360185 0.468229 0.360185 0.478125 0.342593 0.478646 0.342593 0.489063 0.324074 0.489583 0.324074 0.499479 0.306481 0.500000 0.306481 0.510417 0.287963 0.510938 0.287963 0.511458 0.287037 0.511458 0.286111 0.511979 0.285185 0.511979 0.280556 0.512500 0.279630 0.512500 0.276852 0.511979 0.275926 0.511979 0.271296 0.511458 0.270370 0.511458 0.268519 0.510938 0.267593 0.510938 0.266667 0.510417 0.265741 0.510417 0.264815 0.509375 0.262963 0.509375 0.262037 0.506250 0.256481 0.505729 0.256481 0.504687 0.254630 0.504167 0.254630 0.503646 0.253704 0.502604 0.253704 0.502083 0.252778 0.501042 0.252778 0.500521 0.251852
2 0.535156 0.458333 0.089063 0.218519 0.576042 0.349074 0.575000 0.350926 0.575000 0.351852 0.573438 0.354630 0.573438 0.355556 0.571875 0.358333 0.571875 0.359259 0.570833 0.361111 0.570833 0.362037 0.569271 0.364815 0.569271 0.365741 0.568229 0.367593 0.568229 0.368519 0.566667 0.371296 0.566667 0.372222 0.565104 0.375000 0.565104 0.375926 0.564063 0.377778 0.564063 0.378704 0.562500 0.381481 0.562500 0.382407 0.561458 0.384259 0.561458 0.385185 0.559896 0.387963 0.559896 0.388889 0.558333 0.391667 0.558333 0.392593 0.557292 0.394444 0.557292 0.395370 0.555729 0.398148 0.555729 0.399074 0.554688 0.400926 0.554688 0.401852 0.553125 0.404630 0.553125 0.405556 0.551562 0.408333 0.551562 0.409259 0.550521 0.411111 0.550521 0.412037 0.548958 0.414815 0.548958 0.415741 0.547917 0.417593 0.547917 0.418519 0.546354 0.421296 0.546354 0.422222 0.544792 0.425000 0.544792 0.425926 0.543750 0.427778 0.543750 0.428704 0.542188 0.431481 0.542188 0.432407 0.541146 0.434259 0.541146 0.435185 0.539583 0.437963 0.539583 0.438889 0.538021 0.441667 0.538021 0.442593 0.536979 0.444444 0.536979 0.445370 0.535417 0.448148 0.535417 0.449074 0.531250 0.456481 0.530729 0.456481 0.529687 0.458333 0.529167 0.458333 0.528646 0.459259 0.528125 0.459259 0.527604 0.460185 0.527083 0.460185 0.526563 0.461111 0.525521 0.461111 0.525000 0.462037 0.523438 0.462037 0.522917 0.462963 0.515625 0.462963 0.515625 0.463889 0.514062 0.466667 0.514062 0.467593 0.511979 0.471296 0.511979 0.472222 0.510417 0.475000 0.510417 0.475926 0.508854 0.478704 0.508854 0.479630 0.506771 0.483333 0.506771 0.484259 0.505208 0.487037 0.505208 0.487963 0.503646 0.490741 0.503646 0.491667 0.501563 0.495370 0.501563 0.496296 0.500000 0.499074 0.500000 0.500000 0.498437 0.502778 0.498437 0.503704 0.496354 0.507407 0.496354 0.508333 0.494792 0.511111 0.494792 0.512037 0.493229 0.514815 0.493229 0.515741 0.492708 0.516667 0.492708 0.517593 0.492188 0.518519 0.492188 0.519444 0.491667 0.520370 0.491667 0.522222 0.491146 0.523148 0.491146 0.525000 0.490625 0.525926 0.490625 0.539815 0.491146 0.540741 0.491146 0.542593 0.491667 0.543519 0.491667 0.545370 0.492188 0.546296 0.492188 0.547222 0.492708 0.548148 0.492708 0.549074 0.493229 0.550000 0.493229 0.550926 0.494271 0.552778 0.494271 0.553704 0.497917 0.560185 0.498437 0.560185 0.499479 0.562037 0.500000 0.562037 0.500521 0.562963 0.501042 0.562963 0.501563 0.563889 0.502083 0.563889 0.502604 0.564815 0.503125 0.564815 0.503646 0.565741 0.505208 0.565741 0.505729 0.566667 0.508854 0.566667 0.509375 0.567593 0.509896 0.567593 0.510417 0.566667 0.514062 0.566667 0.514583 0.565741 0.516146 0.565741 0.516667 0.564815 0.517188 0.564815 0.517708 0.563889 0.518229 0.563889 0.518750 0.562963 0.519271 0.562963 0.519792 0.562037 0.520312 0.562037 0.521875 0.559259 0.522396 0.559259 0.523958 0.556481 0.523958 0.555556 0.525521 0.552778 0.525521 0.551852 0.526563 0.550000 0.526563 0.549074 0.527604 0.547222 0.527604 0.546296 0.528125 0.545370 0.528125 0.544444 0.529167 0.542593 0.529167 0.541667 0.530208 0.539815 0.530208 0.538889 0.531250 0.537037 0.531250 0.536111 0.532292 0.534259 0.532292 0.533333 0.533333 0.531481 0.533333 0.530556 0.534375 0.528704 0.534375 0.527778 0.535417 0.525926 0.535417 0.525000 0.535937 0.524074 0.535937 0.523148 0.536979 0.521296 0.536979 0.520370 0.538021 0.518519 0.538021 0.517593 0.539062 0.515741 0.539062 0.514815 0.540104 0.512963 0.540104 0.512037 0.541146 0.510185 0.541146 0.509259 0.542188 0.507407 0.542188 0.506481 0.543229 0.504630 0.543229 0.503704 0.543750 0.502778 0.543750 0.501852 0.544792 0.500000 0.544792 0.499074 0.545833 0.497222 0.545833 0.496296 0.546875 0.494444 0.546354 0.494444 0.541146 0.485185 0.541146 0.484259 0.540625 0.483333 0.540625 0.482407 0.540104 0.481481 0.540104 0.480556 0.539583 0.479630 0.539583 0.478704 0.539062 0.477778 0.539062 0.475926 0.538542 0.475000 0.538542 0.472222 0.538021 0.471296 0.538021 0.460185 0.538542 0.459259 0.538542 0.456481 0.539062 0.455556 0.539062 0.453704 0.539583 0.452778 0.539583 0.451852 0.540104 0.450926 0.540104 0.450000 0.540625 0.449074 0.540625 0.448148 0.541667 0.446296 0.541667 0.445370 0.543229 0.442593 0.543229 0.441667 0.544271 0.439815 0.544271 0.438889 0.545833 0.436111 0.545833 0.435185 0.546875 0.433333 0.546875 0.432407 0.548438 0.429630 0.548438 0.428704 0.549479 0.426852 0.549479 0.425926 0.551042 0.423148 0.551042 0.422222 0.552083 0.420370 0.552083 0.419444 0.553646 0.416667 0.553646 0.415741 0.554688 0.413889 0.554688 0.412963 0.555729 0.411111 0.555729 0.410185 0.557292 0.407407 0.557292 0.406481 0.558333 0.404630 0.558333 0.403704 0.559896 0.400926 0.559896 0.400000 0.560937 0.398148 0.560937 0.397222 0.562500 0.394444 0.562500 0.393519 0.563542 0.391667 0.563542 0.390741 0.565104 0.387963 0.565104 0.387037 0.566146 0.385185 0.566146 0.384259 0.567708 0.381481 0.567708 0.380556 0.568750 0.378704 0.568750 0.377778 0.569792 0.375926 0.569792 0.375000 0.571354 0.372222 0.571354 0.371296 0.572396 0.369444 0.572396 0.368519 0.573958 0.365741 0.573958 0.364815 0.575000 0.362963 0.575000 0.362037 0.576562 0.359259 0.576562 0.358333 0.577604 0.356481 0.577604 0.355556 0.579167 0.352778 0.579167 0.351852 0.579688 0.350926 0.579167 0.350926 0.578646 0.350000 0.578125 0.350000 0.577604 0.349074
2 0.639323 0.479167 0.052604 0.104630 0.629687 0.426852 0.629687 0.427778 0.629167 0.428704 0.629167 0.429630 0.628646 0.430556 0.628646 0.431481 0.628125 0.432407 0.628125 0.433333 0.627604 0.434259 0.627604 0.435185 0.627083 0.436111 0.627083 0.437963 0.626563 0.438889 0.626563 0.439815 0.626042 0.440741 0.626042 0.441667 0.625521 0.442593 0.625521 0.443519 0.625000 0.444444 0.625000 0.445370 0.624479 0.446296 0.624479 0.447222 0.623958 0.448148 0.623958 0.449074 0.623437 0.450000 0.623437 0.450926 0.622917 0.451852 0.622917 0.452778 0.622396 0.453704 0.622396 0.454630 0.621875 0.455556 0.621875 0.456481 0.621354 0.457407 0.621354 0.458333 0.620833 0.459259 0.620833 0.461111 0.620313 0.462037 0.620313 0.462963 0.619792 0.463889 0.619792 0.464815 0.619271 0.465741 0.619271 0.466667 0.618750 0.467593 0.618750 0.468519 0.618229 0.469444 0.618229 0.470370 0.617708 0.471296 0.617708 0.472222 0.617188 0.473148 0.617188 0.474074 0.616667 0.475000 0.616667 0.475926 0.616146 0.476852 0.616146 0.477778 0.615625 0.478704 0.615625 0.479630 0.615104 0.480556 0.615104 0.481481 0.614583 0.482407 0.614583 0.484259 0.614062 0.485185 0.614062 0.486111 0.613542 0.487037 0.613542 0.489815 0.613021 0.490741 0.613021 0.503704 0.613542 0.504630 0.613542 0.507407 0.614062 0.508333 0.614062 0.509259 0.614583 0.510185 0.614583 0.512037 0.615104 0.512963 0.615104 0.513889 0.616146 0.515741 0.616146 0.516667 0.617708 0.519444 0.617708 0.520370 0.618750 0.522222 0.619271 0.522222 0.621354 0.525926 0.621875 0.525926 0.622396 0.526852 0.622917 0.526852 0.623437 0.527778 0.623958 0.527778 0.624479 0.528704 0.625000 0.528704 0.625521 0.529630 0.626563 0.529630 0.627083 0.530556 0.628646 0.530556 0.629167 0.531481 0.635938 0.531481 0.636458 0.530556 0.638021 0.530556 0.638542 0.529630 0.639583 0.529630 0.640104 0.528704 0.640625 0.528704 0.641146 0.527778 0.641667 0.527778 0.642188 0.526852 0.642708 0.526852 0.643750 0.525000 0.644271 0.525000 0.647917 0.518519 0.647917 0.517593 0.648958 0.515741 0.648958 0.514815 0.649479 0.513889 0.649479 0.512963 0.650000 0.512037 0.650000 0.511111 0.650521 0.510185 0.650521 0.508333 0.651042 0.507407 0.651042 0.506481 0.651563 0.505556 0.651563 0.503704 0.652083 0.502778 0.652083 0.500926 0.652604 0.500000 0.652604 0.498148 0.653125 0.497222 0.653125 0.496296 0.653646 0.495370 0.653646 0.493519 0.654167 0.492593 0.654167 0.490741 0.654687 0.489815 0.654687 0.488889 0.655208 0.487963 0.655208 0.486111 0.655729 0.485185 0.655729 0.483333 0.656250 0.482407 0.656250 0.480556 0.656771 0.479630 0.656771 0.478704 0.657292 0.477778 0.657292 0.475926 0.657813 0.475000 0.657813 0.473148 0.658333 0.472222 0.658333 0.471296 0.658854 0.470370 0.658854 0.468519 0.659375 0.467593 0.659375 0.465741 0.659896 0.464815 0.659896 0.463889 0.660417 0.462963 0.660417 0.461111 0.660937 0.460185 0.660937 0.458333 0.661458 0.457407 0.661458 0.455556 0.661979 0.454630 0.661979 0.453704 0.662500 0.452778 0.662500 0.450926 0.663021 0.450000 0.663021 0.448148 0.663542 0.447222 0.663542 0.446296 0.664062 0.445370 0.664062 0.443519 0.664583 0.442593 0.664583 0.440741 0.665104 0.439815 0.665104 0.438889 0.665625 0.437963 0.665104 0.438889 0.665104 0.439815 0.660937 0.447222 0.660417 0.447222 0.659375 0.449074 0.658854 0.449074 0.658333 0.450000 0.657813 0.450000 0.657292 0.450926 0.656771 0.450926 0.656250 0.451852 0.655208 0.451852 0.654687 0.452778 0.653125 0.452778 0.652604 0.453704 0.645833 0.453704 0.645312 0.452778 0.643750 0.452778 0.643229 0.451852 0.642188 0.451852 0.641667 0.450926 0.640625 0.450926 0.640104 0.450000 0.639583 0.450000 0.638542 0.448148 0.638021 0.448148 0.636458 0.445370 0.635938 0.445370 0.633854 0.441667 0.633854 0.440741 0.632292 0.437963 0.632292 0.437037 0.631250 0.435185 0.631250 0.434259 0.630729 0.433333 0.630729 0.431481 0.630208 0.430556 0.630208 0.429630 0.629687 0.428704
2 0.805990 0.454167 0.040104 0.226852 0.802604 0.340741 0.802083 0.341667 0.800000 0.341667 0.799479 0.342593 0.798438 0.342593 0.797917 0.343519 0.797396 0.343519 0.796875 0.344444 0.796354 0.344444 0.795833 0.345370 0.795312 0.345370 0.794271 0.347222 0.793750 0.347222 0.792188 0.350000 0.792188 0.350926 0.790625 0.353704 0.790625 0.354630 0.790104 0.355556 0.790104 0.356481 0.789583 0.357407 0.789583 0.391667 0.789062 0.392593 0.789062 0.434259 0.788542 0.435185 0.788542 0.477778 0.788021 0.478704 0.788021 0.502778 0.787500 0.503704 0.787500 0.507407 0.786979 0.508333 0.786979 0.510185 0.786458 0.511111 0.786458 0.516667 0.785937 0.517593 0.785937 0.537037 0.786458 0.537963 0.786458 0.541667 0.786979 0.542593 0.786979 0.544444 0.787500 0.545370 0.787500 0.546296 0.788021 0.547222 0.788021 0.548148 0.788542 0.549074 0.788542 0.550000 0.789062 0.550926 0.789062 0.551852 0.790625 0.554630 0.790625 0.555556 0.792708 0.559259 0.793229 0.559259 0.794792 0.562037 0.795312 0.562037 0.795833 0.562963 0.796354 0.562963 0.796875 0.563889 0.797396 0.563889 0.797917 0.564815 0.798958 0.564815 0.799479 0.565741 0.800521 0.565741 0.801042 0.566667 0.803125 0.566667 0.803646 0.567593 0.808854 0.567593 0.809375 0.566667 0.811458 0.566667 0.811979 0.565741 0.813021 0.565741 0.813542 0.564815 0.814063 0.564815 0.814583 0.563889 0.815625 0.563889 0.816667 0.562037 0.817187 0.562037 0.818229 0.560185 0.818750 0.560185 0.822396 0.553704 0.822396 0.552778 0.823438 0.550926 0.823438 0.550000 0.823958 0.549074 0.823958 0.548148 0.824479 0.547222 0.824479 0.546296 0.825000 0.545370 0.825000 0.543519 0.825521 0.542593 0.825521 0.540741 0.826042 0.539815 0.826042 0.521296 0.825521 0.520370 0.825521 0.508333 0.825000 0.507407 0.825000 0.495370 0.824479 0.494444 0.824479 0.482407 0.823958 0.481481 0.823958 0.470370 0.823438 0.469444 0.823438 0.457407 0.822917 0.456481 0.822917 0.444444 0.822396 0.443519 0.822396 0.432407 0.821875 0.431481 0.821875 0.419444 0.821354 0.418519 0.821354 0.406481 0.820833 0.405556 0.820833 0.394444 0.820312 0.393519 0.820312 0.381481 0.819792 0.380556 0.819792 0.368519 0.819271 0.367593 0.819271 0.362037 0.818750 0.361111 0.818750 0.358333 0.818229 0.357407 0.818229 0.356481 0.817708 0.355556 0.817708 0.354630 0.816667 0.352778 0.816667 0.351852 0.813542 0.346296 0.813021 0.346296 0.811979 0.344444 0.811458 0.344444 0.810937 0.343519 0.810417 0.343519 0.809896 0.342593 0.808854 0.342593 0.808333 0.341667 0.806250 0.341667 0.805729 0.340741
2 0.278646 0.455556 0.095833 0.166667 0.325521 0.372222 0.324479 0.374074 0.323958 0.374074 0.322917 0.375926 0.322396 0.375926 0.321354 0.377778 0.320833 0.377778 0.319271 0.380556 0.318750 0.380556 0.317708 0.382407 0.317188 0.382407 0.316146 0.384259 0.315625 0.384259 0.314583 0.386111 0.314063 0.386111 0.313021 0.387963 0.312500 0.387963 0.311458 0.389815 0.310937 0.389815 0.309896 0.391667 0.309375 0.391667 0.308333 0.393519 0.307812 0.393519 0.306771 0.395370 0.306250 0.395370 0.305208 0.397222 0.304688 0.397222 0.303646 0.399074 0.303125 0.399074 0.301563 0.401852 0.301042 0.401852 0.300000 0.403704 0.299479 0.403704 0.298438 0.405556 0.297917 0.405556 0.296875 0.407407 0.296354 0.407407 0.295312 0.409259 0.294792 0.409259 0.293750 0.411111 0.293229 0.411111 0.292187 0.412963 0.291667 0.412963 0.290625 0.414815 0.290104 0.414815 0.289062 0.416667 0.288542 0.416667 0.287500 0.418519 0.286979 0.418519 0.285938 0.420370 0.285417 0.420370 0.283854 0.423148 0.283333 0.423148 0.282292 0.425000 0.281771 0.425000 0.280729 0.426852 0.280208 0.426852 0.279167 0.428704 0.278646 0.428704 0.277604 0.430556 0.277083 0.430556 0.276042 0.432407 0.275521 0.432407 0.274479 0.434259 0.273958 0.434259 0.272917 0.436111 0.272396 0.436111 0.271354 0.437963 0.270833 0.437963 0.269792 0.439815 0.269271 0.439815 0.268229 0.441667 0.267708 0.441667 0.266146 0.444444 0.265625 0.444444 0.264583 0.446296 0.264062 0.446296 0.263021 0.448148 0.262500 0.448148 0.261458 0.450000 0.260937 0.450000 0.259896 0.451852 0.259375 0.451852 0.258333 0.453704 0.257812 0.453704 0.256771 0.455556 0.256250 0.455556 0.255208 0.457407 0.254688 0.457407 0.253646 0.459259 0.253125 0.459259 0.252083 0.461111 0.251563 0.461111 0.250521 0.462963 0.250000 0.462963 0.248958 0.464815 0.248438 0.464815 0.246875 0.467593 0.246354 0.467593 0.245312 0.469444 0.244792 0.469444 0.243750 0.471296 0.243229 0.471296 0.242188 0.473148 0.241667 0.473148 0.240625 0.475000 0.240104 0.475000 0.239063 0.476852 0.238542 0.476852 0.236979 0.479630 0.236458 0.479630 0.234375 0.483333 0.234375 0.484259 0.233333 0.486111 0.233333 0.487037 0.232292 0.488889 0.232292 0.490741 0.231771 0.491667 0.231771 0.492593 0.231250 0.493519 0.231250 0.496296 0.230729 0.497222 0.230729 0.511111 0.231250 0.512037 0.231250 0.514815 0.231771 0.515741 0.231771 0.517593 0.232292 0.518519 0.232292 0.519444 0.232813 0.520370 0.232813 0.521296 0.233854 0.523148 0.233854 0.524074 0.235417 0.526852 0.235417 0.527778 0.237500 0.531481 0.238021 0.531481 0.239063 0.533333 0.239583 0.533333 0.240625 0.535185 0.241146 0.535185 0.241667 0.536111 0.242188 0.536111 0.242708 0.537037 0.243750 0.537037 0.244271 0.537963 0.245312 0.537963 0.245833 0.538889 0.254167 0.538889 0.254688 0.537963 0.255729 0.537963 0.256250 0.537037 0.257292 0.537037 0.257812 0.536111 0.258333 0.536111 0.258854 0.535185 0.259375 0.535185 0.260417 0.533333 0.260937 0.533333 0.262500 0.530556 0.263021 0.530556 0.264583 0.527778 0.265104 0.527778 0.267188 0.524074 0.267708 0.524074 0.269271 0.521296 0.269792 0.521296 0.271354 0.518519 0.271875 0.518519 0.273438 0.515741 0.273958 0.515741 0.275000 0.513889 0.271354 0.507407 0.271354 0.506481 0.270313 0.504630 0.270313 0.503704 0.269792 0.502778 0.269792 0.501852 0.269271 0.500926 0.269271 0.500000 0.268750 0.499074 0.268750 0.497222 0.268229 0.496296 0.268229 0.493519 0.267708 0.492593 0.267708 0.479630 0.268229 0.478704 0.268229 0.475926 0.268750 0.475000 0.268750 0.473148 0.269271 0.472222 0.269271 0.471296 0.269792 0.470370 0.269792 0.469444 0.270833 0.467593 0.270833 0.466667 0.275521 0.458333 0.276042 0.458333 0.277083 0.456481 0.277604 0.456481 0.279167 0.453704 0.279687 0.453704 0.280729 0.451852 0.281250 0.451852 0.282813 0.449074 0.283333 0.449074 0.284375 0.447222 0.284896 0.447222 0.285938 0.445370 0.286458 0.445370 0.288021 0.442593 0.288542 0.442593 0.289583 0.440741 0.290104 0.440741 0.291667 0.437963 0.292187 0.437963 0.293229 0.436111 0.293750 0.436111 0.294792 0.434259 0.295312 0.434259 0.296875 0.431481 0.297396 0.431481 0.298438 0.429630 0.298958 0.429630 0.300521 0.426852 0.301042 0.426852 0.302083 0.425000 0.302604 0.425000 0.304167 0.422222 0.304688 0.422222 0.305729 0.420370 0.306250 0.420370 0.307292 0.418519 0.307812 0.418519 0.309375 0.415741 0.309896 0.415741 0.310937 0.413889 0.311458 0.413889 0.313021 0.411111 0.313542 0.411111 0.314583 0.409259 0.315104 0.409259 0.316146 0.407407 0.316667 0.407407 0.318229 0.404630 0.318750 0.404630 0.319792 0.402778 0.320312 0.402778 0.321875 0.400000 0.322396 0.400000 0.323437 0.398148 0.323958 0.398148 0.325521 0.395370 0.326042 0.395370 0.326562 0.394444 0.326042 0.393519 0.326042 0.391667 0.325521 0.390741 0.325521 0.388889 0.325000 0.387963 0.325000 0.381481 0.324479 0.380556 0.325000 0.379630 0.325000 0.373148
2 0.580990 0.397685 0.084896 0.204630 0.609375 0.295370 0.608854 0.296296 0.606250 0.296296 0.605729 0.297222 0.604688 0.297222 0.604167 0.298148 0.603646 0.298148 0.603125 0.299074 0.602604 0.299074 0.602083 0.300000 0.601562 0.300000 0.597396 0.307407 0.597396 0.308333 0.596354 0.310185 0.596354 0.311111 0.594792 0.313889 0.594792 0.314815 0.593750 0.316667 0.593750 0.317593 0.592187 0.320370 0.592187 0.321296 0.591146 0.323148 0.591146 0.324074 0.589583 0.326852 0.589583 0.327778 0.588542 0.329630 0.588542 0.330556 0.586979 0.333333 0.586979 0.334259 0.585938 0.336111 0.585938 0.337037 0.584896 0.338889 0.584896 0.339815 0.583333 0.342593 0.583333 0.343519 0.582292 0.345370 0.582292 0.346296 0.580729 0.349074 0.580729 0.350000 0.579688 0.351852 0.579688 0.352778 0.578125 0.355556 0.578125 0.356481 0.577083 0.358333 0.577083 0.359259 0.575521 0.362037 0.575521 0.362963 0.574479 0.364815 0.574479 0.365741 0.572917 0.368519 0.572917 0.369444 0.571875 0.371296 0.571875 0.372222 0.570312 0.375000 0.570312 0.375926 0.569271 0.377778 0.569271 0.378704 0.568229 0.380556 0.568229 0.381481 0.566667 0.384259 0.566667 0.385185 0.565625 0.387037 0.565625 0.387963 0.564063 0.390741 0.564063 0.391667 0.563021 0.393519 0.563021 0.394444 0.561458 0.397222 0.561458 0.398148 0.560417 0.400000 0.560417 0.400926 0.558854 0.403704 0.558854 0.404630 0.557813 0.406481 0.557813 0.407407 0.556250 0.410185 0.556250 0.411111 0.555208 0.412963 0.555208 0.413889 0.554167 0.415741 0.554167 0.416667 0.552604 0.419444 0.552604 0.420370 0.551562 0.422222 0.551562 0.423148 0.550000 0.425926 0.550000 0.426852 0.548958 0.428704 0.548958 0.429630 0.547396 0.432407 0.547396 0.433333 0.546354 0.435185 0.546354 0.436111 0.544792 0.438889 0.544792 0.439815 0.543750 0.441667 0.543750 0.442593 0.542188 0.445370 0.542188 0.446296 0.541146 0.448148 0.541146 0.449074 0.540625 0.450000 0.540625 0.450926 0.540104 0.451852 0.540104 0.452778 0.539583 0.453704 0.539583 0.455556 0.539062 0.456481 0.539062 0.459259 0.538542 0.460185 0.538542 0.471296 0.539062 0.472222 0.539062 0.475000 0.539583 0.475926 0.539583 0.477778 0.540104 0.478704 0.540104 0.479630 0.540625 0.480556 0.540625 0.481481 0.541146 0.482407 0.541146 0.483333 0.541667 0.484259 0.541667 0.485185 0.546354 0.493519 0.546875 0.493519 0.547917 0.495370 0.548438 0.495370 0.548958 0.496296 0.549479 0.496296 0.550000 0.497222 0.550521 0.497222 0.551042 0.498148 0.552083 0.498148 0.552604 0.499074 0.554688 0.499074 0.555208 0.500000 0.560417 0.500000 0.560937 0.499074 0.563021 0.499074 0.563542 0.498148 0.564583 0.498148 0.565104 0.497222 0.565625 0.497222 0.566146 0.496296 0.566667 0.496296 0.567187 0.495370 0.567708 0.495370 0.568750 0.493519 0.569271 0.493519 0.572917 0.487037 0.572917 0.486111 0.573958 0.484259 0.573958 0.483333 0.574479 0.482407 0.574479 0.481481 0.575521 0.479630 0.575521 0.478704 0.576042 0.477778 0.576042 0.476852 0.577083 0.475000 0.577083 0.474074 0.577604 0.473148 0.577604 0.472222 0.578125 0.471296 0.578125 0.470370 0.579167 0.468519 0.579167 0.467593 0.579688 0.466667 0.579688 0.465741 0.580729 0.463889 0.580729 0.462963 0.581250 0.462037 0.581250 0.461111 0.581771 0.460185 0.581771 0.459259 0.582812 0.457407 0.582812 0.456481 0.583333 0.455556 0.583333 0.454630 0.584375 0.452778 0.584375 0.451852 0.584896 0.450926 0.584896 0.450000 0.585938 0.448148 0.585938 0.447222 0.586458 0.446296 0.586458 0.445370 0.586979 0.444444 0.586979 0.443519 0.588021 0.441667 0.588021 0.440741 0.588542 0.439815 0.588542 0.438889 0.589583 0.437037 0.589583 0.436111 0.590104 0.435185 0.590104 0.434259 0.590625 0.433333 0.590625 0.432407 0.591667 0.430556 0.591667 0.429630 0.592187 0.428704 0.592187 0.427778 0.593229 0.425926 0.593229 0.425000 0.593750 0.424074 0.593750 0.423148 0.594792 0.421296 0.594792 0.420370 0.595313 0.419444 0.595313 0.418519 0.595833 0.417593 0.595833 0.416667 0.596875 0.414815 0.596875 0.413889 0.597396 0.412963 0.597396 0.412037 0.598437 0.410185 0.598437 0.409259 0.598958 0.408333 0.598958 0.407407 0.599479 0.406481 0.599479 0.405556 0.600521 0.403704 0.600521 0.402778 0.601042 0.401852 0.601042 0.400926 0.602083 0.399074 0.602083 0.398148 0.602604 0.397222 0.602604 0.396296 0.603125 0.395370 0.603125 0.394444 0.604167 0.392593 0.604167 0.391667 0.604688 0.390741 0.604688 0.389815 0.605729 0.387963 0.605729 0.387037 0.606250 0.386111 0.606250 0.385185 0.607292 0.383333 0.607292 0.382407 0.607812 0.381481 0.607812 0.380556 0.608333 0.379630 0.608333 0.378704 0.609375 0.376852 0.609375 0.375926 0.609896 0.375000 0.609896 0.374074 0.610938 0.372222 0.610938 0.367593 0.610417 0.366667 0.610417 0.352778 0.610938 0.351852 0.610938 0.350000 0.611458 0.349074 0.611458 0.347222 0.611979 0.346296 0.611979 0.345370 0.612500 0.344444 0.612500 0.343519 0.613021 0.342593 0.613021 0.341667 0.613542 0.340741 0.613542 0.339815 0.614583 0.337963 0.614583 0.337037 0.615104 0.336111 0.615104 0.335185 0.616146 0.333333 0.616146 0.332407 0.616667 0.331481 0.616667 0.330556 0.617708 0.328704 0.617708 0.327778 0.618229 0.326852 0.618229 0.325926 0.619271 0.324074 0.619271 0.323148 0.619792 0.322222 0.619792 0.321296 0.620833 0.319444 0.620833 0.318519 0.621354 0.317593 0.621354 0.316667 0.622396 0.314815 0.622396 0.313889 0.623437 0.312037 0.623437 0.310185 0.622396 0.308333 0.622396 0.307407 0.621354 0.305556 0.621354 0.304630 0.619792 0.301852 0.619271 0.301852 0.618229 0.300000 0.617708 0.300000 0.616667 0.298148 0.615625 0.298148 0.615104 0.297222 0.614062 0.297222 0.613542 0.296296 0.610938 0.296296 0.610417 0.295370
2 0.684375 0.454167 0.062500 0.223148 0.697917 0.342593 0.697396 0.343519 0.695833 0.343519 0.695312 0.344444 0.694271 0.344444 0.693750 0.345370 0.693229 0.345370 0.692187 0.347222 0.691667 0.347222 0.690104 0.350000 0.689583 0.350000 0.689583 0.350926 0.687500 0.354630 0.687500 0.355556 0.686979 0.356481 0.686979 0.357407 0.686458 0.358333 0.686458 0.359259 0.685937 0.360185 0.685937 0.362037 0.685417 0.362963 0.685417 0.364815 0.684896 0.365741 0.684896 0.367593 0.684375 0.368519 0.684375 0.370370 0.683854 0.371296 0.683854 0.372222 0.683333 0.373148 0.683333 0.375000 0.682813 0.375926 0.682813 0.377778 0.682292 0.378704 0.682292 0.380556 0.681771 0.381481 0.681771 0.383333 0.681250 0.384259 0.681250 0.385185 0.680729 0.386111 0.680729 0.387963 0.680208 0.388889 0.680208 0.390741 0.679688 0.391667 0.679688 0.393519 0.679167 0.394444 0.679167 0.396296 0.678646 0.397222 0.678646 0.399074 0.678125 0.400000 0.678125 0.400926 0.677604 0.401852 0.677604 0.403704 0.677083 0.404630 0.677083 0.406481 0.676562 0.407407 0.676562 0.409259 0.676042 0.410185 0.676042 0.412037 0.675521 0.412963 0.675521 0.413889 0.675000 0.414815 0.675000 0.416667 0.674479 0.417593 0.674479 0.419444 0.673958 0.420370 0.673958 0.422222 0.673438 0.423148 0.673438 0.425000 0.672917 0.425926 0.672917 0.426852 0.672396 0.427778 0.672396 0.429630 0.671875 0.430556 0.671875 0.432407 0.671354 0.433333 0.671354 0.435185 0.670833 0.436111 0.670833 0.437963 0.670312 0.438889 0.670312 0.440741 0.669792 0.441667 0.669792 0.442593 0.669271 0.443519 0.669271 0.445370 0.668750 0.446296 0.668750 0.448148 0.668229 0.449074 0.668229 0.450926 0.667708 0.451852 0.667708 0.453704 0.667188 0.454630 0.667188 0.455556 0.666667 0.456481 0.666667 0.458333 0.666146 0.459259 0.666146 0.461111 0.665625 0.462037 0.665625 0.463889 0.665104 0.464815 0.665104 0.466667 0.664583 0.467593 0.664583 0.468519 0.664062 0.469444 0.664062 0.471296 0.663542 0.472222 0.663542 0.474074 0.663021 0.475000 0.663021 0.476852 0.662500 0.477778 0.662500 0.479630 0.661979 0.480556 0.661979 0.482407 0.661458 0.483333 0.661458 0.484259 0.660937 0.485185 0.660937 0.487037 0.660417 0.487963 0.660417 0.489815 0.659896 0.490741 0.659896 0.492593 0.659375 0.493519 0.659375 0.495370 0.658854 0.496296 0.658854 0.497222 0.658333 0.498148 0.658333 0.500000 0.657813 0.500926 0.657813 0.502778 0.657292 0.503704 0.657292 0.505556 0.656771 0.506481 0.656771 0.508333 0.656250 0.509259 0.656250 0.510185 0.655729 0.511111 0.655729 0.512963 0.655208 0.513889 0.655208 0.515741 0.654687 0.516667 0.654687 0.518519 0.654167 0.519444 0.654167 0.521296 0.653646 0.522222 0.653646 0.525000 0.653125 0.525926 0.653125 0.536111 0.653646 0.537037 0.653646 0.540741 0.654167 0.541667 0.654167 0.543519 0.654687 0.544444 0.654687 0.545370 0.655208 0.546296 0.655208 0.547222 0.655729 0.548148 0.655729 0.549074 0.656771 0.550926 0.656771 0.551852 0.660417 0.558333 0.660937 0.558333 0.661979 0.560185 0.662500 0.560185 0.663542 0.562037 0.664062 0.562037 0.664583 0.562963 0.665625 0.562963 0.666146 0.563889 0.667188 0.563889 0.667708 0.564815 0.669271 0.564815 0.669792 0.565741 0.676562 0.565741 0.677083 0.564815 0.678646 0.564815 0.679167 0.563889 0.680208 0.563889 0.680729 0.562963 0.681250 0.562963 0.681771 0.562037 0.682292 0.562037 0.682813 0.561111 0.683333 0.561111 0.684375 0.559259 0.684896 0.559259 0.689063 0.551852 0.689063 0.550926 0.689583 0.550000 0.689583 0.549074 0.690104 0.548148 0.690104 0.547222 0.690625 0.546296 0.690625 0.545370 0.691146 0.544444 0.691146 0.543519 0.691667 0.542593 0.691667 0.539815 0.692187 0.538889 0.692187 0.536111 0.692708 0.535185 0.692708 0.532407 0.693229 0.531481 0.693229 0.528704 0.693750 0.527778 0.693750 0.525000 0.694271 0.524074 0.694271 0.521296 0.694792 0.520370 0.694792 0.518519 0.695312 0.517593 0.695312 0.514815 0.695833 0.513889 0.695833 0.511111 0.696354 0.510185 0.696354 0.507407 0.696875 0.506481 0.696875 0.503704 0.697396 0.502778 0.697396 0.500000 0.697917 0.499074 0.697917 0.496296 0.698438 0.495370 0.698438 0.492593 0.698958 0.491667 0.698958 0.488889 0.699479 0.487963 0.699479 0.485185 0.700000 0.484259 0.700000 0.481481 0.700521 0.480556 0.700521 0.477778 0.701042 0.476852 0.701042 0.474074 0.701562 0.473148 0.701562 0.470370 0.702083 0.469444 0.702083 0.466667 0.702604 0.465741 0.702604 0.462963 0.703125 0.462037 0.703125 0.459259 0.703646 0.458333 0.703646 0.455556 0.704167 0.454630 0.704167 0.451852 0.704688 0.450926 0.704688 0.448148 0.705208 0.447222 0.705208 0.444444 0.705729 0.443519 0.705729 0.440741 0.706250 0.439815 0.706250 0.437963 0.706771 0.437037 0.706771 0.434259 0.707292 0.433333 0.707292 0.430556 0.707812 0.429630 0.707812 0.426852 0.708333 0.425926 0.708333 0.423148 0.708854 0.422222 0.708854 0.419444 0.709375 0.418519 0.709375 0.415741 0.709896 0.414815 0.709896 0.412037 0.710417 0.411111 0.710417 0.408333 0.710938 0.407407 0.710938 0.404630 0.711458 0.403704 0.711458 0.400926 0.711979 0.400000 0.711979 0.397222 0.712500 0.396296 0.712500 0.393519 0.713021 0.392593 0.713021 0.389815 0.713542 0.388889 0.713542 0.386111 0.714063 0.385185 0.714063 0.382407 0.714583 0.381481 0.714583 0.378704 0.715104 0.377778 0.715104 0.375000 0.715625 0.374074 0.715625 0.364815 0.715104 0.363889 0.715104 0.361111 0.714583 0.360185 0.714583 0.358333 0.714063 0.357407 0.714063 0.356481 0.713021 0.354630 0.713021 0.353704 0.709375 0.347222 0.708854 0.347222 0.708333 0.346296 0.707812 0.346296 0.707292 0.345370 0.706771 0.345370 0.706250 0.344444 0.705729 0.344444 0.705208 0.343519 0.703125 0.343519 0.702604 0.342593
2 0.257812 0.453704 0.140625 0.185185 0.328125 0.361111 0.327083 0.362963 0.326562 0.362963 0.325521 0.364815 0.325000 0.364815 0.323958 0.366667 0.323437 0.366667 0.322396 0.368519 0.321875 0.368519 0.320833 0.370370 0.320312 0.370370 0.319271 0.372222 0.318750 0.372222 0.317708 0.374074 0.317188 0.374074 0.316146 0.375926 0.315625 0.375926 0.314583 0.377778 0.314063 0.377778 0.313021 0.379630 0.312500 0.379630 0.311458 0.381481 0.310937 0.381481 0.309896 0.383333 0.309375 0.383333 0.308333 0.385185 0.307812 0.385185 0.306771 0.387037 0.306250 0.387037 0.305208 0.388889 0.304688 0.388889 0.303646 0.390741 0.303125 0.390741 0.302083 0.392593 0.301563 0.392593 0.300521 0.394444 0.300000 0.394444 0.298958 0.396296 0.298438 0.396296 0.297396 0.398148 0.296875 0.398148 0.295833 0.400000 0.295312 0.400000 0.294271 0.401852 0.293750 0.401852 0.292708 0.403704 0.292187 0.403704 0.291146 0.405556 0.290625 0.405556 0.289583 0.407407 0.289062 0.407407 0.288021 0.409259 0.287500 0.409259 0.286458 0.411111 0.285938 0.411111 0.284896 0.412963 0.284375 0.412963 0.283333 0.414815 0.282813 0.414815 0.281771 0.416667 0.281250 0.416667 0.280208 0.418519 0.279687 0.418519 0.278646 0.420370 0.278125 0.420370 0.277083 0.422222 0.276562 0.422222 0.275521 0.424074 0.275000 0.424074 0.273958 0.425926 0.273438 0.425926 0.272396 0.427778 0.271875 0.427778 0.270833 0.429630 0.270313 0.429630 0.269271 0.431481 0.268750 0.431481 0.267708 0.433333 0.267188 0.433333 0.266146 0.435185 0.265625 0.435185 0.264583 0.437037 0.264062 0.437037 0.263021 0.438889 0.262500 0.438889 0.261458 0.440741 0.260937 0.440741 0.259896 0.442593 0.259375 0.442593 0.258333 0.444444 0.257812 0.444444 0.256771 0.446296 0.256250 0.446296 0.255208 0.448148 0.254688 0.448148 0.253646 0.450000 0.253125 0.450000 0.252083 0.451852 0.251563 0.451852 0.250521 0.453704 0.250000 0.453704 0.248958 0.455556 0.248438 0.455556 0.247396 0.457407 0.246875 0.457407 0.245833 0.459259 0.245312 0.459259 0.244271 0.461111 0.243750 0.461111 0.242708 0.462963 0.242188 0.462963 0.241146 0.464815 0.240625 0.464815 0.239583 0.466667 0.239063 0.466667 0.238021 0.468519 0.237500 0.468519 0.236458 0.470370 0.235937 0.470370 0.235417 0.471296 0.234896 0.471296 0.233854 0.473148 0.233333 0.473148 0.232813 0.474074 0.232292 0.474074 0.231771 0.475000 0.230729 0.475000 0.230208 0.475926 0.228125 0.475926 0.227604 0.476852 0.222917 0.476852 0.222396 0.475926 0.220312 0.475926 0.219792 0.475000 0.218750 0.475000 0.218229 0.474074 0.217708 0.474074 0.217188 0.473148 0.216667 0.473148 0.216146 0.472222 0.215625 0.472222 0.215104 0.471296 0.214583 0.471296 0.213021 0.468519 0.212500 0.468519 0.211458 0.466667 0.210938 0.466667 0.209896 0.468519 0.209375 0.468519 0.208854 0.469444 0.208333 0.469444 0.207292 0.471296 0.206771 0.471296 0.205729 0.473148 0.205208 0.473148 0.204687 0.474074 0.204167 0.474074 0.203125 0.475926 0.202604 0.475926 0.201563 0.477778 0.201042 0.477778 0.200000 0.479630 0.199479 0.479630 0.198958 0.480556 0.198437 0.480556 0.197396 0.482407 0.196875 0.482407 0.195833 0.484259 0.195312 0.484259 0.193750 0.487037 0.193229 0.487037 0.192188 0.488889 0.192188 0.489815 0.190625 0.492593 0.190625 0.493519 0.190104 0.494444 0.190104 0.495370 0.189583 0.496296 0.189583 0.497222 0.189062 0.498148 0.189062 0.499074 0.188542 0.500000 0.188542 0.501852 0.188021 0.502778 0.188021 0.507407 0.187500 0.508333 0.187500 0.512963 0.188021 0.513889 0.188021 0.518519 0.188542 0.519444 0.188542 0.522222 0.189062 0.523148 0.189062 0.524074 0.189583 0.525000 0.189583 0.525926 0.190104 0.526852 0.190104 0.527778 0.190625 0.528704 0.190625 0.529630 0.191667 0.531481 0.191667 0.532407 0.195312 0.538889 0.195833 0.538889 0.196875 0.540741 0.197396 0.540741 0.198437 0.542593 0.198958 0.542593 0.199479 0.543519 0.200521 0.543519 0.201042 0.544444 0.202083 0.544444 0.202604 0.545370 0.204687 0.545370 0.205208 0.546296 0.209375 0.546296 0.209896 0.545370 0.211979 0.545370 0.212500 0.544444 0.213542 0.544444 0.214062 0.543519 0.214583 0.543519 0.215104 0.542593 0.215625 0.542593 0.216146 0.541667 0.216667 0.541667 0.217708 0.539815 0.218229 0.539815 0.219271 0.537963 0.219792 0.537963 0.221354 0.535185 0.221875 0.535185 0.222917 0.533333 0.223438 0.533333 0.225000 0.530556 0.225521 0.530556 0.226562 0.528704 0.227083 0.528704 0.228646 0.525926 0.229167 0.525926 0.230208 0.524074 0.230729 0.524074 0.231771 0.522222 0.232292 0.522222 0.232292 0.520370 0.231771 0.519444 0.231771 0.518519 0.231250 0.517593 0.231250 0.515741 0.230729 0.514815 0.230729 0.512037 0.230208 0.511111 0.230208 0.497222 0.230729 0.496296 0.230729 0.493519 0.231250 0.492593 0.231250 0.491667 0.231771 0.490741 0.231771 0.488889 0.232813 0.487037 0.232813 0.486111 0.233854 0.484259 0.233854 0.483333 0.236458 0.478704 0.236979 0.478704 0.238542 0.475926 0.239063 0.475926 0.240104 0.474074 0.240625 0.474074 0.241667 0.472222 0.242188 0.472222 0.243229 0.470370 0.243750 0.470370 0.244792 0.468519 0.245312 0.468519 0.246354 0.466667 0.246875 0.466667 0.248438 0.463889 0.248958 0.463889 0.250000 0.462037 0.250521 0.462037 0.251563 0.460185 0.252083 0.460185 0.253125 0.458333 0.253646 0.458333 0.254688 0.456481 0.255208 0.456481 0.256250 0.454630 0.256771 0.454630 0.257812 0.452778 0.258333 0.452778 0.259375 0.450926 0.259896 0.450926 0.260937 0.449074 0.261458 0.449074 0.262500 0.447222 0.263021 0.447222 0.264062 0.445370 0.264583 0.445370 0.265625 0.443519 0.266146 0.443519 0.267708 0.440741 0.268229 0.440741 0.269271 0.438889 0.269792 0.438889 0.270833 0.437037 0.271354 0.437037 0.272396 0.435185 0.272917 0.435185 0.273958 0.433333 0.274479 0.433333 0.275521 0.431481 0.276042 0.431481 0.277083 0.429630 0.277604 0.429630 0.278646 0.427778 0.279167 0.427778 0.280208 0.425926 0.280729 0.425926 0.281771 0.424074 0.282292 0.424074 0.283333 0.422222 0.283854 0.422222 0.285417 0.419444 0.285938 0.419444 0.286979 0.417593 0.287500 0.417593 0.288542 0.415741 0.289062 0.415741 0.290104 0.413889 0.290625 0.413889 0.291667 0.412037 0.292187 0.412037 0.293229 0.410185 0.293750 0.410185 0.294792 0.408333 0.295312 0.408333 0.296354 0.406481 0.296875 0.406481 0.297917 0.404630 0.298438 0.404630 0.299479 0.402778 0.300000 0.402778 0.301042 0.400926 0.301563 0.400926 0.303125 0.398148 0.303646 0.398148 0.304688 0.396296 0.305208 0.396296 0.306250 0.394444 0.306771 0.394444 0.307812 0.392593 0.308333 0.392593 0.309375 0.390741 0.309896 0.390741 0.310937 0.388889 0.311458 0.388889 0.312500 0.387037 0.313021 0.387037 0.314063 0.385185 0.314583 0.385185 0.315625 0.383333 0.316146 0.383333 0.317188 0.381481 0.317708 0.381481 0.318750 0.379630 0.319271 0.379630 0.320833 0.376852 0.321354 0.376852 0.322396 0.375000 0.322917 0.375000 0.323958 0.373148 0.324479 0.373148 0.325521 0.371296 0.325521 0.369444 0.326042 0.368519 0.326042 0.367593 0.326562 0.366667 0.326562 0.364815 0.327604 0.362963 0.327604 0.362037
2 0.385937 0.389815 0.134375 0.201852 0.443750 0.288889 0.441667 0.292593 0.441146 0.292593 0.439583 0.295370 0.439063 0.295370 0.436979 0.299074 0.436458 0.299074 0.434896 0.301852 0.434375 0.301852 0.432812 0.304630 0.432292 0.304630 0.430208 0.308333 0.429688 0.308333 0.428125 0.311111 0.427604 0.311111 0.426042 0.313889 0.425521 0.313889 0.423438 0.317593 0.422917 0.317593 0.421354 0.320370 0.420833 0.320370 0.419271 0.323148 0.418750 0.323148 0.416667 0.326852 0.416146 0.326852 0.414583 0.329630 0.414062 0.329630 0.411979 0.333333 0.411458 0.333333 0.409896 0.336111 0.409375 0.336111 0.407813 0.338889 0.407292 0.338889 0.405208 0.342593 0.404687 0.342593 0.403125 0.345370 0.402604 0.345370 0.401042 0.348148 0.400521 0.348148 0.398438 0.351852 0.397917 0.351852 0.396354 0.354630 0.395833 0.354630 0.394271 0.357407 0.393750 0.357407 0.391667 0.361111 0.391146 0.361111 0.389583 0.363889 0.389062 0.363889 0.387500 0.366667 0.386979 0.366667 0.384896 0.370370 0.384375 0.370370 0.382812 0.373148 0.382292 0.373148 0.380208 0.376852 0.379688 0.376852 0.378125 0.379630 0.377604 0.379630 0.376042 0.382407 0.375521 0.382407 0.373437 0.386111 0.372917 0.386111 0.371354 0.388889 0.370833 0.388889 0.369271 0.391667 0.368750 0.391667 0.366667 0.395370 0.366146 0.395370 0.364583 0.398148 0.364063 0.398148 0.362500 0.400926 0.361979 0.400926 0.359896 0.404630 0.359375 0.404630 0.357812 0.407407 0.357292 0.407407 0.355729 0.410185 0.355208 0.410185 0.354167 0.412037 0.353646 0.412037 0.353125 0.412963 0.352604 0.412963 0.352083 0.413889 0.351042 0.413889 0.350521 0.414815 0.349479 0.414815 0.348958 0.415741 0.340625 0.415741 0.340104 0.414815 0.339062 0.414815 0.338542 0.413889 0.337500 0.413889 0.335938 0.416667 0.335417 0.416667 0.333854 0.419444 0.333333 0.419444 0.331771 0.422222 0.331250 0.422222 0.329688 0.425000 0.329167 0.425000 0.327604 0.427778 0.327083 0.427778 0.325521 0.430556 0.325000 0.430556 0.322396 0.435185 0.322396 0.436111 0.321354 0.437963 0.321354 0.438889 0.320833 0.439815 0.320833 0.440741 0.320312 0.441667 0.320312 0.442593 0.319792 0.443519 0.319792 0.445370 0.319271 0.446296 0.319271 0.448148 0.318750 0.449074 0.318750 0.462037 0.319271 0.462963 0.319271 0.465741 0.319792 0.466667 0.319792 0.468519 0.320312 0.469444 0.320312 0.470370 0.320833 0.471296 0.320833 0.472222 0.321354 0.473148 0.321354 0.474074 0.322396 0.475926 0.322396 0.476852 0.326562 0.484259 0.327083 0.484259 0.328125 0.486111 0.328646 0.486111 0.329167 0.487037 0.329688 0.487037 0.330208 0.487963 0.330729 0.487963 0.331250 0.488889 0.332292 0.488889 0.332813 0.489815 0.334896 0.489815 0.335417 0.490741 0.341146 0.490741 0.341667 0.489815 0.343229 0.489815 0.343750 0.488889 0.344792 0.488889 0.345313 0.487963 0.345833 0.487963 0.346354 0.487037 0.346875 0.487037 0.347396 0.486111 0.347917 0.486111 0.348958 0.484259 0.349479 0.484259 0.352083 0.479630 0.352604 0.479630 0.355729 0.474074 0.356250 0.474074 0.359375 0.468519 0.359896 0.468519 0.363021 0.462963 0.363542 0.462963 0.366146 0.458333 0.366667 0.458333 0.369792 0.452778 0.370312 0.452778 0.373437 0.447222 0.373958 0.447222 0.377083 0.441667 0.377604 0.441667 0.380729 0.436111 0.381250 0.436111 0.384375 0.430556 0.384896 0.430556 0.388021 0.425000 0.388542 0.425000 0.391667 0.419444 0.392188 0.419444 0.392708 0.418519 0.392188 0.417593 0.392188 0.406481 0.392708 0.405556 0.392708 0.402778 0.393229 0.401852 0.393229 0.400000 0.393750 0.399074 0.393750 0.398148 0.394271 0.397222 0.394271 0.396296 0.394792 0.395370 0.394792 0.394444 0.395833 0.392593 0.395833 0.391667 0.400521 0.383333 0.401042 0.383333 0.403125 0.379630 0.403646 0.379630 0.406250 0.375000 0.406771 0.375000 0.408854 0.371296 0.409375 0.371296 0.411979 0.366667 0.412500 0.366667 0.415104 0.362037 0.415625 0.362037 0.417708 0.358333 0.418229 0.358333 0.420833 0.353704 0.421354 0.353704 0.423438 0.350000 0.423958 0.350000 0.426563 0.345370 0.427083 0.345370 0.429688 0.340741 0.430208 0.340741 0.432292 0.337037 0.432812 0.337037 0.435417 0.332407 0.435937 0.332407 0.438021 0.328704 0.438542 0.328704 0.441146 0.324074 0.441667 0.324074 0.443750 0.320370 0.444271 0.320370 0.446875 0.315741 0.447396 0.315741 0.450000 0.311111 0.450521 0.311111 0.452604 0.307407 0.453125 0.307407 0.453125 0.306481 0.452604 0.305556 0.452604 0.303704 0.452083 0.302778 0.452083 0.301852 0.451562 0.300926 0.451562 0.300000 0.450521 0.298148 0.450521 0.297222 0.447396 0.291667 0.446875 0.291667 0.445833 0.289815 0.445312 0.289815 0.444792 0.288889
2 0.502344 0.420370 0.095312 0.218519 0.544271 0.311111 0.543229 0.312963 0.543229 0.313889 0.539062 0.321296 0.539062 0.322222 0.534896 0.329630 0.534896 0.330556 0.530729 0.337963 0.530729 0.338889 0.526563 0.346296 0.526563 0.347222 0.522396 0.354630 0.522396 0.355556 0.518750 0.362037 0.518750 0.362963 0.514583 0.370370 0.514583 0.371296 0.510417 0.378704 0.510417 0.379630 0.506250 0.387037 0.506250 0.387963 0.502083 0.395370 0.502083 0.396296 0.497917 0.403704 0.497917 0.404630 0.494271 0.411111 0.494271 0.412037 0.490104 0.419444 0.490104 0.420370 0.485938 0.427778 0.485938 0.428704 0.479167 0.440741 0.478646 0.440741 0.477604 0.442593 0.477083 0.442593 0.476562 0.443519 0.476042 0.443519 0.475521 0.444444 0.474479 0.444444 0.473958 0.445370 0.472917 0.445370 0.469271 0.451852 0.469271 0.452778 0.465104 0.460185 0.465104 0.461111 0.460417 0.469444 0.460417 0.470370 0.458333 0.474074 0.458333 0.475000 0.457292 0.476852 0.457292 0.477778 0.456771 0.478704 0.456771 0.479630 0.456250 0.480556 0.456250 0.482407 0.455729 0.483333 0.455729 0.485185 0.455208 0.486111 0.455208 0.491667 0.454688 0.492593 0.454688 0.495370 0.455208 0.496296 0.455208 0.501852 0.455729 0.502778 0.455729 0.504630 0.456250 0.505556 0.456250 0.507407 0.456771 0.508333 0.456771 0.509259 0.457292 0.510185 0.457292 0.511111 0.457813 0.512037 0.457813 0.512963 0.458854 0.514815 0.458854 0.515741 0.463021 0.523148 0.463542 0.523148 0.464583 0.525000 0.465104 0.525000 0.465625 0.525926 0.466146 0.525926 0.466667 0.526852 0.467187 0.526852 0.467708 0.527778 0.468750 0.527778 0.469271 0.528704 0.470833 0.528704 0.471354 0.529630 0.479167 0.529630 0.479687 0.528704 0.481250 0.528704 0.481771 0.527778 0.482292 0.527778 0.482812 0.526852 0.483854 0.526852 0.484375 0.525926 0.484896 0.525926 0.485938 0.524074 0.486458 0.524074 0.488542 0.520370 0.489063 0.520370 0.489063 0.519444 0.491146 0.515741 0.491146 0.514815 0.493229 0.511111 0.493229 0.510185 0.494792 0.507407 0.494792 0.506481 0.496354 0.503704 0.496354 0.502778 0.497917 0.500000 0.497917 0.499074 0.499479 0.496296 0.499479 0.495370 0.501563 0.491667 0.501563 0.490741 0.503125 0.487963 0.503125 0.487037 0.504687 0.484259 0.504687 0.483333 0.506250 0.480556 0.506250 0.479630 0.507812 0.476852 0.507812 0.475926 0.509896 0.472222 0.509896 0.471296 0.511458 0.468519 0.511458 0.467593 0.513021 0.464815 0.513021 0.463889 0.514062 0.462037 0.513542 0.461111 0.512500 0.461111 0.511979 0.460185 0.511458 0.460185 0.510938 0.459259 0.510417 0.459259 0.509896 0.458333 0.509375 0.458333 0.508333 0.456481 0.507812 0.456481 0.503125 0.448148 0.503125 0.447222 0.502083 0.445370 0.502083 0.444444 0.501563 0.443519 0.501563 0.442593 0.501042 0.441667 0.501042 0.440741 0.500521 0.439815 0.500521 0.437963 0.500000 0.437037 0.500000 0.434259 0.499479 0.433333 0.499479 0.421296 0.500000 0.420370 0.500000 0.417593 0.500521 0.416667 0.500521 0.414815 0.501042 0.413889 0.501042 0.412963 0.501563 0.412037 0.501563 0.411111 0.502083 0.410185 0.502083 0.409259 0.503646 0.406481 0.503646 0.405556 0.506771 0.400000 0.506771 0.399074 0.509896 0.393519 0.509896 0.392593 0.513542 0.386111 0.513542 0.385185 0.516667 0.379630 0.516667 0.378704 0.520312 0.372222 0.520312 0.371296 0.523438 0.365741 0.523438 0.364815 0.527083 0.358333 0.527083 0.357407 0.530208 0.351852 0.530208 0.350926 0.533854 0.344444 0.533854 0.343519 0.536979 0.337963 0.536979 0.337037 0.540625 0.330556 0.540625 0.329630 0.543750 0.324074 0.543750 0.323148 0.547396 0.316667 0.547396 0.315741 0.550000 0.311111
2 0.663021 0.355093 0.066667 0.195370 0.679688 0.257407 0.679167 0.258333 0.679167 0.259259 0.678646 0.260185 0.678646 0.261111 0.678125 0.262037 0.678125 0.262963 0.677604 0.263889 0.677604 0.264815 0.677083 0.265741 0.677083 0.267593 0.676562 0.268519 0.676562 0.269444 0.676042 0.270370 0.676042 0.271296 0.675521 0.272222 0.675521 0.273148 0.675000 0.274074 0.675000 0.275000 0.674479 0.275926 0.674479 0.277778 0.673958 0.278704 0.673958 0.279630 0.673438 0.280556 0.673438 0.281481 0.672917 0.282407 0.672917 0.283333 0.672396 0.284259 0.672396 0.285185 0.671875 0.286111 0.671875 0.287037 0.671354 0.287963 0.671354 0.289815 0.670833 0.290741 0.670833 0.291667 0.670312 0.292593 0.670312 0.293519 0.669792 0.294444 0.669792 0.295370 0.669271 0.296296 0.669271 0.297222 0.668750 0.298148 0.668750 0.300000 0.668229 0.300926 0.668229 0.301852 0.667708 0.302778 0.667708 0.303704 0.667188 0.304630 0.667188 0.305556 0.666667 0.306481 0.666667 0.307407 0.666146 0.308333 0.666146 0.310185 0.665625 0.311111 0.665625 0.312037 0.665104 0.312963 0.665104 0.313889 0.664583 0.314815 0.664583 0.315741 0.664062 0.316667 0.664062 0.317593 0.663542 0.318519 0.663542 0.320370 0.663021 0.321296 0.663021 0.322222 0.662500 0.323148 0.662500 0.324074 0.661979 0.325000 0.661979 0.325926 0.661458 0.326852 0.661458 0.327778 0.660937 0.328704 0.660937 0.329630 0.660417 0.330556 0.660417 0.332407 0.659896 0.333333 0.659896 0.334259 0.659375 0.335185 0.659375 0.336111 0.658854 0.337037 0.658854 0.337963 0.658333 0.338889 0.658333 0.339815 0.657813 0.340741 0.657813 0.342593 0.657292 0.343519 0.657292 0.344444 0.656771 0.345370 0.656771 0.346296 0.656250 0.347222 0.656250 0.348148 0.655729 0.349074 0.655729 0.350000 0.655208 0.350926 0.655208 0.352778 0.654687 0.353704 0.654687 0.354630 0.654167 0.355556 0.654167 0.356481 0.653646 0.357407 0.653646 0.358333 0.653125 0.359259 0.653125 0.360185 0.652604 0.361111 0.652604 0.362037 0.652083 0.362963 0.652083 0.364815 0.651563 0.365741 0.651563 0.366667 0.651042 0.367593 0.651042 0.368519 0.650521 0.369444 0.650521 0.370370 0.650000 0.371296 0.650000 0.372222 0.649479 0.373148 0.649479 0.375000 0.648958 0.375926 0.648958 0.376852 0.647917 0.378704 0.647917 0.379630 0.646875 0.381481 0.646875 0.382407 0.643229 0.388889 0.642708 0.388889 0.641667 0.390741 0.641146 0.390741 0.640625 0.391667 0.640104 0.391667 0.639583 0.392593 0.639062 0.392593 0.638542 0.393519 0.638021 0.393519 0.637500 0.394444 0.636458 0.394444 0.635938 0.395370 0.633854 0.395370 0.633854 0.396296 0.633333 0.397222 0.633333 0.398148 0.632812 0.399074 0.632812 0.400000 0.632292 0.400926 0.632292 0.401852 0.631771 0.402778 0.631771 0.403704 0.631250 0.404630 0.631250 0.405556 0.630729 0.406481 0.630729 0.408333 0.630208 0.409259 0.630208 0.412037 0.629687 0.412963 0.629687 0.424074 0.630208 0.425000 0.630208 0.428704 0.630729 0.429630 0.630729 0.430556 0.631250 0.431481 0.631250 0.433333 0.631771 0.434259 0.631771 0.435185 0.632812 0.437037 0.632812 0.437963 0.634375 0.440741 0.634375 0.441667 0.635938 0.444444 0.636458 0.444444 0.638021 0.447222 0.638542 0.447222 0.639583 0.449074 0.640104 0.449074 0.640625 0.450000 0.641667 0.450000 0.642188 0.450926 0.643229 0.450926 0.643750 0.451852 0.645312 0.451852 0.645833 0.452778 0.652604 0.452778 0.653125 0.451852 0.654687 0.451852 0.655208 0.450926 0.656250 0.450926 0.656771 0.450000 0.657292 0.450000 0.657813 0.449074 0.658333 0.449074 0.658854 0.448148 0.659375 0.448148 0.660417 0.446296 0.660937 0.446296 0.664583 0.439815 0.664583 0.438889 0.665625 0.437037 0.665625 0.436111 0.666146 0.435185 0.666146 0.434259 0.666667 0.433333 0.666667 0.432407 0.667188 0.431481 0.667188 0.429630 0.667708 0.428704 0.667708 0.426852 0.668229 0.425926 0.668229 0.424074 0.668750 0.423148 0.668750 0.422222 0.669271 0.421296 0.669271 0.419444 0.669792 0.418519 0.669792 0.416667 0.670312 0.415741 0.670312 0.414815 0.670833 0.413889 0.670833 0.412037 0.671354 0.411111 0.671354 0.409259 0.671875 0.408333 0.671875 0.406481 0.672396 0.405556 0.672396 0.404630 0.672917 0.403704 0.672917 0.401852 0.673438 0.400926 0.673438 0.399074 0.673958 0.398148 0.673958 0.397222 0.674479 0.396296 0.674479 0.394444 0.675000 0.393519 0.675000 0.391667 0.675521 0.390741 0.675521 0.388889 0.676042 0.387963 0.676042 0.387037 0.676562 0.386111 0.676562 0.384259 0.677083 0.383333 0.677083 0.381481 0.677604 0.380556 0.677604 0.378704 0.678125 0.377778 0.678125 0.376852 0.678646 0.375926 0.678646 0.374074 0.679167 0.373148 0.679167 0.371296 0.679688 0.370370 0.679688 0.369444 0.680208 0.368519 0.680208 0.366667 0.680729 0.365741 0.680729 0.363889 0.681250 0.362963 0.681250 0.361111 0.681771 0.360185 0.681771 0.359259 0.682292 0.358333 0.682292 0.356481 0.682813 0.355556 0.682813 0.353704 0.683333 0.352778 0.683333 0.351852 0.683854 0.350926 0.683854 0.349074 0.684375 0.348148 0.684375 0.346296 0.684896 0.345370 0.684896 0.343519 0.685417 0.342593 0.685417 0.341667 0.685937 0.340741 0.685937 0.338889 0.686458 0.337963 0.686458 0.336111 0.686979 0.335185 0.686979 0.334259 0.687500 0.333333 0.687500 0.331481 0.688021 0.330556 0.688021 0.328704 0.688542 0.327778 0.688542 0.325926 0.689063 0.325000 0.689063 0.324074 0.689583 0.323148 0.689583 0.321296 0.690104 0.320370 0.690104 0.318519 0.690625 0.317593 0.690625 0.315741 0.691146 0.314815 0.691146 0.313889 0.691667 0.312963 0.691667 0.311111 0.692187 0.310185 0.692187 0.308333 0.692708 0.307407 0.692708 0.306481 0.693229 0.305556 0.693229 0.303704 0.693750 0.302778 0.693750 0.300926 0.694271 0.300000 0.694271 0.298148 0.694792 0.297222 0.694792 0.296296 0.695312 0.295370 0.695312 0.293519 0.695833 0.292593 0.695833 0.290741 0.696354 0.289815 0.696354 0.278704 0.695833 0.277778 0.695833 0.275926 0.695312 0.275000 0.695312 0.273148 0.694792 0.272222 0.694792 0.271296 0.694271 0.270370 0.694271 0.269444 0.690104 0.262037 0.689583 0.262037 0.689063 0.261111 0.688542 0.261111 0.688021 0.260185 0.687500 0.260185 0.686979 0.259259 0.686458 0.259259 0.685937 0.258333 0.683854 0.258333 0.683333 0.257407
2 0.768229 0.422222 0.042708 0.220370 0.770312 0.312037 0.769792 0.312963 0.768750 0.312963 0.768229 0.313889 0.767708 0.313889 0.767188 0.314815 0.766667 0.314815 0.766146 0.315741 0.765625 0.315741 0.765104 0.316667 0.764583 0.316667 0.760938 0.323148 0.760938 0.324074 0.760417 0.325000 0.760417 0.325926 0.759896 0.326852 0.759896 0.327778 0.759375 0.328704 0.759375 0.329630 0.758854 0.330556 0.758854 0.333333 0.758333 0.334259 0.758333 0.339815 0.757812 0.340741 0.757812 0.347222 0.757292 0.348148 0.757292 0.354630 0.756771 0.355556 0.756771 0.362037 0.756250 0.362963 0.756250 0.369444 0.755729 0.370370 0.755729 0.375926 0.755208 0.376852 0.755208 0.383333 0.754687 0.384259 0.754687 0.390741 0.754167 0.391667 0.754167 0.398148 0.753646 0.399074 0.753646 0.405556 0.753125 0.406481 0.753125 0.412963 0.752604 0.413889 0.752604 0.419444 0.752083 0.420370 0.752083 0.426852 0.751563 0.427778 0.751563 0.434259 0.751042 0.435185 0.751042 0.441667 0.750521 0.442593 0.750521 0.449074 0.750000 0.450000 0.750000 0.456481 0.749479 0.457407 0.749479 0.462963 0.748958 0.463889 0.748958 0.470370 0.748437 0.471296 0.748437 0.477778 0.747917 0.478704 0.747917 0.485185 0.747396 0.486111 0.747396 0.492593 0.746875 0.493519 0.746875 0.501852 0.747396 0.502778 0.747396 0.506481 0.747917 0.507407 0.747917 0.509259 0.748437 0.510185 0.748437 0.511111 0.748958 0.512037 0.748958 0.512963 0.749479 0.513889 0.749479 0.514815 0.750000 0.515741 0.750000 0.516667 0.751042 0.518519 0.751042 0.519444 0.754167 0.525000 0.754687 0.525000 0.755729 0.526852 0.756250 0.526852 0.757292 0.528704 0.757812 0.528704 0.758333 0.529630 0.759375 0.529630 0.759896 0.530556 0.760417 0.530556 0.760938 0.531481 0.762500 0.531481 0.763021 0.532407 0.771354 0.532407 0.771875 0.531481 0.773438 0.531481 0.773958 0.530556 0.775000 0.530556 0.775521 0.529630 0.776042 0.529630 0.776563 0.528704 0.777083 0.528704 0.777604 0.527778 0.778125 0.527778 0.779167 0.525926 0.779687 0.525926 0.783854 0.518519 0.783854 0.517593 0.784896 0.515741 0.784896 0.514815 0.785417 0.513889 0.785417 0.512963 0.785937 0.512037 0.785937 0.511111 0.786458 0.510185 0.786458 0.508333 0.786979 0.507407 0.786979 0.503704 0.787500 0.502778 0.787500 0.478704 0.788021 0.477778 0.788021 0.435185 0.788542 0.434259 0.788542 0.392593 0.789062 0.391667 0.789062 0.350000 0.789583 0.349074 0.789583 0.336111 0.789062 0.335185 0.789062 0.331481 0.788542 0.330556 0.788542 0.328704 0.788021 0.327778 0.788021 0.326852 0.787500 0.325926 0.787500 0.325000 0.786458 0.323148 0.786458 0.322222 0.783854 0.317593 0.783333 0.317593 0.782292 0.315741 0.781771 0.315741 0.781250 0.314815 0.780729 0.314815 0.780208 0.313889 0.779687 0.313889 0.779167 0.312963 0.777604 0.312963 0.777083 0.312037
2 0.302604 0.458333 0.068750 0.125926 0.326562 0.395370 0.326042 0.396296 0.325521 0.396296 0.323958 0.399074 0.323437 0.399074 0.322396 0.400926 0.321875 0.400926 0.320312 0.403704 0.319792 0.403704 0.318750 0.405556 0.318229 0.405556 0.316667 0.408333 0.316146 0.408333 0.315104 0.410185 0.314583 0.410185 0.313542 0.412037 0.313021 0.412037 0.311458 0.414815 0.310937 0.414815 0.309896 0.416667 0.309375 0.416667 0.307812 0.419444 0.307292 0.419444 0.306250 0.421296 0.305729 0.421296 0.304688 0.423148 0.304167 0.423148 0.302604 0.425926 0.302083 0.425926 0.301042 0.427778 0.300521 0.427778 0.298958 0.430556 0.298438 0.430556 0.297396 0.432407 0.296875 0.432407 0.295312 0.435185 0.294792 0.435185 0.293750 0.437037 0.293229 0.437037 0.292187 0.438889 0.291667 0.438889 0.290104 0.441667 0.289583 0.441667 0.288542 0.443519 0.288021 0.443519 0.286458 0.446296 0.285938 0.446296 0.284896 0.448148 0.284375 0.448148 0.283333 0.450000 0.282813 0.450000 0.281250 0.452778 0.280729 0.452778 0.279687 0.454630 0.279167 0.454630 0.277604 0.457407 0.277083 0.457407 0.276042 0.459259 0.275521 0.459259 0.271354 0.466667 0.271354 0.467593 0.270313 0.469444 0.270313 0.470370 0.269792 0.471296 0.269792 0.472222 0.269271 0.473148 0.269271 0.475000 0.268750 0.475926 0.268750 0.478704 0.268229 0.479630 0.268229 0.492593 0.268750 0.493519 0.268750 0.496296 0.269271 0.497222 0.269271 0.499074 0.269792 0.500000 0.269792 0.500926 0.270313 0.501852 0.270313 0.502778 0.270833 0.503704 0.270833 0.504630 0.271875 0.506481 0.271875 0.507407 0.276562 0.515741 0.277083 0.515741 0.277604 0.516667 0.278125 0.516667 0.278646 0.517593 0.279167 0.517593 0.279687 0.518519 0.280208 0.518519 0.280729 0.519444 0.281250 0.519444 0.281771 0.520370 0.283333 0.520370 0.283854 0.521296 0.292187 0.521296 0.292708 0.520370 0.293750 0.520370 0.294271 0.519444 0.295312 0.519444 0.295833 0.518519 0.296354 0.518519 0.296875 0.517593 0.297396 0.517593 0.298438 0.515741 0.298958 0.515741 0.301042 0.512037 0.301563 0.512037 0.303646 0.508333 0.304167 0.508333 0.306250 0.504630 0.306771 0.504630 0.308854 0.500926 0.309375 0.500926 0.311979 0.496296 0.312500 0.496296 0.314583 0.492593 0.315104 0.492593 0.317188 0.488889 0.317708 0.488889 0.319792 0.485185 0.320312 0.485185 0.322396 0.481481 0.322917 0.481481 0.323437 0.480556 0.323437 0.479630 0.321875 0.476852 0.321875 0.475926 0.320833 0.474074 0.320833 0.473148 0.320312 0.472222 0.320312 0.471296 0.319792 0.470370 0.319792 0.469444 0.319271 0.468519 0.319271 0.466667 0.318750 0.465741 0.318750 0.462963 0.318229 0.462037 0.318229 0.449074 0.318750 0.448148 0.318750 0.446296 0.319271 0.445370 0.319271 0.443519 0.319792 0.442593 0.319792 0.441667 0.320312 0.440741 0.320312 0.439815 0.320833 0.438889 0.320833 0.437963 0.321875 0.436111 0.321875 0.435185 0.325000 0.429630 0.325521 0.429630 0.327083 0.426852 0.327604 0.426852 0.329167 0.424074 0.329688 0.424074 0.331250 0.421296 0.331771 0.421296 0.333333 0.418519 0.333854 0.418519 0.335417 0.415741 0.335938 0.415741 0.336979 0.413889 0.336979 0.412963 0.336458 0.412963 0.335938 0.412037 0.335417 0.412037 0.334896 0.411111 0.334375 0.411111 0.332813 0.408333 0.332292 0.408333 0.329167 0.402778 0.329167 0.401852 0.327604 0.399074 0.327604 0.398148 0.327083 0.397222 0.327083 0.396296
2 0.446875 0.456019 0.050000 0.091667 0.447396 0.410185 0.442188 0.419444 0.441667 0.419444 0.425000 0.449074 0.425000 0.450000 0.424479 0.450926 0.424479 0.451852 0.423958 0.452778 0.423958 0.453704 0.423438 0.454630 0.423438 0.455556 0.422917 0.456481 0.422917 0.459259 0.422396 0.460185 0.422396 0.463889 0.421875 0.464815 0.421875 0.470370 0.422396 0.471296 0.422396 0.475926 0.422917 0.476852 0.422917 0.478704 0.423438 0.479630 0.423438 0.481481 0.423958 0.482407 0.423958 0.483333 0.425000 0.485185 0.425000 0.486111 0.425521 0.487037 0.425521 0.487963 0.429688 0.495370 0.430208 0.495370 0.431250 0.497222 0.431771 0.497222 0.432292 0.498148 0.432812 0.498148 0.433333 0.499074 0.433854 0.499074 0.434375 0.500000 0.435417 0.500000 0.435937 0.500926 0.436979 0.500926 0.437500 0.501852 0.444792 0.501852 0.445312 0.500926 0.446875 0.500926 0.447396 0.500000 0.448437 0.500000 0.448958 0.499074 0.449479 0.499074 0.450000 0.498148 0.450521 0.498148 0.451042 0.497222 0.451562 0.497222 0.453125 0.494444 0.453646 0.494444 0.454167 0.493519 0.454167 0.492593 0.454688 0.491667 0.454688 0.486111 0.455208 0.485185 0.455208 0.483333 0.455729 0.482407 0.455729 0.480556 0.456250 0.479630 0.456250 0.478704 0.456771 0.477778 0.456771 0.476852 0.457813 0.475000 0.457813 0.474074 0.459896 0.470370 0.459896 0.469444 0.464583 0.461111 0.464583 0.460185 0.468750 0.452778 0.468750 0.451852 0.471875 0.446296 0.468750 0.446296 0.468229 0.447222 0.467187 0.447222 0.466667 0.446296 0.463542 0.446296 0.463021 0.445370 0.461458 0.445370 0.460938 0.444444 0.460417 0.444444 0.459896 0.443519 0.459375 0.443519 0.458854 0.442593 0.458333 0.442593 0.457813 0.441667 0.457292 0.441667 0.456250 0.439815 0.455729 0.439815 0.451042 0.431481 0.451042 0.430556 0.450000 0.428704 0.450000 0.427778 0.449479 0.426852 0.449479 0.425926 0.448958 0.425000 0.448958 0.424074 0.448437 0.423148 0.448437 0.421296 0.447917 0.420370 0.447917 0.417593 0.447396 0.416667
2 0.547917 0.362500 0.095833 0.199074 0.577604 0.262963 0.577083 0.263889 0.576042 0.263889 0.575521 0.264815 0.574479 0.264815 0.573958 0.265741 0.573438 0.265741 0.572396 0.267593 0.571875 0.267593 0.568229 0.274074 0.568229 0.275000 0.564583 0.281481 0.564583 0.282407 0.561458 0.287963 0.561458 0.288889 0.557813 0.295370 0.557813 0.296296 0.554688 0.301852 0.554688 0.302778 0.551042 0.309259 0.551042 0.310185 0.547917 0.315741 0.547917 0.316667 0.544271 0.323148 0.544271 0.324074 0.541146 0.329630 0.541146 0.330556 0.537500 0.337037 0.537500 0.337963 0.534375 0.343519 0.534375 0.344444 0.530729 0.350926 0.530729 0.351852 0.527604 0.357407 0.527604 0.358333 0.523958 0.364815 0.523958 0.365741 0.520833 0.371296 0.520833 0.372222 0.517188 0.378704 0.517188 0.379630 0.514062 0.385185 0.514062 0.386111 0.510417 0.392593 0.510417 0.393519 0.507292 0.399074 0.507292 0.400000 0.504167 0.405556 0.504167 0.406481 0.502604 0.409259 0.502604 0.410185 0.502083 0.411111 0.502083 0.412037 0.501563 0.412963 0.501563 0.413889 0.501042 0.414815 0.501042 0.416667 0.500521 0.417593 0.500521 0.420370 0.500000 0.421296 0.500000 0.433333 0.500521 0.434259 0.500521 0.437037 0.501042 0.437963 0.501042 0.439815 0.501563 0.440741 0.501563 0.441667 0.502083 0.442593 0.502083 0.443519 0.502604 0.444444 0.502604 0.445370 0.503646 0.447222 0.503646 0.448148 0.507812 0.455556 0.508333 0.455556 0.509375 0.457407 0.509896 0.457407 0.510417 0.458333 0.510938 0.458333 0.511458 0.459259 0.511979 0.459259 0.512500 0.460185 0.513542 0.460185 0.514062 0.461111 0.515625 0.461111 0.516146 0.462037 0.522917 0.462037 0.523438 0.461111 0.525000 0.461111 0.525521 0.460185 0.526563 0.460185 0.527083 0.459259 0.527604 0.459259 0.528125 0.458333 0.528646 0.458333 0.529167 0.457407 0.529687 0.457407 0.530729 0.455556 0.531250 0.455556 0.534896 0.449074 0.534896 0.448148 0.536458 0.445370 0.536458 0.444444 0.537500 0.442593 0.537500 0.441667 0.539062 0.438889 0.539062 0.437963 0.540625 0.435185 0.540625 0.434259 0.541667 0.432407 0.541667 0.431481 0.543229 0.428704 0.543229 0.427778 0.544271 0.425926 0.544271 0.425000 0.545833 0.422222 0.545833 0.421296 0.547396 0.418519 0.547396 0.417593 0.548438 0.415741 0.548438 0.414815 0.550000 0.412037 0.550000 0.411111 0.551042 0.409259 0.551042 0.408333 0.552604 0.405556 0.552604 0.404630 0.554167 0.401852 0.554167 0.400926 0.555208 0.399074 0.555208 0.398148 0.556771 0.395370 0.556771 0.394444 0.557813 0.392593 0.557813 0.391667 0.559375 0.388889 0.559375 0.387963 0.560937 0.385185 0.560937 0.384259 0.561979 0.382407 0.561979 0.381481 0.563542 0.378704 0.563542 0.377778 0.564583 0.375926 0.564583 0.375000 0.566146 0.372222 0.566146 0.371296 0.567708 0.368519 0.567708 0.367593 0.568750 0.365741 0.568750 0.364815 0.570312 0.362037 0.570312 0.361111 0.571354 0.359259 0.571354 0.358333 0.572917 0.355556 0.572917 0.354630 0.574479 0.351852 0.574479 0.350926 0.575521 0.349074 0.575521 0.348148 0.577083 0.345370 0.577083 0.344444 0.578125 0.342593 0.578125 0.341667 0.579688 0.338889 0.579688 0.337963 0.581250 0.335185 0.581250 0.334259 0.582292 0.332407 0.582292 0.331481 0.583854 0.328704 0.583854 0.327778 0.584896 0.325926 0.584896 0.325000 0.586458 0.322222 0.586458 0.321296 0.588021 0.318519 0.588021 0.317593 0.589063 0.315741 0.589063 0.314815 0.590625 0.312037 0.590625 0.311111 0.591667 0.309259 0.591667 0.308333 0.593229 0.305556 0.593229 0.304630 0.594271 0.302778 0.594271 0.301852 0.594792 0.300926 0.594792 0.299074 0.595313 0.298148 0.595313 0.296296 0.595833 0.295370 0.595833 0.283333 0.595313 0.282407 0.595313 0.280556 0.594792 0.279630 0.594792 0.278704 0.594271 0.277778 0.594271 0.276852 0.593750 0.275926 0.593750 0.275000 0.592708 0.273148 0.592708 0.272222 0.590625 0.268519 0.590104 0.268519 0.589063 0.266667 0.588542 0.266667 0.588021 0.265741 0.587500 0.265741 0.586979 0.264815 0.586458 0.264815 0.585938 0.263889 0.584896 0.263889 0.584375 0.262963