2 0.336979 0.571759 0.042708 0.189815 0.348958 0.479630 0.348438 0.480556 0.348438 0.481481 0.347917 0.482407 0.347917 0.483333 0.347396 0.484259 0.347396 0.485185 0.344271 0.490741 0.344271 0.491667 0.343750 0.492593 0.343750 0.497222 0.343229 0.498148 0.343229 0.503704 0.342708 0.504630 0.342708 0.510185 0.342187 0.511111 0.342187 0.516667 0.341667 0.517593 0.341667 0.523148 0.341146 0.524074 0.341146 0.529630 0.340625 0.530556 0.340625 0.537037 0.340104 0.537963 0.340104 0.542593 0.339583 0.543519 0.339583 0.547222 0.339062 0.548148 0.339062 0.550000 0.338542 0.550926 0.338542 0.551852 0.338021 0.552778 0.338021 0.553704 0.336979 0.555556 0.336979 0.556481 0.331771 0.565741 0.331250 0.565741 0.330208 0.567593 0.329688 0.567593 0.329167 0.568519 0.328125 0.568519 0.327604 0.569444 0.326562 0.569444 0.326042 0.570370 0.323958 0.570370 0.323437 0.571296 0.321875 0.571296 0.320833 0.573148 0.320833 0.575000 0.320312 0.575926 0.320312 0.579630 0.319792 0.580556 0.319792 0.585185 0.319271 0.586111 0.319271 0.589815 0.318750 0.590741 0.318750 0.595370 0.318229 0.596296 0.318229 0.600000 0.317708 0.600926 0.317708 0.605556 0.317188 0.606481 0.317188 0.610185 0.316667 0.611111 0.316667 0.615741 0.316146 0.616667 0.316146 0.620370 0.315625 0.621296 0.315625 0.641667 0.316146 0.642593 0.316146 0.643519 0.316667 0.644444 0.316667 0.646296 0.317188 0.647222 0.317188 0.648148 0.317708 0.649074 0.317708 0.650000 0.318750 0.651852 0.318750 0.652778 0.320312 0.655556 0.320312 0.656481 0.320833 0.657407 0.321354 0.657407 0.323437 0.661111 0.323958 0.661111 0.324479 0.662037 0.325000 0.662037 0.325521 0.662963 0.326042 0.662963 0.326562 0.663889 0.327083 0.663889 0.327604 0.664815 0.328125 0.664815 0.328646 0.665741 0.329688 0.665741 0.330208 0.666667 0.341146 0.666667 0.341667 0.665741 0.342708 0.665741 0.343229 0.664815 0.343750 0.664815 0.344271 0.663889 0.344792 0.663889 0.345313 0.662963 0.345833 0.662963 0.346875 0.661111 0.347396 0.661111 0.348438 0.659259 0.348958 0.659259 0.351562 0.654630 0.351562 0.653704 0.352604 0.651852 0.352604 0.650926 0.353125 0.650000 0.353125 0.649074 0.353646 0.648148 0.353646 0.647222 0.354167 0.646296 0.354167 0.645370 0.354687 0.644444 0.354687 0.643519 0.355208 0.642593 0.355208 0.638889 0.355729 0.637963 0.355729 0.631481 0.356250 0.630556 0.356250 0.622222 0.356771 0.621296 0.356771 0.612037 0.357292 0.611111 0.357292 0.601852 0.357812 0.600926 0.357812 0.591667 0.358333 0.590741 0.358333 0.576852 0.357812 0.575926 0.356771 0.575926 0.356250 0.575000 0.355729 0.575000 0.355208 0.574074 0.354687 0.574074 0.353125 0.571296 0.352604 0.571296 0.348438 0.563889 0.348438 0.562963 0.347396 0.561111 0.347396 0.560185 0.346875 0.559259 0.346875 0.558333 0.346354 0.557407 0.346354 0.556481 0.345833 0.555556 0.345833 0.552778 0.345313 0.551852 0.345313 0.534259 0.345833 0.533333 0.345833 0.527778 0.346354 0.526852 0.346354 0.520370 0.346875 0.519444 0.346875 0.512963 0.347396 0.512037 0.347396 0.505556 0.347917 0.504630 0.347917 0.498148 0.348438 0.497222 0.348438 0.491667 0.348958 0.490741
2 0.460156 0.655556 0.041146 0.125926 0.456771 0.592593 0.456771 0.597222 0.457292 0.598148 0.457292 0.604630 0.457813 0.605556 0.457813 0.611111 0.458333 0.612037 0.458333 0.625000 0.457813 0.625926 0.457813 0.628704 0.457292 0.629630 0.457292 0.631481 0.456771 0.632407 0.456771 0.633333 0.456250 0.634259 0.456250 0.635185 0.455729 0.636111 0.455729 0.637037 0.454167 0.639815 0.454167 0.640741 0.451042 0.646296 0.450521 0.646296 0.448958 0.649074 0.448437 0.649074 0.447917 0.650000 0.447396 0.650000 0.446875 0.650926 0.446354 0.650926 0.445833 0.651852 0.444792 0.651852 0.444271 0.652778 0.443229 0.652778 0.442708 0.653704 0.440104 0.653704 0.439583 0.654630 0.439583 0.657407 0.440104 0.658333 0.440104 0.667593 0.440625 0.668519 0.440625 0.677778 0.441146 0.678704 0.441146 0.687963 0.441667 0.688889 0.441667 0.693519 0.442188 0.694444 0.442188 0.696296 0.442708 0.697222 0.442708 0.698148 0.443229 0.699074 0.443229 0.700000 0.443750 0.700926 0.443750 0.701852 0.444271 0.702778 0.444271 0.703704 0.445833 0.706481 0.445833 0.707407 0.447396 0.710185 0.447917 0.710185 0.449479 0.712963 0.450000 0.712963 0.450521 0.713889 0.451042 0.713889 0.452083 0.715741 0.453125 0.715741 0.453646 0.716667 0.454688 0.716667 0.455208 0.717593 0.456250 0.717593 0.456771 0.718519 0.464583 0.718519 0.465104 0.717593 0.466667 0.717593 0.467187 0.716667 0.468229 0.716667 0.468750 0.715741 0.469271 0.715741 0.469792 0.714815 0.470313 0.714815 0.470833 0.713889 0.471354 0.713889 0.472396 0.712037 0.472917 0.712037 0.476562 0.705556 0.476562 0.704630 0.477604 0.702778 0.477604 0.701852 0.478646 0.700000 0.478646 0.699074 0.479167 0.698148 0.479167 0.696296 0.479687 0.695370 0.479687 0.693519 0.480208 0.692593 0.480208 0.687963 0.480729 0.687037 0.480729 0.682407 0.480208 0.681481 0.480208 0.675926 0.479687 0.675000 0.479687 0.670370 0.479167 0.669444 0.479167 0.664815 0.478646 0.663889 0.478646 0.662963 0.478125 0.662963 0.477604 0.662037 0.476562 0.662037 0.476042 0.661111 0.475521 0.661111 0.475000 0.660185 0.474479 0.660185 0.473958 0.659259 0.473438 0.659259 0.471875 0.656481 0.471354 0.656481 0.468229 0.650926 0.468229 0.650000 0.467187 0.648148 0.467187 0.647222 0.466146 0.645370 0.466146 0.644444 0.465625 0.643519 0.465625 0.641667 0.465104 0.640741 0.465104 0.639815 0.464583 0.638889 0.464583 0.635185 0.464062 0.634259 0.464062 0.629630 0.463542 0.628704 0.463542 0.623148 0.463021 0.622222 0.463021 0.616667 0.462500 0.615741 0.462500 0.610185 0.461979 0.609259 0.461979 0.603704 0.461458 0.602778 0.461458 0.597222 0.460938 0.596296 0.460938 0.593519 0.457813 0.593519 0.457292 0.592593
2 0.739844 0.493519 0.109896 0.235185 0.686458 0.375926 0.685937 0.376852 0.684896 0.376852 0.685417 0.377778 0.685417 0.378704 0.689583 0.386111 0.689583 0.387037 0.693229 0.393519 0.693229 0.394444 0.697396 0.401852 0.697396 0.402778 0.701562 0.410185 0.701562 0.411111 0.705208 0.417593 0.705208 0.418519 0.709375 0.425926 0.709375 0.426852 0.713021 0.433333 0.713021 0.434259 0.717187 0.441667 0.717187 0.442593 0.721354 0.450000 0.721354 0.450926 0.725000 0.457407 0.725000 0.458333 0.729167 0.465741 0.729167 0.466667 0.733333 0.474074 0.733333 0.475000 0.736979 0.481481 0.736979 0.482407 0.741146 0.489815 0.741146 0.490741 0.744792 0.497222 0.744792 0.498148 0.748958 0.505556 0.748958 0.506481 0.753125 0.513889 0.753125 0.514815 0.755729 0.519444 0.755729 0.520370 0.756771 0.522222 0.756771 0.523148 0.757292 0.524074 0.757292 0.525000 0.757812 0.525926 0.757812 0.526852 0.758333 0.527778 0.758333 0.529630 0.758854 0.530556 0.758854 0.533333 0.759375 0.534259 0.759375 0.544444 0.758854 0.545370 0.758854 0.549074 0.758333 0.550000 0.758333 0.551852 0.757812 0.552778 0.757812 0.553704 0.757292 0.554630 0.757292 0.555556 0.756771 0.556481 0.756771 0.557407 0.756250 0.558333 0.756250 0.559259 0.754687 0.562037 0.754687 0.562963 0.752083 0.567593 0.751563 0.567593 0.750000 0.570370 0.749479 0.570370 0.748958 0.571296 0.748437 0.571296 0.747917 0.572222 0.748437 0.573148 0.748437 0.574074 0.750521 0.577778 0.750521 0.578704 0.753125 0.583333 0.753125 0.584259 0.755208 0.587963 0.755208 0.588889 0.757292 0.592593 0.757292 0.593519 0.759896 0.598148 0.759896 0.599074 0.762500 0.603704 0.763021 0.603704 0.764062 0.605556 0.764583 0.605556 0.765104 0.606481 0.765625 0.606481 0.766146 0.607407 0.766667 0.607407 0.767188 0.608333 0.768229 0.608333 0.768750 0.609259 0.769792 0.609259 0.770312 0.610185 0.773958 0.610185 0.774479 0.611111 0.775000 0.610185 0.778646 0.610185 0.779167 0.609259 0.780729 0.609259 0.781250 0.608333 0.782292 0.608333 0.782813 0.607407 0.783333 0.607407 0.783854 0.606481 0.784375 0.606481 0.785417 0.604630 0.785937 0.604630 0.786979 0.602778 0.787500 0.602778 0.790104 0.598148 0.790104 0.597222 0.791667 0.594444 0.791667 0.593519 0.792188 0.592593 0.792188 0.591667 0.792708 0.590741 0.792708 0.589815 0.793229 0.588889 0.793229 0.587963 0.793750 0.587037 0.793750 0.585185 0.794271 0.584259 0.794271 0.580556 0.794792 0.579630 0.794792 0.571296 0.794271 0.570370 0.794271 0.566667 0.793750 0.565741 0.793750 0.563889 0.793229 0.562963 0.793229 0.562037 0.792708 0.561111 0.792708 0.560185 0.792188 0.559259 0.792188 0.558333 0.791667 0.557407 0.791667 0.556481 0.789583 0.552778 0.789583 0.551852 0.782813 0.539815 0.782813 0.538889 0.775521 0.525926 0.775521 0.525000 0.770833 0.516667 0.765625 0.516667 0.765104 0.515741 0.763542 0.515741 0.763021 0.514815 0.762500 0.514815 0.761979 0.513889 0.761458 0.513889 0.760938 0.512963 0.760417 0.512963 0.759896 0.512037 0.759375 0.512037 0.758333 0.510185 0.757812 0.510185 0.752604 0.500926 0.752604 0.500000 0.747917 0.491667 0.747917 0.490741 0.743229 0.482407 0.743229 0.481481 0.738542 0.473148 0.738542 0.472222 0.733333 0.462963 0.733333 0.462037 0.728646 0.453704 0.728646 0.452778 0.723958 0.444444 0.723958 0.443519 0.718750 0.434259 0.718750 0.433333 0.714063 0.425000 0.714063 0.424074 0.709375 0.415741 0.709375 0.414815 0.704688 0.406481 0.704688 0.405556 0.699479 0.396296 0.699479 0.395370 0.694792 0.387037 0.694792 0.386111 0.690104 0.377778 0.690104 0.376852 0.689583 0.375926
2 0.459635 0.475463 0.043229 0.234259 0.446354 0.358333 0.445833 0.359259 0.443750 0.359259 0.443750 0.362963 0.444271 0.363889 0.444271 0.369444 0.444792 0.370370 0.444792 0.375926 0.445312 0.376852 0.445312 0.382407 0.445833 0.383333 0.445833 0.389815 0.446354 0.390741 0.446354 0.396296 0.446875 0.397222 0.446875 0.402778 0.447396 0.403704 0.447396 0.409259 0.447917 0.410185 0.447917 0.415741 0.448437 0.416667 0.448437 0.422222 0.448958 0.423148 0.448958 0.428704 0.449479 0.429630 0.449479 0.435185 0.450000 0.436111 0.450000 0.441667 0.450521 0.442593 0.450521 0.448148 0.451042 0.449074 0.451042 0.454630 0.451562 0.455556 0.451562 0.461111 0.452083 0.462037 0.452083 0.467593 0.452604 0.468519 0.452604 0.475000 0.452083 0.475926 0.452083 0.479630 0.451562 0.480556 0.451562 0.483333 0.451042 0.484259 0.451042 0.485185 0.450521 0.486111 0.450521 0.487037 0.450000 0.487963 0.450000 0.488889 0.449479 0.489815 0.449479 0.490741 0.447917 0.493519 0.447917 0.494444 0.445833 0.498148 0.445312 0.498148 0.443750 0.500926 0.443229 0.500926 0.442188 0.502778 0.441667 0.502778 0.441146 0.503704 0.440625 0.503704 0.440104 0.504630 0.439063 0.504630 0.438542 0.505556 0.438021 0.505556 0.438021 0.506481 0.438542 0.507407 0.438542 0.515741 0.439063 0.516667 0.439063 0.525000 0.439583 0.525926 0.439583 0.535185 0.440104 0.536111 0.440104 0.544444 0.440625 0.545370 0.440625 0.553704 0.441146 0.554630 0.441146 0.562963 0.441667 0.563889 0.441667 0.566667 0.442188 0.567593 0.442188 0.569444 0.442708 0.570370 0.442708 0.572222 0.443229 0.573148 0.443229 0.574074 0.443750 0.575000 0.443750 0.575926 0.444792 0.577778 0.444792 0.578704 0.448958 0.586111 0.449479 0.586111 0.450521 0.587963 0.451042 0.587963 0.451562 0.588889 0.452083 0.588889 0.452604 0.589815 0.453646 0.589815 0.454167 0.590741 0.455208 0.590741 0.455729 0.591667 0.457292 0.591667 0.457813 0.592593 0.464062 0.592593 0.464583 0.591667 0.466667 0.591667 0.467187 0.590741 0.468229 0.590741 0.468750 0.589815 0.469271 0.589815 0.469792 0.588889 0.470313 0.588889 0.470833 0.587963 0.471354 0.587963 0.472396 0.586111 0.472917 0.586111 0.474479 0.583333 0.475000 0.583333 0.475521 0.582407 0.475521 0.581481 0.477604 0.577778 0.477604 0.576852 0.478646 0.575000 0.478646 0.574074 0.479167 0.573148 0.479167 0.572222 0.479687 0.571296 0.479687 0.569444 0.480208 0.568519 0.480208 0.566667 0.480729 0.565741 0.480729 0.561111 0.481250 0.560185 0.481250 0.554630 0.480729 0.553704 0.480729 0.549074 0.480208 0.548148 0.480208 0.544444 0.479687 0.543519 0.479687 0.539815 0.479167 0.538889 0.479167 0.535185 0.478646 0.534259 0.478646 0.530556 0.477604 0.530556 0.477083 0.529630 0.476562 0.529630 0.476042 0.528704 0.475521 0.528704 0.475000 0.527778 0.474479 0.527778 0.473958 0.526852 0.473438 0.526852 0.472396 0.525000 0.471875 0.525000 0.468229 0.518519 0.468229 0.517593 0.467187 0.515741 0.467187 0.514815 0.466667 0.513889 0.466667 0.512963 0.466146 0.512037 0.466146 0.511111 0.465625 0.510185 0.465625 0.509259 0.465104 0.508333 0.465104 0.506481 0.464583 0.505556 0.464583 0.501852 0.464062 0.500926 0.464062 0.496296 0.463542 0.495370 0.463542 0.490741 0.463021 0.489815 0.463021 0.485185 0.462500 0.484259 0.462500 0.480556 0.461979 0.479630 0.461979 0.475000 0.461458 0.474074 0.461458 0.469444 0.460938 0.468519 0.460938 0.463889 0.460417 0.462963 0.460417 0.458333 0.459896 0.457407 0.459896 0.452778 0.459375 0.451852 0.459375 0.447222 0.458854 0.446296 0.458854 0.442593 0.458333 0.441667 0.458333 0.437037 0.456771 0.434259 0.456771 0.433333 0.455208 0.430556 0.455208 0.429630 0.454688 0.428704 0.454688 0.427778 0.454167 0.426852 0.454167 0.425926 0.453646 0.425000 0.453646 0.423148 0.453125 0.422222 0.453125 0.419444 0.452604 0.418519 0.452604 0.413889 0.452083 0.412963 0.452083 0.407407 0.451562 0.406481 0.451562 0.401852 0.451042 0.400926 0.451042 0.396296 0.450521 0.395370 0.450521 0.389815 0.450000 0.388889 0.450000 0.384259 0.449479 0.383333 0.449479 0.378704 0.448958 0.377778 0.448958 0.373148 0.448437 0.372222 0.448437 0.366667 0.447917 0.365741 0.447917 0.361111 0.447396 0.360185 0.447396 0.358333
2 0.703906 0.460648 0.109896 0.228704 0.658854 0.346296 0.658333 0.347222 0.657292 0.347222 0.656771 0.348148 0.655729 0.348148 0.655208 0.349074 0.654687 0.349074 0.654167 0.350000 0.653646 0.350000 0.653125 0.350926 0.653125 0.356481 0.652604 0.357407 0.652604 0.361111 0.652083 0.362037 0.652083 0.363889 0.651563 0.364815 0.651563 0.365741 0.651042 0.366667 0.651042 0.367593 0.650521 0.368519 0.650521 0.369444 0.650000 0.370370 0.650000 0.371296 0.648958 0.373148 0.648958 0.374074 0.650521 0.376852 0.650521 0.377778 0.652604 0.381481 0.652604 0.382407 0.654687 0.386111 0.654687 0.387037 0.656250 0.389815 0.656250 0.390741 0.657292 0.392593 0.657292 0.393519 0.657813 0.394444 0.657813 0.395370 0.658333 0.396296 0.658333 0.397222 0.658854 0.398148 0.658854 0.400000 0.659375 0.400926 0.659375 0.403704 0.659896 0.404630 0.659896 0.413889 0.661458 0.416667 0.661458 0.417593 0.663021 0.420370 0.663021 0.421296 0.664583 0.424074 0.664583 0.425000 0.666146 0.427778 0.666146 0.428704 0.667708 0.431481 0.667708 0.432407 0.669271 0.435185 0.669271 0.436111 0.670833 0.438889 0.670833 0.439815 0.672917 0.443519 0.672917 0.444444 0.674479 0.447222 0.674479 0.448148 0.676042 0.450926 0.676042 0.451852 0.677604 0.454630 0.677604 0.455556 0.679167 0.458333 0.679167 0.459259 0.680729 0.462037 0.680729 0.462963 0.682292 0.465741 0.682292 0.466667 0.684375 0.470370 0.684375 0.471296 0.685937 0.474074 0.685937 0.475000 0.687500 0.477778 0.687500 0.478704 0.689063 0.481481 0.689063 0.482407 0.690625 0.485185 0.690625 0.486111 0.692187 0.488889 0.692187 0.489815 0.693750 0.492593 0.693750 0.493519 0.695833 0.497222 0.695833 0.498148 0.697396 0.500926 0.697396 0.501852 0.698958 0.504630 0.698958 0.505556 0.700521 0.508333 0.700521 0.509259 0.702083 0.512037 0.702083 0.512963 0.703646 0.515741 0.703646 0.516667 0.705208 0.519444 0.705208 0.520370 0.707292 0.524074 0.707292 0.525000 0.708854 0.527778 0.708854 0.528704 0.710417 0.531481 0.710417 0.532407 0.711979 0.535185 0.711979 0.536111 0.713542 0.538889 0.713542 0.539815 0.715104 0.542593 0.715104 0.543519 0.716667 0.546296 0.716667 0.547222 0.718750 0.550926 0.718750 0.551852 0.720313 0.554630 0.720313 0.555556 0.721875 0.558333 0.721875 0.559259 0.723437 0.562037 0.723437 0.562963 0.726562 0.568519 0.727083 0.568519 0.728125 0.570370 0.728646 0.570370 0.729167 0.571296 0.729688 0.571296 0.730208 0.572222 0.730729 0.572222 0.731250 0.573148 0.732292 0.573148 0.732812 0.574074 0.734375 0.574074 0.734896 0.575000 0.742708 0.575000 0.743229 0.574074 0.744271 0.574074 0.744792 0.573148 0.745833 0.573148 0.746354 0.572222 0.746875 0.572222 0.747396 0.571296 0.747917 0.571296 0.748437 0.570370 0.748958 0.570370 0.749479 0.569444 0.750000 0.569444 0.751563 0.566667 0.752083 0.566667 0.754167 0.562963 0.754167 0.562037 0.755729 0.559259 0.755729 0.558333 0.756250 0.557407 0.756250 0.556481 0.756771 0.555556 0.756771 0.554630 0.757292 0.553704 0.757292 0.552778 0.757812 0.551852 0.757812 0.550000 0.758333 0.549074 0.758333 0.545370 0.758854 0.544444 0.758854 0.534259 0.758333 0.533333 0.758333 0.530556 0.757812 0.529630 0.757812 0.527778 0.757292 0.526852 0.757292 0.525926 0.756771 0.525000 0.756771 0.524074 0.756250 0.523148 0.756250 0.522222 0.755208 0.520370 0.755208 0.519444 0.752604 0.514815 0.752604 0.513889 0.748437 0.506481 0.748437 0.505556 0.744271 0.498148 0.744271 0.497222 0.740625 0.490741 0.740625 0.489815 0.736458 0.482407 0.736458 0.481481 0.732812 0.475000 0.732812 0.474074 0.728646 0.466667 0.728646 0.465741 0.724479 0.458333 0.724479 0.457407 0.720833 0.450926 0.720833 0.450000 0.716667 0.442593 0.716667 0.441667 0.712500 0.434259 0.712500 0.433333 0.708854 0.426852 0.708854 0.425926 0.704688 0.418519 0.704688 0.417593 0.701042 0.411111 0.701042 0.410185 0.696875 0.402778 0.696875 0.401852 0.692708 0.394444 0.692708 0.393519 0.689063 0.387037 0.689063 0.386111 0.684896 0.378704 0.684896 0.377778 0.680729 0.370370 0.680729 0.369444 0.677083 0.362963 0.677083 0.362037 0.672917 0.354630 0.672917 0.353704 0.672396 0.352778 0.671875 0.352778 0.670312 0.350000 0.669792 0.350000 0.669271 0.349074 0.668750 0.349074 0.668229 0.348148 0.667708 0.348148 0.667188 0.347222 0.665625 0.347222 0.665104 0.346296
2 0.232292 0.387037 0.077083 0.211111 0.252083 0.281481 0.251563 0.282407 0.250521 0.282407 0.250000 0.283333 0.248958 0.283333 0.248438 0.284259 0.247917 0.284259 0.246875 0.286111 0.246354 0.286111 0.243229 0.291667 0.243229 0.292593 0.242188 0.294444 0.242188 0.295370 0.241667 0.296296 0.241667 0.297222 0.241146 0.298148 0.241146 0.299074 0.240104 0.300926 0.240104 0.301852 0.239583 0.302778 0.239583 0.303704 0.239063 0.304630 0.239063 0.305556 0.238021 0.307407 0.238021 0.308333 0.237500 0.309259 0.237500 0.310185 0.236979 0.311111 0.236979 0.312037 0.235937 0.313889 0.235937 0.314815 0.235417 0.315741 0.235417 0.316667 0.234896 0.317593 0.234896 0.318519 0.233854 0.320370 0.233854 0.321296 0.233333 0.322222 0.233333 0.323148 0.232813 0.324074 0.232813 0.325000 0.232292 0.325926 0.232292 0.326852 0.231250 0.328704 0.231250 0.329630 0.230729 0.330556 0.230729 0.331481 0.230208 0.332407 0.230208 0.333333 0.229167 0.335185 0.229167 0.336111 0.228646 0.337037 0.228646 0.337963 0.228125 0.338889 0.228125 0.339815 0.227083 0.341667 0.227083 0.342593 0.226562 0.343519 0.226562 0.344444 0.226042 0.345370 0.226042 0.346296 0.225521 0.347222 0.225521 0.348148 0.224479 0.350000 0.224479 0.350926 0.223958 0.351852 0.223958 0.352778 0.223438 0.353704 0.223438 0.354630 0.222396 0.356481 0.222396 0.357407 0.221875 0.358333 0.221875 0.359259 0.221354 0.360185 0.221354 0.361111 0.220312 0.362963 0.220312 0.363889 0.219792 0.364815 0.219792 0.365741 0.219271 0.366667 0.219271 0.367593 0.218229 0.369444 0.218229 0.370370 0.217708 0.371296 0.217708 0.372222 0.217188 0.373148 0.217188 0.374074 0.216667 0.375000 0.216667 0.375926 0.215625 0.377778 0.215625 0.378704 0.215104 0.379630 0.215104 0.380556 0.214583 0.381481 0.214583 0.382407 0.213542 0.384259 0.213542 0.385185 0.213021 0.386111 0.213021 0.387037 0.212500 0.387963 0.212500 0.388889 0.211458 0.390741 0.211458 0.391667 0.210938 0.392593 0.210938 0.393519 0.210417 0.394444 0.210417 0.395370 0.209896 0.396296 0.209896 0.397222 0.208854 0.399074 0.208854 0.400000 0.208333 0.400926 0.208333 0.401852 0.207813 0.402778 0.207813 0.403704 0.206771 0.405556 0.206771 0.406481 0.206250 0.407407 0.206250 0.408333 0.205729 0.409259 0.205729 0.410185 0.204687 0.412037 0.204687 0.412963 0.204167 0.413889 0.204167 0.414815 0.203646 0.415741 0.203646 0.416667 0.202604 0.418519 0.202604 0.419444 0.202083 0.420370 0.202083 0.421296 0.201563 0.422222 0.201563 0.423148 0.201042 0.424074 0.201042 0.425000 0.200000 0.426852 0.200000 0.427778 0.199479 0.428704 0.199479 0.429630 0.198958 0.430556 0.198958 0.431481 0.197917 0.433333 0.197917 0.434259 0.197396 0.435185 0.197396 0.436111 0.196875 0.437037 0.196875 0.437963 0.195833 0.439815 0.195833 0.440741 0.195312 0.441667 0.195312 0.442593 0.194792 0.443519 0.194792 0.445370 0.194271 0.446296 0.194271 0.449074 0.193750 0.450000 0.193750 0.463889 0.194271 0.464815 0.194271 0.467593 0.194792 0.468519 0.194792 0.470370 0.195312 0.471296 0.195312 0.472222 0.195833 0.473148 0.195833 0.474074 0.196875 0.475926 0.196875 0.476852 0.198437 0.479630 0.198437 0.480556 0.200000 0.483333 0.200521 0.483333 0.202083 0.486111 0.202604 0.486111 0.203646 0.487963 0.204167 0.487963 0.204687 0.488889 0.205729 0.488889 0.206250 0.489815 0.206771 0.489815 0.207292 0.490741 0.208854 0.490741 0.209375 0.491667 0.211458 0.491667 0.211979 0.492593 0.215625 0.492593 0.216146 0.491667 0.218750 0.491667 0.219271 0.490741 0.220312 0.490741 0.220833 0.489815 0.221875 0.489815 0.222396 0.488889 0.222917 0.488889 0.223958 0.487037 0.224479 0.487037 0.225000 0.486111 0.225521 0.486111 0.230208 0.477778 0.230208 0.476852 0.230729 0.475926 0.230729 0.475000 0.231250 0.474074 0.231250 0.473148 0.231771 0.472222 0.231771 0.471296 0.232292 0.470370 0.232292 0.469444 0.232813 0.468519 0.232813 0.467593 0.233333 0.466667 0.233333 0.465741 0.233854 0.464815 0.233854 0.462963 0.234375 0.462037 0.234375 0.461111 0.234896 0.460185 0.234896 0.459259 0.235417 0.458333 0.235417 0.456481 0.235937 0.455556 0.235937 0.454630 0.236458 0.453704 0.236458 0.452778 0.236979 0.451852 0.236979 0.450926 0.237500 0.450000 0.237500 0.448148 0.238021 0.447222 0.238021 0.446296 0.238542 0.445370 0.238542 0.444444 0.239063 0.443519 0.239063 0.442593 0.239583 0.441667 0.239583 0.439815 0.240104 0.438889 0.240104 0.437963 0.240625 0.437037 0.240625 0.436111 0.241146 0.435185 0.241146 0.434259 0.241667 0.433333 0.241667 0.431481 0.242188 0.430556 0.242188 0.429630 0.242708 0.428704 0.242708 0.427778 0.243229 0.426852 0.243229 0.425926 0.243750 0.425000 0.243750 0.423148 0.244271 0.422222 0.244271 0.421296 0.244792 0.420370 0.244792 0.419444 0.245312 0.418519 0.245312 0.417593 0.245833 0.416667 0.245833 0.414815 0.246354 0.413889 0.246354 0.412963 0.246875 0.412037 0.246875 0.411111 0.247396 0.410185 0.247396 0.409259 0.247917 0.408333 0.247917 0.406481 0.248438 0.405556 0.248438 0.404630 0.248958 0.403704 0.248958 0.402778 0.249479 0.401852 0.249479 0.400000 0.250000 0.399074 0.250000 0.398148 0.250521 0.397222 0.250521 0.396296 0.251042 0.395370 0.251042 0.394444 0.251563 0.393519 0.251563 0.391667 0.252083 0.390741 0.252083 0.389815 0.252604 0.388889 0.252604 0.387963 0.253125 0.387037 0.253125 0.386111 0.253646 0.385185 0.253646 0.383333 0.254167 0.382407 0.254167 0.381481 0.254688 0.380556 0.254688 0.379630 0.255208 0.378704 0.255208 0.377778 0.255729 0.376852 0.255729 0.375000 0.256250 0.374074 0.256250 0.373148 0.256771 0.372222 0.256771 0.371296 0.257292 0.370370 0.257292 0.369444 0.257812 0.368519 0.257812 0.366667 0.258333 0.365741 0.258333 0.364815 0.258854 0.363889 0.258854 0.362963 0.259375 0.362037 0.259375 0.361111 0.259896 0.360185 0.259896 0.358333 0.260417 0.357407 0.260417 0.356481 0.260937 0.355556 0.260937 0.354630 0.261458 0.353704 0.261458 0.351852 0.261979 0.350926 0.261979 0.350000 0.262500 0.349074 0.262500 0.348148 0.263021 0.347222 0.263021 0.346296 0.263542 0.345370 0.263542 0.343519 0.264062 0.342593 0.264062 0.341667 0.264583 0.340741 0.264583 0.339815 0.265104 0.338889 0.265104 0.337963 0.265625 0.337037 0.265625 0.335185 0.266146 0.334259 0.266146 0.333333 0.266667 0.332407 0.266667 0.331481 0.267188 0.330556 0.267188 0.329630 0.267708 0.328704 0.267708 0.326852 0.268229 0.325926 0.268229 0.325000 0.268750 0.324074 0.268750 0.323148 0.269271 0.322222 0.269271 0.321296 0.269792 0.320370 0.269792 0.318519 0.270313 0.317593 0.270313 0.315741 0.270833 0.314815 0.270833 0.301852 0.270313 0.300926 0.270313 0.299074 0.269792 0.298148 0.269792 0.297222 0.269271 0.296296 0.269271 0.295370 0.268750 0.294444 0.268750 0.293519 0.267188 0.290741 0.267188 0.289815 0.266146 0.287963 0.265625 0.287963 0.264062 0.285185 0.263542 0.285185 0.263021 0.284259 0.262500 0.284259 0.261979 0.283333 0.261458 0.283333 0.260937 0.282407 0.259375 0.282407 0.258854 0.281481
2 0.341667 0.325926 0.048958 0.194444 0.348438 0.228704 0.347917 0.229630 0.346354 0.229630 0.345833 0.230556 0.344792 0.230556 0.344271 0.231481 0.343750 0.231481 0.343229 0.232407 0.342708 0.232407 0.341146 0.235185 0.340625 0.235185 0.339062 0.237963 0.339062 0.238889 0.338021 0.240741 0.338021 0.241667 0.336979 0.243519 0.336979 0.245370 0.336458 0.246296 0.336458 0.248148 0.335938 0.249074 0.335938 0.251852 0.335417 0.252778 0.335417 0.255556 0.334896 0.256481 0.334896 0.259259 0.334375 0.260185 0.334375 0.262963 0.333854 0.263889 0.333854 0.266667 0.333333 0.267593 0.333333 0.270370 0.332813 0.271296 0.332813 0.274074 0.332292 0.275000 0.332292 0.277778 0.331771 0.278704 0.331771 0.281481 0.331250 0.282407 0.331250 0.285185 0.330729 0.286111 0.330729 0.288889 0.330208 0.289815 0.330208 0.292593 0.329688 0.293519 0.329688 0.296296 0.329167 0.297222 0.329167 0.300000 0.328646 0.300926 0.328646 0.303704 0.328125 0.304630 0.328125 0.307407 0.327604 0.308333 0.327604 0.311111 0.327083 0.312037 0.327083 0.314815 0.326562 0.315741 0.326562 0.318519 0.326042 0.319444 0.326042 0.322222 0.325521 0.323148 0.325521 0.325926 0.325000 0.326852 0.325000 0.329630 0.324479 0.330556 0.324479 0.333333 0.323958 0.334259 0.323958 0.337037 0.323437 0.337963 0.323437 0.340741 0.322917 0.341667 0.322917 0.344444 0.322396 0.345370 0.322396 0.348148 0.321875 0.349074 0.321875 0.351852 0.321354 0.352778 0.321354 0.355556 0.320833 0.356481 0.320833 0.359259 0.320312 0.360185 0.320312 0.362963 0.319792 0.363889 0.319792 0.366667 0.319271 0.367593 0.319271 0.370370 0.318750 0.371296 0.318750 0.375000 0.318229 0.375926 0.318229 0.378704 0.317708 0.379630 0.317708 0.382407 0.317188 0.383333 0.317188 0.392593 0.317708 0.393519 0.317708 0.397222 0.318229 0.398148 0.318229 0.400000 0.318750 0.400926 0.318750 0.401852 0.319271 0.402778 0.319271 0.403704 0.319792 0.404630 0.319792 0.405556 0.320312 0.406481 0.320312 0.407407 0.321875 0.410185 0.321875 0.411111 0.323958 0.414815 0.324479 0.414815 0.326042 0.417593 0.326562 0.417593 0.327083 0.418519 0.327604 0.418519 0.328125 0.419444 0.328646 0.419444 0.329167 0.420370 0.329688 0.420370 0.330208 0.421296 0.331250 0.421296 0.331771 0.422222 0.333854 0.422222 0.334375 0.423148 0.340104 0.423148 0.340625 0.422222 0.342187 0.422222 0.342708 0.421296 0.343750 0.421296 0.344271 0.420370 0.345313 0.420370 0.345833 0.419444 0.346354 0.419444 0.346875 0.418519 0.347396 0.418519 0.348438 0.416667 0.348958 0.416667 0.353125 0.409259 0.353125 0.408333 0.354167 0.406481 0.354167 0.405556 0.354687 0.404630 0.354687 0.403704 0.355208 0.402778 0.355208 0.401852 0.355729 0.400926 0.355729 0.399074 0.356250 0.398148 0.356250 0.394444 0.356771 0.393519 0.356771 0.387037 0.357292 0.386111 0.357292 0.379630 0.357812 0.378704 0.357812 0.372222 0.358333 0.371296 0.358333 0.364815 0.358854 0.363889 0.358854 0.357407 0.359375 0.356481 0.359375 0.350000 0.359896 0.349074 0.359896 0.342593 0.360417 0.341667 0.360417 0.335185 0.360938 0.334259 0.360938 0.327778 0.361458 0.326852 0.361458 0.320370 0.361979 0.319444 0.361979 0.312963 0.362500 0.312037 0.362500 0.305556 0.363021 0.304630 0.363021 0.298148 0.363542 0.297222 0.363542 0.290741 0.364063 0.289815 0.364063 0.283333 0.364583 0.282407 0.364583 0.275926 0.365104 0.275000 0.365104 0.268519 0.365625 0.267593 0.365625 0.261111 0.366146 0.260185 0.366146 0.251852 0.365625 0.250926 0.365625 0.248148 0.365104 0.247222 0.365104 0.245370 0.364583 0.244444 0.364583 0.243519 0.364063 0.242593 0.364063 0.241667 0.362500 0.238889 0.362500 0.237963 0.360938 0.235185 0.360417 0.235185 0.358854 0.232407 0.358333 0.232407 0.357812 0.231481 0.357292 0.231481 0.356771 0.230556 0.355729 0.230556 0.355208 0.229630 0.353646 0.229630 0.353125 0.228704
2 0.466927 0.345833 0.052604 0.202778 0.453646 0.244444 0.453125 0.245370 0.451562 0.245370 0.451042 0.246296 0.450000 0.246296 0.449479 0.247222 0.448958 0.247222 0.448437 0.248148 0.447917 0.248148 0.446875 0.250000 0.446354 0.250000 0.443229 0.255556 0.443229 0.256481 0.442188 0.258333 0.442188 0.259259 0.441667 0.260185 0.441667 0.262037 0.441146 0.262963 0.441146 0.264815 0.440625 0.265741 0.440625 0.278704 0.441146 0.279630 0.441146 0.284259 0.441667 0.285185 0.441667 0.290741 0.442188 0.291667 0.442188 0.296296 0.442708 0.297222 0.442708 0.301852 0.443229 0.302778 0.443229 0.307407 0.443750 0.308333 0.443750 0.313889 0.444271 0.314815 0.444271 0.319444 0.444792 0.320370 0.444792 0.325000 0.445312 0.325926 0.445312 0.331481 0.445833 0.332407 0.445833 0.337037 0.446354 0.337963 0.446354 0.342593 0.446875 0.343519 0.446875 0.348148 0.447396 0.349074 0.447396 0.354630 0.447917 0.355556 0.447917 0.360185 0.448437 0.361111 0.448437 0.365741 0.448958 0.366667 0.448958 0.372222 0.449479 0.373148 0.449479 0.377778 0.450000 0.378704 0.450000 0.383333 0.450521 0.384259 0.450521 0.388889 0.451042 0.389815 0.451042 0.395370 0.451562 0.396296 0.451562 0.400926 0.452083 0.401852 0.452083 0.406481 0.452604 0.407407 0.452604 0.412963 0.453125 0.413889 0.453125 0.418519 0.453646 0.419444 0.453646 0.422222 0.454167 0.423148 0.454167 0.425000 0.454688 0.425926 0.454688 0.426852 0.455208 0.427778 0.455208 0.428704 0.455729 0.429630 0.455729 0.430556 0.457292 0.433333 0.457292 0.434259 0.460417 0.439815 0.460938 0.439815 0.461979 0.441667 0.462500 0.441667 0.463542 0.443519 0.464583 0.443519 0.465104 0.444444 0.465625 0.444444 0.466146 0.445370 0.467187 0.445370 0.467708 0.446296 0.469792 0.446296 0.470313 0.447222 0.475521 0.447222 0.476042 0.446296 0.478125 0.446296 0.478646 0.445370 0.479687 0.445370 0.480208 0.444444 0.481250 0.444444 0.481771 0.443519 0.482292 0.443519 0.483333 0.441667 0.483854 0.441667 0.484375 0.440741 0.484896 0.440741 0.489583 0.432407 0.489583 0.431481 0.490625 0.429630 0.490625 0.428704 0.491146 0.427778 0.491146 0.426852 0.491667 0.425926 0.491667 0.424074 0.492188 0.423148 0.492188 0.421296 0.492708 0.420370 0.492708 0.416667 0.493229 0.415741 0.493229 0.407407 0.492708 0.406481 0.492708 0.402778 0.492188 0.401852 0.492188 0.400000 0.491667 0.399074 0.491667 0.396296 0.491146 0.395370 0.491146 0.392593 0.490625 0.391667 0.490625 0.389815 0.490104 0.388889 0.490104 0.386111 0.489583 0.385185 0.489583 0.383333 0.489063 0.382407 0.489063 0.379630 0.488542 0.378704 0.488542 0.376852 0.488021 0.375926 0.488021 0.373148 0.487500 0.372222 0.487500 0.370370 0.486979 0.369444 0.486979 0.366667 0.486458 0.365741 0.486458 0.362963 0.485938 0.362037 0.485938 0.360185 0.485417 0.359259 0.485417 0.356481 0.484896 0.355556 0.484896 0.353704 0.484375 0.352778 0.484375 0.350000 0.483854 0.349074 0.483854 0.347222 0.483333 0.346296 0.483333 0.343519 0.482812 0.342593 0.482812 0.339815 0.482292 0.338889 0.482292 0.337037 0.481771 0.336111 0.481771 0.333333 0.481250 0.332407 0.481250 0.330556 0.480729 0.329630 0.480729 0.326852 0.480208 0.325926 0.480208 0.324074 0.479687 0.323148 0.479687 0.320370 0.479167 0.319444 0.479167 0.317593 0.478646 0.316667 0.478646 0.313889 0.478125 0.312963 0.478125 0.310185 0.477604 0.309259 0.477604 0.307407 0.477083 0.306481 0.477083 0.303704 0.476562 0.302778 0.476562 0.300926 0.476042 0.300000 0.476042 0.297222 0.475521 0.296296 0.475521 0.294444 0.475000 0.293519 0.475000 0.290741 0.474479 0.289815 0.474479 0.287963 0.473958 0.287037 0.473958 0.284259 0.473438 0.283333 0.473438 0.280556 0.472917 0.279630 0.472917 0.277778 0.472396 0.276852 0.472396 0.274074 0.471875 0.273148 0.471875 0.271296 0.471354 0.270370 0.471354 0.267593 0.470833 0.266667 0.470833 0.264815 0.470313 0.263889 0.470313 0.262037 0.469792 0.261111 0.469792 0.260185 0.469271 0.259259 0.469271 0.258333 0.468750 0.257407 0.468750 0.256481 0.467187 0.253704 0.467187 0.252778 0.466667 0.251852 0.466146 0.251852 0.464583 0.249074 0.464062 0.249074 0.463021 0.247222 0.461979 0.247222 0.461458 0.246296 0.460938 0.246296 0.460417 0.245370 0.458333 0.245370 0.457813 0.244444
2 0.608333 0.293981 0.088542 0.187963 0.576042 0.200000 0.575521 0.200926 0.574479 0.200926 0.573958 0.201852 0.573438 0.201852 0.572917 0.202778 0.572396 0.202778 0.571875 0.203704 0.571354 0.203704 0.570833 0.204630 0.570312 0.204630 0.567187 0.210185 0.567187 0.211111 0.566146 0.212963 0.566146 0.213889 0.565625 0.214815 0.565625 0.215741 0.565104 0.216667 0.565104 0.218519 0.564583 0.219444 0.564583 0.222222 0.564063 0.223148 0.564063 0.230556 0.564583 0.231481 0.564583 0.235185 0.565104 0.236111 0.565104 0.237037 0.565625 0.237963 0.565625 0.238889 0.566146 0.239815 0.566146 0.240741 0.566667 0.241667 0.566667 0.242593 0.567708 0.244444 0.567708 0.245370 0.568750 0.247222 0.568750 0.248148 0.570312 0.250926 0.570312 0.251852 0.571354 0.253704 0.571354 0.254630 0.572396 0.256481 0.572396 0.257407 0.573438 0.259259 0.573438 0.260185 0.574479 0.262037 0.574479 0.262963 0.575521 0.264815 0.575521 0.265741 0.576562 0.267593 0.576562 0.268519 0.577604 0.270370 0.577604 0.271296 0.578646 0.273148 0.578646 0.274074 0.579688 0.275926 0.579688 0.276852 0.580729 0.278704 0.580729 0.279630 0.581771 0.281481 0.581771 0.282407 0.583333 0.285185 0.583333 0.286111 0.584375 0.287963 0.584375 0.288889 0.585417 0.290741 0.585417 0.291667 0.586458 0.293519 0.586458 0.294444 0.587500 0.296296 0.587500 0.297222 0.588542 0.299074 0.588542 0.300000 0.589583 0.301852 0.589583 0.302778 0.590625 0.304630 0.590625 0.305556 0.591667 0.307407 0.591667 0.308333 0.592708 0.310185 0.592708 0.311111 0.593750 0.312963 0.593750 0.313889 0.595313 0.316667 0.595313 0.317593 0.596354 0.319444 0.596354 0.320370 0.597396 0.322222 0.597396 0.323148 0.598437 0.325000 0.598437 0.325926 0.599479 0.327778 0.599479 0.328704 0.600521 0.330556 0.600521 0.331481 0.601562 0.333333 0.601562 0.334259 0.602604 0.336111 0.602604 0.337037 0.603646 0.338889 0.603646 0.339815 0.604688 0.341667 0.604688 0.342593 0.605729 0.344444 0.605729 0.345370 0.606771 0.347222 0.606771 0.348148 0.608333 0.350926 0.608333 0.351852 0.609375 0.353704 0.609375 0.354630 0.610417 0.356481 0.610417 0.357407 0.611458 0.359259 0.611458 0.360185 0.612500 0.362037 0.612500 0.362963 0.613542 0.364815 0.613542 0.365741 0.614583 0.367593 0.614583 0.368519 0.615625 0.370370 0.615625 0.371296 0.617188 0.374074 0.617188 0.375000 0.620313 0.380556 0.620833 0.380556 0.621875 0.382407 0.622396 0.382407 0.622917 0.383333 0.623437 0.383333 0.623958 0.384259 0.624479 0.384259 0.625000 0.385185 0.625521 0.385185 0.626042 0.386111 0.627604 0.386111 0.628125 0.387037 0.630729 0.387037 0.631250 0.387963 0.633333 0.387963 0.633854 0.387037 0.636979 0.387037 0.637500 0.386111 0.638542 0.386111 0.639062 0.385185 0.640104 0.385185 0.640625 0.384259 0.641146 0.384259 0.641667 0.383333 0.642188 0.383333 0.642708 0.382407 0.643229 0.382407 0.644271 0.380556 0.644792 0.380556 0.648438 0.374074 0.648438 0.373148 0.649479 0.371296 0.649479 0.370370 0.650000 0.369444 0.650000 0.368519 0.650521 0.367593 0.650521 0.366667 0.651042 0.365741 0.651042 0.364815 0.651563 0.363889 0.651563 0.362037 0.652083 0.361111 0.652083 0.357407 0.652604 0.356481 0.652604 0.348148 0.652083 0.347222 0.652083 0.343519 0.651563 0.342593 0.651563 0.340741 0.651042 0.339815 0.651042 0.337963 0.650521 0.337037 0.650521 0.336111 0.650000 0.335185 0.650000 0.334259 0.648958 0.332407 0.648958 0.331481 0.646875 0.327778 0.646875 0.326852 0.643750 0.321296 0.643750 0.320370 0.641146 0.315741 0.641146 0.314815 0.638542 0.310185 0.638542 0.309259 0.635938 0.304630 0.635938 0.303704 0.633333 0.299074 0.633333 0.298148 0.630208 0.292593 0.630208 0.291667 0.627604 0.287037 0.627604 0.286111 0.625000 0.281481 0.625000 0.280556 0.622396 0.275926 0.622396 0.275000 0.619792 0.270370 0.619792 0.269444 0.616667 0.263889 0.616667 0.262963 0.614062 0.258333 0.614062 0.257407 0.611458 0.252778 0.611458 0.251852 0.608854 0.247222 0.608854 0.246296 0.606250 0.241667 0.606250 0.240741 0.603125 0.235185 0.603125 0.234259 0.600521 0.229630 0.600521 0.228704 0.597917 0.224074 0.597917 0.223148 0.595313 0.218519 0.595313 0.217593 0.592187 0.212037 0.592187 0.211111 0.588542 0.204630 0.588021 0.204630 0.586979 0.202778 0.586458 0.202778 0.585938 0.201852 0.584896 0.201852 0.584375 0.200926 0.583333 0.200926 0.582812 0.200000
2 0.364063 0.632407 0.037500 0.109259 0.358854 0.577778 0.358854 0.583333 0.358333 0.584259 0.358333 0.593519 0.357812 0.594444 0.357812 0.603704 0.357292 0.604630 0.357292 0.613889 0.356771 0.614815 0.356771 0.624074 0.356250 0.625000 0.356250 0.633333 0.355729 0.634259 0.355729 0.639815 0.355208 0.640741 0.355208 0.643519 0.354687 0.644444 0.354687 0.645370 0.354167 0.646296 0.354167 0.647222 0.353646 0.648148 0.353646 0.649074 0.353125 0.650000 0.353125 0.650926 0.352083 0.652778 0.352083 0.653704 0.348438 0.660185 0.347917 0.660185 0.346875 0.662037 0.346354 0.662037 0.345313 0.663889 0.345833 0.664815 0.345833 0.666667 0.346354 0.667593 0.346354 0.668519 0.346875 0.669444 0.346875 0.670370 0.347396 0.671296 0.347396 0.672222 0.348958 0.675000 0.348958 0.675926 0.350521 0.678704 0.351042 0.678704 0.352604 0.681481 0.353125 0.681481 0.354167 0.683333 0.354687 0.683333 0.355208 0.684259 0.356250 0.684259 0.356771 0.685185 0.357292 0.685185 0.357812 0.686111 0.359375 0.686111 0.359896 0.687037 0.367188 0.687037 0.367708 0.686111 0.369271 0.686111 0.369792 0.685185 0.370833 0.685185 0.371354 0.684259 0.371875 0.684259 0.372396 0.683333 0.372917 0.683333 0.373437 0.682407 0.373958 0.682407 0.375000 0.680556 0.375521 0.680556 0.378646 0.675000 0.378646 0.674074 0.379688 0.672222 0.379688 0.671296 0.380729 0.669444 0.380729 0.668519 0.381250 0.667593 0.381250 0.665741 0.381771 0.664815 0.381771 0.662963 0.382292 0.662037 0.382292 0.656481 0.382812 0.655556 0.382812 0.654630 0.382292 0.653704 0.381250 0.653704 0.380729 0.652778 0.380208 0.652778 0.379688 0.651852 0.379167 0.651852 0.378646 0.650926 0.378125 0.650926 0.376563 0.648148 0.376042 0.648148 0.372396 0.641667 0.372396 0.640741 0.371354 0.638889 0.371354 0.637963 0.370833 0.637037 0.370833 0.636111 0.370312 0.635185 0.370312 0.634259 0.369792 0.633333 0.369792 0.631481 0.369271 0.630556 0.369271 0.628704 0.368750 0.627778 0.368750 0.608333 0.369271 0.607407 0.369271 0.594444 0.369792 0.593519 0.369792 0.580556 0.370312 0.579630 0.370312 0.577778 0.368750 0.577778 0.368229 0.578704 0.360938 0.578704 0.360417 0.577778
2 0.505729 0.650463 0.043750 0.167593 0.497396 0.566667 0.497396 0.568519 0.497917 0.569444 0.497917 0.572222 0.498437 0.573148 0.498437 0.575926 0.498958 0.576852 0.498958 0.580556 0.499479 0.581481 0.499479 0.584259 0.500000 0.585185 0.500000 0.587963 0.500521 0.588889 0.500521 0.592593 0.501042 0.593519 0.501042 0.596296 0.501563 0.597222 0.501563 0.600000 0.502083 0.600926 0.502083 0.603704 0.502604 0.604630 0.502604 0.608333 0.503125 0.609259 0.503125 0.612037 0.503646 0.612963 0.503646 0.615741 0.504167 0.616667 0.504167 0.620370 0.504687 0.621296 0.504687 0.627778 0.505208 0.628704 0.504687 0.629630 0.504687 0.636111 0.504167 0.637037 0.504167 0.638889 0.503646 0.639815 0.503646 0.641667 0.503125 0.642593 0.503125 0.643519 0.502604 0.644444 0.502604 0.645370 0.502083 0.646296 0.502083 0.647222 0.500521 0.650000 0.500521 0.650926 0.497396 0.656481 0.496875 0.656481 0.495833 0.658333 0.495312 0.658333 0.494271 0.660185 0.493750 0.660185 0.493229 0.661111 0.492708 0.661111 0.492188 0.662037 0.491146 0.662037 0.490625 0.662963 0.489063 0.662963 0.488542 0.663889 0.485417 0.663889 0.484896 0.664815 0.484375 0.664815 0.483854 0.663889 0.483854 0.665741 0.484375 0.666667 0.484375 0.671296 0.484896 0.672222 0.484896 0.675926 0.485417 0.676852 0.485417 0.681481 0.485938 0.682407 0.485938 0.687037 0.486458 0.687963 0.486458 0.691667 0.486979 0.692593 0.486979 0.697222 0.487500 0.698148 0.487500 0.701852 0.488021 0.702778 0.488021 0.706481 0.488542 0.707407 0.488542 0.710185 0.489063 0.711111 0.489063 0.712963 0.489583 0.713889 0.489583 0.714815 0.490104 0.715741 0.490104 0.716667 0.491146 0.718519 0.491146 0.719444 0.493229 0.723148 0.493229 0.724074 0.493750 0.724074 0.495833 0.727778 0.496354 0.727778 0.497396 0.729630 0.497917 0.729630 0.498437 0.730556 0.498958 0.730556 0.499479 0.731481 0.500521 0.731481 0.501042 0.732407 0.502083 0.732407 0.502604 0.733333 0.505208 0.733333 0.505729 0.734259 0.509375 0.734259 0.509896 0.733333 0.511979 0.733333 0.512500 0.732407 0.514062 0.732407 0.514583 0.731481 0.515104 0.731481 0.515625 0.730556 0.516667 0.730556 0.517708 0.728704 0.518229 0.728704 0.518750 0.727778 0.519271 0.727778 0.521354 0.724074 0.521875 0.724074 0.522396 0.723148 0.522396 0.722222 0.524479 0.718519 0.524479 0.717593 0.525000 0.716667 0.525000 0.715741 0.525521 0.714815 0.525521 0.713889 0.526042 0.712963 0.526042 0.712037 0.526563 0.711111 0.526563 0.709259 0.527083 0.708333 0.527083 0.705556 0.527604 0.704630 0.527604 0.693519 0.527083 0.692593 0.527083 0.689815 0.526563 0.688889 0.526563 0.686111 0.526042 0.685185 0.526042 0.682407 0.525521 0.681481 0.525521 0.678704 0.525000 0.677778 0.525000 0.675000 0.524479 0.674074 0.524479 0.672222 0.523958 0.671296 0.523958 0.668519 0.523438 0.667593 0.523438 0.664815 0.522917 0.663889 0.522917 0.661111 0.522396 0.660185 0.522396 0.657407 0.521875 0.656481 0.521875 0.653704 0.521354 0.652778 0.521354 0.650926 0.520833 0.650000 0.520833 0.647222 0.520312 0.646296 0.520312 0.643519 0.519792 0.642593 0.519792 0.639815 0.519271 0.638889 0.519271 0.636111 0.518750 0.635185 0.518750 0.633333 0.518229 0.632407 0.518229 0.630556 0.517188 0.630556 0.516667 0.629630 0.516146 0.629630 0.515104 0.627778 0.514583 0.627778 0.513542 0.625926 0.513021 0.625926 0.509375 0.619444 0.509375 0.618519 0.508333 0.616667 0.508333 0.615741 0.507812 0.614815 0.507812 0.613889 0.507292 0.612963 0.507292 0.612037 0.506771 0.611111 0.506771 0.609259 0.506250 0.608333 0.506250 0.605556 0.505729 0.604630 0.505729 0.601852 0.505208 0.600926 0.505208 0.598148 0.504687 0.597222 0.504687 0.594444 0.504167 0.593519 0.504167 0.590741 0.503646 0.589815 0.503646 0.586111 0.503125 0.585185 0.503125 0.582407 0.502604 0.581481 0.502604 0.578704 0.502083 0.577778 0.502083 0.575000 0.501563 0.574074 0.501563 0.571296 0.501042 0.570370 0.501042 0.567593 0.498958 0.567593 0.498437 0.566667
2 0.597396 0.582407 0.061458 0.224074 0.567708 0.470370 0.567187 0.471296 0.567187 0.474074 0.566667 0.475000 0.566667 0.477778 0.567187 0.478704 0.567187 0.479630 0.567708 0.480556 0.567708 0.482407 0.568229 0.483333 0.568229 0.484259 0.568750 0.485185 0.568750 0.486111 0.569271 0.487037 0.569271 0.487963 0.569792 0.488889 0.569792 0.489815 0.570312 0.490741 0.570312 0.492593 0.570833 0.493519 0.570833 0.494444 0.571354 0.495370 0.571354 0.496296 0.571875 0.497222 0.571875 0.498148 0.572396 0.499074 0.572396 0.500926 0.572917 0.501852 0.572917 0.502778 0.573438 0.503704 0.573438 0.504630 0.573958 0.505556 0.573958 0.506481 0.574479 0.507407 0.574479 0.509259 0.575000 0.510185 0.575000 0.511111 0.575521 0.512037 0.575521 0.512963 0.576042 0.513889 0.576042 0.514815 0.576562 0.515741 0.576562 0.516667 0.577083 0.517593 0.577083 0.519444 0.577604 0.520370 0.577604 0.521296 0.578125 0.522222 0.578125 0.523148 0.578646 0.524074 0.578646 0.525000 0.579167 0.525926 0.579167 0.527778 0.579688 0.528704 0.579688 0.529630 0.580208 0.530556 0.580208 0.531481 0.580729 0.532407 0.580729 0.533333 0.581250 0.534259 0.581250 0.535185 0.581771 0.536111 0.581771 0.537963 0.582292 0.538889 0.582292 0.539815 0.582812 0.540741 0.582812 0.541667 0.583333 0.542593 0.583333 0.543519 0.583854 0.544444 0.583854 0.546296 0.584375 0.547222 0.584375 0.548148 0.584896 0.549074 0.584896 0.550000 0.585417 0.550926 0.585417 0.551852 0.585938 0.552778 0.585938 0.554630 0.586458 0.555556 0.586458 0.556481 0.586979 0.557407 0.586979 0.558333 0.587500 0.559259 0.587500 0.560185 0.588021 0.561111 0.588021 0.562037 0.588542 0.562963 0.588542 0.564815 0.589063 0.565741 0.589063 0.566667 0.589583 0.567593 0.589583 0.568519 0.590104 0.569444 0.590104 0.570370 0.590625 0.571296 0.590625 0.573148 0.591146 0.574074 0.591146 0.575000 0.591667 0.575926 0.591667 0.576852 0.592187 0.577778 0.592187 0.578704 0.592708 0.579630 0.592708 0.580556 0.593229 0.581481 0.593229 0.583333 0.593750 0.584259 0.593750 0.585185 0.594271 0.586111 0.594271 0.587037 0.594792 0.587963 0.594792 0.588889 0.595313 0.589815 0.595313 0.591667 0.595833 0.592593 0.595833 0.593519 0.596354 0.594444 0.596354 0.595370 0.596875 0.596296 0.596875 0.597222 0.597396 0.598148 0.597396 0.599074 0.597917 0.600000 0.597917 0.601852 0.598437 0.602778 0.598437 0.604630 0.598958 0.605556 0.598958 0.608333 0.599479 0.609259 0.599479 0.619444 0.598958 0.620370 0.598958 0.623148 0.598437 0.624074 0.598437 0.625926 0.597917 0.626852 0.597917 0.627778 0.597396 0.628704 0.597396 0.629630 0.596875 0.630556 0.596875 0.631481 0.596354 0.632407 0.596354 0.633333 0.594271 0.637037 0.594271 0.637963 0.593229 0.639815 0.592708 0.639815 0.590625 0.643519 0.590104 0.643519 0.589583 0.644444 0.589063 0.644444 0.588542 0.645370 0.588021 0.645370 0.587500 0.646296 0.586979 0.646296 0.586458 0.647222 0.585417 0.647222 0.585417 0.648148 0.585938 0.649074 0.585938 0.650926 0.586458 0.651852 0.586458 0.652778 0.586979 0.653704 0.586979 0.655556 0.587500 0.656481 0.587500 0.658333 0.588021 0.659259 0.588021 0.660185 0.588542 0.661111 0.588542 0.662963 0.589063 0.663889 0.589063 0.664815 0.589583 0.665741 0.589583 0.667593 0.590104 0.668519 0.590104 0.669444 0.590625 0.670370 0.590625 0.672222 0.591146 0.673148 0.591146 0.674074 0.591667 0.675000 0.591667 0.675926 0.592187 0.676852 0.592187 0.677778 0.592708 0.678704 0.592708 0.679630 0.593750 0.681481 0.593750 0.682407 0.596354 0.687037 0.596875 0.687037 0.598437 0.689815 0.598958 0.689815 0.599479 0.690741 0.600000 0.690741 0.600521 0.691667 0.601042 0.691667 0.601562 0.692593 0.602604 0.692593 0.603125 0.693519 0.604688 0.693519 0.605208 0.694444 0.611979 0.694444 0.612500 0.693519 0.614062 0.693519 0.614583 0.692593 0.615625 0.692593 0.616146 0.691667 0.616667 0.691667 0.617188 0.690741 0.617708 0.690741 0.618229 0.689815 0.618750 0.689815 0.619271 0.688889 0.619792 0.688889 0.621875 0.685185 0.622396 0.685185 0.622917 0.684259 0.622917 0.683333 0.625000 0.679630 0.625000 0.678704 0.625521 0.677778 0.625521 0.676852 0.626042 0.675926 0.626042 0.675000 0.626563 0.674074 0.626563 0.673148 0.627083 0.672222 0.627083 0.670370 0.627604 0.669444 0.627604 0.665741 0.628125 0.664815 0.628125 0.656481 0.627604 0.655556 0.627604 0.651852 0.627083 0.650926 0.627083 0.649074 0.626563 0.648148 0.626563 0.647222 0.626042 0.646296 0.626042 0.645370 0.625521 0.644444 0.625521 0.643519 0.625000 0.642593 0.625000 0.641667 0.624479 0.640741 0.624479 0.639815 0.623958 0.638889 0.623958 0.637963 0.623437 0.637037 0.623437 0.636111 0.622917 0.635185 0.622917 0.634259 0.622396 0.633333 0.622396 0.632407 0.621875 0.631481 0.621875 0.630556 0.621354 0.629630 0.621354 0.627778 0.620833 0.626852 0.620833 0.625926 0.620313 0.625000 0.620313 0.624074 0.619792 0.623148 0.619792 0.622222 0.619271 0.621296 0.619271 0.620370 0.615625 0.620370 0.615104 0.619444 0.613542 0.619444 0.613021 0.618519 0.611979 0.618519 0.611458 0.617593 0.610938 0.617593 0.610417 0.616667 0.609896 0.616667 0.609375 0.615741 0.608854 0.615741 0.608333 0.614815 0.607812 0.614815 0.605729 0.611111 0.605208 0.611111 0.604688 0.610185 0.604688 0.609259 0.602083 0.604630 0.602083 0.603704 0.601562 0.602778 0.601562 0.601852 0.601042 0.600926 0.601042 0.600000 0.600521 0.599074 0.600521 0.598148 0.600000 0.597222 0.600000 0.596296 0.599479 0.595370 0.599479 0.593519 0.598958 0.592593 0.598958 0.591667 0.598437 0.590741 0.598437 0.589815 0.597917 0.588889 0.597917 0.587963 0.597396 0.587037 0.597396 0.586111 0.596875 0.585185 0.596875 0.584259 0.596354 0.583333 0.596354 0.581481 0.595833 0.580556 0.595833 0.579630 0.595313 0.578704 0.595313 0.577778 0.594792 0.576852 0.594792 0.575926 0.594271 0.575000 0.594271 0.574074 0.593750 0.573148 0.593750 0.571296 0.593229 0.570370 0.593229 0.569444 0.592708 0.568519 0.592708 0.567593 0.592187 0.566667 0.592187 0.565741 0.591667 0.564815 0.591667 0.563889 0.591146 0.562963 0.591146 0.562037 0.590625 0.561111 0.590625 0.559259 0.590104 0.558333 0.590104 0.557407 0.589583 0.556481 0.589583 0.555556 0.589063 0.554630 0.589063 0.553704 0.588542 0.552778 0.588542 0.551852 0.588021 0.550926 0.588021 0.549074 0.587500 0.548148 0.587500 0.547222 0.586979 0.546296 0.586979 0.545370 0.586458 0.544444 0.586458 0.543519 0.585938 0.542593 0.585938 0.541667 0.585417 0.540741 0.585417 0.538889 0.584896 0.537963 0.584896 0.537037 0.584375 0.536111 0.584375 0.535185 0.583854 0.534259 0.583854 0.533333 0.583333 0.532407 0.583333 0.531481 0.582812 0.530556 0.582812 0.529630 0.582292 0.528704 0.582292 0.526852 0.581771 0.525926 0.581771 0.525000 0.581250 0.524074 0.581250 0.523148 0.580729 0.522222 0.580729 0.521296 0.580208 0.520370 0.580208 0.519444 0.579688 0.518519 0.579688 0.516667 0.579167 0.515741 0.579167 0.514815 0.578646 0.513889 0.578646 0.512963 0.578125 0.512037 0.578125 0.511111 0.577604 0.510185 0.577604 0.509259 0.577083 0.508333 0.577083 0.507407 0.576562 0.506481 0.576562 0.504630 0.576042 0.503704 0.576042 0.502778 0.575521 0.501852 0.575521 0.500926 0.575000 0.500000 0.575000 0.499074 0.574479 0.498148 0.574479 0.497222 0.573958 0.496296 0.573958 0.494444 0.573438 0.493519 0.573438 0.492593 0.572917 0.491667 0.572917 0.490741 0.572396 0.489815 0.572396 0.488889 0.571875 0.487963 0.571875 0.487037 0.571354 0.486111 0.571354 0.484259 0.570833 0.483333 0.570833 0.482407 0.570312 0.481481 0.570312 0.480556 0.569792 0.479630 0.569792 0.478704 0.569271 0.477778 0.569271 0.476852 0.568750 0.475926 0.568750 0.475000 0.568229 0.474074 0.568229 0.472222 0.567708 0.471296
2 0.693229 0.625926 0.054167 0.142593 0.666146 0.554630 0.666667 0.555556 0.666667 0.556481 0.667188 0.557407 0.667188 0.558333 0.668229 0.560185 0.668229 0.561111 0.669271 0.562963 0.669271 0.563889 0.670312 0.565741 0.670312 0.566667 0.670833 0.567593 0.670833 0.568519 0.671875 0.570370 0.671875 0.571296 0.672917 0.573148 0.672917 0.574074 0.673958 0.575926 0.673958 0.576852 0.674479 0.577778 0.674479 0.578704 0.675521 0.580556 0.675521 0.581481 0.676562 0.583333 0.676562 0.584259 0.677083 0.585185 0.677083 0.586111 0.677604 0.587037 0.677604 0.587963 0.678125 0.588889 0.678125 0.590741 0.678646 0.591667 0.678646 0.593519 0.679167 0.594444 0.679167 0.608333 0.678646 0.609259 0.678646 0.612037 0.678125 0.612963 0.678125 0.613889 0.677604 0.614815 0.677604 0.616667 0.677083 0.617593 0.677083 0.618519 0.676042 0.620370 0.676042 0.621296 0.673958 0.625000 0.673958 0.625926 0.672917 0.627778 0.672396 0.627778 0.670312 0.631481 0.669792 0.631481 0.669271 0.632407 0.668750 0.632407 0.668229 0.633333 0.669271 0.635185 0.669271 0.636111 0.669792 0.637037 0.669792 0.637963 0.670833 0.639815 0.670833 0.640741 0.671354 0.641667 0.671354 0.642593 0.671875 0.643519 0.671875 0.644444 0.672917 0.646296 0.672917 0.647222 0.673438 0.648148 0.673438 0.649074 0.673958 0.650000 0.673958 0.650926 0.675000 0.652778 0.675000 0.653704 0.675521 0.654630 0.675521 0.655556 0.676562 0.657407 0.676562 0.658333 0.677083 0.659259 0.677083 0.660185 0.677604 0.661111 0.677604 0.662037 0.678646 0.663889 0.678646 0.664815 0.679167 0.665741 0.679167 0.666667 0.680208 0.668519 0.680208 0.669444 0.680729 0.670370 0.680729 0.671296 0.681250 0.672222 0.681250 0.673148 0.682292 0.675000 0.682292 0.675926 0.682813 0.676852 0.682813 0.677778 0.683333 0.678704 0.683333 0.679630 0.684375 0.681481 0.684375 0.682407 0.685417 0.684259 0.685417 0.685185 0.688542 0.690741 0.689063 0.690741 0.690104 0.692593 0.690625 0.692593 0.691146 0.693519 0.691667 0.693519 0.692187 0.694444 0.692708 0.694444 0.693229 0.695370 0.694271 0.695370 0.694792 0.696296 0.696354 0.696296 0.696875 0.697222 0.704167 0.697222 0.704688 0.696296 0.706250 0.696296 0.706771 0.695370 0.707292 0.695370 0.707812 0.694444 0.708854 0.694444 0.709375 0.693519 0.709896 0.693519 0.710938 0.691667 0.711458 0.691667 0.712500 0.689815 0.713021 0.689815 0.716146 0.684259 0.716146 0.683333 0.717708 0.680556 0.717708 0.679630 0.718229 0.678704 0.718229 0.677778 0.718750 0.676852 0.718750 0.675000 0.719271 0.674074 0.719271 0.672222 0.719792 0.671296 0.719792 0.668519 0.720313 0.667593 0.720313 0.657407 0.719792 0.656481 0.719792 0.653704 0.719271 0.652778 0.719271 0.650926 0.718750 0.650000 0.718750 0.649074 0.718229 0.648148 0.718229 0.647222 0.717708 0.646296 0.717708 0.645370 0.716667 0.643519 0.716667 0.642593 0.715625 0.640741 0.715625 0.639815 0.714583 0.637963 0.714583 0.637037 0.713542 0.635185 0.713542 0.634259 0.712500 0.632407 0.712500 0.631481 0.711458 0.629630 0.711458 0.628704 0.710417 0.626852 0.710417 0.625926 0.708854 0.623148 0.708854 0.622222 0.707812 0.620370 0.707812 0.619444 0.706771 0.617593 0.706771 0.616667 0.705729 0.614815 0.705729 0.613889 0.704688 0.612037 0.704688 0.611111 0.703646 0.609259 0.703646 0.608333 0.703125 0.607407 0.702083 0.607407 0.701562 0.608333 0.697917 0.608333 0.697396 0.609259 0.696875 0.609259 0.696354 0.608333 0.692708 0.608333 0.692187 0.607407 0.691146 0.607407 0.690625 0.606481 0.689583 0.606481 0.689063 0.605556 0.688542 0.605556 0.688021 0.604630 0.687500 0.604630 0.686458 0.602778 0.685937 0.602778 0.680729 0.593519 0.680729 0.592593 0.680208 0.591667 0.680208 0.590741 0.679167 0.588889 0.679167 0.587963 0.678125 0.586111 0.678125 0.585185 0.677083 0.583333 0.677083 0.582407 0.676562 0.581481 0.676562 0.580556 0.675521 0.578704 0.675521 0.577778 0.674479 0.575926 0.674479 0.575000 0.673438 0.573148 0.673438 0.572222 0.672917 0.571296 0.672917 0.570370 0.671875 0.568519 0.671875 0.567593 0.670833 0.565741 0.670833 0.564815 0.669792 0.562963 0.669792 0.562037 0.669271 0.561111 0.669271 0.560185 0.668229 0.558333 0.668229 0.557407 0.666667 0.554630
2 0.312760 0.632870 0.039062 0.143519 0.306250 0.561111 0.305729 0.562037 0.305729 0.565741 0.305208 0.566667 0.305208 0.569444 0.304688 0.570370 0.304688 0.574074 0.304167 0.575000 0.304167 0.578704 0.303646 0.579630 0.303646 0.582407 0.303125 0.583333 0.303125 0.587037 0.302604 0.587963 0.302604 0.591667 0.302083 0.592593 0.302083 0.595370 0.301563 0.596296 0.301563 0.600000 0.301042 0.600926 0.301042 0.603704 0.300521 0.604630 0.300521 0.608333 0.300000 0.609259 0.300000 0.612963 0.299479 0.613889 0.299479 0.616667 0.298958 0.617593 0.298958 0.621296 0.298438 0.622222 0.298438 0.625926 0.297917 0.626852 0.297917 0.629630 0.297396 0.630556 0.297396 0.634259 0.296875 0.635185 0.296875 0.637963 0.296354 0.638889 0.296354 0.642593 0.295833 0.643519 0.295833 0.647222 0.295312 0.648148 0.295312 0.650926 0.294792 0.651852 0.294792 0.655556 0.294271 0.656481 0.294271 0.660185 0.293750 0.661111 0.293750 0.663889 0.293229 0.664815 0.293229 0.676852 0.293750 0.677778 0.293750 0.680556 0.294271 0.681481 0.294271 0.683333 0.294792 0.684259 0.294792 0.685185 0.295312 0.686111 0.295312 0.687037 0.295833 0.687963 0.295833 0.688889 0.297396 0.691667 0.297396 0.692593 0.300000 0.697222 0.300521 0.697222 0.301563 0.699074 0.302083 0.699074 0.303125 0.700926 0.303646 0.700926 0.304167 0.701852 0.305208 0.701852 0.305729 0.702778 0.306771 0.702778 0.307292 0.703704 0.308854 0.703704 0.309375 0.704630 0.315625 0.704630 0.316146 0.703704 0.318229 0.703704 0.318750 0.702778 0.319792 0.702778 0.320312 0.701852 0.320833 0.701852 0.321354 0.700926 0.321875 0.700926 0.322396 0.700000 0.322917 0.700000 0.323958 0.698148 0.324479 0.698148 0.328125 0.691667 0.328125 0.690741 0.329167 0.688889 0.329167 0.687963 0.329688 0.687037 0.329688 0.686111 0.330208 0.685185 0.330208 0.684259 0.330729 0.683333 0.330729 0.682407 0.331250 0.681481 0.331250 0.678704 0.331771 0.677778 0.331771 0.672222 0.332292 0.671296 0.332292 0.667593 0.331250 0.667593 0.330729 0.666667 0.329688 0.666667 0.329167 0.665741 0.328125 0.665741 0.327604 0.664815 0.327083 0.664815 0.326562 0.663889 0.326042 0.663889 0.325521 0.662963 0.325000 0.662963 0.324479 0.662037 0.323958 0.662037 0.321875 0.658333 0.321354 0.658333 0.319792 0.655556 0.319792 0.654630 0.318229 0.651852 0.318229 0.650926 0.317188 0.649074 0.317188 0.648148 0.316667 0.647222 0.316667 0.645370 0.316146 0.644444 0.316146 0.643519 0.315625 0.642593 0.315625 0.639815 0.315104 0.638889 0.315104 0.625000 0.315625 0.624074 0.315625 0.620370 0.316146 0.619444 0.316146 0.614815 0.316667 0.613889 0.316667 0.610185 0.317188 0.609259 0.317188 0.604630 0.317708 0.603704 0.317708 0.600000 0.318229 0.599074 0.318229 0.594444 0.318750 0.593519 0.318750 0.589815 0.319271 0.588889 0.319271 0.584259 0.319792 0.583333 0.319792 0.579630 0.320312 0.578704 0.320312 0.574074 0.320833 0.573148 0.320833 0.572222 0.318750 0.572222 0.318229 0.571296 0.315625 0.571296 0.315104 0.570370 0.314063 0.570370 0.313542 0.569444 0.313021 0.569444 0.312500 0.568519 0.311458 0.568519 0.310417 0.566667 0.309896 0.566667 0.308854 0.564815 0.308333 0.564815
2 0.415365 0.647222 0.038021 0.096296 0.415625 0.599074 0.415104 0.600000 0.408854 0.600000 0.408854 0.626852 0.408333 0.627778 0.408333 0.630556 0.407813 0.631481 0.407813 0.633333 0.407292 0.634259 0.407292 0.635185 0.406771 0.636111 0.406771 0.637037 0.405729 0.638889 0.405729 0.639815 0.404687 0.641667 0.404687 0.642593 0.401562 0.648148 0.401042 0.648148 0.400000 0.650000 0.399479 0.650000 0.398438 0.651852 0.397917 0.651852 0.397396 0.652778 0.396354 0.652778 0.396354 0.667593 0.396875 0.668519 0.396875 0.671296 0.397396 0.672222 0.397396 0.674074 0.397917 0.675000 0.397917 0.675926 0.398438 0.676852 0.398438 0.677778 0.398958 0.678704 0.398958 0.679630 0.399479 0.680556 0.399479 0.681481 0.403646 0.688889 0.404167 0.688889 0.405208 0.690741 0.405729 0.690741 0.406250 0.691667 0.406771 0.691667 0.407292 0.692593 0.407813 0.692593 0.408333 0.693519 0.409375 0.693519 0.409896 0.694444 0.411458 0.694444 0.411979 0.695370 0.418750 0.695370 0.419271 0.694444 0.420833 0.694444 0.421354 0.693519 0.422396 0.693519 0.422917 0.692593 0.423438 0.692593 0.423958 0.691667 0.424479 0.691667 0.425000 0.690741 0.425521 0.690741 0.426563 0.688889 0.427083 0.688889 0.431250 0.681481 0.431250 0.680556 0.432292 0.678704 0.432292 0.677778 0.432812 0.676852 0.432812 0.675926 0.433333 0.675000 0.433333 0.673148 0.433854 0.672222 0.433854 0.669444 0.434375 0.668519 0.434375 0.653704 0.433333 0.653704 0.432812 0.652778 0.431771 0.652778 0.431250 0.651852 0.430208 0.651852 0.429688 0.650926 0.429167 0.650926 0.428646 0.650000 0.428125 0.650000 0.427083 0.648148 0.426563 0.648148 0.425000 0.645370 0.424479 0.645370 0.422396 0.641667 0.422396 0.640741 0.420833 0.637963 0.420833 0.637037 0.420312 0.636111 0.420312 0.635185 0.419792 0.634259 0.419792 0.633333 0.419271 0.632407 0.419271 0.630556 0.418750 0.629630 0.418750 0.627778 0.418229 0.626852 0.418229 0.621296 0.417708 0.620370 0.417708 0.600000 0.417187 0.599074
2 0.544271 0.583796 0.047917 0.245370 0.539583 0.562963 0.539583 0.564815 0.540104 0.565741 0.540104 0.567593 0.540625 0.568519 0.540625 0.570370 0.541146 0.571296 0.541146 0.573148 0.541667 0.574074 0.541667 0.575926 0.542188 0.576852 0.542188 0.578704 0.542708 0.579630 0.542708 0.581481 0.543229 0.582407 0.543229 0.584259 0.543750 0.585185 0.543750 0.587037 0.544271 0.587963 0.544271 0.589815 0.544792 0.590741 0.544792 0.596296 0.545312 0.597222 0.545312 0.600000 0.544792 0.600926 0.544792 0.605556 0.544271 0.606481 0.544271 0.609259 0.543750 0.610185 0.543750 0.611111 0.543229 0.612037 0.543229 0.612963 0.542708 0.613889 0.542708 0.614815 0.542188 0.615741 0.542188 0.616667 0.541146 0.618519 0.541146 0.619444 0.537500 0.625926 0.536979 0.625926 0.535937 0.627778 0.535417 0.627778 0.534896 0.628704 0.534375 0.628704 0.533854 0.629630 0.533333 0.629630 0.532813 0.630556 0.532292 0.630556 0.531771 0.631481 0.530729 0.631481 0.530208 0.632407 0.527604 0.632407 0.527083 0.633333 0.522917 0.633333 0.522396 0.632407 0.522917 0.633333 0.522917 0.635185 0.523438 0.636111 0.523438 0.638889 0.523958 0.639815 0.523958 0.642593 0.524479 0.643519 0.524479 0.645370 0.525000 0.646296 0.525000 0.649074 0.525521 0.650000 0.525521 0.652778 0.526042 0.653704 0.526042 0.656481 0.526563 0.657407 0.526563 0.659259 0.527083 0.660185 0.527083 0.662963 0.527604 0.663889 0.527604 0.666667 0.528125 0.667593 0.528125 0.669444 0.528646 0.670370 0.528646 0.673148 0.529167 0.674074 0.529167 0.676852 0.529687 0.677778 0.529687 0.680556 0.530208 0.681481 0.530208 0.683333 0.530729 0.684259 0.530729 0.686111 0.531250 0.687037 0.531250 0.687963 0.531771 0.688889 0.531771 0.689815 0.532813 0.691667 0.532813 0.692593 0.536979 0.700000 0.537500 0.700000 0.538542 0.701852 0.539062 0.701852 0.539583 0.702778 0.540104 0.702778 0.540625 0.703704 0.541146 0.703704 0.541667 0.704630 0.542708 0.704630 0.543229 0.705556 0.545312 0.705556 0.545833 0.706481 0.551042 0.706481 0.551562 0.705556 0.553646 0.705556 0.554167 0.704630 0.555208 0.704630 0.555729 0.703704 0.556771 0.703704 0.557292 0.702778 0.557813 0.702778 0.558854 0.700926 0.559375 0.700926 0.560417 0.699074 0.560937 0.699074 0.564583 0.692593 0.564583 0.691667 0.565625 0.689815 0.565625 0.688889 0.566146 0.687963 0.566146 0.687037 0.566667 0.686111 0.566667 0.684259 0.567187 0.683333 0.567187 0.681481 0.567708 0.680556 0.567708 0.676852 0.568229 0.675926 0.568229 0.668519 0.567708 0.667593 0.567708 0.663889 0.567187 0.662963 0.567187 0.661111 0.566667 0.660185 0.566667 0.658333 0.566146 0.657407 0.566146 0.655556 0.565625 0.654630 0.565625 0.653704 0.565104 0.652778 0.565104 0.650926 0.564583 0.650000 0.564583 0.648148 0.564063 0.647222 0.564063 0.645370 0.563542 0.644444 0.563542 0.642593 0.563021 0.641667 0.563021 0.639815 0.562500 0.638889 0.562500 0.637963 0.561979 0.637037 0.561979 0.635185 0.561458 0.634259 0.561458 0.632407 0.560937 0.631481 0.560937 0.629630 0.560417 0.628704 0.560417 0.626852 0.559896 0.625926 0.559896 0.624074 0.559375 0.623148 0.559375 0.622222 0.558854 0.621296 0.558854 0.619444 0.558333 0.618519 0.558333 0.616667 0.557813 0.615741 0.557813 0.613889 0.557292 0.612963 0.557292 0.611111 0.556771 0.610185 0.556771 0.609259 0.556250 0.608333 0.556250 0.606481 0.555729 0.605556 0.555729 0.603704 0.555208 0.602778 0.555208 0.600926 0.554688 0.600000 0.554688 0.598148 0.554167 0.597222 0.554167 0.595370 0.553646 0.594444 0.552604 0.594444 0.552083 0.593519 0.551562 0.593519 0.551042 0.592593 0.550521 0.592593 0.550000 0.591667 0.549479 0.591667 0.547917 0.588889 0.547396 0.588889 0.544271 0.583333 0.544271 0.582407 0.543229 0.580556 0.543229 0.579630 0.542188 0.577778 0.542188 0.575926 0.541667 0.575000 0.541667 0.574074 0.541146 0.573148 0.541146 0.571296 0.540625 0.570370 0.540625 0.568519 0.540104 0.567593 0.540104 0.565741 0.539583 0.564815
2 0.647396 0.652778 0.054167 0.100000 0.636458 0.602778 0.636458 0.603704 0.635417 0.605556 0.635417 0.606481 0.631771 0.612963 0.631250 0.612963 0.630208 0.614815 0.629687 0.614815 0.628646 0.616667 0.627604 0.616667 0.627083 0.617593 0.626563 0.617593 0.626042 0.618519 0.625000 0.618519 0.624479 0.619444 0.622917 0.619444 0.622396 0.620370 0.620313 0.620370 0.620313 0.621296 0.620833 0.622222 0.620833 0.623148 0.621354 0.624074 0.621354 0.625000 0.621875 0.625926 0.621875 0.626852 0.622396 0.627778 0.622396 0.628704 0.622917 0.629630 0.622917 0.630556 0.623437 0.631481 0.623437 0.632407 0.623958 0.633333 0.623958 0.634259 0.624479 0.635185 0.624479 0.636111 0.625000 0.637037 0.625000 0.637963 0.625521 0.638889 0.625521 0.639815 0.626042 0.640741 0.626042 0.641667 0.626563 0.642593 0.626563 0.643519 0.627083 0.644444 0.627083 0.645370 0.627604 0.646296 0.627604 0.647222 0.628125 0.648148 0.628125 0.649074 0.628646 0.650000 0.628646 0.650926 0.629167 0.651852 0.629167 0.652778 0.629687 0.653704 0.629687 0.654630 0.630208 0.655556 0.630208 0.657407 0.630729 0.658333 0.630729 0.659259 0.631250 0.660185 0.631250 0.661111 0.631771 0.662037 0.631771 0.662963 0.632292 0.663889 0.632292 0.664815 0.632812 0.665741 0.632812 0.666667 0.633333 0.667593 0.633333 0.668519 0.633854 0.669444 0.633854 0.670370 0.634375 0.671296 0.634375 0.672222 0.634896 0.673148 0.634896 0.674074 0.635417 0.675000 0.635417 0.675926 0.635938 0.676852 0.635938 0.677778 0.636458 0.678704 0.636458 0.679630 0.636979 0.680556 0.636979 0.681481 0.637500 0.682407 0.637500 0.683333 0.638021 0.684259 0.638021 0.685185 0.638542 0.686111 0.638542 0.687037 0.639062 0.687963 0.639062 0.688889 0.643750 0.697222 0.644271 0.697222 0.645312 0.699074 0.645833 0.699074 0.646354 0.700000 0.647396 0.700000 0.647917 0.700926 0.648438 0.700926 0.648958 0.701852 0.650521 0.701852 0.651042 0.702778 0.658333 0.702778 0.658854 0.701852 0.660417 0.701852 0.660937 0.700926 0.661979 0.700926 0.662500 0.700000 0.663021 0.700000 0.663542 0.699074 0.664062 0.699074 0.664583 0.698148 0.665104 0.698148 0.665625 0.697222 0.666146 0.697222 0.668229 0.693519 0.668750 0.693519 0.668750 0.692593 0.671354 0.687963 0.671354 0.687037 0.671875 0.686111 0.671875 0.685185 0.672396 0.684259 0.672396 0.683333 0.672917 0.682407 0.672917 0.681481 0.673438 0.680556 0.673438 0.678704 0.673958 0.677778 0.673958 0.675000 0.674479 0.674074 0.674479 0.663889 0.673958 0.662963 0.673958 0.659259 0.673438 0.658333 0.673438 0.657407 0.672917 0.656481 0.672917 0.654630 0.672396 0.653704 0.672396 0.652778 0.671354 0.650926 0.671354 0.650000 0.670833 0.649074 0.670833 0.648148 0.669792 0.646296 0.669792 0.645370 0.669271 0.644444 0.669271 0.643519 0.668750 0.642593 0.668750 0.641667 0.667708 0.639815 0.667708 0.638889 0.667188 0.637963 0.667188 0.637037 0.666667 0.636111 0.666667 0.635185 0.665104 0.635185 0.664583 0.636111 0.663021 0.636111 0.662500 0.637037 0.655208 0.637037 0.654687 0.636111 0.653125 0.636111 0.652604 0.635185 0.651563 0.635185 0.651042 0.634259 0.650521 0.634259 0.650000 0.633333 0.649479 0.633333 0.648958 0.632407 0.648438 0.632407 0.646875 0.629630 0.646354 0.629630 0.643229 0.624074 0.643229 0.623148 0.642188 0.621296 0.642188 0.620370 0.641667 0.619444 0.641667 0.618519 0.640625 0.616667 0.640625 0.615741 0.640104 0.614815 0.640104 0.613889 0.639583 0.612963 0.639583 0.612037 0.639062 0.611111 0.639062 0.610185 0.638542 0.609259 0.638542 0.608333 0.638021 0.607407 0.638021 0.606481 0.636979 0.604630 0.636979 0.603704
2 0.279167 0.604630 0.048958 0.124074 0.300521 0.542593 0.300521 0.546296 0.300000 0.547222 0.300000 0.550000 0.299479 0.550926 0.299479 0.553704 0.298958 0.554630 0.298958 0.557407 0.298438 0.558333 0.298438 0.562037 0.297917 0.562963 0.297917 0.565741 0.297396 0.566667 0.297396 0.569444 0.296875 0.570370 0.296875 0.574074 0.296354 0.575000 0.296354 0.577778 0.295833 0.578704 0.295833 0.580556 0.295312 0.581481 0.295312 0.582407 0.294792 0.583333 0.294792 0.585185 0.293750 0.587037 0.293750 0.587963 0.292708 0.589815 0.292708 0.590741 0.289062 0.597222 0.288542 0.597222 0.287500 0.599074 0.286979 0.599074 0.286458 0.600000 0.285938 0.600000 0.285417 0.600926 0.284896 0.600926 0.284375 0.601852 0.283854 0.601852 0.283333 0.602778 0.281771 0.602778 0.281250 0.603704 0.279167 0.603704 0.278646 0.604630 0.274479 0.604630 0.273958 0.603704 0.271875 0.603704 0.271354 0.602778 0.270313 0.602778 0.269792 0.601852 0.268750 0.601852 0.268229 0.600926 0.267708 0.600926 0.267188 0.600000 0.266667 0.600000 0.266146 0.599074 0.265625 0.599074 0.264583 0.597222 0.264062 0.597222 0.260937 0.591667 0.260937 0.592593 0.260417 0.593519 0.260417 0.595370 0.259896 0.596296 0.259896 0.598148 0.259375 0.599074 0.259375 0.600926 0.258854 0.601852 0.258854 0.604630 0.258333 0.605556 0.258333 0.607407 0.257812 0.608333 0.257812 0.610185 0.257292 0.611111 0.257292 0.612963 0.256771 0.613889 0.256771 0.615741 0.256250 0.616667 0.256250 0.619444 0.255729 0.620370 0.255729 0.622222 0.255208 0.623148 0.255208 0.625926 0.254688 0.626852 0.254688 0.638889 0.255208 0.639815 0.255208 0.642593 0.255729 0.643519 0.255729 0.645370 0.256250 0.646296 0.256250 0.647222 0.256771 0.648148 0.256771 0.649074 0.257812 0.650926 0.257812 0.651852 0.258854 0.653704 0.258854 0.654630 0.260937 0.658333 0.261458 0.658333 0.263021 0.661111 0.263542 0.661111 0.264062 0.662037 0.264583 0.662037 0.265104 0.662963 0.265625 0.662963 0.266146 0.663889 0.266667 0.663889 0.267188 0.664815 0.268229 0.664815 0.268750 0.665741 0.270313 0.665741 0.270833 0.666667 0.277604 0.666667 0.278125 0.665741 0.279687 0.665741 0.280208 0.664815 0.281250 0.664815 0.281771 0.663889 0.282292 0.663889 0.282813 0.662963 0.283333 0.662963 0.283854 0.662037 0.284375 0.662037 0.285417 0.660185 0.285938 0.660185 0.290104 0.652778 0.290104 0.651852 0.291146 0.650000 0.291146 0.649074 0.291667 0.648148 0.291667 0.647222 0.292187 0.646296 0.292187 0.644444 0.292708 0.643519 0.292708 0.640741 0.293229 0.639815 0.293229 0.637037 0.293750 0.636111 0.293750 0.632407 0.294271 0.631481 0.294271 0.628704 0.294792 0.627778 0.294792 0.624074 0.295312 0.623148 0.295312 0.620370 0.295833 0.619444 0.295833 0.615741 0.296354 0.614815 0.296354 0.612037 0.296875 0.611111 0.296875 0.607407 0.297396 0.606481 0.297396 0.603704 0.297917 0.602778 0.297917 0.599074 0.298438 0.598148 0.298438 0.595370 0.298958 0.594444 0.298958 0.590741 0.299479 0.589815 0.299479 0.587037 0.300000 0.586111 0.300000 0.582407 0.300521 0.581481 0.300521 0.578704 0.301042 0.577778 0.301042 0.574074 0.301563 0.573148 0.301563 0.570370 0.302083 0.569444 0.302083 0.565741 0.302604 0.564815 0.302604 0.562037 0.303125 0.561111 0.303125 0.557407 0.303646 0.556481 0.303646 0.555556 0.303125 0.554630 0.303125 0.553704 0.302604 0.552778 0.302604 0.551852 0.302083 0.550926 0.302083 0.550000 0.301563 0.549074 0.301563 0.547222 0.301042 0.546296 0.301042 0.543519
2 0.388802 0.593056 0.039062 0.123148 0.389583 0.531481 0.389062 0.532407 0.384896 0.532407 0.384896 0.536111 0.384375 0.537037 0.384375 0.550000 0.383854 0.550926 0.383854 0.553704 0.383333 0.554630 0.383333 0.556481 0.382812 0.557407 0.382812 0.558333 0.382292 0.559259 0.382292 0.560185 0.381771 0.561111 0.381771 0.562037 0.380729 0.563889 0.380729 0.564815 0.377083 0.571296 0.376563 0.571296 0.375000 0.574074 0.374479 0.574074 0.373958 0.575000 0.373437 0.575000 0.372917 0.575926 0.372396 0.575926 0.371875 0.576852 0.370833 0.576852 0.370833 0.579630 0.370312 0.580556 0.370312 0.593519 0.369792 0.594444 0.369792 0.607407 0.369271 0.608333 0.369271 0.627778 0.369792 0.628704 0.369792 0.630556 0.370312 0.631481 0.370312 0.633333 0.370833 0.634259 0.370833 0.635185 0.371354 0.636111 0.371354 0.637037 0.371875 0.637963 0.371875 0.638889 0.372917 0.640741 0.372917 0.641667 0.376042 0.647222 0.376563 0.647222 0.378125 0.650000 0.378646 0.650000 0.379167 0.650926 0.379688 0.650926 0.380208 0.651852 0.380729 0.651852 0.381250 0.652778 0.382292 0.652778 0.382812 0.653704 0.384375 0.653704 0.384896 0.654630 0.392708 0.654630 0.393229 0.653704 0.394792 0.653704 0.395313 0.652778 0.395833 0.652778 0.396354 0.651852 0.397396 0.651852 0.397917 0.650926 0.398438 0.650926 0.399479 0.649074 0.400000 0.649074 0.401042 0.647222 0.401562 0.647222 0.404167 0.642593 0.404167 0.641667 0.405208 0.639815 0.405208 0.638889 0.406250 0.637037 0.406250 0.636111 0.406771 0.635185 0.406771 0.634259 0.407292 0.633333 0.407292 0.631481 0.407813 0.630556 0.407813 0.627778 0.408333 0.626852 0.408333 0.600000 0.406771 0.600000 0.406250 0.599074 0.404687 0.599074 0.404167 0.598148 0.403646 0.598148 0.403125 0.597222 0.402083 0.597222 0.401042 0.595370 0.400521 0.595370 0.400000 0.594444 0.399479 0.594444 0.397396 0.590741 0.396875 0.590741 0.395833 0.588889 0.395833 0.587963 0.393750 0.584259 0.393750 0.583333 0.393229 0.582407 0.393229 0.581481 0.392708 0.580556 0.392708 0.579630 0.392188 0.578704 0.392188 0.577778 0.391667 0.576852 0.391667 0.575000 0.391146 0.574074 0.391146 0.571296 0.390625 0.570370 0.390625 0.531481
2 0.577083 0.562500 0.043750 0.171296 0.566146 0.476852 0.566146 0.477778 0.565625 0.478704 0.565625 0.479630 0.565104 0.480556 0.565104 0.481481 0.563542 0.484259 0.564063 0.485185 0.564063 0.486111 0.564583 0.487037 0.564583 0.488889 0.565104 0.489815 0.565104 0.490741 0.565625 0.491667 0.565625 0.492593 0.566146 0.493519 0.566146 0.495370 0.566667 0.496296 0.566667 0.497222 0.567187 0.498148 0.567187 0.499074 0.567708 0.500000 0.567708 0.501852 0.568229 0.502778 0.568229 0.503704 0.568750 0.504630 0.568750 0.505556 0.569271 0.506481 0.569271 0.508333 0.569792 0.509259 0.569792 0.510185 0.570312 0.511111 0.570312 0.512037 0.570833 0.512963 0.570833 0.513889 0.571354 0.514815 0.571354 0.516667 0.571875 0.517593 0.571875 0.518519 0.572396 0.519444 0.572396 0.520370 0.572917 0.521296 0.572917 0.523148 0.573438 0.524074 0.573438 0.525000 0.573958 0.525926 0.573958 0.526852 0.574479 0.527778 0.574479 0.529630 0.575000 0.530556 0.575000 0.531481 0.575521 0.532407 0.575521 0.533333 0.576042 0.534259 0.576042 0.536111 0.576562 0.537037 0.576562 0.537963 0.577083 0.538889 0.577083 0.539815 0.577604 0.540741 0.577604 0.542593 0.578125 0.543519 0.578125 0.544444 0.578646 0.545370 0.578646 0.546296 0.579167 0.547222 0.579167 0.549074 0.579688 0.550000 0.579688 0.551852 0.580208 0.552778 0.580208 0.556481 0.580729 0.557407 0.580729 0.563889 0.580208 0.564815 0.580208 0.569444 0.579688 0.570370 0.579688 0.572222 0.579167 0.573148 0.579167 0.574074 0.578646 0.575000 0.578646 0.575926 0.578125 0.576852 0.578125 0.577778 0.577604 0.578704 0.577604 0.579630 0.576562 0.581481 0.576562 0.582407 0.572917 0.588889 0.572396 0.588889 0.571354 0.590741 0.570833 0.590741 0.569792 0.592593 0.569271 0.592593 0.568750 0.593519 0.568229 0.593519 0.567708 0.594444 0.566667 0.594444 0.566146 0.595370 0.564583 0.595370 0.564063 0.596296 0.556250 0.596296 0.555729 0.595370 0.555208 0.595370 0.555208 0.596296 0.555729 0.597222 0.555729 0.598148 0.556250 0.599074 0.556250 0.600926 0.556771 0.601852 0.556771 0.603704 0.557292 0.604630 0.557292 0.606481 0.557813 0.607407 0.557813 0.609259 0.558333 0.610185 0.558333 0.611111 0.558854 0.612037 0.558854 0.613889 0.559375 0.614815 0.559375 0.616667 0.559896 0.617593 0.559896 0.619444 0.560417 0.620370 0.560417 0.622222 0.560937 0.623148 0.560937 0.624074 0.561458 0.625000 0.561458 0.626852 0.561979 0.627778 0.561979 0.628704 0.562500 0.629630 0.562500 0.631481 0.563542 0.633333 0.563542 0.634259 0.568229 0.642593 0.568750 0.642593 0.569792 0.644444 0.570312 0.644444 0.570833 0.645370 0.571875 0.645370 0.572396 0.646296 0.572917 0.646296 0.573438 0.647222 0.575000 0.647222 0.575521 0.648148 0.583333 0.648148 0.583854 0.647222 0.584896 0.647222 0.585417 0.646296 0.586458 0.646296 0.586979 0.645370 0.587500 0.645370 0.588021 0.644444 0.588542 0.644444 0.589063 0.643519 0.589583 0.643519 0.590104 0.642593 0.590625 0.642593 0.592708 0.638889 0.593229 0.638889 0.593750 0.637963 0.593750 0.637037 0.595833 0.633333 0.595833 0.632407 0.596354 0.631481 0.596354 0.630556 0.596875 0.629630 0.596875 0.628704 0.597396 0.627778 0.597396 0.626852 0.597917 0.625926 0.597917 0.624074 0.598437 0.623148 0.598437 0.620370 0.598958 0.619444 0.598958 0.609259 0.598437 0.608333 0.598437 0.605556 0.597917 0.604630 0.597917 0.602778 0.597396 0.601852 0.597396 0.600000 0.596875 0.599074 0.596875 0.598148 0.596354 0.597222 0.596354 0.596296 0.595833 0.595370 0.595833 0.594444 0.595313 0.593519 0.595313 0.592593 0.594792 0.591667 0.594792 0.589815 0.594271 0.588889 0.594271 0.587963 0.593750 0.587037 0.593750 0.586111 0.593229 0.585185 0.593229 0.584259 0.592708 0.583333 0.592708 0.581481 0.592187 0.580556 0.592187 0.579630 0.591667 0.578704 0.591667 0.577778 0.591146 0.576852 0.591146 0.575926 0.590625 0.575000 0.590625 0.574074 0.590104 0.573148 0.590104 0.571296 0.589583 0.570370 0.589583 0.569444 0.589063 0.568519 0.589063 0.567593 0.588542 0.566667 0.588542 0.565741 0.588021 0.564815 0.588021 0.562963 0.587500 0.562037 0.587500 0.561111 0.586979 0.560185 0.586979 0.559259 0.586458 0.558333 0.586458 0.557407 0.585938 0.556481 0.585938 0.555556 0.585417 0.554630 0.585417 0.552778 0.584896 0.551852 0.584896 0.550926 0.584375 0.550000 0.584375 0.549074 0.583854 0.548148 0.583854 0.547222 0.583333 0.546296 0.583333 0.544444 0.582812 0.543519 0.582812 0.542593 0.582292 0.541667 0.582292 0.540741 0.581771 0.539815 0.581771 0.538889 0.581250 0.537963 0.581250 0.536111 0.580729 0.535185 0.580729 0.534259 0.580208 0.533333 0.580208 0.532407 0.579688 0.531481 0.579688 0.530556 0.579167 0.529630 0.579167 0.528704 0.578646 0.527778 0.578646 0.525926 0.578125 0.525000 0.578125 0.524074 0.577604 0.523148 0.577604 0.522222 0.577083 0.521296 0.577083 0.520370 0.576562 0.519444 0.576562 0.517593 0.576042 0.516667 0.576042 0.515741 0.575521 0.514815 0.575521 0.513889 0.575000 0.512963 0.575000 0.512037 0.574479 0.511111 0.574479 0.510185 0.573958 0.509259 0.573958 0.507407 0.573438 0.506481 0.573438 0.505556 0.572917 0.504630 0.572917 0.503704 0.572396 0.502778 0.572396 0.501852 0.571875 0.500926 0.571875 0.499074 0.571354 0.498148 0.571354 0.497222 0.570833 0.496296 0.570833 0.495370 0.570312 0.494444 0.570312 0.493519 0.569792 0.492593 0.569792 0.490741 0.569271 0.489815 0.569271 0.488889 0.568750 0.487963 0.568750 0.487037 0.568229 0.486111 0.568229 0.485185 0.567708 0.484259 0.567708 0.483333 0.567187 0.482407 0.567187 0.480556 0.566667 0.479630 0.566667 0.478704 0.566146 0.477778
2 0.710417 0.543519 0.104167 0.248148 0.661979 0.419444 0.661458 0.420370 0.659896 0.420370 0.659375 0.421296 0.658854 0.421296 0.658854 0.422222 0.658333 0.423148 0.659896 0.425926 0.659896 0.426852 0.661458 0.429630 0.661458 0.430556 0.663021 0.433333 0.663021 0.434259 0.664583 0.437037 0.664583 0.437963 0.666146 0.440741 0.666146 0.441667 0.667708 0.444444 0.667708 0.445370 0.669271 0.448148 0.669271 0.449074 0.670833 0.451852 0.670833 0.452778 0.672396 0.455556 0.672396 0.456481 0.673958 0.459259 0.673958 0.460185 0.675521 0.462963 0.675521 0.463889 0.677083 0.466667 0.677083 0.467593 0.678646 0.470370 0.678646 0.471296 0.680208 0.474074 0.680208 0.475000 0.681771 0.477778 0.681771 0.478704 0.683333 0.481481 0.683333 0.482407 0.684896 0.485185 0.684896 0.486111 0.686458 0.488889 0.686458 0.489815 0.688021 0.492593 0.688021 0.493519 0.689583 0.496296 0.689583 0.497222 0.691146 0.500000 0.691146 0.500926 0.692708 0.503704 0.692708 0.504630 0.694271 0.507407 0.694271 0.508333 0.695833 0.511111 0.695833 0.512037 0.697396 0.514815 0.697396 0.515741 0.698958 0.518519 0.698958 0.519444 0.700000 0.521296 0.700000 0.522222 0.701562 0.525000 0.701562 0.525926 0.703125 0.528704 0.703125 0.529630 0.704688 0.532407 0.704688 0.533333 0.706250 0.536111 0.706250 0.537037 0.707812 0.539815 0.707812 0.540741 0.709375 0.543519 0.709375 0.544444 0.710938 0.547222 0.710938 0.548148 0.712500 0.550926 0.712500 0.551852 0.714063 0.554630 0.714063 0.555556 0.715104 0.557407 0.715104 0.558333 0.715625 0.559259 0.715625 0.560185 0.716146 0.561111 0.716146 0.562963 0.716667 0.563889 0.716667 0.566667 0.717187 0.567593 0.717187 0.578704 0.716667 0.579630 0.716667 0.583333 0.716146 0.584259 0.716146 0.585185 0.715625 0.586111 0.715625 0.587963 0.715104 0.588889 0.715104 0.589815 0.714063 0.591667 0.714063 0.592593 0.713021 0.594444 0.713021 0.595370 0.709896 0.600926 0.709375 0.600926 0.708333 0.602778 0.707812 0.602778 0.707812 0.604630 0.708854 0.606481 0.708854 0.607407 0.709896 0.609259 0.709896 0.610185 0.710938 0.612037 0.710938 0.612963 0.712500 0.615741 0.712500 0.616667 0.713542 0.618519 0.713542 0.619444 0.714583 0.621296 0.714583 0.622222 0.715625 0.624074 0.715625 0.625000 0.716667 0.626852 0.716667 0.627778 0.718229 0.630556 0.718229 0.631481 0.719271 0.633333 0.719271 0.634259 0.720313 0.636111 0.720313 0.637037 0.721354 0.638889 0.721354 0.639815 0.722396 0.641667 0.722396 0.642593 0.723958 0.645370 0.723958 0.646296 0.725000 0.648148 0.725000 0.649074 0.726042 0.650926 0.726042 0.651852 0.727604 0.654630 0.727604 0.655556 0.730208 0.660185 0.730729 0.660185 0.732292 0.662963 0.732812 0.662963 0.733333 0.663889 0.733854 0.663889 0.734375 0.664815 0.735417 0.664815 0.735938 0.665741 0.736458 0.665741 0.736979 0.666667 0.739062 0.666667 0.739583 0.667593 0.745313 0.667593 0.745833 0.666667 0.747917 0.666667 0.748437 0.665741 0.749479 0.665741 0.750000 0.664815 0.750521 0.664815 0.751042 0.663889 0.751563 0.663889 0.752083 0.662963 0.752604 0.662963 0.753125 0.662037 0.753646 0.662037 0.754687 0.660185 0.755208 0.660185 0.758333 0.654630 0.758333 0.653704 0.759375 0.651852 0.759375 0.650926 0.760417 0.649074 0.760417 0.648148 0.760938 0.647222 0.760938 0.646296 0.761458 0.645370 0.761458 0.643519 0.761979 0.642593 0.761979 0.639815 0.762500 0.638889 0.762500 0.625926 0.761979 0.625000 0.761979 0.622222 0.761458 0.621296 0.761458 0.619444 0.760938 0.618519 0.760938 0.617593 0.760417 0.616667 0.760417 0.615741 0.759375 0.613889 0.759375 0.612963 0.757812 0.610185 0.757812 0.609259 0.755729 0.605556 0.755729 0.604630 0.753646 0.600926 0.753646 0.600000 0.752083 0.597222 0.752083 0.596296 0.750000 0.592593 0.750000 0.591667 0.747917 0.587963 0.747917 0.587037 0.745833 0.583333 0.745833 0.582407 0.743750 0.578704 0.743750 0.577778 0.742708 0.575926 0.734896 0.575926 0.734375 0.575000 0.732812 0.575000 0.732292 0.574074 0.731250 0.574074 0.730729 0.573148 0.730208 0.573148 0.729688 0.572222 0.729167 0.572222 0.728646 0.571296 0.728125 0.571296 0.727083 0.569444 0.726562 0.569444 0.722917 0.562963 0.722917 0.562037 0.721354 0.559259 0.721354 0.558333 0.719792 0.555556 0.719792 0.554630 0.718229 0.551852 0.718229 0.550926 0.716146 0.547222 0.716146 0.546296 0.714583 0.543519 0.714583 0.542593 0.713021 0.539815 0.713021 0.538889 0.711458 0.536111 0.711458 0.535185 0.709896 0.532407 0.709896 0.531481 0.708333 0.528704 0.708333 0.527778 0.706771 0.525000 0.706771 0.524074 0.704688 0.520370 0.704688 0.519444 0.703125 0.516667 0.703125 0.515741 0.701562 0.512963 0.701562 0.512037 0.700000 0.509259 0.700000 0.508333 0.698438 0.505556 0.698438 0.504630 0.696875 0.501852 0.696875 0.500926 0.695312 0.498148 0.695312 0.497222 0.693229 0.493519 0.693229 0.492593 0.691667 0.489815 0.691667 0.488889 0.690104 0.486111 0.690104 0.485185 0.688542 0.482407 0.688542 0.481481 0.686979 0.478704 0.686979 0.477778 0.685417 0.475000 0.685417 0.474074 0.683854 0.471296 0.683854 0.470370 0.681771 0.466667 0.681771 0.465741 0.680208 0.462963 0.680208 0.462037 0.678646 0.459259 0.678646 0.458333 0.677083 0.455556 0.677083 0.454630 0.675521 0.451852 0.675521 0.450926 0.673958 0.448148 0.673958 0.447222 0.672396 0.444444 0.672396 0.443519 0.670312 0.439815 0.670312 0.438889 0.668750 0.436111 0.668750 0.435185 0.667188 0.432407 0.667188 0.431481 0.665625 0.428704 0.665625 0.427778 0.664062 0.425000 0.664062 0.424074 0.662500 0.421296 0.662500 0.420370
2 0.322396 0.519907 0.042708 0.102778 0.309896 0.468519 0.309896 0.472222 0.309375 0.473148 0.309375 0.475926 0.308854 0.476852 0.308854 0.479630 0.308333 0.480556 0.308333 0.483333 0.307812 0.484259 0.307812 0.487963 0.307292 0.488889 0.307292 0.491667 0.306771 0.492593 0.306771 0.495370 0.306250 0.496296 0.306250 0.500000 0.305729 0.500926 0.305729 0.503704 0.305208 0.504630 0.305208 0.507407 0.304688 0.508333 0.304688 0.511111 0.304167 0.512037 0.304167 0.513889 0.303646 0.514815 0.303646 0.515741 0.303125 0.516667 0.303125 0.518519 0.302604 0.519444 0.302604 0.522222 0.302083 0.523148 0.302083 0.525926 0.301563 0.526852 0.301563 0.530556 0.301042 0.531481 0.301042 0.542593 0.301563 0.543519 0.301563 0.546296 0.302083 0.547222 0.302083 0.549074 0.302604 0.550000 0.302604 0.550926 0.303125 0.551852 0.303125 0.552778 0.303646 0.553704 0.303646 0.554630 0.304688 0.556481 0.304688 0.557407 0.308333 0.563889 0.308854 0.563889 0.309896 0.565741 0.310417 0.565741 0.311458 0.567593 0.312500 0.567593 0.313021 0.568519 0.313542 0.568519 0.314063 0.569444 0.315104 0.569444 0.315625 0.570370 0.318229 0.570370 0.318750 0.571296 0.322917 0.571296 0.323437 0.570370 0.325521 0.570370 0.326042 0.569444 0.327083 0.569444 0.327604 0.568519 0.328646 0.568519 0.329167 0.567593 0.329688 0.567593 0.330208 0.566667 0.330729 0.566667 0.331771 0.564815 0.332292 0.564815 0.336458 0.557407 0.336458 0.556481 0.337500 0.554630 0.337500 0.553704 0.338021 0.552778 0.338021 0.551852 0.338542 0.550926 0.338542 0.550000 0.339062 0.549074 0.339062 0.547222 0.339583 0.546296 0.339583 0.542593 0.340104 0.541667 0.340104 0.536111 0.340625 0.535185 0.340625 0.528704 0.341146 0.527778 0.341146 0.522222 0.341667 0.521296 0.341667 0.515741 0.342187 0.514815 0.342187 0.509259 0.342708 0.508333 0.342708 0.502778 0.343229 0.501852 0.343229 0.496296 0.343750 0.495370 0.343750 0.492593 0.342187 0.495370 0.341667 0.495370 0.340625 0.497222 0.340104 0.497222 0.339583 0.498148 0.339062 0.498148 0.338542 0.499074 0.337500 0.499074 0.336979 0.500000 0.335938 0.500000 0.335417 0.500926 0.333333 0.500926 0.332813 0.501852 0.328125 0.501852 0.327604 0.500926 0.325521 0.500926 0.325000 0.500000 0.323958 0.500000 0.323437 0.499074 0.322396 0.499074 0.321875 0.498148 0.321354 0.498148 0.320833 0.497222 0.320312 0.497222 0.319271 0.495370 0.318750 0.495370 0.313542 0.486111 0.313542 0.485185 0.312500 0.483333 0.312500 0.482407 0.311979 0.481481 0.311979 0.480556 0.311458 0.479630 0.311458 0.477778 0.310937 0.476852 0.310937 0.475000 0.310417 0.474074 0.310417 0.468519
2 0.437760 0.579630 0.040104 0.148148 0.436979 0.505556 0.436458 0.506481 0.429167 0.506481 0.429167 0.512963 0.429688 0.513889 0.429688 0.524074 0.430208 0.525000 0.430208 0.536111 0.430729 0.537037 0.430729 0.548148 0.431250 0.549074 0.431250 0.560185 0.431771 0.561111 0.431771 0.567593 0.431250 0.568519 0.431250 0.573148 0.430729 0.574074 0.430729 0.575926 0.430208 0.576852 0.430208 0.577778 0.429688 0.578704 0.429688 0.580556 0.428646 0.582407 0.428646 0.583333 0.427604 0.585185 0.427604 0.586111 0.423438 0.593519 0.422917 0.593519 0.421875 0.595370 0.421354 0.595370 0.420833 0.596296 0.420312 0.596296 0.419792 0.597222 0.419271 0.597222 0.418750 0.598148 0.417708 0.598148 0.417708 0.599074 0.418229 0.600000 0.418229 0.620370 0.418750 0.621296 0.418750 0.626852 0.419271 0.627778 0.419271 0.629630 0.419792 0.630556 0.419792 0.632407 0.420312 0.633333 0.420312 0.634259 0.420833 0.635185 0.420833 0.636111 0.421354 0.637037 0.421354 0.637963 0.422917 0.640741 0.422917 0.641667 0.424479 0.644444 0.425000 0.644444 0.426563 0.647222 0.427083 0.647222 0.428125 0.649074 0.428646 0.649074 0.429167 0.650000 0.429688 0.650000 0.430208 0.650926 0.431250 0.650926 0.431771 0.651852 0.432812 0.651852 0.433333 0.652778 0.435937 0.652778 0.436458 0.653704 0.439583 0.653704 0.440104 0.652778 0.442708 0.652778 0.443229 0.651852 0.444271 0.651852 0.444792 0.650926 0.445833 0.650926 0.446354 0.650000 0.446875 0.650000 0.447396 0.649074 0.447917 0.649074 0.448437 0.648148 0.448958 0.648148 0.450521 0.645370 0.451042 0.645370 0.453646 0.640741 0.453646 0.639815 0.455208 0.637037 0.455208 0.636111 0.455729 0.635185 0.455729 0.634259 0.456250 0.633333 0.456250 0.632407 0.456771 0.631481 0.456771 0.629630 0.457292 0.628704 0.457292 0.625926 0.457813 0.625000 0.457813 0.612037 0.457292 0.611111 0.457292 0.605556 0.456771 0.604630 0.456771 0.598148 0.456250 0.597222 0.456250 0.592593 0.455729 0.592593 0.455208 0.591667 0.454167 0.591667 0.453646 0.590741 0.452604 0.590741 0.452083 0.589815 0.451562 0.589815 0.451042 0.588889 0.450521 0.588889 0.449479 0.587037 0.448958 0.587037 0.444271 0.578704 0.444271 0.577778 0.443229 0.575926 0.443229 0.575000 0.442708 0.574074 0.442708 0.573148 0.442188 0.572222 0.442188 0.570370 0.441667 0.569444 0.441667 0.567593 0.441146 0.566667 0.441146 0.563889 0.440625 0.562963 0.440625 0.554630 0.440104 0.553704 0.440104 0.545370 0.439583 0.544444 0.439583 0.536111 0.439063 0.535185 0.439063 0.525926 0.438542 0.525000 0.438542 0.516667 0.438021 0.515741 0.438021 0.507407 0.437500 0.506481 0.437500 0.505556
2 0.523177 0.546296 0.043229 0.172222 0.511458 0.460185 0.511979 0.461111 0.511979 0.463889 0.512500 0.464815 0.512500 0.466667 0.513021 0.467593 0.513021 0.469444 0.513542 0.470370 0.513542 0.473148 0.514062 0.474074 0.514062 0.475926 0.514583 0.476852 0.514583 0.478704 0.515104 0.479630 0.515104 0.481481 0.515625 0.482407 0.515625 0.485185 0.516146 0.486111 0.516146 0.487963 0.516667 0.488889 0.516667 0.490741 0.517188 0.491667 0.517188 0.493519 0.517708 0.494444 0.517708 0.497222 0.518229 0.498148 0.518229 0.500000 0.518750 0.500926 0.518750 0.502778 0.519271 0.503704 0.519271 0.506481 0.519792 0.507407 0.519792 0.509259 0.520312 0.510185 0.520312 0.512037 0.520833 0.512963 0.520833 0.514815 0.521354 0.515741 0.521354 0.518519 0.521875 0.519444 0.521875 0.521296 0.522396 0.522222 0.522396 0.525000 0.522917 0.525926 0.522917 0.529630 0.523438 0.530556 0.523438 0.535185 0.522917 0.536111 0.522917 0.540741 0.522396 0.541667 0.522396 0.544444 0.521875 0.545370 0.521875 0.546296 0.521354 0.547222 0.521354 0.548148 0.520833 0.549074 0.520833 0.550000 0.520312 0.550926 0.520312 0.551852 0.518750 0.554630 0.518750 0.555556 0.516146 0.560185 0.515625 0.560185 0.514583 0.562037 0.514062 0.562037 0.513021 0.563889 0.512500 0.563889 0.511979 0.564815 0.511458 0.564815 0.510938 0.565741 0.509896 0.565741 0.509375 0.566667 0.508333 0.566667 0.507812 0.567593 0.504687 0.567593 0.504167 0.568519 0.502083 0.568519 0.501563 0.567593 0.501563 0.570370 0.502083 0.571296 0.502083 0.574074 0.502604 0.575000 0.502604 0.577778 0.503125 0.578704 0.503125 0.581481 0.503646 0.582407 0.503646 0.585185 0.504167 0.586111 0.504167 0.589815 0.504687 0.590741 0.504687 0.593519 0.505208 0.594444 0.505208 0.597222 0.505729 0.598148 0.505729 0.600926 0.506250 0.601852 0.506250 0.604630 0.506771 0.605556 0.506771 0.608333 0.507292 0.609259 0.507292 0.611111 0.507812 0.612037 0.507812 0.612963 0.508333 0.613889 0.508333 0.614815 0.508854 0.615741 0.508854 0.616667 0.509896 0.618519 0.509896 0.619444 0.513021 0.625000 0.513542 0.625000 0.514583 0.626852 0.515104 0.626852 0.516146 0.628704 0.516667 0.628704 0.517188 0.629630 0.518229 0.629630 0.518750 0.630556 0.519792 0.630556 0.520312 0.631481 0.522396 0.631481 0.522917 0.632407 0.527083 0.632407 0.527604 0.631481 0.530208 0.631481 0.530729 0.630556 0.531771 0.630556 0.532292 0.629630 0.532813 0.629630 0.533333 0.628704 0.533854 0.628704 0.534375 0.627778 0.534896 0.627778 0.535417 0.626852 0.535937 0.626852 0.536979 0.625000 0.537500 0.625000 0.540625 0.619444 0.540625 0.618519 0.541667 0.616667 0.541667 0.615741 0.542188 0.614815 0.542188 0.613889 0.542708 0.612963 0.542708 0.612037 0.543229 0.611111 0.543229 0.610185 0.543750 0.609259 0.543750 0.606481 0.544271 0.605556 0.544271 0.600926 0.544792 0.600000 0.544792 0.597222 0.544271 0.596296 0.544271 0.590741 0.543750 0.589815 0.543750 0.587963 0.543229 0.587037 0.543229 0.585185 0.542708 0.584259 0.542708 0.582407 0.542188 0.581481 0.542188 0.579630 0.541667 0.578704 0.541667 0.576852 0.541146 0.575926 0.541146 0.574074 0.540625 0.573148 0.540625 0.571296 0.540104 0.570370 0.540104 0.568519 0.539583 0.567593 0.539583 0.565741 0.539062 0.564815 0.539062 0.562037 0.538542 0.561111 0.538542 0.559259 0.538021 0.558333 0.538021 0.556481 0.537500 0.555556 0.537500 0.553704 0.536979 0.552778 0.536979 0.550926 0.536458 0.550000 0.536458 0.548148 0.535937 0.547222 0.535937 0.545370 0.535417 0.544444 0.535417 0.542593 0.534896 0.541667 0.534896 0.539815 0.534375 0.538889 0.534375 0.537037 0.533854 0.536111 0.533854 0.534259 0.533333 0.533333 0.533333 0.531481 0.532813 0.530556 0.532813 0.528704 0.532292 0.527778 0.532292 0.525926 0.531771 0.525000 0.531771 0.523148 0.531250 0.522222 0.531250 0.520370 0.530729 0.519444 0.530729 0.517593 0.530208 0.516667 0.530208 0.514815 0.529687 0.513889 0.529687 0.512037 0.529167 0.511111 0.529167 0.509259 0.528646 0.508333 0.528646 0.506481 0.528125 0.505556 0.528125 0.503704 0.527604 0.502778 0.527604 0.500926 0.527083 0.500000 0.527083 0.498148 0.526563 0.497222 0.526563 0.495370 0.526042 0.494444 0.526042 0.492593 0.525521 0.491667 0.525521 0.489815 0.525000 0.488889 0.525000 0.487037 0.524479 0.486111 0.524479 0.484259 0.523958 0.483333 0.523958 0.481481 0.523438 0.480556 0.523438 0.478704 0.522917 0.477778 0.522917 0.475926 0.522396 0.475000 0.522396 0.473148 0.521875 0.472222 0.521875 0.470370 0.521354 0.469444 0.521354 0.467593 0.520833 0.466667 0.520833 0.464815 0.520312 0.463889 0.520312 0.462037 0.519792 0.461111 0.519271 0.461111 0.518750 0.462037 0.515104 0.462037 0.514583 0.461111 0.512500 0.461111 0.511979 0.460185
2 0.651042 0.572222 0.055208 0.127778 0.643750 0.508333 0.643750 0.509259 0.639062 0.517593 0.638542 0.517593 0.637500 0.519444 0.636979 0.519444 0.636458 0.520370 0.635938 0.520370 0.635417 0.521296 0.634896 0.521296 0.634375 0.522222 0.633333 0.522222 0.632812 0.523148 0.631771 0.523148 0.631250 0.524074 0.623437 0.524074 0.623958 0.525000 0.623958 0.525926 0.624479 0.526852 0.624479 0.527778 0.625000 0.528704 0.625000 0.529630 0.626042 0.531481 0.626042 0.532407 0.626563 0.533333 0.626563 0.534259 0.627083 0.535185 0.627083 0.536111 0.627604 0.537037 0.627604 0.537963 0.628646 0.539815 0.628646 0.540741 0.629167 0.541667 0.629167 0.542593 0.629687 0.543519 0.629687 0.544444 0.630729 0.546296 0.630729 0.547222 0.631250 0.548148 0.631250 0.549074 0.631771 0.550000 0.631771 0.550926 0.632292 0.551852 0.632292 0.552778 0.633333 0.554630 0.633333 0.555556 0.633854 0.556481 0.633854 0.557407 0.634375 0.558333 0.634375 0.559259 0.635417 0.561111 0.635417 0.562037 0.635938 0.562963 0.635938 0.563889 0.636458 0.564815 0.636458 0.565741 0.636979 0.566667 0.636979 0.567593 0.637500 0.568519 0.637500 0.569444 0.638021 0.570370 0.638021 0.571296 0.638542 0.572222 0.638542 0.574074 0.639062 0.575000 0.639062 0.576852 0.639583 0.577778 0.639583 0.590741 0.639062 0.591667 0.639062 0.594444 0.638542 0.595370 0.638542 0.596296 0.638021 0.597222 0.638021 0.599074 0.637500 0.600000 0.637500 0.600926 0.636979 0.601852 0.636979 0.602778 0.637500 0.603704 0.637500 0.604630 0.638542 0.606481 0.638542 0.607407 0.639062 0.608333 0.639062 0.609259 0.639583 0.610185 0.639583 0.611111 0.640104 0.612037 0.640104 0.612963 0.640625 0.613889 0.640625 0.614815 0.641146 0.615741 0.641146 0.616667 0.642188 0.618519 0.642188 0.619444 0.642708 0.620370 0.642708 0.621296 0.643750 0.623148 0.643750 0.624074 0.646354 0.628704 0.646875 0.628704 0.648438 0.631481 0.648958 0.631481 0.649479 0.632407 0.650000 0.632407 0.650521 0.633333 0.651042 0.633333 0.651563 0.634259 0.652604 0.634259 0.653125 0.635185 0.654687 0.635185 0.655208 0.636111 0.662500 0.636111 0.663021 0.635185 0.664583 0.635185 0.665104 0.634259 0.666146 0.634259 0.666667 0.633333 0.667188 0.633333 0.667708 0.632407 0.668229 0.632407 0.668750 0.631481 0.669271 0.631481 0.669792 0.630556 0.670312 0.630556 0.672396 0.626852 0.672917 0.626852 0.673438 0.625926 0.673438 0.625000 0.675521 0.621296 0.675521 0.620370 0.676562 0.618519 0.676562 0.617593 0.677083 0.616667 0.677083 0.614815 0.677604 0.613889 0.677604 0.612963 0.678125 0.612037 0.678125 0.609259 0.678646 0.608333 0.678646 0.594444 0.678125 0.593519 0.678125 0.591667 0.677604 0.590741 0.677604 0.588889 0.677083 0.587963 0.677083 0.587037 0.676562 0.586111 0.676562 0.585185 0.676042 0.584259 0.676042 0.583333 0.675000 0.581481 0.675000 0.580556 0.673958 0.578704 0.673958 0.577778 0.673438 0.576852 0.673438 0.575926 0.672396 0.574074 0.672396 0.573148 0.671354 0.571296 0.671354 0.570370 0.670312 0.568519 0.670312 0.567593 0.669792 0.566667 0.669792 0.565741 0.668750 0.563889 0.668750 0.562963 0.667708 0.561111 0.667708 0.560185 0.666667 0.558333 0.666667 0.557407 0.666146 0.556481 0.666146 0.555556 0.665625 0.554630 0.665104 0.554630 0.664583 0.553704 0.663542 0.553704 0.663021 0.552778 0.662500 0.552778 0.661979 0.551852 0.661458 0.551852 0.660417 0.550000 0.659896 0.550000 0.657813 0.546296 0.657292 0.546296 0.656771 0.545370 0.656771 0.544444 0.654687 0.540741 0.654687 0.539815 0.653646 0.537963 0.653646 0.537037 0.653125 0.536111 0.653125 0.535185 0.652083 0.533333 0.652083 0.532407 0.651042 0.530556 0.651042 0.529630 0.650521 0.528704 0.650521 0.527778 0.649479 0.525926 0.649479 0.525000 0.648438 0.523148 0.648438 0.522222 0.647917 0.521296 0.647917 0.520370 0.646875 0.518519 0.646875 0.517593 0.646354 0.516667 0.646354 0.515741 0.645312 0.513889 0.645312 0.512963 0.644271 0.511111 0.644271 0.510185 0.643750 0.509259
2 0.279687 0.558796 0.045833 0.089815 0.265625 0.513889 0.265625 0.515741 0.265104 0.516667 0.265104 0.518519 0.264583 0.519444 0.264583 0.521296 0.264062 0.522222 0.264062 0.524074 0.263542 0.525000 0.263542 0.526852 0.263021 0.527778 0.263021 0.529630 0.262500 0.530556 0.262500 0.532407 0.261979 0.533333 0.261979 0.535185 0.261458 0.536111 0.261458 0.537963 0.260937 0.538889 0.260937 0.540741 0.260417 0.541667 0.260417 0.543519 0.259896 0.544444 0.259896 0.546296 0.259375 0.547222 0.259375 0.549074 0.258854 0.550000 0.258854 0.551852 0.258333 0.552778 0.258333 0.554630 0.257812 0.555556 0.257812 0.557407 0.257292 0.558333 0.257292 0.561111 0.256771 0.562037 0.256771 0.575926 0.257292 0.576852 0.257292 0.578704 0.257812 0.579630 0.257812 0.581481 0.258333 0.582407 0.258333 0.583333 0.258854 0.584259 0.258854 0.585185 0.259375 0.586111 0.259375 0.587037 0.260417 0.588889 0.260417 0.589815 0.264062 0.596296 0.264583 0.596296 0.265625 0.598148 0.266146 0.598148 0.266667 0.599074 0.267188 0.599074 0.267708 0.600000 0.268229 0.600000 0.268750 0.600926 0.269792 0.600926 0.270313 0.601852 0.271354 0.601852 0.271875 0.602778 0.273958 0.602778 0.274479 0.603704 0.278646 0.603704 0.279167 0.602778 0.281250 0.602778 0.281771 0.601852 0.283333 0.601852 0.283854 0.600926 0.284375 0.600926 0.284896 0.600000 0.285417 0.600000 0.285938 0.599074 0.286458 0.599074 0.286979 0.598148 0.287500 0.598148 0.288542 0.596296 0.289062 0.596296 0.292187 0.590741 0.292187 0.589815 0.293229 0.587963 0.293229 0.587037 0.294271 0.585185 0.294271 0.583333 0.294792 0.582407 0.294792 0.581481 0.295312 0.580556 0.295312 0.578704 0.295833 0.577778 0.295833 0.575000 0.296354 0.574074 0.296354 0.570370 0.296875 0.569444 0.296875 0.566667 0.297396 0.565741 0.297396 0.562963 0.297917 0.562037 0.297917 0.558333 0.298438 0.557407 0.298438 0.554630 0.298958 0.553704 0.298958 0.550926 0.299479 0.550000 0.299479 0.547222 0.300000 0.546296 0.300000 0.542593 0.300521 0.541667 0.300521 0.531481 0.301042 0.530556 0.301042 0.526852 0.301563 0.525926 0.301563 0.523148 0.302083 0.522222 0.302083 0.519444 0.302604 0.518519 0.302083 0.519444 0.302083 0.520370 0.301042 0.522222 0.301042 0.523148 0.297917 0.528704 0.297396 0.528704 0.296354 0.530556 0.295833 0.530556 0.294792 0.532407 0.294271 0.532407 0.293750 0.533333 0.292708 0.533333 0.292187 0.534259 0.291667 0.534259 0.291146 0.535185 0.289583 0.535185 0.289062 0.536111 0.280729 0.536111 0.280208 0.535185 0.279167 0.535185 0.278646 0.534259 0.277604 0.534259 0.277083 0.533333 0.276042 0.533333 0.275521 0.532407 0.275000 0.532407 0.273958 0.530556 0.273438 0.530556 0.272396 0.528704 0.271875 0.528704 0.268750 0.523148 0.268750 0.522222 0.267188 0.519444 0.267188 0.518519 0.266667 0.517593 0.266667 0.516667 0.266146 0.515741 0.266146 0.514815
2 0.364844 0.464815 0.039062 0.225926 0.369792 0.351852 0.369271 0.352778 0.367708 0.352778 0.367188 0.353704 0.366146 0.353704 0.365625 0.354630 0.365104 0.354630 0.364583 0.355556 0.364063 0.355556 0.362500 0.358333 0.361979 0.358333 0.360417 0.361111 0.360417 0.362037 0.359375 0.363889 0.359375 0.364815 0.358854 0.365741 0.358854 0.371296 0.358333 0.372222 0.358333 0.378704 0.357812 0.379630 0.357812 0.386111 0.357292 0.387037 0.357292 0.393519 0.356771 0.394444 0.356771 0.398148 0.356250 0.399074 0.356250 0.400926 0.355729 0.401852 0.355729 0.402778 0.355208 0.403704 0.355208 0.407407 0.354687 0.408333 0.354687 0.414815 0.354167 0.415741 0.354167 0.422222 0.353646 0.423148 0.353646 0.429630 0.353125 0.430556 0.353125 0.436111 0.352604 0.437037 0.352604 0.443519 0.352083 0.444444 0.352083 0.450926 0.351562 0.451852 0.351562 0.458333 0.351042 0.459259 0.351042 0.465741 0.350521 0.466667 0.350521 0.472222 0.350000 0.473148 0.350000 0.477778 0.349479 0.478704 0.349479 0.485185 0.348958 0.486111 0.348958 0.492593 0.348438 0.493519 0.348438 0.499074 0.347917 0.500000 0.347917 0.506481 0.347396 0.507407 0.347396 0.513889 0.346875 0.514815 0.346875 0.521296 0.346354 0.522222 0.346354 0.528704 0.345833 0.529630 0.345833 0.535185 0.345313 0.536111 0.345313 0.550926 0.345833 0.551852 0.345833 0.554630 0.346354 0.555556 0.346354 0.556481 0.346875 0.557407 0.346875 0.558333 0.347396 0.559259 0.347396 0.560185 0.347917 0.561111 0.347917 0.562037 0.348958 0.563889 0.348958 0.564815 0.352083 0.570370 0.352604 0.570370 0.354167 0.573148 0.354687 0.573148 0.355208 0.574074 0.355729 0.574074 0.356250 0.575000 0.356771 0.575000 0.357292 0.575926 0.358333 0.575926 0.358854 0.576852 0.360417 0.576852 0.360938 0.577778 0.368229 0.577778 0.368750 0.576852 0.370312 0.576852 0.370833 0.575926 0.371875 0.575926 0.372396 0.575000 0.372917 0.575000 0.373437 0.574074 0.373958 0.574074 0.374479 0.573148 0.375000 0.573148 0.376563 0.570370 0.377083 0.570370 0.380208 0.564815 0.380208 0.563889 0.381250 0.562037 0.381250 0.561111 0.381771 0.560185 0.381771 0.559259 0.382292 0.558333 0.382292 0.557407 0.382812 0.556481 0.382812 0.554630 0.383333 0.553704 0.383333 0.550926 0.383854 0.550000 0.383854 0.537037 0.384375 0.536111 0.384375 0.532407 0.383333 0.532407 0.382812 0.531481 0.380729 0.531481 0.380208 0.530556 0.379167 0.530556 0.378646 0.529630 0.377604 0.529630 0.377083 0.528704 0.376563 0.528704 0.375521 0.526852 0.375000 0.526852 0.373958 0.525000 0.373437 0.525000 0.369271 0.517593 0.369271 0.516667 0.368229 0.514815 0.368229 0.513889 0.367708 0.512963 0.367708 0.512037 0.367188 0.511111 0.367188 0.510185 0.366667 0.509259 0.366667 0.507407 0.366146 0.506481 0.366146 0.504630 0.365625 0.503704 0.365625 0.486111 0.366146 0.485185 0.366146 0.475000 0.366667 0.474074 0.366667 0.463889 0.367188 0.462963 0.367188 0.452778 0.367708 0.451852 0.367708 0.441667 0.368229 0.440741 0.368229 0.429630 0.368750 0.428704 0.368750 0.418519 0.369271 0.417593 0.369271 0.407407 0.369792 0.406481 0.369792 0.396296 0.370312 0.395370 0.370312 0.385185 0.370833 0.384259 0.370833 0.374074 0.371354 0.373148 0.371354 0.362963 0.371875 0.362037 0.371875 0.351852
2 0.483073 0.597685 0.043229 0.132407 0.479167 0.531481 0.479167 0.534259 0.479687 0.535185 0.479687 0.538889 0.480208 0.539815 0.480208 0.543519 0.480729 0.544444 0.480729 0.548148 0.481250 0.549074 0.481250 0.553704 0.481771 0.554630 0.481771 0.560185 0.481250 0.561111 0.481250 0.565741 0.480729 0.566667 0.480729 0.568519 0.480208 0.569444 0.480208 0.571296 0.479687 0.572222 0.479687 0.573148 0.479167 0.574074 0.479167 0.575000 0.478125 0.576852 0.478125 0.577778 0.476042 0.581481 0.476042 0.582407 0.475000 0.584259 0.474479 0.584259 0.472917 0.587037 0.472396 0.587037 0.471354 0.588889 0.470833 0.588889 0.470313 0.589815 0.469792 0.589815 0.469271 0.590741 0.468750 0.590741 0.468229 0.591667 0.467187 0.591667 0.466667 0.592593 0.464583 0.592593 0.464062 0.593519 0.461458 0.593519 0.461458 0.596296 0.461979 0.597222 0.461979 0.602778 0.462500 0.603704 0.462500 0.609259 0.463021 0.610185 0.463021 0.615741 0.463542 0.616667 0.463542 0.622222 0.464062 0.623148 0.464062 0.628704 0.464583 0.629630 0.464583 0.634259 0.465104 0.635185 0.465104 0.638889 0.465625 0.639815 0.465625 0.640741 0.466146 0.641667 0.466146 0.643519 0.466667 0.644444 0.466667 0.645370 0.467708 0.647222 0.467708 0.648148 0.468750 0.650000 0.468750 0.650926 0.471354 0.655556 0.471875 0.655556 0.473438 0.658333 0.473958 0.658333 0.474479 0.659259 0.475000 0.659259 0.475521 0.660185 0.476042 0.660185 0.476562 0.661111 0.477604 0.661111 0.478125 0.662037 0.479167 0.662037 0.479687 0.662963 0.483854 0.662963 0.484375 0.663889 0.484896 0.663889 0.485417 0.662963 0.488542 0.662963 0.489063 0.662037 0.490625 0.662037 0.491146 0.661111 0.492188 0.661111 0.492708 0.660185 0.493229 0.660185 0.493750 0.659259 0.494271 0.659259 0.495312 0.657407 0.495833 0.657407 0.496875 0.655556 0.497396 0.655556 0.500000 0.650926 0.500000 0.650000 0.501563 0.647222 0.501563 0.646296 0.502083 0.645370 0.502083 0.644444 0.502604 0.643519 0.502604 0.642593 0.503125 0.641667 0.503125 0.639815 0.503646 0.638889 0.503646 0.637037 0.504167 0.636111 0.504167 0.629630 0.504687 0.628704 0.504167 0.627778 0.504167 0.621296 0.503646 0.620370 0.503646 0.616667 0.503125 0.615741 0.503125 0.612963 0.502604 0.612037 0.502604 0.609259 0.502083 0.608333 0.502083 0.604630 0.501563 0.603704 0.501563 0.600926 0.501042 0.600000 0.501042 0.597222 0.500521 0.596296 0.500521 0.593519 0.500000 0.592593 0.500000 0.588889 0.499479 0.587963 0.499479 0.585185 0.498958 0.584259 0.498958 0.581481 0.498437 0.580556 0.498437 0.576852 0.497917 0.575926 0.497917 0.573148 0.497396 0.572222 0.497396 0.569444 0.496875 0.568519 0.496875 0.566667 0.496354 0.565741 0.495833 0.565741 0.495312 0.564815 0.494792 0.564815 0.494271 0.563889 0.493750 0.563889 0.493229 0.562963 0.492708 0.562963 0.491667 0.561111 0.491146 0.561111 0.487500 0.554630 0.487500 0.553704 0.486458 0.551852 0.486458 0.550926 0.485938 0.550000 0.485938 0.549074 0.485417 0.548148 0.485417 0.547222 0.484896 0.546296 0.484896 0.545370 0.484375 0.544444 0.484375 0.541667 0.483854 0.540741 0.483854 0.537037 0.483333 0.536111 0.483333 0.532407 0.481250 0.532407 0.480729 0.531481
2 0.596615 0.500463 0.084896 0.237963 0.566146 0.381481 0.565625 0.382407 0.564583 0.382407 0.564063 0.383333 0.563021 0.383333 0.562500 0.384259 0.561979 0.384259 0.561458 0.385185 0.560937 0.385185 0.559896 0.387037 0.559375 0.387037 0.556771 0.391667 0.556771 0.392593 0.555729 0.394444 0.555729 0.395370 0.555208 0.396296 0.555208 0.397222 0.554688 0.398148 0.554688 0.399074 0.554167 0.400000 0.554167 0.402778 0.554688 0.403704 0.554688 0.404630 0.555208 0.405556 0.555208 0.406481 0.555729 0.407407 0.555729 0.408333 0.556250 0.409259 0.556250 0.411111 0.556771 0.412037 0.556771 0.412963 0.557292 0.413889 0.557292 0.414815 0.557813 0.415741 0.557813 0.416667 0.558333 0.417593 0.558333 0.418519 0.558854 0.419444 0.558854 0.420370 0.559375 0.421296 0.559375 0.422222 0.559896 0.423148 0.559896 0.425000 0.560417 0.425926 0.560417 0.426852 0.560937 0.427778 0.560937 0.428704 0.561458 0.429630 0.561458 0.430556 0.561979 0.431481 0.561979 0.432407 0.562500 0.433333 0.562500 0.434259 0.563021 0.435185 0.563021 0.436111 0.563542 0.437037 0.563542 0.438889 0.564063 0.439815 0.564063 0.440741 0.564583 0.441667 0.564583 0.442593 0.565104 0.443519 0.565104 0.444444 0.565625 0.445370 0.565625 0.446296 0.566146 0.447222 0.566146 0.448148 0.566667 0.449074 0.566667 0.450926 0.567187 0.451852 0.567187 0.453704 0.567708 0.454630 0.567708 0.459259 0.568229 0.460185 0.568229 0.465741 0.567708 0.466667 0.567708 0.469444 0.568229 0.470370 0.568229 0.471296 0.568750 0.472222 0.568750 0.474074 0.569271 0.475000 0.569271 0.475926 0.569792 0.476852 0.569792 0.477778 0.570312 0.478704 0.570312 0.479630 0.570833 0.480556 0.570833 0.481481 0.571354 0.482407 0.571354 0.483333 0.571875 0.484259 0.571875 0.486111 0.572396 0.487037 0.572396 0.487963 0.572917 0.488889 0.572917 0.489815 0.573438 0.490741 0.573438 0.491667 0.573958 0.492593 0.573958 0.493519 0.574479 0.494444 0.574479 0.496296 0.575000 0.497222 0.575000 0.498148 0.575521 0.499074 0.575521 0.500000 0.576042 0.500926 0.576042 0.501852 0.576562 0.502778 0.576562 0.503704 0.577083 0.504630 0.577083 0.506481 0.577604 0.507407 0.577604 0.508333 0.578125 0.509259 0.578125 0.510185 0.578646 0.511111 0.578646 0.512037 0.579167 0.512963 0.579167 0.513889 0.579688 0.514815 0.579688 0.515741 0.580208 0.516667 0.580208 0.518519 0.580729 0.519444 0.580729 0.520370 0.581250 0.521296 0.581250 0.522222 0.581771 0.523148 0.581771 0.524074 0.582292 0.525000 0.582292 0.525926 0.582812 0.526852 0.582812 0.528704 0.583333 0.529630 0.583333 0.530556 0.583854 0.531481 0.583854 0.532407 0.584375 0.533333 0.584375 0.534259 0.584896 0.535185 0.584896 0.536111 0.585417 0.537037 0.585417 0.537963 0.585938 0.538889 0.585938 0.540741 0.586458 0.541667 0.586458 0.542593 0.586979 0.543519 0.586979 0.544444 0.587500 0.545370 0.587500 0.546296 0.588021 0.547222 0.588021 0.548148 0.588542 0.549074 0.588542 0.550926 0.589063 0.551852 0.589063 0.552778 0.589583 0.553704 0.589583 0.554630 0.590104 0.555556 0.590104 0.556481 0.590625 0.557407 0.590625 0.558333 0.591146 0.559259 0.591146 0.561111 0.591667 0.562037 0.591667 0.562963 0.592187 0.563889 0.592187 0.564815 0.592708 0.565741 0.592708 0.566667 0.593229 0.567593 0.593229 0.568519 0.593750 0.569444 0.593750 0.570370 0.594271 0.571296 0.594271 0.573148 0.594792 0.574074 0.594792 0.575000 0.595313 0.575926 0.595313 0.576852 0.595833 0.577778 0.595833 0.578704 0.596354 0.579630 0.596354 0.580556 0.596875 0.581481 0.596875 0.583333 0.597396 0.584259 0.597396 0.585185 0.597917 0.586111 0.597917 0.587037 0.598437 0.587963 0.598437 0.588889 0.598958 0.589815 0.598958 0.590741 0.599479 0.591667 0.599479 0.592593 0.600000 0.593519 0.600000 0.595370 0.600521 0.596296 0.600521 0.597222 0.601042 0.598148 0.601042 0.599074 0.601562 0.600000 0.601562 0.600926 0.602083 0.601852 0.602083 0.602778 0.602604 0.603704 0.602604 0.604630 0.605208 0.609259 0.605208 0.610185 0.605729 0.610185 0.607812 0.613889 0.608333 0.613889 0.608854 0.614815 0.609375 0.614815 0.609896 0.615741 0.610417 0.615741 0.610938 0.616667 0.611458 0.616667 0.611979 0.617593 0.613021 0.617593 0.613542 0.618519 0.615104 0.618519 0.615625 0.619444 0.622396 0.619444 0.622917 0.618519 0.624479 0.618519 0.625000 0.617593 0.626042 0.617593 0.626563 0.616667 0.627083 0.616667 0.627604 0.615741 0.628646 0.615741 0.629687 0.613889 0.630208 0.613889 0.631250 0.612037 0.631771 0.612037 0.634896 0.606481 0.634896 0.605556 0.635938 0.603704 0.635938 0.602778 0.636979 0.600926 0.636979 0.600000 0.637500 0.599074 0.637500 0.597222 0.638021 0.596296 0.638021 0.595370 0.638542 0.594444 0.638542 0.591667 0.639062 0.590741 0.639062 0.577778 0.638542 0.576852 0.638542 0.575000 0.638021 0.574074 0.638021 0.572222 0.637500 0.571296 0.637500 0.570370 0.636979 0.569444 0.636979 0.568519 0.636458 0.567593 0.636458 0.566667 0.635938 0.565741 0.635938 0.564815 0.635417 0.563889 0.635417 0.562963 0.634896 0.562037 0.634896 0.561111 0.633854 0.559259 0.633854 0.558333 0.633333 0.557407 0.633333 0.556481 0.632812 0.555556 0.632812 0.554630 0.631771 0.552778 0.631771 0.551852 0.631250 0.550926 0.631250 0.550000 0.630729 0.549074 0.630729 0.548148 0.630208 0.547222 0.630208 0.546296 0.629167 0.544444 0.629167 0.543519 0.628646 0.542593 0.628646 0.541667 0.628125 0.540741 0.628125 0.539815 0.627083 0.537963 0.627083 0.537037 0.626563 0.536111 0.626563 0.535185 0.626042 0.534259 0.626042 0.533333 0.625521 0.532407 0.625521 0.531481 0.624479 0.529630 0.624479 0.528704 0.623958 0.527778 0.623958 0.526852 0.623437 0.525926 0.623437 0.525000 0.622396 0.523148 0.621354 0.523148 0.620833 0.522222 0.619792 0.522222 0.619271 0.521296 0.618750 0.521296 0.618229 0.520370 0.617708 0.520370 0.617188 0.519444 0.616667 0.519444 0.615104 0.516667 0.614583 0.516667 0.611979 0.512037 0.611979 0.511111 0.610417 0.508333 0.610417 0.507407 0.609896 0.506481 0.609896 0.505556 0.609375 0.504630 0.609375 0.503704 0.608854 0.502778 0.608854 0.501852 0.607812 0.500000 0.607812 0.499074 0.607292 0.498148 0.607292 0.497222 0.606771 0.496296 0.606771 0.495370 0.606250 0.494444 0.606250 0.493519 0.605729 0.492593 0.605729 0.491667 0.604688 0.489815 0.604688 0.488889 0.604167 0.487963 0.604167 0.487037 0.603646 0.486111 0.603646 0.485185 0.603125 0.484259 0.603125 0.483333 0.602604 0.482407 0.602604 0.481481 0.601562 0.479630 0.601562 0.478704 0.601042 0.477778 0.601042 0.476852 0.600521 0.475926 0.600521 0.475000 0.600000 0.474074 0.600000 0.473148 0.599479 0.472222 0.599479 0.471296 0.598958 0.470370 0.598958 0.469444 0.597917 0.467593 0.597917 0.466667 0.597396 0.465741 0.597396 0.464815 0.596875 0.463889 0.596875 0.462963 0.596354 0.462037 0.596354 0.461111 0.595833 0.460185 0.595833 0.459259 0.594792 0.457407 0.594792 0.456481 0.594271 0.455556 0.594271 0.454630 0.593750 0.453704 0.593750 0.452778 0.593229 0.451852 0.593229 0.450926 0.592708 0.450000 0.592708 0.449074 0.592187 0.448148 0.592187 0.447222 0.591146 0.445370 0.591146 0.444444 0.590625 0.443519 0.590625 0.442593 0.590104 0.441667 0.590104 0.440741 0.589583 0.439815 0.589583 0.438889 0.589063 0.437963 0.589063 0.437037 0.588021 0.435185 0.588021 0.434259 0.587500 0.433333 0.587500 0.432407 0.586979 0.431481 0.586979 0.430556 0.586458 0.429630 0.586458 0.428704 0.585938 0.427778 0.585938 0.426852 0.585417 0.425926 0.585417 0.425000 0.584375 0.423148 0.584375 0.422222 0.583854 0.421296 0.583854 0.420370 0.583333 0.419444 0.583333 0.418519 0.582812 0.417593 0.582812 0.416667 0.582292 0.415741 0.582292 0.414815 0.581250 0.412963 0.581250 0.412037 0.580729 0.411111 0.580729 0.410185 0.580208 0.409259 0.580208 0.408333 0.579688 0.407407 0.579688 0.406481 0.579167 0.405556 0.579167 0.404630 0.578125 0.402778 0.578125 0.401852 0.577604 0.400926 0.577604 0.400000 0.577083 0.399074 0.577083 0.398148 0.576562 0.397222 0.576562 0.396296 0.576042 0.395370 0.576042 0.394444 0.575521 0.393519 0.575521 0.392593 0.574479 0.390741 0.574479 0.389815 0.573958 0.388889 0.573958 0.387963 0.573438 0.387037 0.573438 0.386111 0.572917 0.385185 0.572917 0.384259 0.572396 0.383333 0.572396 0.382407 0.571875 0.381481
2 0.386198 0.420833 0.040104 0.221296 0.386979 0.310185 0.386458 0.311111 0.384375 0.311111 0.383854 0.312037 0.382812 0.312037 0.382292 0.312963 0.381771 0.312963 0.381250 0.313889 0.380729 0.313889 0.379688 0.315741 0.379167 0.315741 0.376563 0.320370 0.376563 0.321296 0.375521 0.323148 0.375521 0.324074 0.375000 0.325000 0.375000 0.325926 0.374479 0.326852 0.374479 0.327778 0.373958 0.328704 0.373958 0.331481 0.373437 0.332407 0.373437 0.339815 0.372917 0.340741 0.372917 0.350926 0.372396 0.351852 0.372396 0.362037 0.371875 0.362963 0.371875 0.373148 0.371354 0.374074 0.371354 0.384259 0.370833 0.385185 0.370833 0.395370 0.370312 0.396296 0.370312 0.406481 0.369792 0.407407 0.369792 0.417593 0.369271 0.418519 0.369271 0.428704 0.368750 0.429630 0.368750 0.440741 0.368229 0.441667 0.368229 0.451852 0.367708 0.452778 0.367708 0.462963 0.367188 0.463889 0.367188 0.474074 0.366667 0.475000 0.366667 0.485185 0.366146 0.486111 0.366146 0.503704 0.366667 0.504630 0.366667 0.506481 0.367188 0.507407 0.367188 0.509259 0.367708 0.510185 0.367708 0.511111 0.368229 0.512037 0.368229 0.512963 0.368750 0.513889 0.368750 0.514815 0.369792 0.516667 0.369792 0.517593 0.373437 0.524074 0.373958 0.524074 0.375000 0.525926 0.375521 0.525926 0.376563 0.527778 0.377083 0.527778 0.377604 0.528704 0.378646 0.528704 0.379167 0.529630 0.380208 0.529630 0.380729 0.530556 0.382812 0.530556 0.383333 0.531481 0.389062 0.531481 0.389583 0.530556 0.391146 0.530556 0.391667 0.529630 0.392708 0.529630 0.393229 0.528704 0.394271 0.528704 0.394792 0.527778 0.395313 0.527778 0.395833 0.526852 0.396354 0.526852 0.397396 0.525000 0.397917 0.525000 0.400000 0.521296 0.400521 0.521296 0.400521 0.520370 0.402604 0.516667 0.402604 0.515741 0.403646 0.513889 0.403646 0.512963 0.404167 0.512037 0.404167 0.511111 0.404687 0.510185 0.404687 0.508333 0.405208 0.507407 0.405208 0.505556 0.405729 0.504630 0.405729 0.499074 0.406250 0.498148 0.406250 0.492593 0.405729 0.491667 0.405729 0.452778 0.405208 0.451852 0.403125 0.451852 0.402604 0.450926 0.401562 0.450926 0.401042 0.450000 0.400521 0.450000 0.400000 0.449074 0.399479 0.449074 0.398958 0.448148 0.398438 0.448148 0.397917 0.447222 0.397396 0.447222 0.395833 0.444444 0.395313 0.444444 0.392708 0.439815 0.392708 0.438889 0.391146 0.436111 0.391146 0.435185 0.390625 0.434259 0.390625 0.433333 0.390104 0.432407 0.390104 0.431481 0.389583 0.430556 0.389583 0.428704 0.389062 0.427778 0.389062 0.425926 0.388542 0.425000 0.388542 0.420370 0.388021 0.419444 0.388021 0.412963 0.388542 0.412037 0.388542 0.380556 0.389062 0.379630 0.389062 0.348148 0.389583 0.347222 0.389583 0.315741 0.390104 0.314815 0.390104 0.310185
2 0.411198 0.525463 0.040104 0.147222 0.411458 0.451852 0.410938 0.452778 0.406250 0.452778 0.406250 0.491667 0.406771 0.492593 0.406771 0.498148 0.406250 0.499074 0.406250 0.504630 0.405729 0.505556 0.405729 0.507407 0.405208 0.508333 0.405208 0.510185 0.404687 0.511111 0.404687 0.512037 0.404167 0.512963 0.404167 0.513889 0.403125 0.515741 0.403125 0.516667 0.401042 0.520370 0.401042 0.521296 0.400521 0.522222 0.400000 0.522222 0.397917 0.525926 0.397396 0.525926 0.396354 0.527778 0.395833 0.527778 0.395313 0.528704 0.394792 0.528704 0.394271 0.529630 0.393229 0.529630 0.392708 0.530556 0.391667 0.530556 0.391146 0.531481 0.391146 0.570370 0.391667 0.571296 0.391667 0.574074 0.392188 0.575000 0.392188 0.576852 0.392708 0.577778 0.392708 0.578704 0.393229 0.579630 0.393229 0.580556 0.393750 0.581481 0.393750 0.582407 0.394271 0.583333 0.394271 0.584259 0.396354 0.587963 0.396354 0.588889 0.396875 0.589815 0.397396 0.589815 0.399479 0.593519 0.400000 0.593519 0.400521 0.594444 0.401042 0.594444 0.402083 0.596296 0.403125 0.596296 0.403646 0.597222 0.404167 0.597222 0.404687 0.598148 0.406250 0.598148 0.406771 0.599074 0.415104 0.599074 0.415625 0.598148 0.417187 0.598148 0.417708 0.597222 0.418750 0.597222 0.419271 0.596296 0.419792 0.596296 0.420312 0.595370 0.420833 0.595370 0.421354 0.594444 0.421875 0.594444 0.422917 0.592593 0.423438 0.592593 0.427083 0.586111 0.427083 0.585185 0.428125 0.583333 0.428125 0.582407 0.429167 0.580556 0.429167 0.578704 0.429688 0.577778 0.429688 0.576852 0.430208 0.575926 0.430208 0.574074 0.430729 0.573148 0.430729 0.568519 0.431250 0.567593 0.431250 0.561111 0.430729 0.560185 0.430729 0.549074 0.430208 0.548148 0.430208 0.537037 0.429688 0.536111 0.429688 0.525000 0.429167 0.524074 0.429167 0.513889 0.428646 0.512963 0.428646 0.506481 0.428125 0.505556 0.426563 0.505556 0.426042 0.504630 0.425000 0.504630 0.424479 0.503704 0.423958 0.503704 0.423438 0.502778 0.422917 0.502778 0.421875 0.500926 0.421354 0.500926 0.420312 0.499074 0.419792 0.499074 0.417187 0.494444 0.417187 0.493519 0.415625 0.490741 0.415625 0.489815 0.415104 0.488889 0.415104 0.487963 0.414583 0.487037 0.414583 0.486111 0.414062 0.485185 0.414062 0.484259 0.413542 0.483333 0.413542 0.480556 0.413021 0.479630 0.413021 0.475000 0.412500 0.474074 0.412500 0.451852
2 0.550521 0.526389 0.059375 0.137963 0.526563 0.457407 0.526042 0.458333 0.525521 0.458333 0.525000 0.459259 0.523958 0.459259 0.523438 0.460185 0.522396 0.460185 0.521875 0.461111 0.520833 0.461111 0.520833 0.462037 0.521354 0.462963 0.521354 0.464815 0.521875 0.465741 0.521875 0.467593 0.522396 0.468519 0.522396 0.470370 0.522917 0.471296 0.522917 0.473148 0.523438 0.474074 0.523438 0.475926 0.523958 0.476852 0.523958 0.478704 0.524479 0.479630 0.524479 0.481481 0.525000 0.482407 0.525000 0.484259 0.525521 0.485185 0.525521 0.487037 0.526042 0.487963 0.526042 0.489815 0.526563 0.490741 0.526563 0.492593 0.527083 0.493519 0.527083 0.495370 0.527604 0.496296 0.527604 0.498148 0.528125 0.499074 0.528125 0.500926 0.528646 0.501852 0.528646 0.503704 0.529167 0.504630 0.529167 0.506481 0.529687 0.507407 0.529687 0.509259 0.530208 0.510185 0.530208 0.512037 0.530729 0.512963 0.530729 0.514815 0.531250 0.515741 0.531250 0.517593 0.531771 0.518519 0.531771 0.520370 0.532292 0.521296 0.532292 0.523148 0.532813 0.524074 0.532813 0.525926 0.533333 0.526852 0.533333 0.528704 0.533854 0.529630 0.533854 0.531481 0.534375 0.532407 0.534375 0.534259 0.534896 0.535185 0.534896 0.537037 0.535417 0.537963 0.535417 0.539815 0.535937 0.540741 0.535937 0.542593 0.536458 0.543519 0.536458 0.545370 0.536979 0.546296 0.536979 0.548148 0.537500 0.549074 0.537500 0.550926 0.538021 0.551852 0.538021 0.553704 0.538542 0.554630 0.538542 0.556481 0.539062 0.557407 0.539062 0.559259 0.539583 0.560185 0.539583 0.562037 0.540104 0.562963 0.540104 0.564815 0.540625 0.565741 0.540625 0.567593 0.541146 0.568519 0.541146 0.570370 0.541667 0.571296 0.541667 0.573148 0.542188 0.574074 0.542188 0.575000 0.542708 0.575926 0.542708 0.577778 0.543750 0.579630 0.543750 0.580556 0.544792 0.582407 0.544792 0.583333 0.547396 0.587963 0.547917 0.587963 0.549479 0.590741 0.550000 0.590741 0.550521 0.591667 0.551042 0.591667 0.551562 0.592593 0.552083 0.592593 0.552604 0.593519 0.553646 0.593519 0.554167 0.594444 0.555729 0.594444 0.556250 0.595370 0.564063 0.595370 0.564583 0.594444 0.566146 0.594444 0.566667 0.593519 0.567708 0.593519 0.568229 0.592593 0.568750 0.592593 0.569271 0.591667 0.569792 0.591667 0.570833 0.589815 0.571354 0.589815 0.572396 0.587963 0.572917 0.587963 0.576042 0.582407 0.576042 0.581481 0.577083 0.579630 0.577083 0.578704 0.577604 0.577778 0.577604 0.576852 0.578125 0.575926 0.578125 0.575000 0.578646 0.574074 0.578646 0.573148 0.579167 0.572222 0.579167 0.570370 0.579688 0.569444 0.579688 0.564815 0.580208 0.563889 0.580208 0.557407 0.579688 0.556481 0.579688 0.552778 0.579167 0.551852 0.579167 0.550000 0.578646 0.549074 0.578646 0.547222 0.578125 0.546296 0.578125 0.545370 0.577604 0.544444 0.577604 0.543519 0.577083 0.542593 0.577083 0.540741 0.576562 0.539815 0.576562 0.538889 0.576042 0.537963 0.576042 0.537037 0.575521 0.536111 0.575521 0.534259 0.575000 0.533333 0.575000 0.532407 0.574479 0.531481 0.574479 0.530556 0.573958 0.529630 0.573958 0.527778 0.573438 0.526852 0.573438 0.525926 0.572917 0.525000 0.572917 0.524074 0.572396 0.523148 0.572396 0.521296 0.571875 0.520370 0.571875 0.519444 0.571354 0.518519 0.571354 0.517593 0.570833 0.516667 0.570833 0.514815 0.570312 0.513889 0.570312 0.512963 0.569792 0.512037 0.569792 0.511111 0.569271 0.510185 0.569271 0.509259 0.568750 0.508333 0.568750 0.506481 0.568229 0.505556 0.568229 0.504630 0.567708 0.503704 0.567708 0.502778 0.567187 0.501852 0.567187 0.500000 0.566667 0.499074 0.566667 0.498148 0.566146 0.497222 0.566146 0.496296 0.565625 0.495370 0.565625 0.493519 0.565104 0.492593 0.565104 0.491667 0.564583 0.490741 0.564583 0.489815 0.564063 0.488889 0.564063 0.487037 0.563542 0.486111 0.563542 0.485185 0.563021 0.485185 0.563021 0.486111 0.561979 0.487963 0.561458 0.487963 0.559375 0.491667 0.558854 0.491667 0.557813 0.493519 0.557292 0.493519 0.556771 0.494444 0.555729 0.494444 0.555208 0.495370 0.554688 0.495370 0.554167 0.496296 0.552604 0.496296 0.552083 0.497222 0.544271 0.497222 0.543750 0.496296 0.542188 0.496296 0.541667 0.495370 0.541146 0.495370 0.540625 0.494444 0.539583 0.494444 0.538542 0.492593 0.538021 0.492593 0.536979 0.490741 0.536458 0.490741 0.532292 0.483333 0.532292 0.482407 0.531250 0.480556 0.531250 0.479630 0.530729 0.478704 0.530729 0.477778 0.530208 0.476852 0.530208 0.475000 0.529687 0.474074 0.529687 0.473148 0.529167 0.472222 0.529167 0.470370 0.528646 0.469444 0.528646 0.467593 0.528125 0.466667 0.528125 0.464815 0.527604 0.463889 0.527604 0.462037 0.527083 0.461111 0.527083 0.459259 0.526563 0.458333
2 0.686979 0.516204 0.059375 0.184259 0.658333 0.424074 0.657813 0.425000 0.657813 0.425926 0.657292 0.426852 0.657292 0.427778 0.658854 0.430556 0.658854 0.431481 0.659896 0.433333 0.659896 0.434259 0.661458 0.437037 0.661458 0.437963 0.663021 0.440741 0.663021 0.441667 0.664583 0.444444 0.664583 0.445370 0.666146 0.448148 0.666146 0.449074 0.667708 0.451852 0.667708 0.452778 0.669271 0.455556 0.669271 0.456481 0.670833 0.459259 0.670833 0.460185 0.671875 0.462037 0.671875 0.462963 0.673438 0.465741 0.673438 0.466667 0.675000 0.469444 0.675000 0.470370 0.676562 0.473148 0.676562 0.474074 0.678125 0.476852 0.678125 0.477778 0.679688 0.480556 0.679688 0.481481 0.681250 0.484259 0.681250 0.485185 0.682292 0.487037 0.682292 0.487963 0.683854 0.490741 0.683854 0.491667 0.685417 0.494444 0.685417 0.495370 0.686979 0.498148 0.686979 0.499074 0.688542 0.501852 0.688542 0.502778 0.689063 0.503704 0.689063 0.504630 0.689583 0.505556 0.689583 0.506481 0.690104 0.507407 0.690104 0.509259 0.690625 0.510185 0.690625 0.512037 0.691146 0.512963 0.691146 0.526852 0.690625 0.527778 0.690625 0.530556 0.690104 0.531481 0.690104 0.533333 0.689583 0.534259 0.689583 0.535185 0.689063 0.536111 0.689063 0.537037 0.688021 0.538889 0.688021 0.539815 0.686458 0.542593 0.686458 0.543519 0.684375 0.547222 0.683854 0.547222 0.682292 0.550000 0.681771 0.550000 0.681250 0.550926 0.680729 0.550926 0.679688 0.552778 0.678646 0.552778 0.678125 0.553704 0.677604 0.553704 0.677083 0.554630 0.675521 0.554630 0.675000 0.555556 0.667708 0.555556 0.668750 0.557407 0.668750 0.558333 0.669792 0.560185 0.669792 0.561111 0.670312 0.562037 0.670312 0.562963 0.671354 0.564815 0.671354 0.565741 0.672396 0.567593 0.672396 0.568519 0.673438 0.570370 0.673438 0.571296 0.673958 0.572222 0.673958 0.573148 0.675000 0.575000 0.675000 0.575926 0.676042 0.577778 0.676042 0.578704 0.677083 0.580556 0.677083 0.581481 0.677604 0.582407 0.677604 0.583333 0.678646 0.585185 0.678646 0.586111 0.679688 0.587963 0.679688 0.588889 0.680729 0.590741 0.680729 0.591667 0.681250 0.592593 0.681250 0.593519 0.685937 0.601852 0.686458 0.601852 0.687500 0.603704 0.688021 0.603704 0.688542 0.604630 0.689063 0.604630 0.689583 0.605556 0.690625 0.605556 0.691146 0.606481 0.692187 0.606481 0.692708 0.607407 0.696354 0.607407 0.696875 0.608333 0.697396 0.608333 0.697917 0.607407 0.701562 0.607407 0.702083 0.606481 0.703125 0.606481 0.703646 0.605556 0.704688 0.605556 0.705208 0.604630 0.705729 0.604630 0.706250 0.603704 0.706771 0.603704 0.707812 0.601852 0.708333 0.601852 0.709375 0.600000 0.709896 0.600000 0.712500 0.595370 0.712500 0.594444 0.713542 0.592593 0.713542 0.591667 0.714583 0.589815 0.714583 0.588889 0.715104 0.587963 0.715104 0.586111 0.715625 0.585185 0.715625 0.584259 0.716146 0.583333 0.716146 0.579630 0.716667 0.578704 0.716667 0.567593 0.716146 0.566667 0.716146 0.563889 0.715625 0.562963 0.715625 0.561111 0.715104 0.560185 0.715104 0.559259 0.714583 0.558333 0.714583 0.557407 0.713542 0.555556 0.713542 0.554630 0.711979 0.551852 0.711979 0.550926 0.710417 0.548148 0.710417 0.547222 0.708854 0.544444 0.708854 0.543519 0.707292 0.540741 0.707292 0.539815 0.705729 0.537037 0.705729 0.536111 0.704167 0.533333 0.704167 0.532407 0.702604 0.529630 0.702604 0.528704 0.701042 0.525926 0.701042 0.525000 0.699479 0.522222 0.699479 0.521296 0.698438 0.519444 0.698438 0.518519 0.696875 0.515741 0.696875 0.514815 0.695312 0.512037 0.695312 0.511111 0.693750 0.508333 0.693750 0.507407 0.692187 0.504630 0.692187 0.503704 0.690625 0.500926 0.690625 0.500000 0.689063 0.497222 0.689063 0.496296 0.687500 0.493519 0.687500 0.492593 0.685937 0.489815 0.685937 0.488889 0.684375 0.486111 0.684375 0.485185 0.682813 0.482407 0.682813 0.481481 0.681250 0.478704 0.681250 0.477778 0.679688 0.475000 0.679688 0.474074 0.678125 0.471296 0.678125 0.470370 0.676562 0.467593 0.676562 0.466667 0.675000 0.463889 0.675000 0.462963 0.673438 0.460185 0.673438 0.459259 0.671875 0.456481 0.671875 0.455556 0.670312 0.452778 0.670312 0.451852 0.668750 0.449074 0.668750 0.448148 0.667188 0.445370 0.667188 0.444444 0.665625 0.441667 0.665625 0.440741 0.664062 0.437963 0.664062 0.437037 0.662500 0.434259 0.662500 0.433333 0.660937 0.430556 0.660937 0.429630 0.659375 0.426852 0.659375 0.425926
2 0.242448 0.561111 0.046354 0.109259 0.264583 0.506481 0.264583 0.508333 0.264062 0.509259 0.264062 0.511111 0.263542 0.512037 0.263542 0.513889 0.263021 0.514815 0.263021 0.516667 0.262500 0.517593 0.262500 0.519444 0.261979 0.520370 0.261979 0.522222 0.261458 0.523148 0.261458 0.525000 0.260937 0.525926 0.260937 0.527778 0.260417 0.528704 0.260417 0.530556 0.259896 0.531481 0.259896 0.533333 0.259375 0.534259 0.259375 0.535185 0.258854 0.536111 0.258854 0.537037 0.258333 0.537963 0.258333 0.538889 0.257812 0.539815 0.257812 0.540741 0.256250 0.543519 0.256250 0.544444 0.253646 0.549074 0.253125 0.549074 0.251563 0.551852 0.251042 0.551852 0.250521 0.552778 0.250000 0.552778 0.249479 0.553704 0.248958 0.553704 0.248438 0.554630 0.247396 0.554630 0.246875 0.555556 0.245833 0.555556 0.245312 0.556481 0.243229 0.556481 0.242708 0.557407 0.238542 0.557407 0.238021 0.556481 0.235937 0.556481 0.235417 0.555556 0.233854 0.555556 0.233333 0.554630 0.232813 0.554630 0.232292 0.553704 0.231250 0.553704 0.230208 0.551852 0.229687 0.551852 0.228646 0.550000 0.228125 0.550000 0.226042 0.546296 0.225521 0.547222 0.225521 0.549074 0.225000 0.550000 0.225000 0.550926 0.224479 0.551852 0.224479 0.553704 0.223958 0.554630 0.223958 0.555556 0.223438 0.556481 0.223438 0.557407 0.222917 0.558333 0.222917 0.560185 0.222396 0.561111 0.222396 0.562037 0.221875 0.562963 0.221875 0.564815 0.221354 0.565741 0.221354 0.566667 0.220833 0.567593 0.220833 0.568519 0.220312 0.569444 0.220312 0.571296 0.219792 0.572222 0.219792 0.575000 0.219271 0.575926 0.219271 0.587963 0.219792 0.588889 0.219792 0.591667 0.220312 0.592593 0.220312 0.594444 0.220833 0.595370 0.220833 0.596296 0.221354 0.597222 0.221354 0.598148 0.221875 0.599074 0.221875 0.600000 0.223438 0.602778 0.223438 0.603704 0.226042 0.608333 0.226562 0.608333 0.227604 0.610185 0.228125 0.610185 0.229167 0.612037 0.230208 0.612037 0.230729 0.612963 0.231250 0.612963 0.231771 0.613889 0.232813 0.613889 0.233333 0.614815 0.234896 0.614815 0.235417 0.615741 0.241667 0.615741 0.242188 0.614815 0.244271 0.614815 0.244792 0.613889 0.245312 0.613889 0.245833 0.612963 0.246875 0.612963 0.247396 0.612037 0.247917 0.612037 0.248958 0.610185 0.249479 0.610185 0.250521 0.608333 0.251042 0.608333 0.253646 0.603704 0.253646 0.602778 0.254688 0.600926 0.254688 0.600000 0.255729 0.598148 0.255729 0.596296 0.256250 0.595370 0.256250 0.594444 0.256771 0.593519 0.256771 0.591667 0.257292 0.590741 0.257292 0.588889 0.257812 0.587963 0.257812 0.586111 0.258333 0.585185 0.258333 0.584259 0.257812 0.583333 0.257812 0.582407 0.257292 0.581481 0.257292 0.579630 0.256771 0.578704 0.256771 0.576852 0.256250 0.575926 0.256250 0.562037 0.256771 0.561111 0.256771 0.558333 0.257292 0.557407 0.257292 0.555556 0.257812 0.554630 0.257812 0.552778 0.258333 0.551852 0.258333 0.550000 0.258854 0.549074 0.258854 0.547222 0.259375 0.546296 0.259375 0.544444 0.259896 0.543519 0.259896 0.541667 0.260417 0.540741 0.260417 0.538889 0.260937 0.537963 0.260937 0.536111 0.261458 0.535185 0.261458 0.533333 0.261979 0.532407 0.261979 0.530556 0.262500 0.529630 0.262500 0.527778 0.263021 0.526852 0.263021 0.525000 0.263542 0.524074 0.263542 0.522222 0.264062 0.521296 0.264062 0.519444 0.264583 0.518519 0.264583 0.516667 0.265104 0.515741 0.265104 0.513889 0.265625 0.512963 0.265104 0.512037 0.265104 0.510185 0.264583 0.509259
2 0.408333 0.351389 0.039583 0.200926 0.404167 0.250926 0.403646 0.251852 0.401562 0.251852 0.401042 0.252778 0.400521 0.252778 0.400000 0.253704 0.399479 0.253704 0.398958 0.254630 0.398438 0.254630 0.397917 0.255556 0.397396 0.255556 0.393229 0.262963 0.393229 0.263889 0.392708 0.264815 0.392708 0.265741 0.392188 0.266667 0.392188 0.267593 0.391667 0.268519 0.391667 0.271296 0.391146 0.272222 0.391146 0.281481 0.390625 0.282407 0.390625 0.314815 0.390104 0.315741 0.390104 0.347222 0.389583 0.348148 0.389583 0.379630 0.389062 0.380556 0.389062 0.412037 0.388542 0.412963 0.388542 0.419444 0.389062 0.420370 0.389062 0.425000 0.389583 0.425926 0.389583 0.427778 0.390104 0.428704 0.390104 0.430556 0.390625 0.431481 0.390625 0.432407 0.391146 0.433333 0.391146 0.434259 0.391667 0.435185 0.391667 0.436111 0.393229 0.438889 0.393229 0.439815 0.395313 0.443519 0.395833 0.443519 0.397396 0.446296 0.397917 0.446296 0.398438 0.447222 0.398958 0.447222 0.399479 0.448148 0.400000 0.448148 0.400521 0.449074 0.401042 0.449074 0.401562 0.450000 0.402604 0.450000 0.403125 0.450926 0.405208 0.450926 0.405729 0.451852 0.410938 0.451852 0.411458 0.450926 0.413542 0.450926 0.414062 0.450000 0.415104 0.450000 0.415625 0.449074 0.416667 0.449074 0.417187 0.448148 0.417708 0.448148 0.418229 0.447222 0.418750 0.447222 0.419792 0.445370 0.420312 0.445370 0.424479 0.437963 0.424479 0.437037 0.425521 0.435185 0.425521 0.434259 0.426042 0.433333 0.426042 0.432407 0.426563 0.431481 0.426563 0.430556 0.427083 0.429630 0.427083 0.427778 0.427604 0.426852 0.427604 0.424074 0.428125 0.423148 0.428125 0.409259 0.427604 0.408333 0.427604 0.399074 0.427083 0.398148 0.427083 0.387963 0.426563 0.387037 0.426563 0.377778 0.426042 0.376852 0.426042 0.366667 0.425521 0.365741 0.425521 0.356481 0.425000 0.355556 0.425000 0.346296 0.424479 0.345370 0.424479 0.335185 0.423958 0.334259 0.423958 0.325000 0.423438 0.324074 0.423438 0.313889 0.422917 0.312963 0.422917 0.303704 0.422396 0.302778 0.422396 0.293519 0.421875 0.292593 0.421875 0.282407 0.421354 0.281481 0.421354 0.274074 0.420833 0.273148 0.420833 0.270370 0.420312 0.269444 0.420312 0.267593 0.419792 0.266667 0.419792 0.265741 0.419271 0.264815 0.419271 0.263889 0.418229 0.262037 0.418229 0.261111 0.415625 0.256481 0.415104 0.256481 0.414062 0.254630 0.413542 0.254630 0.413021 0.253704 0.412500 0.253704 0.411979 0.252778 0.410938 0.252778 0.410417 0.251852 0.408333 0.251852 0.407813 0.250926
2 0.503385 0.456944 0.039062 0.221296 0.493750 0.409259 0.493750 0.416667 0.494271 0.417593 0.494271 0.420370 0.494792 0.421296 0.494792 0.424074 0.495312 0.425000 0.495312 0.426852 0.495833 0.427778 0.495833 0.430556 0.496354 0.431481 0.496354 0.433333 0.496875 0.434259 0.496875 0.437037 0.497396 0.437963 0.497396 0.439815 0.497917 0.440741 0.497917 0.443519 0.498437 0.444444 0.498437 0.447222 0.498958 0.448148 0.498958 0.450000 0.499479 0.450926 0.499479 0.453704 0.500000 0.454630 0.500000 0.456481 0.500521 0.457407 0.500521 0.460185 0.501042 0.461111 0.501042 0.463889 0.501563 0.464815 0.501563 0.466667 0.502083 0.467593 0.502083 0.470370 0.502604 0.471296 0.502604 0.473148 0.503125 0.474074 0.503125 0.476852 0.503646 0.477778 0.503646 0.480556 0.504167 0.481481 0.504167 0.483333 0.504687 0.484259 0.504687 0.487037 0.505208 0.487963 0.505208 0.491667 0.505729 0.492593 0.505729 0.499074 0.505208 0.500000 0.505208 0.503704 0.504687 0.504630 0.504687 0.507407 0.504167 0.508333 0.504167 0.509259 0.503646 0.510185 0.503646 0.512037 0.502604 0.513889 0.502604 0.514815 0.501563 0.516667 0.501563 0.517593 0.496875 0.525926 0.496354 0.525926 0.495833 0.526852 0.495312 0.526852 0.494271 0.528704 0.493750 0.528704 0.493229 0.529630 0.492188 0.529630 0.491667 0.530556 0.490625 0.530556 0.490104 0.531481 0.488542 0.531481 0.488021 0.532407 0.483854 0.532407 0.483854 0.536111 0.484375 0.537037 0.484375 0.540741 0.484896 0.541667 0.484896 0.544444 0.485417 0.545370 0.485417 0.546296 0.485938 0.547222 0.485938 0.548148 0.486458 0.549074 0.486458 0.550000 0.486979 0.550926 0.486979 0.551852 0.488021 0.553704 0.488021 0.554630 0.491146 0.560185 0.491667 0.560185 0.492708 0.562037 0.493229 0.562037 0.493750 0.562963 0.494271 0.562963 0.494792 0.563889 0.495312 0.563889 0.495833 0.564815 0.496354 0.564815 0.496875 0.565741 0.498437 0.565741 0.498958 0.566667 0.501563 0.566667 0.502083 0.567593 0.504167 0.567593 0.504687 0.566667 0.507812 0.566667 0.508333 0.565741 0.509375 0.565741 0.509896 0.564815 0.510938 0.564815 0.511458 0.563889 0.511979 0.563889 0.512500 0.562963 0.513021 0.562963 0.514062 0.561111 0.514583 0.561111 0.515625 0.559259 0.516146 0.559259 0.518229 0.555556 0.518229 0.554630 0.519792 0.551852 0.519792 0.550926 0.520312 0.550000 0.520312 0.549074 0.520833 0.548148 0.520833 0.547222 0.521354 0.546296 0.521354 0.545370 0.521875 0.544444 0.521875 0.541667 0.522396 0.540741 0.522396 0.536111 0.522917 0.535185 0.522917 0.530556 0.522396 0.529630 0.522396 0.525926 0.521875 0.525000 0.521875 0.522222 0.521354 0.521296 0.521354 0.519444 0.520833 0.518519 0.520833 0.515741 0.520312 0.514815 0.520312 0.512963 0.519792 0.512037 0.519792 0.510185 0.519271 0.509259 0.519271 0.507407 0.518750 0.506481 0.518750 0.503704 0.518229 0.502778 0.518229 0.500926 0.517708 0.500000 0.517708 0.498148 0.517188 0.497222 0.517188 0.494444 0.516667 0.493519 0.516667 0.491667 0.516146 0.490741 0.516146 0.488889 0.515625 0.487963 0.515625 0.486111 0.515104 0.485185 0.515104 0.482407 0.514583 0.481481 0.514583 0.479630 0.514062 0.478704 0.514062 0.476852 0.513542 0.475926 0.513542 0.474074 0.513021 0.473148 0.513021 0.470370 0.512500 0.469444 0.512500 0.467593 0.511979 0.466667 0.511979 0.464815 0.511458 0.463889 0.511458 0.461111 0.510417 0.459259 0.509375 0.459259 0.508854 0.458333 0.508333 0.458333 0.507812 0.457407 0.507292 0.457407 0.506771 0.456481 0.506250 0.456481 0.504687 0.453704 0.504167 0.453704 0.501563 0.449074 0.501563 0.448148 0.500000 0.445370 0.500000 0.444444 0.499479 0.443519 0.499479 0.442593 0.498958 0.441667 0.498958 0.440741 0.498437 0.439815 0.498437 0.437963 0.497917 0.437037 0.497917 0.435185 0.497396 0.434259 0.497396 0.431481 0.496875 0.430556 0.496875 0.428704 0.496354 0.427778 0.496354 0.425000 0.495833 0.424074 0.495833 0.422222 0.495312 0.421296 0.495312 0.418519 0.494792 0.417593 0.494792 0.415741 0.494271 0.414815 0.494271 0.412037 0.493750 0.411111
2 0.604167 0.417130 0.085417 0.212037 0.575000 0.311111 0.574479 0.312037 0.572396 0.312037 0.571875 0.312963 0.570833 0.312963 0.570312 0.313889 0.569792 0.313889 0.569271 0.314815 0.568750 0.314815 0.568229 0.315741 0.567708 0.315741 0.563542 0.323148 0.563542 0.324074 0.563021 0.325000 0.563021 0.325926 0.562500 0.326852 0.562500 0.327778 0.561979 0.328704 0.561979 0.330556 0.561458 0.331481 0.561458 0.344444 0.561979 0.345370 0.561979 0.347222 0.562500 0.348148 0.562500 0.349074 0.563021 0.350000 0.563021 0.350926 0.563542 0.351852 0.563542 0.352778 0.564063 0.353704 0.564063 0.354630 0.564583 0.355556 0.564583 0.356481 0.565104 0.357407 0.565104 0.358333 0.566146 0.360185 0.566146 0.361111 0.566667 0.362037 0.566667 0.362963 0.567187 0.363889 0.567187 0.364815 0.567708 0.365741 0.567708 0.366667 0.568229 0.367593 0.568229 0.368519 0.569271 0.370370 0.569271 0.371296 0.569792 0.372222 0.569792 0.373148 0.570312 0.374074 0.570312 0.375000 0.570833 0.375926 0.570833 0.376852 0.571354 0.377778 0.571354 0.378704 0.571875 0.379630 0.571875 0.380556 0.572917 0.382407 0.572917 0.383333 0.573438 0.384259 0.573438 0.385185 0.573958 0.386111 0.573958 0.387037 0.574479 0.387963 0.574479 0.388889 0.575000 0.389815 0.575000 0.390741 0.576042 0.392593 0.576042 0.393519 0.576562 0.394444 0.576562 0.395370 0.577083 0.396296 0.577083 0.397222 0.577604 0.398148 0.577604 0.399074 0.578125 0.400000 0.578125 0.400926 0.578646 0.401852 0.578646 0.402778 0.579688 0.404630 0.579688 0.405556 0.580208 0.406481 0.580208 0.407407 0.580729 0.408333 0.580729 0.409259 0.581250 0.410185 0.581250 0.411111 0.581771 0.412037 0.581771 0.412963 0.582812 0.414815 0.582812 0.415741 0.583333 0.416667 0.583333 0.417593 0.583854 0.418519 0.583854 0.419444 0.584375 0.420370 0.584375 0.421296 0.584896 0.422222 0.584896 0.423148 0.585938 0.425000 0.585938 0.425926 0.586458 0.426852 0.586458 0.427778 0.586979 0.428704 0.586979 0.429630 0.587500 0.430556 0.587500 0.431481 0.588021 0.432407 0.588021 0.433333 0.588542 0.434259 0.588542 0.435185 0.589583 0.437037 0.589583 0.437963 0.590104 0.438889 0.590104 0.439815 0.590625 0.440741 0.590625 0.441667 0.591146 0.442593 0.591146 0.443519 0.591667 0.444444 0.591667 0.445370 0.592708 0.447222 0.592708 0.448148 0.593229 0.449074 0.593229 0.450000 0.593750 0.450926 0.593750 0.451852 0.594271 0.452778 0.594271 0.453704 0.594792 0.454630 0.594792 0.455556 0.595313 0.456481 0.595313 0.457407 0.596354 0.459259 0.596354 0.460185 0.596875 0.461111 0.596875 0.462037 0.597396 0.462963 0.597396 0.463889 0.597917 0.464815 0.597917 0.465741 0.598437 0.466667 0.598437 0.467593 0.599479 0.469444 0.599479 0.470370 0.600000 0.471296 0.600000 0.472222 0.600521 0.473148 0.600521 0.474074 0.601042 0.475000 0.601042 0.475926 0.601562 0.476852 0.601562 0.477778 0.602083 0.478704 0.602083 0.479630 0.603125 0.481481 0.603125 0.482407 0.603646 0.483333 0.603646 0.484259 0.604167 0.485185 0.604167 0.486111 0.604688 0.487037 0.604688 0.487963 0.605208 0.488889 0.605208 0.489815 0.606250 0.491667 0.606250 0.492593 0.606771 0.493519 0.606771 0.494444 0.607292 0.495370 0.607292 0.496296 0.607812 0.497222 0.607812 0.498148 0.608333 0.499074 0.608333 0.500000 0.609375 0.501852 0.609375 0.502778 0.609896 0.503704 0.609896 0.504630 0.610417 0.505556 0.610417 0.506481 0.610938 0.507407 0.610938 0.508333 0.612500 0.511111 0.612500 0.512037 0.614583 0.515741 0.615104 0.515741 0.616667 0.518519 0.617188 0.518519 0.617708 0.519444 0.618229 0.519444 0.618750 0.520370 0.619271 0.520370 0.619792 0.521296 0.620833 0.521296 0.621354 0.522222 0.622396 0.522222 0.622917 0.523148 0.631250 0.523148 0.631771 0.522222 0.632812 0.522222 0.633333 0.521296 0.634375 0.521296 0.634896 0.520370 0.635417 0.520370 0.635938 0.519444 0.636458 0.519444 0.636979 0.518519 0.637500 0.518519 0.638542 0.516667 0.639062 0.516667 0.643229 0.509259 0.643229 0.508333 0.644271 0.506481 0.644271 0.505556 0.644792 0.504630 0.644792 0.503704 0.645312 0.502778 0.645312 0.500926 0.645833 0.500000 0.645833 0.498148 0.646354 0.497222 0.646354 0.493519 0.646875 0.492593 0.646875 0.486111 0.646354 0.485185 0.646354 0.481481 0.645833 0.480556 0.645833 0.477778 0.645312 0.476852 0.645312 0.475926 0.644792 0.475000 0.644792 0.474074 0.644271 0.473148 0.644271 0.472222 0.643750 0.471296 0.643750 0.470370 0.642708 0.468519 0.642708 0.467593 0.641667 0.465741 0.641667 0.464815 0.640625 0.462963 0.640625 0.462037 0.639583 0.460185 0.639583 0.459259 0.638542 0.457407 0.638542 0.456481 0.637500 0.454630 0.637500 0.453704 0.636458 0.451852 0.636458 0.450926 0.635417 0.449074 0.635417 0.448148 0.634375 0.446296 0.634375 0.445370 0.632812 0.442593 0.632292 0.442593 0.631771 0.441667 0.631250 0.441667 0.630729 0.440741 0.630208 0.440741 0.629687 0.439815 0.629167 0.439815 0.627083 0.436111 0.626563 0.436111 0.625521 0.434259 0.625521 0.433333 0.623437 0.429630 0.623437 0.428704 0.622917 0.427778 0.622917 0.426852 0.621875 0.425000 0.621875 0.424074 0.620833 0.422222 0.620833 0.421296 0.619792 0.419444 0.619792 0.418519 0.618750 0.416667 0.618750 0.415741 0.617708 0.413889 0.617708 0.412963 0.617188 0.412037 0.617188 0.411111 0.616146 0.409259 0.616146 0.408333 0.615104 0.406481 0.615104 0.405556 0.614062 0.403704 0.614062 0.402778 0.613021 0.400926 0.613021 0.400000 0.611979 0.398148 0.611979 0.397222 0.611458 0.396296 0.611458 0.395370 0.610417 0.393519 0.610417 0.392593 0.609375 0.390741 0.609375 0.389815 0.608333 0.387963 0.608333 0.387037 0.607292 0.385185 0.607292 0.384259 0.606771 0.383333 0.606771 0.382407 0.605729 0.380556 0.605729 0.379630 0.604688 0.377778 0.604688 0.376852 0.603646 0.375000 0.603646 0.374074 0.602604 0.372222 0.602604 0.371296 0.601562 0.369444 0.601562 0.368519 0.601042 0.367593 0.601042 0.366667 0.600000 0.364815 0.600000 0.363889 0.598958 0.362037 0.598958 0.361111 0.597917 0.359259 0.597917 0.358333 0.596875 0.356481 0.596875 0.355556 0.595833 0.353704 0.595833 0.352778 0.595313 0.351852 0.595313 0.350926 0.594271 0.349074 0.594271 0.348148 0.593229 0.346296 0.593229 0.345370 0.592187 0.343519 0.592187 0.342593 0.591146 0.340741 0.591146 0.339815 0.590104 0.337963 0.590104 0.337037 0.589583 0.336111 0.589583 0.335185 0.588542 0.333333 0.588542 0.332407 0.587500 0.330556 0.587500 0.329630 0.586458 0.327778 0.586458 0.326852 0.585417 0.325000 0.585417 0.324074 0.584896 0.323148 0.584896 0.322222 0.583854 0.320370 0.583854 0.319444 0.582812 0.317593 0.582812 0.316667 0.581771 0.314815 0.581771 0.313889 0.581250 0.312963 0.580729 0.312963 0.580208 0.312037 0.578125 0.312037 0.577604 0.311111
2 0.766406 0.437963 0.114062 0.220370 0.709375 0.327778 0.709375 0.328704 0.709896 0.329630 0.710417 0.329630 0.720833 0.348148 0.721354 0.348148 0.731771 0.366667 0.732292 0.366667 0.742708 0.385185 0.743229 0.385185 0.753646 0.403704 0.754167 0.403704 0.764062 0.421296 0.764583 0.421296 0.775000 0.439815 0.775521 0.439815 0.786979 0.460185 0.786979 0.461111 0.788021 0.462963 0.788021 0.463889 0.788542 0.464815 0.788542 0.465741 0.789062 0.466667 0.789062 0.467593 0.789583 0.468519 0.789583 0.470370 0.790104 0.471296 0.790104 0.475000 0.790625 0.475926 0.790625 0.485185 0.790104 0.486111 0.790104 0.489815 0.789583 0.490741 0.789583 0.492593 0.789062 0.493519 0.789062 0.494444 0.788542 0.495370 0.788542 0.496296 0.788021 0.497222 0.788021 0.498148 0.787500 0.499074 0.787500 0.500000 0.785937 0.502778 0.785937 0.503704 0.783333 0.508333 0.782813 0.508333 0.781250 0.511111 0.780729 0.511111 0.779687 0.512963 0.779167 0.512963 0.778646 0.513889 0.777604 0.513889 0.777604 0.514815 0.778646 0.516667 0.778646 0.517593 0.788021 0.534259 0.788021 0.535185 0.790625 0.539815 0.791146 0.539815 0.792708 0.542593 0.793229 0.542593 0.793750 0.543519 0.794271 0.543519 0.794792 0.544444 0.795312 0.544444 0.795833 0.545370 0.796354 0.545370 0.796875 0.546296 0.797917 0.546296 0.798438 0.547222 0.801042 0.547222 0.801562 0.548148 0.805208 0.548148 0.805729 0.547222 0.807813 0.547222 0.808333 0.546296 0.809896 0.546296 0.810417 0.545370 0.810937 0.545370 0.811458 0.544444 0.811979 0.544444 0.812500 0.543519 0.813021 0.543519 0.813542 0.542593 0.814063 0.542593 0.815104 0.540741 0.815625 0.540741 0.819792 0.533333 0.819792 0.532407 0.820833 0.530556 0.820833 0.529630 0.821354 0.528704 0.821354 0.527778 0.821875 0.526852 0.821875 0.525000 0.822396 0.524074 0.822396 0.522222 0.822917 0.521296 0.822917 0.518519 0.823438 0.517593 0.823438 0.507407 0.822917 0.506481 0.822917 0.503704 0.822396 0.502778 0.822396 0.500926 0.821875 0.500000 0.821875 0.499074 0.821354 0.498148 0.821354 0.497222 0.820833 0.496296 0.820833 0.495370 0.820312 0.494444 0.820312 0.493519 0.813021 0.480556 0.812500 0.480556 0.806771 0.470370 0.806250 0.470370 0.800521 0.460185 0.800000 0.460185 0.794271 0.450000 0.793750 0.450000 0.788021 0.439815 0.787500 0.439815 0.781771 0.429630 0.781250 0.429630 0.775521 0.419444 0.775000 0.419444 0.769271 0.409259 0.768750 0.409259 0.763021 0.399074 0.762500 0.399074 0.756771 0.388889 0.756250 0.388889 0.750521 0.378704 0.750000 0.378704 0.744271 0.368519 0.743750 0.368519 0.738021 0.358333 0.737500 0.358333 0.731771 0.348148 0.731250 0.348148 0.725521 0.337963 0.725000 0.337963 0.721354 0.331481 0.720833 0.331481 0.720313 0.330556 0.719792 0.330556 0.719271 0.329630 0.718750 0.329630 0.718229 0.328704 0.716667 0.328704 0.716146 0.327778
2 0.255729 0.443981 0.070833 0.225000 0.273438 0.331481 0.272917 0.332407 0.271354 0.332407 0.270833 0.333333 0.269792 0.333333 0.269271 0.334259 0.268750 0.334259 0.268229 0.335185 0.267708 0.335185 0.266146 0.337963 0.265625 0.337963 0.265625 0.338889 0.265104 0.339815 0.265104 0.340741 0.264583 0.341667 0.264583 0.342593 0.264062 0.343519 0.264062 0.345370 0.263542 0.346296 0.263542 0.347222 0.263021 0.348148 0.263021 0.349074 0.262500 0.350000 0.262500 0.350926 0.261979 0.351852 0.261979 0.353704 0.261458 0.354630 0.261458 0.355556 0.260937 0.356481 0.260937 0.357407 0.260417 0.358333 0.260417 0.360185 0.259896 0.361111 0.259896 0.362037 0.259375 0.362963 0.259375 0.363889 0.258854 0.364815 0.258854 0.365741 0.258333 0.366667 0.258333 0.368519 0.257812 0.369444 0.257812 0.370370 0.257292 0.371296 0.257292 0.372222 0.256771 0.373148 0.256771 0.374074 0.256250 0.375000 0.256250 0.376852 0.255729 0.377778 0.255729 0.378704 0.255208 0.379630 0.255208 0.380556 0.254688 0.381481 0.254688 0.382407 0.254167 0.383333 0.254167 0.385185 0.253646 0.386111 0.253646 0.387037 0.253125 0.387963 0.253125 0.388889 0.252604 0.389815 0.252604 0.390741 0.252083 0.391667 0.252083 0.393519 0.251563 0.394444 0.251563 0.395370 0.251042 0.396296 0.251042 0.397222 0.250521 0.398148 0.250521 0.399074 0.250000 0.400000 0.250000 0.401852 0.249479 0.402778 0.249479 0.403704 0.248958 0.404630 0.248958 0.405556 0.248438 0.406481 0.248438 0.408333 0.247917 0.409259 0.247917 0.410185 0.247396 0.411111 0.247396 0.412037 0.246875 0.412963 0.246875 0.413889 0.246354 0.414815 0.246354 0.416667 0.245833 0.417593 0.245833 0.418519 0.245312 0.419444 0.245312 0.420370 0.244792 0.421296 0.244792 0.422222 0.244271 0.423148 0.244271 0.425000 0.243750 0.425926 0.243750 0.426852 0.243229 0.427778 0.243229 0.428704 0.242708 0.429630 0.242708 0.430556 0.242188 0.431481 0.242188 0.433333 0.241667 0.434259 0.241667 0.435185 0.241146 0.436111 0.241146 0.437037 0.240625 0.437963 0.240625 0.438889 0.240104 0.439815 0.240104 0.441667 0.239583 0.442593 0.239583 0.443519 0.239063 0.444444 0.239063 0.445370 0.238542 0.446296 0.238542 0.447222 0.238021 0.448148 0.238021 0.450000 0.237500 0.450926 0.237500 0.451852 0.236979 0.452778 0.236979 0.453704 0.236458 0.454630 0.236458 0.455556 0.235937 0.456481 0.235937 0.458333 0.235417 0.459259 0.235417 0.460185 0.234896 0.461111 0.234896 0.462037 0.234375 0.462963 0.234375 0.464815 0.233854 0.465741 0.233854 0.466667 0.233333 0.467593 0.233333 0.468519 0.232813 0.469444 0.232813 0.470370 0.232292 0.471296 0.232292 0.472222 0.231771 0.473148 0.231771 0.474074 0.231250 0.475000 0.231250 0.475926 0.230729 0.476852 0.230729 0.477778 0.228125 0.482407 0.228125 0.483333 0.227604 0.484259 0.227604 0.486111 0.227083 0.487037 0.227083 0.487963 0.226562 0.488889 0.226562 0.489815 0.226042 0.490741 0.226042 0.491667 0.225521 0.492593 0.225521 0.494444 0.225000 0.495370 0.225000 0.496296 0.224479 0.497222 0.224479 0.498148 0.223958 0.499074 0.223958 0.500000 0.223438 0.500926 0.223438 0.502778 0.222917 0.503704 0.222917 0.504630 0.222396 0.505556 0.222396 0.506481 0.221875 0.507407 0.221875 0.508333 0.221354 0.509259 0.221354 0.511111 0.220833 0.512037 0.220833 0.515741 0.220312 0.516667 0.220312 0.525926 0.220833 0.526852 0.220833 0.529630 0.221354 0.530556 0.221354 0.532407 0.221875 0.533333 0.221875 0.535185 0.222396 0.536111 0.222396 0.537037 0.222917 0.537963 0.222917 0.538889 0.223958 0.540741 0.223958 0.541667 0.228125 0.549074 0.228646 0.549074 0.229687 0.550926 0.230208 0.550926 0.231250 0.552778 0.232292 0.552778 0.232813 0.553704 0.233333 0.553704 0.233854 0.554630 0.235417 0.554630 0.235937 0.555556 0.238021 0.555556 0.238542 0.556481 0.242708 0.556481 0.243229 0.555556 0.245312 0.555556 0.245833 0.554630 0.246875 0.554630 0.247396 0.553704 0.248438 0.553704 0.248958 0.552778 0.249479 0.552778 0.250000 0.551852 0.250521 0.551852 0.251042 0.550926 0.251563 0.550926 0.253125 0.548148 0.253646 0.548148 0.255729 0.544444 0.255729 0.543519 0.257292 0.540741 0.257292 0.539815 0.257812 0.538889 0.257812 0.537963 0.258333 0.537037 0.258333 0.536111 0.258854 0.535185 0.258854 0.534259 0.259375 0.533333 0.259375 0.531481 0.259896 0.530556 0.259896 0.528704 0.260417 0.527778 0.260417 0.525926 0.260937 0.525000 0.260937 0.523148 0.261458 0.522222 0.261458 0.520370 0.261979 0.519444 0.261979 0.517593 0.262500 0.516667 0.262500 0.514815 0.263021 0.513889 0.263021 0.512037 0.263542 0.511111 0.263542 0.509259 0.264062 0.508333 0.264062 0.506481 0.264583 0.505556 0.264062 0.504630 0.264062 0.495370 0.264583 0.494444 0.264583 0.490741 0.265104 0.489815 0.265104 0.488889 0.265625 0.487963 0.265625 0.486111 0.266146 0.485185 0.266146 0.483333 0.266667 0.482407 0.266667 0.480556 0.267188 0.479630 0.267188 0.477778 0.267708 0.476852 0.267708 0.475000 0.268229 0.474074 0.268229 0.472222 0.268750 0.471296 0.268750 0.469444 0.269271 0.468519 0.269271 0.466667 0.269792 0.465741 0.269792 0.463889 0.270313 0.462963 0.270313 0.461111 0.270833 0.460185 0.270833 0.458333 0.271354 0.457407 0.271354 0.455556 0.271875 0.454630 0.271875 0.453704 0.272396 0.452778 0.272396 0.450926 0.272917 0.450000 0.272917 0.448148 0.273438 0.447222 0.273438 0.445370 0.273958 0.444444 0.273958 0.442593 0.274479 0.441667 0.274479 0.439815 0.275000 0.438889 0.275000 0.437037 0.275521 0.436111 0.275521 0.434259 0.276042 0.433333 0.276042 0.431481 0.276562 0.430556 0.276562 0.428704 0.277083 0.427778 0.277083 0.425926 0.277604 0.425000 0.277604 0.423148 0.278125 0.422222 0.278125 0.421296 0.278646 0.420370 0.278646 0.418519 0.279167 0.417593 0.279167 0.415741 0.279687 0.414815 0.279687 0.412963 0.280208 0.412037 0.280208 0.410185 0.280729 0.409259 0.280729 0.407407 0.281250 0.406481 0.281250 0.404630 0.281771 0.403704 0.281771 0.401852 0.282292 0.400926 0.282292 0.399074 0.282813 0.398148 0.282813 0.396296 0.283333 0.395370 0.283333 0.393519 0.283854 0.392593 0.283854 0.390741 0.284375 0.389815 0.284375 0.388889 0.284896 0.387963 0.284896 0.386111 0.285417 0.385185 0.285417 0.383333 0.285938 0.382407 0.285938 0.380556 0.286458 0.379630 0.286458 0.377778 0.286979 0.376852 0.286979 0.375000 0.287500 0.374074 0.287500 0.372222 0.288021 0.371296 0.288021 0.369444 0.288542 0.368519 0.288542 0.366667 0.289062 0.365741 0.289062 0.363889 0.289583 0.362963 0.289583 0.361111 0.290104 0.360185 0.290104 0.358333 0.290625 0.357407 0.290625 0.355556 0.291146 0.354630 0.291146 0.352778 0.290625 0.351852 0.290625 0.350000 0.290104 0.349074 0.290104 0.347222 0.289583 0.346296 0.289583 0.345370 0.288542 0.343519 0.288542 0.342593 0.284896 0.336111 0.284375 0.336111 0.283854 0.335185 0.283333 0.335185 0.282813 0.334259 0.282292 0.334259 0.281771 0.333333 0.280729 0.333333 0.280208 0.332407 0.278646 0.332407 0.278125 0.331481
2 0.538281 0.393519 0.058854 0.205556 0.515104 0.290741 0.514583 0.291667 0.511458 0.291667 0.510938 0.292593 0.509896 0.292593 0.509375 0.293519 0.508854 0.293519 0.508854 0.294444 0.509375 0.295370 0.509375 0.296296 0.509896 0.297222 0.509896 0.299074 0.510417 0.300000 0.510417 0.300926 0.510938 0.301852 0.510938 0.303704 0.511458 0.304630 0.511458 0.305556 0.511979 0.306481 0.511979 0.308333 0.512500 0.309259 0.512500 0.310185 0.513021 0.311111 0.513021 0.312963 0.513542 0.313889 0.513542 0.314815 0.514062 0.315741 0.514062 0.317593 0.514583 0.318519 0.514583 0.319444 0.515104 0.320370 0.515104 0.322222 0.515625 0.323148 0.515625 0.324074 0.516146 0.325000 0.516146 0.326852 0.516667 0.327778 0.516667 0.328704 0.517188 0.329630 0.517188 0.331481 0.517708 0.332407 0.517708 0.333333 0.518229 0.334259 0.518229 0.336111 0.518750 0.337037 0.518750 0.337963 0.519271 0.338889 0.519271 0.340741 0.519792 0.341667 0.519792 0.342593 0.520312 0.343519 0.520312 0.345370 0.520833 0.346296 0.520833 0.347222 0.521354 0.348148 0.521354 0.349074 0.521875 0.350000 0.521875 0.351852 0.522396 0.352778 0.522396 0.353704 0.522917 0.354630 0.522917 0.356481 0.523438 0.357407 0.523438 0.358333 0.523958 0.359259 0.523958 0.361111 0.524479 0.362037 0.524479 0.362963 0.525000 0.363889 0.525000 0.365741 0.525521 0.366667 0.525521 0.367593 0.526042 0.368519 0.526042 0.370370 0.526563 0.371296 0.526563 0.372222 0.527083 0.373148 0.527083 0.375000 0.527604 0.375926 0.527604 0.376852 0.528125 0.377778 0.528125 0.379630 0.528646 0.380556 0.528646 0.381481 0.529167 0.382407 0.529167 0.384259 0.529687 0.385185 0.529687 0.386111 0.530208 0.387037 0.530208 0.388889 0.530729 0.389815 0.530729 0.390741 0.531250 0.391667 0.531250 0.393519 0.531771 0.394444 0.531771 0.395370 0.532292 0.396296 0.532292 0.398148 0.532813 0.399074 0.532813 0.400000 0.533333 0.400926 0.533333 0.402778 0.533854 0.403704 0.533854 0.404630 0.534375 0.405556 0.534375 0.407407 0.534896 0.408333 0.534896 0.409259 0.535417 0.410185 0.535417 0.412037 0.535937 0.412963 0.535937 0.413889 0.536458 0.414815 0.536458 0.417593 0.536979 0.418519 0.536979 0.422222 0.537500 0.423148 0.537500 0.429630 0.536979 0.430556 0.536979 0.434259 0.536458 0.435185 0.536458 0.437037 0.535937 0.437963 0.535937 0.439815 0.535417 0.440741 0.535417 0.441667 0.534896 0.442593 0.534896 0.443519 0.533854 0.445370 0.533854 0.446296 0.531771 0.450000 0.531771 0.450926 0.531250 0.451852 0.530729 0.451852 0.528646 0.455556 0.528125 0.455556 0.527083 0.457407 0.527083 0.458333 0.527604 0.459259 0.527604 0.461111 0.528125 0.462037 0.528125 0.463889 0.528646 0.464815 0.528646 0.466667 0.529167 0.467593 0.529167 0.469444 0.529687 0.470370 0.529687 0.472222 0.530208 0.473148 0.530208 0.474074 0.530729 0.475000 0.530729 0.476852 0.531250 0.477778 0.531250 0.478704 0.531771 0.479630 0.531771 0.480556 0.532813 0.482407 0.532813 0.483333 0.536458 0.489815 0.536979 0.489815 0.538021 0.491667 0.538542 0.491667 0.539583 0.493519 0.540625 0.493519 0.541146 0.494444 0.541667 0.494444 0.542188 0.495370 0.543750 0.495370 0.544271 0.496296 0.552083 0.496296 0.552604 0.495370 0.554167 0.495370 0.554688 0.494444 0.555208 0.494444 0.555729 0.493519 0.556771 0.493519 0.557292 0.492593 0.557813 0.492593 0.558854 0.490741 0.559375 0.490741 0.561458 0.487037 0.561979 0.487037 0.562500 0.486111 0.562500 0.485185 0.564583 0.481481 0.564583 0.480556 0.565104 0.479630 0.565104 0.478704 0.565625 0.477778 0.565625 0.476852 0.566146 0.475926 0.566146 0.475000 0.566667 0.474074 0.566667 0.471296 0.567187 0.470370 0.567187 0.466667 0.567708 0.465741 0.567708 0.460185 0.567187 0.459259 0.567187 0.454630 0.566667 0.453704 0.566667 0.451852 0.566146 0.450926 0.566146 0.449074 0.565625 0.448148 0.565625 0.447222 0.565104 0.446296 0.565104 0.445370 0.564583 0.444444 0.564583 0.443519 0.564063 0.442593 0.564063 0.441667 0.563542 0.440741 0.563542 0.439815 0.563021 0.438889 0.563021 0.437037 0.562500 0.436111 0.562500 0.435185 0.561979 0.434259 0.561979 0.433333 0.561458 0.432407 0.561458 0.431481 0.560937 0.430556 0.560937 0.429630 0.560417 0.428704 0.560417 0.427778 0.559896 0.426852 0.559896 0.425926 0.559375 0.425000 0.559375 0.423148 0.558854 0.422222 0.558854 0.421296 0.558333 0.420370 0.558333 0.419444 0.557813 0.418519 0.557813 0.417593 0.557292 0.416667 0.557292 0.415741 0.556771 0.414815 0.556771 0.413889 0.556250 0.412963 0.556250 0.412037 0.555729 0.411111 0.555729 0.409259 0.555208 0.408333 0.555208 0.407407 0.554688 0.406481 0.554688 0.405556 0.554167 0.404630 0.554167 0.403704 0.553646 0.402778 0.553646 0.401852 0.553125 0.400926 0.553125 0.400000 0.552604 0.399074 0.552604 0.397222 0.552083 0.396296 0.552083 0.395370 0.551562 0.394444 0.551562 0.393519 0.551042 0.392593 0.551042 0.391667 0.550521 0.390741 0.550521 0.389815 0.550000 0.388889 0.550000 0.387963 0.549479 0.387037 0.549479 0.386111 0.548958 0.385185 0.548958 0.383333 0.548438 0.382407 0.548438 0.381481 0.547917 0.380556 0.547917 0.379630 0.547396 0.378704 0.547396 0.377778 0.546875 0.376852 0.546875 0.375926 0.546354 0.375000 0.546354 0.374074 0.545833 0.373148 0.545833 0.371296 0.545312 0.370370 0.545312 0.369444 0.544792 0.368519 0.544792 0.367593 0.544271 0.366667 0.544271 0.365741 0.543750 0.364815 0.543750 0.363889 0.543229 0.362963 0.543229 0.362037 0.542708 0.361111 0.542708 0.360185 0.542188 0.359259 0.542188 0.357407 0.541667 0.356481 0.541667 0.355556 0.541146 0.354630 0.541146 0.353704 0.540625 0.352778 0.540625 0.351852 0.540104 0.350926 0.540104 0.350000 0.539583 0.349074 0.539583 0.348148 0.539062 0.347222 0.539062 0.346296 0.538542 0.345370 0.538542 0.343519 0.538021 0.342593 0.538021 0.341667 0.537500 0.340741 0.537500 0.339815 0.536979 0.338889 0.536979 0.337963 0.536458 0.337037 0.536458 0.336111 0.535937 0.335185 0.535937 0.334259 0.535417 0.333333 0.535417 0.331481 0.534896 0.330556 0.534896 0.329630 0.534375 0.328704 0.534375 0.327778 0.533854 0.326852 0.533854 0.325926 0.533333 0.325000 0.533333 0.324074 0.532813 0.323148 0.532813 0.322222 0.532292 0.321296 0.532292 0.320370 0.531771 0.319444 0.531771 0.317593 0.531250 0.316667 0.531250 0.315741 0.530729 0.314815 0.530729 0.313889 0.530208 0.312963 0.530208 0.312037 0.529687 0.311111 0.529687 0.310185 0.529167 0.309259 0.529167 0.308333 0.528646 0.307407 0.528646 0.306481 0.528125 0.305556 0.528125 0.304630 0.527604 0.303704 0.527604 0.302778 0.526563 0.300926 0.526563 0.300000 0.525000 0.297222 0.524479 0.297222 0.523438 0.295370 0.522917 0.295370 0.521875 0.293519 0.520833 0.293519 0.520312 0.292593 0.519271 0.292593 0.518750 0.291667 0.515625 0.291667
2 0.662240 0.491667 0.056771 0.125926 0.656771 0.428704 0.656250 0.429630 0.656250 0.430556 0.652083 0.437963 0.651563 0.437963 0.650521 0.439815 0.650000 0.439815 0.648958 0.441667 0.648438 0.441667 0.647917 0.442593 0.646875 0.442593 0.646354 0.443519 0.645312 0.443519 0.644792 0.444444 0.642708 0.444444 0.642188 0.445370 0.637500 0.445370 0.636979 0.444444 0.634896 0.444444 0.634375 0.443519 0.633854 0.443519 0.634896 0.445370 0.634896 0.446296 0.635938 0.448148 0.635938 0.449074 0.636979 0.450926 0.636979 0.451852 0.638021 0.453704 0.638021 0.454630 0.639062 0.456481 0.639062 0.457407 0.640104 0.459259 0.640104 0.460185 0.641146 0.462037 0.641146 0.462963 0.642188 0.464815 0.642188 0.465741 0.643229 0.467593 0.643229 0.468519 0.644271 0.470370 0.644271 0.471296 0.644792 0.472222 0.644792 0.473148 0.645312 0.474074 0.645312 0.475000 0.645833 0.475926 0.645833 0.476852 0.646354 0.477778 0.646354 0.480556 0.646875 0.481481 0.646875 0.485185 0.647396 0.486111 0.647396 0.492593 0.646875 0.493519 0.646875 0.497222 0.646354 0.498148 0.646354 0.500000 0.645833 0.500926 0.645833 0.502778 0.645312 0.503704 0.645312 0.504630 0.644792 0.505556 0.644792 0.506481 0.644271 0.507407 0.644271 0.509259 0.644792 0.510185 0.644792 0.511111 0.645833 0.512963 0.645833 0.513889 0.646875 0.515741 0.646875 0.516667 0.647396 0.517593 0.647396 0.518519 0.648438 0.520370 0.648438 0.521296 0.648958 0.522222 0.648958 0.523148 0.650000 0.525000 0.650000 0.525926 0.651042 0.527778 0.651042 0.528704 0.651563 0.529630 0.651563 0.530556 0.652604 0.532407 0.652604 0.533333 0.653646 0.535185 0.653646 0.536111 0.654167 0.537037 0.654167 0.537963 0.655208 0.539815 0.655208 0.540741 0.657292 0.544444 0.657292 0.545370 0.657813 0.545370 0.659896 0.549074 0.660417 0.549074 0.661458 0.550926 0.661979 0.550926 0.662500 0.551852 0.663021 0.551852 0.663542 0.552778 0.664583 0.552778 0.665104 0.553704 0.666667 0.553704 0.667188 0.554630 0.675000 0.554630 0.675521 0.553704 0.677083 0.553704 0.677604 0.552778 0.678125 0.552778 0.678646 0.551852 0.679688 0.551852 0.680729 0.550000 0.681250 0.550000 0.681771 0.549074 0.682292 0.549074 0.683854 0.546296 0.684375 0.546296 0.685937 0.543519 0.685937 0.542593 0.687500 0.539815 0.687500 0.538889 0.688542 0.537037 0.688542 0.536111 0.689063 0.535185 0.689063 0.534259 0.689583 0.533333 0.689583 0.531481 0.690104 0.530556 0.690104 0.527778 0.690625 0.526852 0.690625 0.512963 0.690104 0.512037 0.690104 0.510185 0.689583 0.509259 0.689583 0.507407 0.689063 0.506481 0.689063 0.505556 0.688542 0.504630 0.688542 0.503704 0.688021 0.502778 0.688021 0.501852 0.686458 0.499074 0.686458 0.498148 0.684896 0.495370 0.684896 0.494444 0.683333 0.491667 0.683333 0.490741 0.681771 0.487963 0.681771 0.487037 0.680729 0.485185 0.680729 0.484259 0.679167 0.481481 0.679167 0.480556 0.677604 0.477778 0.677604 0.476852 0.676042 0.474074 0.676042 0.473148 0.674479 0.470370 0.674479 0.469444 0.672917 0.466667 0.672917 0.465741 0.671354 0.462963 0.671354 0.462037 0.670312 0.460185 0.670312 0.459259 0.668750 0.456481 0.668750 0.455556 0.667188 0.452778 0.667188 0.451852 0.665625 0.449074 0.665625 0.448148 0.664062 0.445370 0.664062 0.444444 0.662500 0.441667 0.662500 0.440741 0.660937 0.437963 0.660937 0.437037 0.659375 0.434259 0.659375 0.433333 0.658333 0.431481 0.658333 0.430556 0.657292 0.428704
2 0.201302 0.514815 0.052604 0.101852 0.193229 0.463889 0.192708 0.464815 0.192708 0.465741 0.192188 0.466667 0.192188 0.467593 0.191667 0.468519 0.191667 0.469444 0.191146 0.470370 0.191146 0.471296 0.190104 0.473148 0.190104 0.474074 0.189583 0.475000 0.189583 0.475926 0.189062 0.476852 0.189062 0.477778 0.188542 0.478704 0.188542 0.479630 0.188021 0.480556 0.188021 0.481481 0.186979 0.483333 0.186979 0.484259 0.186458 0.485185 0.186458 0.486111 0.185938 0.487037 0.185938 0.487963 0.185417 0.488889 0.185417 0.489815 0.184375 0.491667 0.184375 0.492593 0.183854 0.493519 0.183854 0.494444 0.183333 0.495370 0.183333 0.496296 0.182812 0.497222 0.182812 0.498148 0.181771 0.500000 0.181771 0.500926 0.181250 0.501852 0.181250 0.502778 0.180729 0.503704 0.180729 0.504630 0.180208 0.505556 0.180208 0.506481 0.179167 0.508333 0.179167 0.509259 0.178646 0.510185 0.178646 0.511111 0.178125 0.512037 0.178125 0.512963 0.177604 0.513889 0.177604 0.514815 0.177083 0.515741 0.177083 0.516667 0.176563 0.517593 0.176563 0.518519 0.176042 0.519444 0.176042 0.521296 0.175521 0.522222 0.175521 0.526852 0.175000 0.527778 0.175000 0.535185 0.175521 0.536111 0.175521 0.539815 0.176042 0.540741 0.176042 0.542593 0.176563 0.543519 0.176563 0.544444 0.177083 0.545370 0.177083 0.546296 0.177604 0.547222 0.177604 0.548148 0.178125 0.549074 0.178125 0.550000 0.179688 0.552778 0.179688 0.553704 0.181771 0.557407 0.182292 0.557407 0.183854 0.560185 0.184375 0.560185 0.185417 0.562037 0.185938 0.562037 0.186458 0.562963 0.187500 0.562963 0.188021 0.563889 0.188542 0.563889 0.189062 0.564815 0.190625 0.564815 0.191146 0.565741 0.199479 0.565741 0.200000 0.564815 0.201563 0.564815 0.202083 0.563889 0.203125 0.563889 0.203646 0.562963 0.204167 0.562963 0.204687 0.562037 0.205208 0.562037 0.205729 0.561111 0.206250 0.561111 0.207813 0.558333 0.208333 0.558333 0.210938 0.553704 0.210938 0.552778 0.211979 0.550926 0.211979 0.550000 0.213021 0.548148 0.213021 0.547222 0.213542 0.546296 0.213542 0.544444 0.214062 0.543519 0.214062 0.542593 0.214583 0.541667 0.214583 0.540741 0.215104 0.539815 0.215104 0.538889 0.215625 0.537963 0.215625 0.536111 0.216146 0.535185 0.216146 0.534259 0.216667 0.533333 0.216667 0.532407 0.217188 0.531481 0.217188 0.530556 0.217708 0.529630 0.217708 0.527778 0.218229 0.526852 0.218229 0.525926 0.218750 0.525000 0.218750 0.524074 0.219271 0.523148 0.219271 0.522222 0.219792 0.521296 0.219792 0.516667 0.220312 0.515741 0.220312 0.512037 0.220833 0.511111 0.220833 0.509259 0.221354 0.508333 0.221354 0.507407 0.221875 0.506481 0.221875 0.505556 0.222396 0.504630 0.222396 0.503704 0.222917 0.502778 0.222917 0.500926 0.223438 0.500000 0.223438 0.499074 0.223958 0.498148 0.223958 0.497222 0.224479 0.496296 0.224479 0.495370 0.225000 0.494444 0.225000 0.492593 0.225521 0.491667 0.225521 0.490741 0.226042 0.489815 0.226042 0.488889 0.226562 0.487963 0.226562 0.487037 0.227083 0.486111 0.227083 0.484259 0.227604 0.483333 0.225521 0.487037 0.225000 0.487037 0.224479 0.487963 0.223958 0.487963 0.222917 0.489815 0.222396 0.489815 0.221875 0.490741 0.220833 0.490741 0.220312 0.491667 0.219271 0.491667 0.218750 0.492593 0.216146 0.492593 0.215625 0.493519 0.211979 0.493519 0.211458 0.492593 0.209375 0.492593 0.208854 0.491667 0.207292 0.491667 0.206771 0.490741 0.206250 0.490741 0.205729 0.489815 0.204687 0.489815 0.204167 0.488889 0.203646 0.488889 0.202604 0.487037 0.202083 0.487037 0.200521 0.484259 0.200000 0.484259 0.197917 0.480556 0.197917 0.479630 0.196354 0.476852 0.196354 0.475926 0.195312 0.474074 0.195312 0.473148 0.194792 0.472222 0.194792 0.471296 0.194271 0.470370 0.194271 0.468519 0.193750 0.467593 0.193750 0.464815
2 0.332552 0.451852 0.044271 0.098148 0.318750 0.402778 0.318229 0.403704 0.318229 0.406481 0.317708 0.407407 0.317708 0.410185 0.317188 0.411111 0.317188 0.414815 0.316667 0.415741 0.316667 0.418519 0.316146 0.419444 0.316146 0.422222 0.315625 0.423148 0.315625 0.425926 0.315104 0.426852 0.315104 0.430556 0.314583 0.431481 0.314583 0.434259 0.314063 0.435185 0.314063 0.437963 0.313542 0.438889 0.313542 0.441667 0.313021 0.442593 0.313021 0.446296 0.312500 0.447222 0.312500 0.450000 0.311979 0.450926 0.311979 0.453704 0.311458 0.454630 0.311458 0.457407 0.310937 0.458333 0.310937 0.463889 0.310417 0.464815 0.310417 0.467593 0.310937 0.468519 0.310937 0.474074 0.311458 0.475000 0.311458 0.476852 0.311979 0.477778 0.311979 0.479630 0.312500 0.480556 0.312500 0.481481 0.313021 0.482407 0.313021 0.483333 0.314063 0.485185 0.314063 0.486111 0.318750 0.494444 0.319271 0.494444 0.320312 0.496296 0.320833 0.496296 0.321354 0.497222 0.321875 0.497222 0.322396 0.498148 0.323437 0.498148 0.323958 0.499074 0.325000 0.499074 0.325521 0.500000 0.327604 0.500000 0.328125 0.500926 0.332813 0.500926 0.333333 0.500000 0.335417 0.500000 0.335938 0.499074 0.336979 0.499074 0.337500 0.498148 0.338542 0.498148 0.339062 0.497222 0.339583 0.497222 0.340104 0.496296 0.340625 0.496296 0.341667 0.494444 0.342187 0.494444 0.346875 0.486111 0.346875 0.485185 0.347396 0.484259 0.347396 0.483333 0.347917 0.482407 0.347917 0.481481 0.348438 0.480556 0.348438 0.479630 0.348958 0.478704 0.348958 0.476852 0.349479 0.475926 0.349479 0.473148 0.350000 0.472222 0.350000 0.466667 0.350521 0.465741 0.350521 0.459259 0.351042 0.458333 0.351042 0.451852 0.351562 0.450926 0.351562 0.444444 0.352083 0.443519 0.352083 0.437037 0.352604 0.436111 0.352604 0.430556 0.353125 0.429630 0.353125 0.423148 0.353646 0.422222 0.353646 0.415741 0.354167 0.414815 0.354167 0.408333 0.354687 0.407407 0.354687 0.405556 0.354687 0.406481 0.353646 0.408333 0.353646 0.409259 0.348958 0.417593 0.348438 0.417593 0.347396 0.419444 0.346875 0.419444 0.346354 0.420370 0.345833 0.420370 0.345313 0.421296 0.344271 0.421296 0.343750 0.422222 0.342708 0.422222 0.342187 0.423148 0.340625 0.423148 0.340104 0.424074 0.334375 0.424074 0.333854 0.423148 0.331771 0.423148 0.331250 0.422222 0.330208 0.422222 0.329688 0.421296 0.329167 0.421296 0.328646 0.420370 0.328125 0.420370 0.327604 0.419444 0.327083 0.419444 0.326562 0.418519 0.326042 0.418519 0.324479 0.415741 0.323958 0.415741 0.321354 0.411111 0.321354 0.410185 0.319792 0.407407 0.319792 0.406481 0.319271 0.405556 0.319271 0.404630 0.318750 0.403704
2 0.482031 0.474074 0.046354 0.114815 0.493229 0.416667 0.493229 0.420370 0.492708 0.421296 0.492708 0.423148 0.492188 0.424074 0.492188 0.425926 0.491667 0.426852 0.491667 0.427778 0.491146 0.428704 0.491146 0.429630 0.490104 0.431481 0.490104 0.432407 0.484896 0.441667 0.484375 0.441667 0.483854 0.442593 0.483333 0.442593 0.482292 0.444444 0.481771 0.444444 0.481250 0.445370 0.480208 0.445370 0.479687 0.446296 0.478646 0.446296 0.478125 0.447222 0.476042 0.447222 0.475521 0.448148 0.470313 0.448148 0.469792 0.447222 0.467708 0.447222 0.467187 0.446296 0.466146 0.446296 0.465625 0.445370 0.465104 0.445370 0.464583 0.444444 0.463542 0.444444 0.462500 0.442593 0.461979 0.442593 0.460938 0.440741 0.460417 0.440741 0.458854 0.437963 0.458854 0.441667 0.459375 0.442593 0.459375 0.446296 0.459896 0.447222 0.459896 0.451852 0.460417 0.452778 0.460417 0.457407 0.460938 0.458333 0.460938 0.462963 0.461458 0.463889 0.461458 0.468519 0.461979 0.469444 0.461979 0.474074 0.462500 0.475000 0.462500 0.479630 0.463021 0.480556 0.463021 0.484259 0.463542 0.485185 0.463542 0.489815 0.464062 0.490741 0.464062 0.495370 0.464583 0.496296 0.464583 0.500926 0.465104 0.501852 0.465104 0.505556 0.465625 0.506481 0.465625 0.508333 0.466146 0.509259 0.466146 0.510185 0.466667 0.511111 0.466667 0.512037 0.467187 0.512963 0.467187 0.513889 0.467708 0.514815 0.467708 0.515741 0.468750 0.517593 0.468750 0.518519 0.471875 0.524074 0.472396 0.524074 0.473438 0.525926 0.473958 0.525926 0.474479 0.526852 0.475000 0.526852 0.475521 0.527778 0.476042 0.527778 0.476562 0.528704 0.477083 0.528704 0.477604 0.529630 0.478646 0.529630 0.479167 0.530556 0.480729 0.530556 0.481250 0.531481 0.488021 0.531481 0.488542 0.530556 0.490104 0.530556 0.490625 0.529630 0.491667 0.529630 0.492188 0.528704 0.493229 0.528704 0.493750 0.527778 0.494271 0.527778 0.495312 0.525926 0.495833 0.525926 0.496354 0.525000 0.496875 0.525000 0.501042 0.517593 0.501042 0.516667 0.502083 0.514815 0.502083 0.513889 0.503125 0.512037 0.503125 0.510185 0.503646 0.509259 0.503646 0.508333 0.504167 0.507407 0.504167 0.504630 0.504687 0.503704 0.504687 0.500000 0.505208 0.499074 0.505208 0.492593 0.504687 0.491667 0.504687 0.487963 0.504167 0.487037 0.504167 0.484259 0.503646 0.483333 0.503646 0.481481 0.503125 0.480556 0.503125 0.477778 0.502604 0.476852 0.502604 0.474074 0.502083 0.473148 0.502083 0.471296 0.501563 0.470370 0.501563 0.467593 0.501042 0.466667 0.501042 0.464815 0.500521 0.463889 0.500521 0.461111 0.500000 0.460185 0.500000 0.457407 0.499479 0.456481 0.499479 0.454630 0.498958 0.453704 0.498958 0.450926 0.498437 0.450000 0.498437 0.448148 0.497917 0.447222 0.497917 0.444444 0.497396 0.443519 0.497396 0.440741 0.496875 0.439815 0.496875 0.437963 0.496354 0.437037 0.496354 0.434259 0.495833 0.433333 0.495833 0.431481 0.495312 0.430556 0.495312 0.427778 0.494792 0.426852 0.494792 0.425000 0.494271 0.424074 0.494271 0.421296 0.493750 0.420370 0.493750 0.417593
2 0.615365 0.353241 0.088021 0.182407 0.573958 0.262037 0.573438 0.262963 0.573438 0.263889 0.572917 0.264815 0.572917 0.265741 0.572396 0.266667 0.572396 0.268519 0.571875 0.269444 0.571875 0.273148 0.571354 0.274074 0.571354 0.279630 0.571875 0.280556 0.571875 0.284259 0.572396 0.285185 0.572396 0.287037 0.572917 0.287963 0.572917 0.288889 0.573958 0.290741 0.573958 0.291667 0.574479 0.292593 0.574479 0.293519 0.575521 0.295370 0.575521 0.296296 0.576562 0.298148 0.576562 0.299074 0.577604 0.300926 0.577604 0.301852 0.578646 0.303704 0.578646 0.304630 0.579688 0.306481 0.579688 0.307407 0.580208 0.308333 0.580208 0.309259 0.581250 0.311111 0.581250 0.312037 0.582292 0.313889 0.582292 0.314815 0.583333 0.316667 0.583333 0.317593 0.584375 0.319444 0.584375 0.320370 0.585417 0.322222 0.585417 0.323148 0.585938 0.324074 0.585938 0.325000 0.586979 0.326852 0.586979 0.327778 0.588021 0.329630 0.588021 0.330556 0.589063 0.332407 0.589063 0.333333 0.590104 0.335185 0.590104 0.336111 0.590625 0.337037 0.590625 0.337963 0.591667 0.339815 0.591667 0.340741 0.592708 0.342593 0.592708 0.343519 0.593750 0.345370 0.593750 0.346296 0.594792 0.348148 0.594792 0.349074 0.595833 0.350926 0.595833 0.351852 0.596354 0.352778 0.596354 0.353704 0.597396 0.355556 0.597396 0.356481 0.598437 0.358333 0.598437 0.359259 0.599479 0.361111 0.599479 0.362037 0.600521 0.363889 0.600521 0.364815 0.601562 0.366667 0.601562 0.367593 0.602083 0.368519 0.602083 0.369444 0.603125 0.371296 0.603125 0.372222 0.604167 0.374074 0.604167 0.375000 0.605208 0.376852 0.605208 0.377778 0.606250 0.379630 0.606250 0.380556 0.607292 0.382407 0.607292 0.383333 0.607812 0.384259 0.607812 0.385185 0.608854 0.387037 0.608854 0.387963 0.609896 0.389815 0.609896 0.390741 0.610938 0.392593 0.610938 0.393519 0.611979 0.395370 0.611979 0.396296 0.612500 0.397222 0.612500 0.398148 0.613542 0.400000 0.613542 0.400926 0.614583 0.402778 0.614583 0.403704 0.615625 0.405556 0.615625 0.406481 0.616667 0.408333 0.616667 0.409259 0.617708 0.411111 0.617708 0.412037 0.618229 0.412963 0.618229 0.413889 0.619271 0.415741 0.619271 0.416667 0.620313 0.418519 0.620313 0.419444 0.621354 0.421296 0.621354 0.422222 0.622396 0.424074 0.622396 0.425000 0.623437 0.426852 0.623437 0.427778 0.623958 0.428704 0.623958 0.429630 0.626042 0.433333 0.626042 0.434259 0.626563 0.435185 0.627083 0.435185 0.629167 0.438889 0.629687 0.438889 0.630208 0.439815 0.630729 0.439815 0.631250 0.440741 0.631771 0.440741 0.632292 0.441667 0.632812 0.441667 0.633333 0.442593 0.634375 0.442593 0.634896 0.443519 0.636979 0.443519 0.637500 0.444444 0.642188 0.444444 0.642708 0.443519 0.644792 0.443519 0.645312 0.442593 0.646354 0.442593 0.646875 0.441667 0.647917 0.441667 0.648438 0.440741 0.648958 0.440741 0.650000 0.438889 0.650521 0.438889 0.651563 0.437037 0.652083 0.437037 0.655729 0.430556 0.655729 0.429630 0.656771 0.427778 0.656771 0.426852 0.657292 0.425926 0.657292 0.425000 0.657813 0.424074 0.657813 0.423148 0.658333 0.422222 0.658333 0.420370 0.658854 0.419444 0.658854 0.415741 0.659375 0.414815 0.659375 0.404630 0.658854 0.403704 0.658854 0.400926 0.658333 0.400000 0.658333 0.398148 0.657813 0.397222 0.657813 0.396296 0.657292 0.395370 0.657292 0.394444 0.656771 0.393519 0.656771 0.392593 0.655729 0.390741 0.655729 0.389815 0.654167 0.387037 0.654167 0.386111 0.652083 0.382407 0.652083 0.381481 0.650000 0.377778 0.650000 0.376852 0.648958 0.375000 0.648438 0.375000 0.644792 0.381481 0.644271 0.381481 0.643229 0.383333 0.642708 0.383333 0.642188 0.384259 0.641667 0.384259 0.641146 0.385185 0.640625 0.385185 0.640104 0.386111 0.639062 0.386111 0.638542 0.387037 0.637500 0.387037 0.636979 0.387963 0.633854 0.387963 0.633333 0.388889 0.631250 0.388889 0.630729 0.387963 0.628125 0.387963 0.627604 0.387037 0.626042 0.387037 0.625521 0.386111 0.625000 0.386111 0.624479 0.385185 0.623958 0.385185 0.623437 0.384259 0.622917 0.384259 0.622396 0.383333 0.621875 0.383333 0.620833 0.381481 0.620313 0.381481 0.616667 0.375000 0.616667 0.374074 0.615104 0.371296 0.615104 0.370370 0.614062 0.368519 0.614062 0.367593 0.613021 0.365741 0.613021 0.364815 0.611979 0.362963 0.611979 0.362037 0.610938 0.360185 0.610938 0.359259 0.609896 0.357407 0.609896 0.356481 0.608854 0.354630 0.608854 0.353704 0.607812 0.351852 0.607812 0.350926 0.606250 0.348148 0.606250 0.347222 0.605208 0.345370 0.605208 0.344444 0.604167 0.342593 0.604167 0.341667 0.603125 0.339815 0.603125 0.338889 0.602083 0.337037 0.602083 0.336111 0.601042 0.334259 0.601042 0.333333 0.600000 0.331481 0.600000 0.330556 0.598958 0.328704 0.598958 0.327778 0.597917 0.325926 0.597917 0.325000 0.596875 0.323148 0.596875 0.322222 0.595833 0.320370 0.595833 0.319444 0.594792 0.317593 0.594792 0.316667 0.593229 0.313889 0.593229 0.312963 0.592187 0.311111 0.592187 0.310185 0.591146 0.308333 0.591146 0.307407 0.590104 0.305556 0.590104 0.304630 0.589063 0.302778 0.589063 0.301852 0.588021 0.300000 0.588021 0.299074 0.586979 0.297222 0.586979 0.296296 0.585938 0.294444 0.585938 0.293519 0.584896 0.291667 0.584896 0.290741 0.583854 0.288889 0.583854 0.287963 0.582812 0.286111 0.582812 0.285185 0.581250 0.282407 0.581250 0.281481 0.580208 0.279630 0.580208 0.278704 0.579167 0.276852 0.579167 0.275926 0.578125 0.274074 0.578125 0.273148 0.577083 0.271296 0.577083 0.270370 0.576042 0.268519 0.576042 0.267593 0.575000 0.265741 0.575000 0.264815 0.573958 0.262963
2 0.730208 0.407870 0.119792 0.215741 0.682813 0.300000 0.682292 0.300926 0.681250 0.300926 0.680729 0.301852 0.679688 0.301852 0.679167 0.302778 0.678646 0.302778 0.677604 0.304630 0.677083 0.304630 0.675521 0.307407 0.675000 0.307407 0.675000 0.308333 0.672917 0.312037 0.672917 0.312963 0.672396 0.313889 0.672396 0.314815 0.671875 0.315741 0.671875 0.316667 0.671354 0.317593 0.671354 0.319444 0.670833 0.320370 0.670833 0.323148 0.670312 0.324074 0.670312 0.329630 0.670833 0.330556 0.670833 0.334259 0.671354 0.335185 0.671354 0.337037 0.671875 0.337963 0.671875 0.338889 0.672396 0.339815 0.672396 0.340741 0.672917 0.341667 0.672917 0.342593 0.676042 0.348148 0.676042 0.349074 0.680729 0.357407 0.680729 0.358333 0.685417 0.366667 0.685417 0.367593 0.690625 0.376852 0.690625 0.377778 0.695312 0.386111 0.695312 0.387037 0.700000 0.395370 0.700000 0.396296 0.705208 0.405556 0.705208 0.406481 0.709896 0.414815 0.709896 0.415741 0.714583 0.424074 0.714583 0.425000 0.719271 0.433333 0.719271 0.434259 0.724479 0.443519 0.724479 0.444444 0.729167 0.452778 0.729167 0.453704 0.733854 0.462037 0.733854 0.462963 0.739062 0.472222 0.739062 0.473148 0.743750 0.481481 0.743750 0.482407 0.748437 0.490741 0.748437 0.491667 0.753125 0.500000 0.753125 0.500926 0.757812 0.509259 0.758333 0.509259 0.759375 0.511111 0.759896 0.511111 0.760417 0.512037 0.760938 0.512037 0.761458 0.512963 0.761979 0.512963 0.762500 0.513889 0.763021 0.513889 0.763542 0.514815 0.765104 0.514815 0.765625 0.515741 0.773958 0.515741 0.774479 0.514815 0.776042 0.514815 0.776563 0.513889 0.777083 0.513889 0.777604 0.512963 0.778646 0.512963 0.779167 0.512037 0.779687 0.512037 0.780729 0.510185 0.781250 0.510185 0.782813 0.507407 0.783333 0.507407 0.785417 0.503704 0.785417 0.502778 0.786979 0.500000 0.786979 0.499074 0.787500 0.498148 0.787500 0.497222 0.788021 0.496296 0.788021 0.495370 0.788542 0.494444 0.788542 0.493519 0.789062 0.492593 0.789062 0.490741 0.789583 0.489815 0.789583 0.486111 0.790104 0.485185 0.790104 0.475926 0.789583 0.475000 0.789583 0.471296 0.789062 0.470370 0.789062 0.468519 0.788542 0.467593 0.788542 0.466667 0.788021 0.465741 0.788021 0.464815 0.787500 0.463889 0.787500 0.462963 0.786458 0.461111 0.786458 0.460185 0.775521 0.440741 0.775000 0.440741 0.764583 0.422222 0.764062 0.422222 0.754167 0.404630 0.753646 0.404630 0.743229 0.386111 0.742708 0.386111 0.732292 0.367593 0.731771 0.367593 0.721354 0.349074 0.720833 0.349074 0.710417 0.330556 0.709896 0.330556 0.699479 0.312037 0.698958 0.312037 0.694792 0.304630 0.694271 0.304630 0.693229 0.302778 0.692708 0.302778 0.692187 0.301852 0.691146 0.301852 0.690625 0.300926 0.689583 0.300926 0.689063 0.300000
2 0.294531 0.424074 0.059896 0.222222 0.308333 0.312963 0.307812 0.313889 0.306250 0.313889 0.305729 0.314815 0.304688 0.314815 0.304167 0.315741 0.303646 0.315741 0.303125 0.316667 0.302604 0.316667 0.301563 0.318519 0.301042 0.318519 0.297917 0.324074 0.297917 0.325000 0.297396 0.325926 0.297396 0.326852 0.296875 0.327778 0.296875 0.328704 0.296354 0.329630 0.296354 0.330556 0.295833 0.331481 0.295833 0.333333 0.295312 0.334259 0.295312 0.336111 0.294792 0.337037 0.294792 0.338889 0.294271 0.339815 0.294271 0.341667 0.293750 0.342593 0.293750 0.344444 0.293229 0.345370 0.293229 0.347222 0.292708 0.348148 0.292708 0.350000 0.292187 0.350926 0.292187 0.352778 0.291667 0.353704 0.291667 0.354630 0.291146 0.355556 0.291146 0.357407 0.290625 0.358333 0.290625 0.360185 0.290104 0.361111 0.290104 0.362963 0.289583 0.363889 0.289583 0.365741 0.289062 0.366667 0.289062 0.368519 0.288542 0.369444 0.288542 0.371296 0.288021 0.372222 0.288021 0.374074 0.287500 0.375000 0.287500 0.376852 0.286979 0.377778 0.286979 0.379630 0.286458 0.380556 0.286458 0.382407 0.285938 0.383333 0.285938 0.385185 0.285417 0.386111 0.285417 0.387963 0.284896 0.388889 0.284896 0.389815 0.284375 0.390741 0.284375 0.392593 0.283854 0.393519 0.283854 0.395370 0.283333 0.396296 0.283333 0.398148 0.282813 0.399074 0.282813 0.400926 0.282292 0.401852 0.282292 0.403704 0.281771 0.404630 0.281771 0.406481 0.281250 0.407407 0.281250 0.409259 0.280729 0.410185 0.280729 0.412037 0.280208 0.412963 0.280208 0.414815 0.279687 0.415741 0.279687 0.417593 0.279167 0.418519 0.279167 0.420370 0.278646 0.421296 0.278646 0.422222 0.278125 0.423148 0.278125 0.425000 0.277604 0.425926 0.277604 0.427778 0.277083 0.428704 0.277083 0.430556 0.276562 0.431481 0.276562 0.433333 0.276042 0.434259 0.276042 0.436111 0.275521 0.437037 0.275521 0.438889 0.275000 0.439815 0.275000 0.441667 0.274479 0.442593 0.274479 0.444444 0.273958 0.445370 0.273958 0.447222 0.273438 0.448148 0.273438 0.450000 0.272917 0.450926 0.272917 0.452778 0.272396 0.453704 0.272396 0.454630 0.271875 0.455556 0.271875 0.457407 0.271354 0.458333 0.271354 0.460185 0.270833 0.461111 0.270833 0.462963 0.270313 0.463889 0.270313 0.465741 0.269792 0.466667 0.269792 0.468519 0.269271 0.469444 0.269271 0.471296 0.268750 0.472222 0.268750 0.474074 0.268229 0.475000 0.268229 0.476852 0.267708 0.477778 0.267708 0.479630 0.267188 0.480556 0.267188 0.482407 0.266667 0.483333 0.266667 0.485185 0.266146 0.486111 0.266146 0.487963 0.265625 0.488889 0.265625 0.489815 0.265104 0.490741 0.265104 0.494444 0.264583 0.495370 0.264583 0.504630 0.265104 0.505556 0.265104 0.509259 0.265625 0.510185 0.265625 0.512037 0.266146 0.512963 0.266146 0.513889 0.266667 0.514815 0.266667 0.515741 0.267188 0.516667 0.267188 0.517593 0.267708 0.518519 0.267708 0.519444 0.269271 0.522222 0.269271 0.523148 0.271875 0.527778 0.272396 0.527778 0.273438 0.529630 0.273958 0.529630 0.275000 0.531481 0.275521 0.531481 0.276042 0.532407 0.277083 0.532407 0.277604 0.533333 0.278646 0.533333 0.279167 0.534259 0.280208 0.534259 0.280729 0.535185 0.289062 0.535185 0.289583 0.534259 0.291146 0.534259 0.291667 0.533333 0.292187 0.533333 0.292708 0.532407 0.293750 0.532407 0.294271 0.531481 0.294792 0.531481 0.295833 0.529630 0.296354 0.529630 0.297396 0.527778 0.297917 0.527778 0.300521 0.523148 0.300521 0.522222 0.301563 0.520370 0.301563 0.519444 0.302604 0.517593 0.302604 0.516667 0.303125 0.515741 0.303125 0.514815 0.303646 0.513889 0.303646 0.512037 0.304167 0.511111 0.304167 0.508333 0.304688 0.507407 0.304688 0.504630 0.305208 0.503704 0.305208 0.500926 0.305729 0.500000 0.305729 0.496296 0.306250 0.495370 0.306250 0.492593 0.306771 0.491667 0.306771 0.488889 0.307292 0.487963 0.307292 0.484259 0.307812 0.483333 0.307812 0.480556 0.308333 0.479630 0.308333 0.476852 0.308854 0.475926 0.308854 0.473148 0.309375 0.472222 0.309375 0.468519 0.309896 0.467593 0.309896 0.464815 0.310417 0.463889 0.310417 0.458333 0.310937 0.457407 0.310937 0.454630 0.311458 0.453704 0.311458 0.450926 0.311979 0.450000 0.311979 0.447222 0.312500 0.446296 0.312500 0.442593 0.313021 0.441667 0.313021 0.438889 0.313542 0.437963 0.313542 0.435185 0.314063 0.434259 0.314063 0.431481 0.314583 0.430556 0.314583 0.426852 0.315104 0.425926 0.315104 0.423148 0.315625 0.422222 0.315625 0.419444 0.316146 0.418519 0.316146 0.415741 0.316667 0.414815 0.316667 0.411111 0.317188 0.410185 0.317188 0.407407 0.317708 0.406481 0.317708 0.403704 0.318229 0.402778 0.318229 0.400926 0.317708 0.400000 0.317708 0.398148 0.317188 0.397222 0.317188 0.393519 0.316667 0.392593 0.316667 0.383333 0.317188 0.382407 0.317188 0.379630 0.317708 0.378704 0.317708 0.375926 0.318229 0.375000 0.318229 0.371296 0.318750 0.370370 0.318750 0.367593 0.319271 0.366667 0.319271 0.363889 0.319792 0.362963 0.319792 0.360185 0.320312 0.359259 0.320312 0.356481 0.320833 0.355556 0.320833 0.352778 0.321354 0.351852 0.321354 0.349074 0.321875 0.348148 0.321875 0.345370 0.322396 0.344444 0.322396 0.341667 0.322917 0.340741 0.322917 0.337963 0.323437 0.337037 0.323437 0.334259 0.323958 0.333333 0.323958 0.330556 0.324479 0.329630 0.324479 0.327778 0.323958 0.326852 0.323958 0.325926 0.322917 0.324074 0.322917 0.323148 0.320833 0.319444 0.320312 0.319444 0.318750 0.316667 0.318229 0.316667 0.317708 0.315741 0.317188 0.315741 0.316667 0.314815 0.315625 0.314815 0.315104 0.313889 0.313542 0.313889 0.313021 0.312963
2 0.432552 0.400926 0.039062 0.209259 0.422917 0.296296 0.422917 0.302778 0.423438 0.303704 0.423438 0.312963 0.423958 0.313889 0.423958 0.324074 0.424479 0.325000 0.424479 0.334259 0.425000 0.335185 0.425000 0.345370 0.425521 0.346296 0.425521 0.355556 0.426042 0.356481 0.426042 0.365741 0.426563 0.366667 0.426563 0.376852 0.427083 0.377778 0.427083 0.387037 0.427604 0.387963 0.427604 0.398148 0.428125 0.399074 0.428125 0.408333 0.428646 0.409259 0.428646 0.423148 0.428125 0.424074 0.428125 0.426852 0.427604 0.427778 0.427604 0.429630 0.427083 0.430556 0.427083 0.431481 0.426563 0.432407 0.426563 0.433333 0.426042 0.434259 0.426042 0.435185 0.425000 0.437037 0.425000 0.437963 0.420312 0.446296 0.419792 0.446296 0.418750 0.448148 0.418229 0.448148 0.417708 0.449074 0.417187 0.449074 0.416667 0.450000 0.415625 0.450000 0.415104 0.450926 0.414062 0.450926 0.413542 0.451852 0.413021 0.451852 0.413021 0.474074 0.413542 0.475000 0.413542 0.479630 0.414062 0.480556 0.414062 0.483333 0.414583 0.484259 0.414583 0.485185 0.415104 0.486111 0.415104 0.487037 0.415625 0.487963 0.415625 0.488889 0.416146 0.489815 0.416146 0.490741 0.417708 0.493519 0.417708 0.494444 0.419792 0.498148 0.420312 0.498148 0.421354 0.500000 0.421875 0.500000 0.422917 0.501852 0.423438 0.501852 0.423958 0.502778 0.424479 0.502778 0.425000 0.503704 0.426042 0.503704 0.426563 0.504630 0.428125 0.504630 0.428646 0.505556 0.436458 0.505556 0.436979 0.504630 0.438542 0.504630 0.439063 0.503704 0.440104 0.503704 0.440625 0.502778 0.441146 0.502778 0.441667 0.501852 0.442188 0.501852 0.443229 0.500000 0.443750 0.500000 0.445312 0.497222 0.445833 0.497222 0.447396 0.494444 0.447396 0.493519 0.448958 0.490741 0.448958 0.489815 0.449479 0.488889 0.449479 0.487963 0.450000 0.487037 0.450000 0.486111 0.450521 0.485185 0.450521 0.484259 0.451042 0.483333 0.451042 0.480556 0.451562 0.479630 0.451562 0.475926 0.452083 0.475000 0.452083 0.468519 0.451562 0.467593 0.451562 0.462037 0.451042 0.461111 0.451042 0.455556 0.450521 0.454630 0.450521 0.449074 0.450000 0.448148 0.450000 0.442593 0.449479 0.441667 0.449479 0.436111 0.448958 0.435185 0.448958 0.429630 0.448437 0.428704 0.448437 0.423148 0.447917 0.422222 0.447917 0.416667 0.447396 0.415741 0.447396 0.410185 0.446875 0.409259 0.446875 0.403704 0.446354 0.402778 0.446354 0.397222 0.445833 0.396296 0.445833 0.390741 0.445312 0.389815 0.445312 0.383333 0.444792 0.382407 0.444792 0.376852 0.444271 0.375926 0.444271 0.370370 0.443750 0.369444 0.443750 0.363889 0.443229 0.362963 0.443229 0.357407 0.442708 0.356481 0.442708 0.350926 0.442188 0.350000 0.442188 0.344444 0.441667 0.343519 0.441667 0.337963 0.441146 0.337037 0.441146 0.331481 0.440625 0.330556 0.440625 0.325000 0.440104 0.324074 0.440104 0.318519 0.439583 0.317593 0.439583 0.314815 0.439063 0.313889 0.439063 0.312037 0.438542 0.311111 0.438542 0.310185 0.437500 0.308333 0.437500 0.307407 0.435937 0.304630 0.435937 0.303704 0.435417 0.303704 0.433333 0.300000 0.432812 0.300000 0.432292 0.299074 0.431771 0.299074 0.431250 0.298148 0.430208 0.298148 0.429688 0.297222 0.428646 0.297222 0.428125 0.296296
2 0.505990 0.360185 0.061979 0.201852 0.487500 0.259259 0.486979 0.260185 0.485417 0.260185 0.484896 0.261111 0.484375 0.261111 0.483854 0.262037 0.483333 0.262037 0.482812 0.262963 0.482292 0.262963 0.481250 0.264815 0.480729 0.264815 0.478125 0.269444 0.478125 0.270370 0.477083 0.272222 0.477083 0.273148 0.476562 0.274074 0.476562 0.275000 0.476042 0.275926 0.476042 0.277778 0.475521 0.278704 0.475521 0.282407 0.475000 0.283333 0.475000 0.287963 0.475521 0.288889 0.475521 0.292593 0.476042 0.293519 0.476042 0.296296 0.476562 0.297222 0.476562 0.300000 0.477083 0.300926 0.477083 0.302778 0.477604 0.303704 0.477604 0.306481 0.478125 0.307407 0.478125 0.309259 0.478646 0.310185 0.478646 0.312963 0.479167 0.313889 0.479167 0.315741 0.479687 0.316667 0.479687 0.319444 0.480208 0.320370 0.480208 0.322222 0.480729 0.323148 0.480729 0.325926 0.481250 0.326852 0.481250 0.328704 0.481771 0.329630 0.481771 0.332407 0.482292 0.333333 0.482292 0.336111 0.482812 0.337037 0.482812 0.338889 0.483333 0.339815 0.483333 0.342593 0.483854 0.343519 0.483854 0.345370 0.484375 0.346296 0.484375 0.349074 0.484896 0.350000 0.484896 0.351852 0.485417 0.352778 0.485417 0.355556 0.485938 0.356481 0.485938 0.358333 0.486458 0.359259 0.486458 0.362037 0.486979 0.362963 0.486979 0.364815 0.487500 0.365741 0.487500 0.368519 0.488021 0.369444 0.488021 0.372222 0.488542 0.373148 0.488542 0.375000 0.489063 0.375926 0.489063 0.378704 0.489583 0.379630 0.489583 0.381481 0.490104 0.382407 0.490104 0.385185 0.490625 0.386111 0.490625 0.387963 0.491146 0.388889 0.491146 0.391667 0.491667 0.392593 0.491667 0.394444 0.492188 0.395370 0.492188 0.398148 0.492708 0.399074 0.492708 0.400926 0.493229 0.401852 0.493229 0.404630 0.493750 0.405556 0.493750 0.408333 0.494271 0.409259 0.494271 0.411111 0.494792 0.412037 0.494792 0.414815 0.495312 0.415741 0.495312 0.417593 0.495833 0.418519 0.495833 0.421296 0.496354 0.422222 0.496354 0.424074 0.496875 0.425000 0.496875 0.427778 0.497396 0.428704 0.497396 0.430556 0.497917 0.431481 0.497917 0.434259 0.498437 0.435185 0.498437 0.437037 0.498958 0.437963 0.498958 0.439815 0.499479 0.440741 0.499479 0.441667 0.500000 0.442593 0.500000 0.443519 0.500521 0.444444 0.500521 0.445370 0.502083 0.448148 0.502083 0.449074 0.504167 0.452778 0.504687 0.452778 0.506250 0.455556 0.506771 0.455556 0.507292 0.456481 0.507812 0.456481 0.508333 0.457407 0.508854 0.457407 0.509375 0.458333 0.510417 0.458333 0.510938 0.459259 0.511979 0.459259 0.512500 0.460185 0.514583 0.460185 0.515104 0.461111 0.518750 0.461111 0.519271 0.460185 0.521875 0.460185 0.522396 0.459259 0.523438 0.459259 0.523958 0.458333 0.525000 0.458333 0.525521 0.457407 0.526042 0.457407 0.526563 0.456481 0.527083 0.456481 0.528125 0.454630 0.528646 0.454630 0.530729 0.450926 0.531250 0.450926 0.531250 0.450000 0.533333 0.446296 0.533333 0.445370 0.534375 0.443519 0.534375 0.442593 0.534896 0.441667 0.534896 0.440741 0.535417 0.439815 0.535417 0.437963 0.535937 0.437037 0.535937 0.435185 0.536458 0.434259 0.536458 0.430556 0.536979 0.429630 0.536979 0.423148 0.536458 0.422222 0.536458 0.418519 0.535937 0.417593 0.535937 0.414815 0.535417 0.413889 0.535417 0.412963 0.534896 0.412037 0.534896 0.410185 0.534375 0.409259 0.534375 0.408333 0.533854 0.407407 0.533854 0.405556 0.533333 0.404630 0.533333 0.403704 0.532813 0.402778 0.532813 0.400926 0.532292 0.400000 0.532292 0.399074 0.531771 0.398148 0.531771 0.396296 0.531250 0.395370 0.531250 0.394444 0.530729 0.393519 0.530729 0.391667 0.530208 0.390741 0.530208 0.389815 0.529687 0.388889 0.529687 0.387037 0.529167 0.386111 0.529167 0.385185 0.528646 0.384259 0.528646 0.382407 0.528125 0.381481 0.528125 0.380556 0.527604 0.379630 0.527604 0.377778 0.527083 0.376852 0.527083 0.375926 0.526563 0.375000 0.526563 0.373148 0.526042 0.372222 0.526042 0.371296 0.525521 0.370370 0.525521 0.368519 0.525000 0.367593 0.525000 0.366667 0.524479 0.365741 0.524479 0.363889 0.523958 0.362963 0.523958 0.362037 0.523438 0.361111 0.523438 0.359259 0.522917 0.358333 0.522917 0.357407 0.522396 0.356481 0.522396 0.354630 0.521875 0.353704 0.521875 0.352778 0.521354 0.351852 0.521354 0.350000 0.520833 0.349074 0.520833 0.348148 0.520312 0.347222 0.520312 0.346296 0.519792 0.345370 0.519792 0.343519 0.519271 0.342593 0.519271 0.341667 0.518750 0.340741 0.518750 0.338889 0.518229 0.337963 0.518229 0.337037 0.517708 0.336111 0.517708 0.334259 0.517188 0.333333 0.517188 0.332407 0.516667 0.331481 0.516667 0.329630 0.516146 0.328704 0.516146 0.327778 0.515625 0.326852 0.515625 0.325000 0.515104 0.324074 0.515104 0.323148 0.514583 0.322222 0.514583 0.320370 0.514062 0.319444 0.514062 0.318519 0.513542 0.317593 0.513542 0.315741 0.513021 0.314815 0.513021 0.313889 0.512500 0.312963 0.512500 0.311111 0.511979 0.310185 0.511979 0.309259 0.511458 0.308333 0.511458 0.306481 0.510938 0.305556 0.510938 0.304630 0.510417 0.303704 0.510417 0.301852 0.509896 0.300926 0.509896 0.300000 0.509375 0.299074 0.509375 0.297222 0.508854 0.296296 0.508854 0.295370 0.508333 0.294444 0.508333 0.292593 0.507812 0.291667 0.507812 0.290741 0.507292 0.289815 0.507292 0.287963 0.506771 0.287037 0.506771 0.286111 0.506250 0.285185 0.506250 0.283333 0.505729 0.282407 0.505729 0.281481 0.505208 0.280556 0.505208 0.278704 0.504687 0.277778 0.504687 0.276852 0.504167 0.275926 0.504167 0.275000 0.503646 0.274074 0.503646 0.273148 0.503125 0.272222 0.503125 0.271296 0.502083 0.269444 0.502083 0.268519 0.500000 0.264815 0.499479 0.264815 0.498437 0.262963 0.497917 0.262963 0.497396 0.262037 0.496875 0.262037 0.496354 0.261111 0.495833 0.261111 0.495312 0.260185 0.493750 0.260185 0.493229 0.259259