1 0.292448 0.688426 0.101562 0.110185 0.332292 0.633333 0.332292 0.640741 0.332813 0.641667 0.332813 0.651852 0.332292 0.652778 0.332292 0.654630 0.329688 0.659259 0.329688 0.666667 0.330208 0.667593 0.330208 0.671296 0.330729 0.672222 0.330729 0.675926 0.331250 0.676852 0.331250 0.680556 0.331771 0.681481 0.331771 0.691667 0.331250 0.692593 0.331250 0.694444 0.328646 0.699074 0.328125 0.699074 0.327604 0.700000 0.326562 0.700000 0.326042 0.700926 0.323437 0.700926 0.322917 0.701852 0.318750 0.701852 0.318229 0.702778 0.313021 0.702778 0.312500 0.703704 0.304167 0.703704 0.303646 0.704630 0.291146 0.704630 0.290625 0.705556 0.266667 0.705556 0.266146 0.706481 0.241667 0.706481 0.241667 0.732407 0.242188 0.733333 0.242188 0.735185 0.245312 0.740741 0.245833 0.740741 0.246354 0.741667 0.247917 0.741667 0.248438 0.742593 0.255208 0.742593 0.255729 0.743519 0.280208 0.743519 0.280729 0.742593 0.302083 0.742593 0.302604 0.741667 0.315104 0.741667 0.315625 0.740741 0.324479 0.740741 0.325000 0.739815 0.331250 0.739815 0.331771 0.738889 0.334896 0.738889 0.335417 0.737963 0.337500 0.737963 0.338021 0.737037 0.338542 0.737037 0.339062 0.736111 0.340104 0.736111 0.340625 0.735185 0.341146 0.735185 0.341146 0.734259 0.342187 0.732407 0.342187 0.731481 0.342708 0.730556 0.342708 0.729630 0.343229 0.728704 0.343229 0.718519 0.342708 0.717593 0.342708 0.712963 0.342187 0.712037 0.342187 0.708333 0.341667 0.707407 0.341667 0.704630 0.341146 0.703704 0.341146 0.700000 0.340625 0.699074 0.340625 0.695370 0.340104 0.694444 0.340104 0.690741 0.339583 0.689815 0.339583 0.686111 0.339062 0.685185 0.339062 0.682407 0.338542 0.681481 0.338542 0.677778 0.338021 0.676852 0.338021 0.673148 0.337500 0.672222 0.337500 0.668519 0.336979 0.667593 0.336979 0.663889 0.336458 0.662963 0.336458 0.660185 0.335938 0.659259 0.335938 0.657407 0.335417 0.656481 0.335417 0.653704 0.334896 0.652778 0.334896 0.650000 0.334375 0.649074 0.334375 0.645370 0.333854 0.644444 0.333854 0.640741 0.333333 0.639815 0.333333 0.636111 0.332813 0.635185 0.332813 0.634259
1 0.591406 0.618981 0.105729 0.071296 0.542708 0.583333 0.543229 0.584259 0.543229 0.585185 0.544271 0.587037 0.544271 0.587963 0.545312 0.589815 0.545312 0.590741 0.546354 0.592593 0.546354 0.593519 0.546875 0.594444 0.546875 0.595370 0.547396 0.596296 0.547396 0.599074 0.547917 0.600000 0.547917 0.604630 0.547396 0.605556 0.547396 0.608333 0.546875 0.609259 0.546875 0.611111 0.544271 0.615741 0.543229 0.615741 0.542708 0.616667 0.541667 0.616667 0.541146 0.617593 0.538542 0.617593 0.539062 0.618519 0.539062 0.619444 0.540104 0.621296 0.540104 0.622222 0.541146 0.624074 0.541146 0.625000 0.542188 0.626852 0.542188 0.627778 0.543229 0.629630 0.543229 0.630556 0.543750 0.631481 0.543750 0.633333 0.544271 0.634259 0.544271 0.637037 0.544792 0.637963 0.544792 0.640741 0.545312 0.641667 0.545312 0.642593 0.546354 0.644444 0.546354 0.645370 0.547396 0.647222 0.547396 0.648148 0.548958 0.650926 0.549479 0.650926 0.550000 0.651852 0.551042 0.651852 0.551562 0.652778 0.554167 0.652778 0.554688 0.653704 0.565625 0.653704 0.566146 0.654630 0.570833 0.654630 0.571354 0.653704 0.600000 0.653704 0.600521 0.652778 0.614583 0.652778 0.615104 0.651852 0.625000 0.651852 0.625521 0.650926 0.631771 0.650926 0.632292 0.650000 0.635417 0.650000 0.635938 0.649074 0.638542 0.649074 0.639062 0.648148 0.639583 0.648148 0.640104 0.647222 0.641146 0.647222 0.643229 0.643519 0.643229 0.642593 0.643750 0.641667 0.643750 0.638889 0.644271 0.637963 0.644271 0.631481 0.643750 0.630556 0.643750 0.628704 0.643229 0.627778 0.643229 0.626852 0.642188 0.625000 0.642188 0.624074 0.640104 0.620370 0.639062 0.620370 0.638542 0.621296 0.631771 0.621296 0.631250 0.622222 0.619792 0.622222 0.619271 0.623148 0.602083 0.623148 0.601562 0.624074 0.565625 0.624074 0.565104 0.623148 0.560937 0.623148 0.560417 0.622222 0.559375 0.622222 0.558854 0.621296 0.557813 0.621296 0.555729 0.617593 0.555729 0.616667 0.554688 0.614815 0.554688 0.613889 0.553646 0.612037 0.553646 0.611111 0.552604 0.609259 0.552604 0.608333 0.551562 0.606481 0.551562 0.605556 0.550000 0.602778 0.550000 0.601852 0.548958 0.600000 0.548958 0.599074 0.547917 0.597222 0.547917 0.596296 0.546875 0.594444 0.546875 0.593519 0.545833 0.591667 0.545833 0.590741 0.544792 0.588889 0.544792 0.587963 0.543750 0.586111 0.543750 0.585185
1 0.494010 0.520370 0.107813 0.070370 0.442708 0.485185 0.442188 0.486111 0.441146 0.486111 0.440625 0.487037 0.440104 0.487037 0.440625 0.487963 0.440625 0.488889 0.441146 0.489815 0.441146 0.490741 0.441667 0.491667 0.441667 0.492593 0.442188 0.493519 0.442188 0.494444 0.443229 0.496296 0.443229 0.498148 0.443750 0.499074 0.443750 0.500000 0.444271 0.500926 0.444271 0.511111 0.443750 0.512037 0.443750 0.512963 0.443229 0.513889 0.443229 0.514815 0.441146 0.518519 0.441146 0.519444 0.441667 0.520370 0.441667 0.521296 0.442188 0.522222 0.442188 0.523148 0.442708 0.524074 0.442708 0.525000 0.443229 0.525926 0.443229 0.526852 0.443750 0.527778 0.443750 0.528704 0.444271 0.529630 0.444271 0.530556 0.444792 0.531481 0.444792 0.532407 0.445312 0.533333 0.445312 0.534259 0.445833 0.535185 0.445833 0.536111 0.446354 0.537037 0.446354 0.537963 0.446875 0.538889 0.446875 0.539815 0.447396 0.540741 0.447396 0.541667 0.447917 0.542593 0.447917 0.543519 0.448437 0.544444 0.448437 0.545370 0.448958 0.546296 0.448958 0.547222 0.449479 0.548148 0.449479 0.549074 0.451562 0.552778 0.452083 0.552778 0.452604 0.553704 0.453646 0.553704 0.454167 0.554630 0.457813 0.554630 0.458333 0.555556 0.502604 0.555556 0.503125 0.554630 0.518229 0.554630 0.518750 0.553704 0.528646 0.553704 0.529167 0.552778 0.535937 0.552778 0.536458 0.551852 0.539583 0.551852 0.540104 0.550926 0.542188 0.550926 0.542708 0.550000 0.543750 0.550000 0.544271 0.549074 0.544792 0.549074 0.546875 0.545370 0.546875 0.544444 0.547396 0.543519 0.547396 0.542593 0.547917 0.541667 0.547917 0.532407 0.547396 0.531481 0.547396 0.530556 0.546875 0.529630 0.546875 0.527778 0.545312 0.525000 0.545312 0.524074 0.543750 0.521296 0.543750 0.520370 0.543229 0.520370 0.542708 0.521296 0.538021 0.521296 0.537500 0.522222 0.530729 0.522222 0.530208 0.523148 0.518229 0.523148 0.517708 0.524074 0.498958 0.524074 0.498437 0.525000 0.464062 0.525000 0.463542 0.524074 0.459375 0.524074 0.458854 0.523148 0.457292 0.523148 0.456771 0.522222 0.455729 0.522222 0.455208 0.521296 0.454688 0.521296 0.452604 0.517593 0.452604 0.516667 0.452083 0.515741 0.452083 0.514815 0.451562 0.513889 0.451562 0.512963 0.451042 0.512037 0.451042 0.511111 0.450521 0.510185 0.450521 0.509259 0.450000 0.508333 0.450000 0.507407 0.449479 0.506481 0.449479 0.505556 0.448437 0.503704 0.448437 0.502778 0.447917 0.501852 0.447917 0.500926 0.447396 0.500000 0.447396 0.499074 0.446875 0.498148 0.446875 0.497222 0.446354 0.496296 0.446354 0.495370 0.445833 0.494444 0.445833 0.493519 0.445312 0.492593 0.445312 0.491667 0.444792 0.490741 0.444792 0.489815 0.444271 0.488889 0.444271 0.487963 0.443750 0.487037 0.443750 0.486111 0.443229 0.485185
1 0.388542 0.418981 0.107292 0.067593 0.337500 0.399074 0.337500 0.400926 0.338021 0.401852 0.338021 0.411111 0.337500 0.412037 0.337500 0.415741 0.338021 0.416667 0.338021 0.418519 0.338542 0.419444 0.338542 0.422222 0.339062 0.423148 0.339062 0.425000 0.339583 0.425926 0.339583 0.428704 0.340104 0.429630 0.340104 0.431481 0.340625 0.432407 0.340625 0.435185 0.341146 0.436111 0.341146 0.437963 0.341667 0.438889 0.341667 0.441667 0.342187 0.442593 0.342187 0.443519 0.342708 0.444444 0.342708 0.446296 0.344271 0.449074 0.344792 0.449074 0.345313 0.450000 0.345833 0.450000 0.346354 0.450926 0.347917 0.450926 0.348438 0.451852 0.352604 0.451852 0.353125 0.452778 0.395833 0.452778 0.396354 0.451852 0.413021 0.451852 0.413542 0.450926 0.423958 0.450926 0.424479 0.450000 0.430729 0.450000 0.431250 0.449074 0.434375 0.449074 0.434896 0.448148 0.436979 0.448148 0.437500 0.447222 0.438021 0.447222 0.438542 0.446296 0.439583 0.446296 0.441146 0.443519 0.441146 0.442593 0.441667 0.441667 0.441667 0.439815 0.442188 0.438889 0.442188 0.429630 0.441667 0.428704 0.441667 0.426852 0.441146 0.425926 0.441146 0.425000 0.440625 0.424074 0.440625 0.423148 0.440104 0.422222 0.440104 0.421296 0.439063 0.419444 0.439063 0.418519 0.438542 0.417593 0.438542 0.416667 0.438021 0.415741 0.437500 0.415741 0.436979 0.416667 0.435937 0.416667 0.435417 0.417593 0.433854 0.417593 0.433333 0.418519 0.430729 0.418519 0.430208 0.419444 0.423958 0.419444 0.423438 0.420370 0.413542 0.420370 0.413021 0.421296 0.396875 0.421296 0.396354 0.422222 0.351042 0.422222 0.350521 0.421296 0.346354 0.421296 0.345833 0.420370 0.344271 0.420370 0.343750 0.419444 0.342708 0.419444 0.340104 0.414815 0.340104 0.413889 0.339583 0.412963 0.339583 0.411111 0.339062 0.410185 0.339062 0.408333 0.338542 0.407407 0.338542 0.405556 0.338021 0.404630 0.338021 0.401852 0.337500 0.400926
1 0.286979 0.331481 0.103125 0.044444 0.235417 0.309259 0.235417 0.339815 0.235937 0.340741 0.235937 0.344444 0.236458 0.345370 0.236458 0.346296 0.236979 0.347222 0.236979 0.348148 0.238021 0.350000 0.238542 0.350000 0.239063 0.350926 0.240104 0.350926 0.240625 0.351852 0.241667 0.351852 0.242188 0.352778 0.246354 0.352778 0.246875 0.353704 0.297917 0.353704 0.298438 0.352778 0.314063 0.352778 0.314583 0.351852 0.322917 0.351852 0.323437 0.350926 0.328646 0.350926 0.329167 0.350000 0.331771 0.350000 0.332292 0.349074 0.333333 0.349074 0.333854 0.348148 0.334896 0.348148 0.335417 0.347222 0.335938 0.347222 0.337500 0.344444 0.337500 0.342593 0.338021 0.341667 0.338021 0.339815 0.338542 0.338889 0.338542 0.332407 0.338021 0.331481 0.338021 0.328704 0.337500 0.327778 0.337500 0.325926 0.336979 0.325000 0.336979 0.323148 0.336458 0.322222 0.336458 0.320370 0.335938 0.319444 0.335938 0.317593 0.335417 0.316667 0.335417 0.314815 0.334896 0.313889 0.334896 0.312037 0.334375 0.311111 0.333854 0.312037 0.333333 0.312037 0.332813 0.312963 0.331250 0.312963 0.330729 0.313889 0.327604 0.313889 0.327083 0.314815 0.321875 0.314815 0.321354 0.315741 0.311458 0.315741 0.310937 0.316667 0.293750 0.316667 0.293229 0.317593 0.247396 0.317593 0.246875 0.316667 0.242708 0.316667 0.242188 0.315741 0.240104 0.315741 0.239583 0.314815 0.238542 0.314815 0.238021 0.313889 0.237500 0.313889 0.235417 0.310185
1 0.380469 0.269444 0.124479 0.157407 0.347917 0.190741 0.347396 0.191667 0.331771 0.191667 0.331250 0.192593 0.325000 0.192593 0.324479 0.193519 0.321354 0.193519 0.320833 0.194444 0.319792 0.194444 0.319271 0.195370 0.318750 0.195370 0.318229 0.196296 0.318750 0.197222 0.318750 0.199074 0.319271 0.200000 0.319271 0.201852 0.319792 0.202778 0.319792 0.204630 0.320312 0.205556 0.320312 0.207407 0.320833 0.208333 0.320833 0.209259 0.321354 0.210185 0.321354 0.212037 0.321875 0.212963 0.321875 0.214815 0.322396 0.215741 0.322396 0.217593 0.322917 0.218519 0.322917 0.220370 0.323437 0.221296 0.323437 0.222222 0.323958 0.223148 0.323958 0.225000 0.324479 0.225926 0.324479 0.227778 0.325000 0.228704 0.325000 0.230556 0.325521 0.231481 0.325521 0.233333 0.326042 0.234259 0.326042 0.235185 0.326562 0.236111 0.326562 0.237963 0.327083 0.238889 0.327083 0.240741 0.327604 0.241667 0.327604 0.243519 0.328125 0.244444 0.328125 0.246296 0.328646 0.247222 0.328646 0.248148 0.329167 0.249074 0.329167 0.250926 0.329688 0.251852 0.329688 0.253704 0.330208 0.254630 0.330208 0.256481 0.330729 0.257407 0.330729 0.259259 0.331250 0.260185 0.331250 0.261111 0.331771 0.262037 0.331771 0.263889 0.332292 0.264815 0.332292 0.266667 0.332813 0.267593 0.332813 0.269444 0.333333 0.270370 0.333333 0.271296 0.333854 0.272222 0.333854 0.274074 0.334375 0.275000 0.334375 0.276852 0.334896 0.277778 0.334896 0.279630 0.335417 0.280556 0.335417 0.282407 0.335938 0.283333 0.335938 0.284259 0.336458 0.285185 0.336458 0.287037 0.336979 0.287963 0.336979 0.289815 0.337500 0.290741 0.337500 0.292593 0.338021 0.293519 0.338021 0.302778 0.337500 0.303704 0.337500 0.305556 0.336979 0.306481 0.336979 0.307407 0.335938 0.309259 0.336458 0.310185 0.336458 0.312037 0.336979 0.312963 0.336979 0.313889 0.337500 0.314815 0.337500 0.316667 0.338021 0.317593 0.338021 0.319444 0.338542 0.320370 0.338542 0.322222 0.339062 0.323148 0.339062 0.325000 0.339583 0.325926 0.339583 0.327778 0.340104 0.328704 0.340104 0.330556 0.340625 0.331481 0.340625 0.333333 0.341146 0.334259 0.341146 0.336111 0.341667 0.337037 0.341667 0.338889 0.342187 0.339815 0.342187 0.340741 0.342708 0.341667 0.342708 0.342593 0.344271 0.345370 0.345313 0.345370 0.345833 0.346296 0.346875 0.346296 0.347396 0.347222 0.351562 0.347222 0.352083 0.348148 0.406250 0.348148 0.406771 0.347222 0.420833 0.347222 0.421354 0.346296 0.429167 0.346296 0.429688 0.345370 0.433333 0.345370 0.433854 0.344444 0.436979 0.344444 0.437500 0.343519 0.438021 0.343519 0.438542 0.342593 0.439583 0.342593 0.441667 0.338889 0.441667 0.337963 0.442188 0.337037 0.442188 0.335185 0.442708 0.334259 0.442708 0.325926 0.442188 0.325000 0.442188 0.323148 0.441667 0.322222 0.441667 0.321296 0.441146 0.320370 0.441146 0.319444 0.440104 0.317593 0.440104 0.316667 0.439063 0.314815 0.439063 0.313889 0.438021 0.312037 0.438021 0.311111 0.436979 0.309259 0.436979 0.308333 0.435937 0.306481 0.435937 0.305556 0.434896 0.303704 0.434896 0.302778 0.433333 0.300000 0.433333 0.299074 0.432292 0.297222 0.432292 0.296296 0.431250 0.294444 0.431250 0.293519 0.430208 0.291667 0.430208 0.290741 0.429167 0.288889 0.429167 0.287963 0.428125 0.286111 0.428125 0.285185 0.427083 0.283333 0.427083 0.282407 0.426042 0.280556 0.426042 0.279630 0.425000 0.277778 0.425000 0.276852 0.423958 0.275000 0.423958 0.274074 0.422917 0.272222 0.422917 0.271296 0.421875 0.269444 0.421875 0.268519 0.420833 0.266667 0.420833 0.265741 0.419792 0.263889 0.419792 0.262963 0.418750 0.261111 0.418750 0.260185 0.417187 0.257407 0.417187 0.256481 0.416146 0.254630 0.416146 0.253704 0.415104 0.251852 0.415104 0.250926 0.414062 0.249074 0.414062 0.248148 0.413021 0.246296 0.413021 0.245370 0.411979 0.243519 0.411979 0.242593 0.410938 0.240741 0.410938 0.239815 0.409896 0.237963 0.409896 0.237037 0.408854 0.235185 0.408854 0.234259 0.407813 0.232407 0.407813 0.231481 0.406771 0.229630 0.406771 0.228704 0.405729 0.226852 0.405729 0.225926 0.404687 0.224074 0.404687 0.223148 0.403646 0.221296 0.403646 0.220370 0.402604 0.218519 0.402604 0.217593 0.401042 0.214815 0.401042 0.213889 0.400000 0.212037 0.400000 0.211111 0.398958 0.209259 0.398958 0.208333 0.397917 0.206481 0.397917 0.205556 0.396875 0.203704 0.396875 0.202778 0.395833 0.200926 0.395833 0.200000 0.394792 0.198148 0.394792 0.197222 0.392708 0.193519 0.391667 0.193519 0.391146 0.192593 0.389583 0.192593 0.389062 0.191667 0.383333 0.191667 0.382812 0.190741
1 0.475000 0.269907 0.150000 0.158333 0.429688 0.190741 0.429167 0.191667 0.414583 0.191667 0.414062 0.192593 0.407813 0.192593 0.407292 0.193519 0.404687 0.193519 0.404167 0.194444 0.403125 0.194444 0.402604 0.195370 0.402083 0.195370 0.401042 0.197222 0.401042 0.198148 0.400521 0.199074 0.400521 0.200000 0.400000 0.200926 0.400000 0.207407 0.400521 0.208333 0.400521 0.210185 0.401042 0.211111 0.401042 0.212037 0.401562 0.212963 0.401562 0.213889 0.402604 0.215741 0.402604 0.216667 0.403646 0.218519 0.403646 0.219444 0.405208 0.222222 0.405208 0.223148 0.406250 0.225000 0.406250 0.225926 0.407292 0.227778 0.407292 0.228704 0.408333 0.230556 0.408333 0.231481 0.409375 0.233333 0.409375 0.234259 0.410417 0.236111 0.410417 0.237037 0.411458 0.238889 0.411458 0.239815 0.412500 0.241667 0.412500 0.242593 0.413542 0.244444 0.413542 0.245370 0.414583 0.247222 0.414583 0.248148 0.415625 0.250000 0.415625 0.250926 0.416667 0.252778 0.416667 0.253704 0.417708 0.255556 0.417708 0.256481 0.418750 0.258333 0.418750 0.259259 0.420312 0.262037 0.420312 0.262963 0.421354 0.264815 0.421354 0.265741 0.422396 0.267593 0.422396 0.268519 0.423438 0.270370 0.423438 0.271296 0.424479 0.273148 0.424479 0.274074 0.425521 0.275926 0.425521 0.276852 0.426563 0.278704 0.426563 0.279630 0.427604 0.281481 0.427604 0.282407 0.428646 0.284259 0.428646 0.285185 0.429688 0.287037 0.429688 0.287963 0.430729 0.289815 0.430729 0.290741 0.431771 0.292593 0.431771 0.293519 0.432812 0.295370 0.432812 0.296296 0.433854 0.298148 0.433854 0.299074 0.434896 0.300926 0.434896 0.301852 0.436458 0.304630 0.436458 0.305556 0.437500 0.307407 0.437500 0.308333 0.438542 0.310185 0.438542 0.311111 0.439583 0.312963 0.439583 0.313889 0.440625 0.315741 0.440625 0.316667 0.441667 0.318519 0.441667 0.319444 0.442708 0.321296 0.442708 0.322222 0.443750 0.324074 0.443750 0.325000 0.444792 0.326852 0.444792 0.327778 0.445833 0.329630 0.445833 0.330556 0.446875 0.332407 0.446875 0.333333 0.447917 0.335185 0.447917 0.336111 0.448958 0.337963 0.448958 0.338889 0.450000 0.340741 0.450000 0.341667 0.452083 0.345370 0.453125 0.345370 0.453646 0.346296 0.454688 0.346296 0.455208 0.347222 0.458333 0.347222 0.458854 0.348148 0.468229 0.348148 0.468750 0.349074 0.490625 0.349074 0.491146 0.348148 0.516667 0.348148 0.517188 0.347222 0.529687 0.347222 0.530208 0.346296 0.537500 0.346296 0.538021 0.345370 0.541146 0.345370 0.541667 0.344444 0.544271 0.344444 0.544792 0.343519 0.545833 0.343519 0.546354 0.342593 0.546875 0.342593 0.547396 0.341667 0.547917 0.341667 0.547917 0.340741 0.549479 0.337963 0.549479 0.336111 0.550000 0.335185 0.550000 0.325000 0.549479 0.324074 0.549479 0.322222 0.521354 0.272222 0.520833 0.272222 0.492708 0.222222 0.492188 0.222222 0.476042 0.193519 0.475000 0.193519 0.474479 0.192593 0.473438 0.192593 0.472917 0.191667 0.467708 0.191667 0.467187 0.190741
1 0.565104 0.263426 0.170833 0.154630 0.515104 0.186111 0.514583 0.187037 0.495833 0.187037 0.495312 0.187963 0.488021 0.187963 0.487500 0.188889 0.484375 0.188889 0.483854 0.189815 0.483333 0.189815 0.482812 0.190741 0.481771 0.190741 0.480729 0.192593 0.480729 0.193519 0.480208 0.194444 0.480208 0.195370 0.479687 0.196296 0.479687 0.199074 0.492188 0.221296 0.492708 0.221296 0.520833 0.271296 0.521354 0.271296 0.550000 0.322222 0.550000 0.324074 0.550521 0.325000 0.550521 0.331481 0.553646 0.337037 0.554167 0.337037 0.554688 0.337963 0.555729 0.337963 0.556250 0.338889 0.558333 0.338889 0.558854 0.339815 0.564063 0.339815 0.564583 0.340741 0.604688 0.340741 0.605208 0.339815 0.622917 0.339815 0.623437 0.338889 0.633333 0.338889 0.633854 0.337963 0.639583 0.337963 0.640104 0.337037 0.643229 0.337037 0.643750 0.336111 0.645312 0.336111 0.645833 0.335185 0.646354 0.335185 0.646875 0.334259 0.647396 0.334259 0.649479 0.330556 0.649479 0.328704 0.650000 0.327778 0.650000 0.323148 0.650521 0.322222 0.650000 0.321296 0.650000 0.316667 0.649479 0.315741 0.649479 0.313889 0.647396 0.310185 0.646875 0.310185 0.645312 0.307407 0.644792 0.307407 0.643229 0.304630 0.642708 0.304630 0.641146 0.301852 0.640625 0.301852 0.639583 0.300000 0.639062 0.300000 0.637500 0.297222 0.636979 0.297222 0.635417 0.294444 0.634896 0.294444 0.633333 0.291667 0.632812 0.291667 0.631771 0.289815 0.631250 0.289815 0.629687 0.287037 0.629167 0.287037 0.627604 0.284259 0.627083 0.284259 0.625521 0.281481 0.625000 0.281481 0.623958 0.279630 0.623437 0.279630 0.621875 0.276852 0.621354 0.276852 0.619792 0.274074 0.619271 0.274074 0.617708 0.271296 0.617188 0.271296 0.615625 0.268519 0.615104 0.268519 0.614062 0.266667 0.613542 0.266667 0.611979 0.263889 0.611458 0.263889 0.609896 0.261111 0.609375 0.261111 0.607812 0.258333 0.607292 0.258333 0.606250 0.256481 0.605729 0.256481 0.604167 0.253704 0.603646 0.253704 0.602083 0.250926 0.601562 0.250926 0.600000 0.248148 0.599479 0.248148 0.598437 0.246296 0.597917 0.246296 0.596354 0.243519 0.595833 0.243519 0.594271 0.240741 0.593750 0.240741 0.592187 0.237963 0.591667 0.237963 0.590625 0.236111 0.590104 0.236111 0.588542 0.233333 0.588021 0.233333 0.586458 0.230556 0.585938 0.230556 0.584375 0.227778 0.583854 0.227778 0.582292 0.225000 0.581771 0.225000 0.580729 0.223148 0.580208 0.223148 0.578646 0.220370 0.578125 0.220370 0.576562 0.217593 0.576042 0.217593 0.574479 0.214815 0.573958 0.214815 0.572917 0.212963 0.572396 0.212963 0.570833 0.210185 0.570312 0.210185 0.568750 0.207407 0.568229 0.207407 0.566667 0.204630 0.566146 0.204630 0.565104 0.202778 0.564583 0.202778 0.563021 0.200000 0.562500 0.200000 0.560937 0.197222 0.560417 0.197222 0.558854 0.194444 0.558333 0.194444 0.557292 0.192593 0.556771 0.192593 0.555208 0.189815 0.554688 0.189815 0.554167 0.188889 0.553125 0.188889 0.552604 0.187963 0.550521 0.187963 0.550000 0.187037 0.542708 0.187037 0.542188 0.186111
1 0.285938 0.240741 0.103125 0.151852 0.271354 0.164815 0.270833 0.165741 0.250521 0.165741 0.250000 0.166667 0.242708 0.166667 0.242188 0.167593 0.239063 0.167593 0.238542 0.168519 0.237500 0.168519 0.236979 0.169444 0.236458 0.169444 0.234896 0.172222 0.234896 0.173148 0.234375 0.174074 0.234375 0.281481 0.234896 0.282407 0.234896 0.305556 0.235417 0.306481 0.235417 0.308333 0.235937 0.309259 0.235937 0.310185 0.237500 0.312963 0.238021 0.312963 0.238542 0.313889 0.239583 0.313889 0.240104 0.314815 0.242188 0.314815 0.242708 0.315741 0.246875 0.315741 0.247396 0.316667 0.293229 0.316667 0.293750 0.315741 0.310937 0.315741 0.311458 0.314815 0.321354 0.314815 0.321875 0.313889 0.327083 0.313889 0.327604 0.312963 0.330729 0.312963 0.331250 0.312037 0.332813 0.312037 0.333333 0.311111 0.333854 0.311111 0.334375 0.310185 0.334896 0.310185 0.336458 0.307407 0.336458 0.306481 0.336979 0.305556 0.336979 0.303704 0.337500 0.302778 0.337500 0.293519 0.336979 0.292593 0.336979 0.290741 0.336458 0.289815 0.336458 0.287963 0.335938 0.287037 0.335938 0.285185 0.335417 0.284259 0.335417 0.283333 0.334896 0.282407 0.334896 0.280556 0.334375 0.279630 0.334375 0.277778 0.333854 0.276852 0.333854 0.275000 0.333333 0.274074 0.333333 0.272222 0.332813 0.271296 0.332813 0.270370 0.332292 0.269444 0.332292 0.267593 0.331771 0.266667 0.331771 0.264815 0.331250 0.263889 0.331250 0.262037 0.330729 0.261111 0.330729 0.260185 0.330208 0.259259 0.330208 0.257407 0.329688 0.256481 0.329688 0.254630 0.329167 0.253704 0.329167 0.251852 0.328646 0.250926 0.328646 0.249074 0.328125 0.248148 0.328125 0.247222 0.327604 0.246296 0.327604 0.244444 0.327083 0.243519 0.327083 0.241667 0.326562 0.240741 0.326562 0.238889 0.326042 0.237963 0.326042 0.236111 0.325521 0.235185 0.325521 0.234259 0.325000 0.233333 0.325000 0.231481 0.324479 0.230556 0.324479 0.228704 0.323958 0.227778 0.323958 0.225926 0.323437 0.225000 0.323437 0.223148 0.322917 0.222222 0.322917 0.221296 0.322396 0.220370 0.322396 0.218519 0.321875 0.217593 0.321875 0.215741 0.321354 0.214815 0.321354 0.212963 0.320833 0.212037 0.320833 0.210185 0.320312 0.209259 0.320312 0.208333 0.319792 0.207407 0.319792 0.205556 0.319271 0.204630 0.319271 0.202778 0.318750 0.201852 0.318750 0.200000 0.318229 0.199074 0.318229 0.197222 0.317708 0.196296 0.317708 0.195370 0.317188 0.194444 0.317188 0.192593 0.316667 0.191667 0.316667 0.189815 0.316146 0.188889 0.316146 0.187037 0.315625 0.186111 0.315625 0.184259 0.315104 0.183333 0.315104 0.182407 0.314583 0.181481 0.314583 0.179630 0.314063 0.178704 0.314063 0.176852 0.313542 0.175926 0.313542 0.174074 0.313021 0.173148 0.313021 0.172222 0.312500 0.171296 0.312500 0.170370 0.310937 0.167593 0.309896 0.167593 0.309375 0.166667 0.307292 0.166667 0.306771 0.165741 0.298438 0.165741 0.297917 0.164815
1 0.396615 0.710185 0.101562 0.040741 0.442708 0.689815 0.442708 0.691667 0.439583 0.697222 0.438542 0.697222 0.438021 0.698148 0.436979 0.698148 0.436458 0.699074 0.433333 0.699074 0.432812 0.700000 0.428646 0.700000 0.428125 0.700926 0.421354 0.700926 0.420833 0.701852 0.409896 0.701852 0.409375 0.702778 0.394792 0.702778 0.394271 0.703704 0.351562 0.703704 0.351042 0.702778 0.348438 0.702778 0.347917 0.701852 0.346875 0.701852 0.346354 0.700926 0.345833 0.700926 0.345833 0.701852 0.346354 0.702778 0.346354 0.706481 0.346875 0.707407 0.346875 0.711111 0.347396 0.712037 0.347396 0.714815 0.347917 0.715741 0.347917 0.719444 0.348438 0.720370 0.348438 0.722222 0.348958 0.723148 0.348958 0.724074 0.351042 0.727778 0.352083 0.727778 0.352604 0.728704 0.353646 0.728704 0.354167 0.729630 0.358854 0.729630 0.359375 0.730556 0.388542 0.730556 0.389062 0.729630 0.406771 0.729630 0.407292 0.728704 0.419792 0.728704 0.420312 0.727778 0.429167 0.727778 0.429688 0.726852 0.435937 0.726852 0.436458 0.725926 0.439063 0.725926 0.439583 0.725000 0.441667 0.725000 0.442188 0.724074 0.443229 0.724074 0.443750 0.723148 0.444271 0.723148 0.446354 0.719444 0.446354 0.718519 0.446875 0.717593 0.446875 0.714815 0.447396 0.713889 0.447396 0.709259 0.446875 0.708333 0.446875 0.705556 0.446354 0.704630 0.446354 0.702778 0.445833 0.701852 0.445833 0.700926 0.445312 0.700000 0.445312 0.698148 0.444792 0.697222 0.444792 0.696296 0.444271 0.695370 0.444271 0.693519 0.443750 0.692593 0.443750 0.691667 0.443229 0.690741 0.443229 0.689815
1 0.491146 0.677778 0.117708 0.103704 0.437500 0.625926 0.436979 0.626852 0.435937 0.626852 0.435417 0.627778 0.432812 0.627778 0.432292 0.628704 0.432812 0.629630 0.432812 0.630556 0.433333 0.631481 0.433333 0.632407 0.433854 0.633333 0.433854 0.635185 0.434375 0.636111 0.434375 0.637037 0.434896 0.637963 0.434896 0.639815 0.435417 0.640741 0.435417 0.644444 0.435937 0.645370 0.435937 0.648148 0.436458 0.649074 0.436458 0.650926 0.436979 0.651852 0.436979 0.652778 0.437500 0.653704 0.437500 0.654630 0.438021 0.655556 0.438021 0.657407 0.438542 0.658333 0.438542 0.659259 0.439063 0.660185 0.439063 0.662037 0.439583 0.662963 0.439583 0.663889 0.440104 0.664815 0.440104 0.666667 0.440625 0.667593 0.440625 0.668519 0.441146 0.669444 0.441146 0.670370 0.441667 0.671296 0.441667 0.673148 0.442188 0.674074 0.442188 0.675000 0.442708 0.675926 0.442708 0.677778 0.443229 0.678704 0.443229 0.685185 0.443750 0.686111 0.443750 0.687963 0.444271 0.688889 0.444271 0.689815 0.444792 0.690741 0.444792 0.692593 0.445312 0.693519 0.445312 0.694444 0.445833 0.695370 0.445833 0.696296 0.446354 0.697222 0.446354 0.699074 0.446875 0.700000 0.446875 0.700926 0.447396 0.701852 0.447396 0.703704 0.447917 0.704630 0.447917 0.705556 0.448437 0.706481 0.448437 0.708333 0.448958 0.709259 0.448958 0.710185 0.449479 0.711111 0.449479 0.712963 0.450000 0.713889 0.450000 0.714815 0.450521 0.715741 0.450521 0.716667 0.451042 0.717593 0.451042 0.719444 0.451562 0.720370 0.451562 0.721296 0.452083 0.722222 0.452083 0.724074 0.453646 0.726852 0.454167 0.726852 0.454688 0.727778 0.455729 0.727778 0.456250 0.728704 0.459375 0.728704 0.459896 0.729630 0.501563 0.729630 0.502083 0.728704 0.516667 0.728704 0.517188 0.727778 0.527604 0.727778 0.528125 0.726852 0.534896 0.726852 0.535417 0.725926 0.540104 0.725926 0.540625 0.725000 0.543229 0.725000 0.543750 0.724074 0.544792 0.724074 0.545312 0.723148 0.546354 0.723148 0.546875 0.722222 0.547396 0.722222 0.548958 0.719444 0.548958 0.717593 0.549479 0.716667 0.549479 0.713889 0.550000 0.712963 0.550000 0.708333 0.549479 0.707407 0.549479 0.704630 0.548958 0.703704 0.548958 0.702778 0.548438 0.701852 0.548438 0.700926 0.547917 0.700000 0.547917 0.699074 0.546875 0.697222 0.546875 0.696296 0.546354 0.695370 0.546354 0.694444 0.545312 0.692593 0.545312 0.691667 0.544792 0.690741 0.544792 0.689815 0.543750 0.687963 0.543750 0.687037 0.543229 0.686111 0.542708 0.687037 0.540104 0.687037 0.539583 0.687963 0.534896 0.687963 0.534375 0.688889 0.527083 0.688889 0.526563 0.689815 0.515625 0.689815 0.515104 0.690741 0.499479 0.690741 0.498958 0.691667 0.460938 0.691667 0.460417 0.690741 0.456771 0.690741 0.456250 0.689815 0.455208 0.689815 0.454688 0.688889 0.454167 0.688889 0.451562 0.684259 0.451562 0.683333 0.451042 0.682407 0.451042 0.680556 0.450521 0.679630 0.450521 0.678704 0.450000 0.677778 0.450000 0.676852 0.449479 0.675926 0.449479 0.674074 0.448958 0.673148 0.448958 0.672222 0.448437 0.671296 0.448437 0.670370 0.447917 0.669444 0.447917 0.667593 0.447396 0.666667 0.447396 0.665741 0.446875 0.664815 0.446875 0.663889 0.446354 0.662963 0.446354 0.661111 0.445833 0.660185 0.445833 0.659259 0.445312 0.658333 0.445312 0.657407 0.444792 0.656481 0.444792 0.654630 0.444271 0.653704 0.444271 0.652778 0.443750 0.651852 0.443750 0.650926 0.443229 0.650000 0.443229 0.648148 0.442708 0.647222 0.442708 0.646296 0.442188 0.645370 0.442188 0.644444 0.441667 0.643519 0.441667 0.641667 0.441146 0.640741 0.441146 0.639815 0.440625 0.638889 0.440625 0.637963 0.440104 0.637037 0.440104 0.635185 0.439583 0.634259 0.439583 0.633333 0.439063 0.632407 0.439063 0.631481 0.438542 0.630556 0.438542 0.628704 0.438021 0.627778 0.438021 0.626852
1 0.597656 0.696759 0.105729 0.045370 0.550000 0.674074 0.550000 0.676852 0.549479 0.677778 0.549479 0.678704 0.548958 0.679630 0.548958 0.680556 0.546875 0.684259 0.546354 0.684259 0.545833 0.685185 0.545312 0.685185 0.544792 0.686111 0.545312 0.687037 0.545312 0.687963 0.545833 0.688889 0.545833 0.689815 0.546875 0.691667 0.546875 0.692593 0.547917 0.694444 0.547917 0.695370 0.548438 0.696296 0.548438 0.697222 0.549479 0.699074 0.549479 0.700000 0.550000 0.700926 0.550000 0.701852 0.551042 0.703704 0.551042 0.704630 0.551562 0.705556 0.551562 0.706481 0.552604 0.708333 0.552604 0.709259 0.553125 0.710185 0.553125 0.711111 0.554167 0.712963 0.554167 0.713889 0.555729 0.716667 0.556250 0.716667 0.556771 0.717593 0.557813 0.717593 0.558333 0.718519 0.560937 0.718519 0.561458 0.719444 0.603125 0.719444 0.603646 0.718519 0.618229 0.718519 0.618750 0.717593 0.629167 0.717593 0.629687 0.716667 0.635938 0.716667 0.636458 0.715741 0.640625 0.715741 0.641146 0.714815 0.644271 0.714815 0.644792 0.713889 0.645833 0.713889 0.646354 0.712963 0.646875 0.712963 0.647396 0.712037 0.647917 0.712037 0.649479 0.709259 0.649479 0.707407 0.650000 0.706481 0.650000 0.703704 0.650521 0.702778 0.650521 0.698148 0.650000 0.697222 0.650000 0.694444 0.649479 0.693519 0.649479 0.692593 0.648438 0.690741 0.648438 0.689815 0.646354 0.686111 0.646354 0.685185 0.645312 0.685185 0.644792 0.686111 0.642188 0.686111 0.641667 0.687037 0.638021 0.687037 0.637500 0.687963 0.631250 0.687963 0.630729 0.688889 0.620833 0.688889 0.620313 0.689815 0.606250 0.689815 0.605729 0.690741 0.579167 0.690741 0.578646 0.691667 0.571875 0.691667 0.571354 0.690741 0.560937 0.690741 0.560417 0.689815 0.557813 0.689815 0.557292 0.688889 0.556250 0.688889 0.555729 0.687963 0.555208 0.687963 0.553125 0.684259 0.553125 0.683333 0.552604 0.682407 0.552604 0.681481 0.551562 0.679630 0.551562 0.678704 0.550521 0.676852 0.550521 0.675926 0.550000 0.675000
1 0.281250 0.591667 0.101042 0.229630 0.231771 0.476852 0.231771 0.477778 0.231250 0.478704 0.231250 0.511111 0.230729 0.512037 0.230729 0.695370 0.231250 0.696296 0.231250 0.698148 0.231771 0.699074 0.231771 0.700000 0.233333 0.702778 0.233854 0.702778 0.234375 0.703704 0.235937 0.703704 0.236458 0.704630 0.239063 0.704630 0.239583 0.705556 0.251563 0.705556 0.252083 0.706481 0.252604 0.706481 0.253125 0.705556 0.283333 0.705556 0.283854 0.704630 0.298958 0.704630 0.299479 0.703704 0.309896 0.703704 0.310417 0.702778 0.317188 0.702778 0.317708 0.701852 0.321875 0.701852 0.322396 0.700926 0.325521 0.700926 0.326042 0.700000 0.327083 0.700000 0.327604 0.699074 0.328125 0.699074 0.328646 0.698148 0.329167 0.698148 0.330729 0.695370 0.330729 0.694444 0.331250 0.693519 0.331250 0.691667 0.331771 0.690741 0.331771 0.682407 0.331250 0.681481 0.331250 0.677778 0.330729 0.676852 0.330729 0.673148 0.330208 0.672222 0.330208 0.668519 0.329688 0.667593 0.329688 0.663889 0.329167 0.662963 0.329167 0.660185 0.328646 0.660185 0.328125 0.661111 0.326562 0.661111 0.326042 0.662037 0.323437 0.662037 0.322917 0.662963 0.318229 0.662963 0.317708 0.663889 0.310417 0.663889 0.309896 0.664815 0.298958 0.664815 0.298438 0.665741 0.282813 0.665741 0.282292 0.666667 0.242188 0.666667 0.241667 0.665741 0.238021 0.665741 0.237500 0.664815 0.236458 0.664815 0.235937 0.663889 0.234896 0.663889 0.232813 0.660185 0.232813 0.659259 0.232292 0.658333 0.232292 0.656481 0.231771 0.655556
1 0.391146 0.675463 0.103125 0.054630 0.435417 0.648148 0.435417 0.651852 0.434896 0.652778 0.434896 0.653704 0.434375 0.654630 0.434375 0.655556 0.432812 0.658333 0.432292 0.658333 0.431771 0.659259 0.431250 0.659259 0.430729 0.660185 0.429688 0.660185 0.429167 0.661111 0.426563 0.661111 0.426042 0.662037 0.421875 0.662037 0.421354 0.662963 0.415104 0.662963 0.414583 0.663889 0.403646 0.663889 0.403125 0.664815 0.388542 0.664815 0.388021 0.665741 0.344271 0.665741 0.343750 0.664815 0.340625 0.664815 0.340104 0.663889 0.339583 0.663889 0.339583 0.665741 0.340104 0.666667 0.340104 0.670370 0.340625 0.671296 0.340625 0.675000 0.341146 0.675926 0.341146 0.679630 0.341667 0.680556 0.341667 0.683333 0.342187 0.684259 0.342187 0.687963 0.342708 0.688889 0.342708 0.692593 0.343229 0.693519 0.343229 0.694444 0.343750 0.695370 0.343750 0.697222 0.345313 0.700000 0.346354 0.700000 0.346875 0.700926 0.347917 0.700926 0.348438 0.701852 0.351042 0.701852 0.351562 0.702778 0.394271 0.702778 0.394792 0.701852 0.409375 0.701852 0.409896 0.700926 0.420833 0.700926 0.421354 0.700000 0.428125 0.700000 0.428646 0.699074 0.432812 0.699074 0.433333 0.698148 0.436458 0.698148 0.436979 0.697222 0.438021 0.697222 0.438542 0.696296 0.439583 0.696296 0.442188 0.691667 0.442188 0.689815 0.442708 0.688889 0.442708 0.678704 0.442188 0.677778 0.442188 0.675926 0.441667 0.675000 0.441667 0.674074 0.441146 0.673148 0.441146 0.671296 0.440625 0.670370 0.440625 0.669444 0.440104 0.668519 0.440104 0.667593 0.439583 0.666667 0.439583 0.664815 0.439063 0.663889 0.439063 0.662963 0.438542 0.662037 0.438542 0.660185 0.438021 0.659259 0.438021 0.658333 0.437500 0.657407 0.437500 0.655556 0.436979 0.654630 0.436979 0.653704 0.436458 0.652778 0.436458 0.651852 0.435937 0.650926 0.435937 0.649074
1 0.493750 0.657870 0.111458 0.065741 0.439063 0.625000 0.438542 0.625926 0.438021 0.625926 0.438542 0.626852 0.438542 0.627778 0.439063 0.628704 0.439063 0.630556 0.439583 0.631481 0.439583 0.632407 0.440104 0.633333 0.440104 0.634259 0.440625 0.635185 0.440625 0.637037 0.441146 0.637963 0.441146 0.638889 0.441667 0.639815 0.441667 0.640741 0.442188 0.641667 0.442188 0.643519 0.442708 0.644444 0.442708 0.645370 0.443229 0.646296 0.443229 0.647222 0.443750 0.648148 0.443750 0.650000 0.444271 0.650926 0.444271 0.651852 0.444792 0.652778 0.444792 0.653704 0.445312 0.654630 0.445312 0.656481 0.445833 0.657407 0.445833 0.658333 0.446354 0.659259 0.446354 0.660185 0.446875 0.661111 0.446875 0.662963 0.447396 0.663889 0.447396 0.664815 0.447917 0.665741 0.447917 0.666667 0.448437 0.667593 0.448437 0.669444 0.448958 0.670370 0.448958 0.671296 0.449479 0.672222 0.449479 0.673148 0.450000 0.674074 0.450000 0.675926 0.450521 0.676852 0.450521 0.677778 0.451042 0.678704 0.451042 0.679630 0.451562 0.680556 0.451562 0.682407 0.452083 0.683333 0.452083 0.684259 0.454167 0.687963 0.454688 0.687963 0.455208 0.688889 0.456250 0.688889 0.456771 0.689815 0.460417 0.689815 0.460938 0.690741 0.498958 0.690741 0.499479 0.689815 0.515104 0.689815 0.515625 0.688889 0.526563 0.688889 0.527083 0.687963 0.534375 0.687963 0.534896 0.687037 0.539583 0.687037 0.540104 0.686111 0.542708 0.686111 0.543229 0.685185 0.544792 0.685185 0.545312 0.684259 0.545833 0.684259 0.546354 0.683333 0.546875 0.683333 0.548438 0.680556 0.548438 0.679630 0.548958 0.678704 0.548958 0.677778 0.549479 0.676852 0.549479 0.666667 0.548958 0.665741 0.548958 0.664815 0.548438 0.663889 0.548438 0.662963 0.547917 0.662037 0.547917 0.661111 0.546875 0.659259 0.546875 0.658333 0.546354 0.657407 0.546354 0.656481 0.545312 0.654630 0.545312 0.653704 0.544271 0.651852 0.544271 0.650926 0.543229 0.649074 0.541146 0.652778 0.540104 0.652778 0.539583 0.653704 0.539062 0.653704 0.538542 0.654630 0.535937 0.654630 0.535417 0.655556 0.532292 0.655556 0.531771 0.656481 0.525000 0.656481 0.524479 0.657407 0.514583 0.657407 0.514062 0.658333 0.500000 0.658333 0.499479 0.659259 0.474479 0.659259 0.473958 0.660185 0.464062 0.660185 0.463542 0.659259 0.453646 0.659259 0.453125 0.658333 0.450521 0.658333 0.450000 0.657407 0.448958 0.657407 0.448437 0.656481 0.447917 0.656481 0.445833 0.652778 0.445833 0.651852 0.445312 0.650926 0.445312 0.650000 0.444792 0.649074 0.444792 0.647222 0.444271 0.646296 0.444271 0.645370 0.443750 0.644444 0.443750 0.643519 0.443229 0.642593 0.443229 0.640741 0.442708 0.639815 0.442708 0.638889 0.442188 0.637963 0.442188 0.637037 0.441667 0.636111 0.441667 0.634259 0.441146 0.633333 0.441146 0.632407 0.440625 0.631481 0.440625 0.630556 0.440104 0.629630 0.440104 0.627778 0.439583 0.626852 0.439583 0.625926
1 0.597135 0.666204 0.106771 0.049074 0.544792 0.641667 0.544271 0.642593 0.544271 0.645370 0.543750 0.646296 0.543750 0.649074 0.544792 0.650926 0.544792 0.651852 0.545833 0.653704 0.545833 0.654630 0.546875 0.656481 0.546875 0.657407 0.547396 0.658333 0.547396 0.659259 0.548438 0.661111 0.548438 0.662037 0.548958 0.662963 0.548958 0.663889 0.549479 0.664815 0.549479 0.665741 0.550000 0.666667 0.550000 0.673148 0.550521 0.674074 0.550521 0.675000 0.551042 0.675926 0.551042 0.676852 0.552083 0.678704 0.552083 0.679630 0.553125 0.681481 0.553125 0.682407 0.553646 0.683333 0.553646 0.684259 0.555208 0.687037 0.555729 0.687037 0.556250 0.687963 0.557292 0.687963 0.557813 0.688889 0.560417 0.688889 0.560937 0.689815 0.571354 0.689815 0.571875 0.690741 0.578646 0.690741 0.579167 0.689815 0.605729 0.689815 0.606250 0.688889 0.620313 0.688889 0.620833 0.687963 0.630729 0.687963 0.631250 0.687037 0.637500 0.687037 0.638021 0.686111 0.641667 0.686111 0.642188 0.685185 0.644792 0.685185 0.645312 0.684259 0.645833 0.684259 0.646354 0.683333 0.647396 0.683333 0.649479 0.679630 0.649479 0.678704 0.650000 0.677778 0.650000 0.676852 0.650521 0.675926 0.650521 0.666667 0.650000 0.665741 0.650000 0.663889 0.649479 0.662963 0.649479 0.662037 0.646875 0.657407 0.646875 0.656481 0.644271 0.651852 0.644271 0.650926 0.642188 0.647222 0.641667 0.647222 0.641146 0.648148 0.640104 0.648148 0.639583 0.649074 0.639062 0.649074 0.638542 0.650000 0.635938 0.650000 0.635417 0.650926 0.632292 0.650926 0.631771 0.651852 0.625521 0.651852 0.625000 0.652778 0.615104 0.652778 0.614583 0.653704 0.600521 0.653704 0.600000 0.654630 0.571354 0.654630 0.570833 0.655556 0.566146 0.655556 0.565625 0.654630 0.554688 0.654630 0.554167 0.653704 0.551562 0.653704 0.551042 0.652778 0.550000 0.652778 0.549479 0.651852 0.548958 0.651852 0.546875 0.648148 0.546875 0.647222 0.545833 0.645370 0.545833 0.644444 0.544792 0.642593
1 0.282552 0.555093 0.100521 0.221296 0.233854 0.444444 0.232813 0.446296 0.232813 0.448148 0.232292 0.449074 0.232292 0.655556 0.232813 0.656481 0.232813 0.658333 0.233333 0.659259 0.233333 0.660185 0.234896 0.662963 0.235937 0.662963 0.236458 0.663889 0.237500 0.663889 0.238021 0.664815 0.241667 0.664815 0.242188 0.665741 0.282292 0.665741 0.282813 0.664815 0.298438 0.664815 0.298958 0.663889 0.309896 0.663889 0.310417 0.662963 0.317708 0.662963 0.318229 0.662037 0.322917 0.662037 0.323437 0.661111 0.326042 0.661111 0.326562 0.660185 0.328125 0.660185 0.328646 0.659259 0.329167 0.659259 0.329688 0.658333 0.330208 0.658333 0.331771 0.655556 0.331771 0.654630 0.332292 0.653704 0.332292 0.651852 0.332813 0.650926 0.332813 0.642593 0.332292 0.641667 0.332292 0.637963 0.331771 0.637037 0.331771 0.633333 0.331250 0.633333 0.330729 0.634259 0.327604 0.634259 0.327083 0.635185 0.320833 0.635185 0.320312 0.636111 0.310417 0.636111 0.309896 0.637037 0.295833 0.637037 0.295312 0.637963 0.273958 0.637963 0.273438 0.638889 0.255208 0.638889 0.254688 0.637963 0.246354 0.637963 0.245833 0.637037 0.243229 0.637037 0.242708 0.636111 0.241667 0.636111 0.241146 0.635185 0.240625 0.635185 0.238542 0.631481 0.238542 0.630556 0.238021 0.629630 0.238021 0.628704 0.237500 0.627778 0.237500 0.622222 0.236979 0.621296 0.236979 0.553704 0.236458 0.552778 0.236458 0.549074 0.235937 0.548148 0.235937 0.487963 0.234896 0.486111 0.234896 0.484259 0.234375 0.483333 0.234375 0.481481 0.233854 0.480556
1 0.384115 0.631944 0.102604 0.065741 0.337500 0.599074 0.338021 0.600000 0.338021 0.602778 0.338542 0.603704 0.338542 0.607407 0.339062 0.608333 0.339062 0.611111 0.339583 0.612037 0.339583 0.616667 0.340104 0.617593 0.340104 0.619444 0.339583 0.620370 0.339583 0.624074 0.339062 0.625000 0.339062 0.626852 0.336458 0.631481 0.335417 0.631481 0.334896 0.632407 0.334375 0.632407 0.333854 0.633333 0.332813 0.633333 0.332813 0.634259 0.333333 0.635185 0.333333 0.638889 0.333854 0.639815 0.333854 0.643519 0.334375 0.644444 0.334375 0.648148 0.334896 0.649074 0.334896 0.651852 0.335417 0.652778 0.335417 0.655556 0.335938 0.656481 0.335938 0.658333 0.338021 0.662037 0.338542 0.662037 0.339062 0.662963 0.340104 0.662963 0.340625 0.663889 0.343750 0.663889 0.344271 0.664815 0.388021 0.664815 0.388542 0.663889 0.403125 0.663889 0.403646 0.662963 0.414583 0.662963 0.415104 0.662037 0.421354 0.662037 0.421875 0.661111 0.426042 0.661111 0.426563 0.660185 0.429167 0.660185 0.429688 0.659259 0.430729 0.659259 0.431250 0.658333 0.431771 0.658333 0.432292 0.657407 0.432812 0.657407 0.433854 0.655556 0.433854 0.654630 0.434375 0.653704 0.434375 0.652778 0.434896 0.651852 0.434896 0.648148 0.435417 0.647222 0.435417 0.645370 0.434896 0.644444 0.434896 0.640741 0.434375 0.639815 0.434375 0.637963 0.433854 0.637037 0.433854 0.636111 0.433333 0.635185 0.433333 0.633333 0.432812 0.632407 0.432812 0.631481 0.432292 0.630556 0.432292 0.629630 0.431771 0.628704 0.428646 0.628704 0.428125 0.629630 0.421875 0.629630 0.421354 0.630556 0.410417 0.630556 0.409896 0.631481 0.394792 0.631481 0.394271 0.632407 0.350521 0.632407 0.350000 0.631481 0.346875 0.631481 0.346354 0.630556 0.345313 0.630556 0.344792 0.629630 0.344271 0.629630 0.341667 0.625000 0.341667 0.624074 0.341146 0.623148 0.341146 0.621296 0.340625 0.620370 0.340625 0.616667 0.340104 0.615741 0.340104 0.612963 0.339583 0.612037 0.339583 0.608333 0.339062 0.607407 0.339062 0.604630 0.338542 0.603704 0.338542 0.600926 0.338021 0.600000 0.338021 0.599074
1 0.491667 0.626389 0.105208 0.065741 0.443229 0.593519 0.442708 0.594444 0.441146 0.594444 0.440625 0.595370 0.439063 0.595370 0.439063 0.597222 0.439583 0.598148 0.439583 0.599074 0.440104 0.600000 0.440104 0.600926 0.440625 0.601852 0.440625 0.602778 0.441146 0.603704 0.441146 0.605556 0.441667 0.606481 0.441667 0.608333 0.442188 0.609259 0.442188 0.615741 0.441667 0.616667 0.441667 0.619444 0.441146 0.620370 0.441146 0.621296 0.439583 0.624074 0.439583 0.625000 0.440104 0.625926 0.440104 0.626852 0.440625 0.627778 0.440625 0.629630 0.441146 0.630556 0.441146 0.631481 0.441667 0.632407 0.441667 0.633333 0.442188 0.634259 0.442188 0.636111 0.442708 0.637037 0.442708 0.637963 0.443229 0.638889 0.443229 0.639815 0.443750 0.640741 0.443750 0.642593 0.444271 0.643519 0.444271 0.644444 0.444792 0.645370 0.444792 0.646296 0.445312 0.647222 0.445312 0.649074 0.445833 0.650000 0.445833 0.650926 0.446354 0.651852 0.446354 0.652778 0.447917 0.655556 0.448437 0.655556 0.448958 0.656481 0.450000 0.656481 0.450521 0.657407 0.453125 0.657407 0.453646 0.658333 0.463542 0.658333 0.464062 0.659259 0.473958 0.659259 0.474479 0.658333 0.499479 0.658333 0.500000 0.657407 0.514062 0.657407 0.514583 0.656481 0.524479 0.656481 0.525000 0.655556 0.531771 0.655556 0.532292 0.654630 0.535417 0.654630 0.535937 0.653704 0.538542 0.653704 0.539062 0.652778 0.539583 0.652778 0.540104 0.651852 0.541146 0.651852 0.543229 0.648148 0.543229 0.646296 0.543750 0.645370 0.543750 0.642593 0.544271 0.641667 0.544271 0.637963 0.543750 0.637037 0.543750 0.634259 0.543229 0.633333 0.543229 0.631481 0.542708 0.630556 0.542708 0.629630 0.541667 0.627778 0.541667 0.626852 0.540625 0.625000 0.540625 0.624074 0.539583 0.622222 0.539583 0.621296 0.538542 0.619444 0.538542 0.618519 0.534375 0.618519 0.533854 0.619444 0.527083 0.619444 0.526563 0.620370 0.516146 0.620370 0.515625 0.621296 0.500000 0.621296 0.499479 0.622222 0.458333 0.622222 0.457813 0.621296 0.454167 0.621296 0.453646 0.620370 0.452604 0.620370 0.452083 0.619444 0.451562 0.619444 0.448958 0.614815 0.448958 0.613889 0.448437 0.612963 0.448437 0.611111 0.447917 0.610185 0.447917 0.609259 0.447396 0.608333 0.447396 0.607407 0.446875 0.606481 0.446875 0.605556 0.446354 0.604630 0.446354 0.603704 0.445833 0.602778 0.445833 0.601852 0.445312 0.600926 0.445312 0.599074 0.444792 0.598148 0.444792 0.597222 0.444271 0.596296 0.444271 0.595370 0.443750 0.594444 0.443750 0.593519
1 0.288542 0.597222 0.102083 0.081481 0.237500 0.556481 0.237500 0.621296 0.238021 0.622222 0.238021 0.627778 0.238542 0.628704 0.238542 0.629630 0.239063 0.630556 0.239063 0.631481 0.240625 0.634259 0.241146 0.634259 0.241667 0.635185 0.242708 0.635185 0.243229 0.636111 0.245833 0.636111 0.246354 0.637037 0.254688 0.637037 0.255208 0.637963 0.273438 0.637963 0.273958 0.637037 0.295312 0.637037 0.295833 0.636111 0.309896 0.636111 0.310417 0.635185 0.320312 0.635185 0.320833 0.634259 0.327083 0.634259 0.327604 0.633333 0.330729 0.633333 0.331250 0.632407 0.333854 0.632407 0.334375 0.631481 0.334896 0.631481 0.335417 0.630556 0.336458 0.630556 0.338542 0.626852 0.338542 0.625000 0.339062 0.624074 0.339062 0.620370 0.339583 0.619444 0.339583 0.617593 0.339062 0.616667 0.339062 0.612037 0.338542 0.611111 0.338542 0.608333 0.338021 0.607407 0.338021 0.603704 0.337500 0.602778 0.337500 0.600000 0.333854 0.600000 0.333333 0.600926 0.327083 0.600926 0.326562 0.601852 0.317188 0.601852 0.316667 0.602778 0.302604 0.602778 0.302083 0.603704 0.280208 0.603704 0.279687 0.604630 0.260937 0.604630 0.260417 0.603704 0.251563 0.603704 0.251042 0.602778 0.248958 0.602778 0.248438 0.601852 0.247396 0.601852 0.246875 0.600926 0.246354 0.600926 0.243750 0.596296 0.243750 0.595370 0.243229 0.594444 0.243229 0.591667 0.242708 0.590741 0.242708 0.563889 0.242188 0.562963 0.242188 0.562037 0.241667 0.561111 0.240625 0.561111 0.240104 0.560185 0.239583 0.560185
1 0.390104 0.593056 0.103125 0.076852 0.341667 0.554630 0.342187 0.555556 0.342187 0.558333 0.342708 0.559259 0.342708 0.562037 0.343229 0.562963 0.343229 0.565741 0.343750 0.566667 0.343750 0.569444 0.344271 0.570370 0.344271 0.573148 0.344792 0.574074 0.344792 0.576852 0.345313 0.577778 0.345313 0.582407 0.345833 0.583333 0.345833 0.585185 0.345313 0.586111 0.345313 0.589815 0.344792 0.590741 0.344792 0.592593 0.342187 0.597222 0.341146 0.597222 0.340625 0.598148 0.340104 0.598148 0.339583 0.599074 0.338542 0.599074 0.338542 0.600000 0.339062 0.600926 0.339062 0.603704 0.339583 0.604630 0.339583 0.607407 0.340104 0.608333 0.340104 0.612037 0.340625 0.612963 0.340625 0.615741 0.341146 0.616667 0.341146 0.620370 0.341667 0.621296 0.341667 0.623148 0.342187 0.624074 0.342187 0.625000 0.344271 0.628704 0.344792 0.628704 0.345313 0.629630 0.346354 0.629630 0.346875 0.630556 0.350000 0.630556 0.350521 0.631481 0.394271 0.631481 0.394792 0.630556 0.409896 0.630556 0.410417 0.629630 0.421354 0.629630 0.421875 0.628704 0.428125 0.628704 0.428646 0.627778 0.432292 0.627778 0.432812 0.626852 0.435417 0.626852 0.435937 0.625926 0.436979 0.625926 0.437500 0.625000 0.438542 0.625000 0.440625 0.621296 0.440625 0.620370 0.441146 0.619444 0.441146 0.616667 0.441667 0.615741 0.441667 0.609259 0.441146 0.608333 0.441146 0.606481 0.440625 0.605556 0.440625 0.603704 0.440104 0.602778 0.440104 0.601852 0.439583 0.600926 0.439583 0.600000 0.439063 0.599074 0.439063 0.598148 0.438542 0.597222 0.438542 0.595370 0.437500 0.595370 0.436979 0.596296 0.432292 0.596296 0.431771 0.597222 0.423438 0.597222 0.422917 0.598148 0.410417 0.598148 0.409896 0.599074 0.390625 0.599074 0.390104 0.600000 0.359375 0.600000 0.358854 0.599074 0.354167 0.599074 0.353646 0.598148 0.352083 0.598148 0.351562 0.597222 0.350521 0.597222 0.350000 0.596296 0.349479 0.596296 0.347917 0.593519 0.347917 0.592593 0.347396 0.591667 0.347396 0.590741 0.346875 0.589815 0.346875 0.587963 0.346354 0.587037 0.346354 0.584259 0.345833 0.583333 0.345833 0.580556 0.345313 0.579630 0.345313 0.576852 0.344792 0.575926 0.344792 0.573148 0.344271 0.572222 0.344271 0.569444 0.343750 0.568519 0.343750 0.565741 0.343229 0.564815 0.343229 0.562037 0.342708 0.561111 0.342708 0.558333 0.342187 0.557407 0.342187 0.555556
1 0.493750 0.577778 0.107292 0.087037 0.440625 0.536111 0.440625 0.547222 0.441146 0.548148 0.441146 0.549074 0.441667 0.550000 0.441667 0.550926 0.442188 0.551852 0.442188 0.553704 0.442708 0.554630 0.442708 0.555556 0.443229 0.556481 0.443229 0.557407 0.443750 0.558333 0.443750 0.559259 0.444271 0.560185 0.444271 0.561111 0.444792 0.562037 0.444792 0.562963 0.445312 0.563889 0.445312 0.564815 0.445833 0.565741 0.445833 0.566667 0.446354 0.567593 0.446354 0.568519 0.446875 0.569444 0.446875 0.571296 0.447396 0.572222 0.447396 0.573148 0.447917 0.574074 0.447917 0.577778 0.448437 0.578704 0.448437 0.581481 0.447917 0.582407 0.447917 0.586111 0.447396 0.587037 0.447396 0.587963 0.444792 0.592593 0.444271 0.592593 0.444271 0.594444 0.444792 0.595370 0.444792 0.596296 0.445312 0.597222 0.445312 0.598148 0.445833 0.599074 0.445833 0.600926 0.446354 0.601852 0.446354 0.602778 0.446875 0.603704 0.446875 0.604630 0.447396 0.605556 0.447396 0.606481 0.447917 0.607407 0.447917 0.608333 0.448437 0.609259 0.448437 0.610185 0.448958 0.611111 0.448958 0.612963 0.449479 0.613889 0.449479 0.614815 0.451562 0.618519 0.452083 0.618519 0.452604 0.619444 0.453646 0.619444 0.454167 0.620370 0.457813 0.620370 0.458333 0.621296 0.499479 0.621296 0.500000 0.620370 0.515625 0.620370 0.516146 0.619444 0.526563 0.619444 0.527083 0.618519 0.533854 0.618519 0.534375 0.617593 0.538021 0.617593 0.538542 0.616667 0.541146 0.616667 0.541667 0.615741 0.542708 0.615741 0.543229 0.614815 0.544271 0.614815 0.546354 0.611111 0.546354 0.609259 0.546875 0.608333 0.546875 0.605556 0.547396 0.604630 0.547396 0.600000 0.546875 0.599074 0.546875 0.596296 0.546354 0.595370 0.546354 0.594444 0.545833 0.593519 0.545833 0.592593 0.544792 0.590741 0.544792 0.589815 0.543750 0.587963 0.543750 0.587037 0.542708 0.585185 0.542708 0.584259 0.542188 0.583333 0.541667 0.584259 0.537500 0.584259 0.536979 0.585185 0.530729 0.585185 0.530208 0.586111 0.518750 0.586111 0.518229 0.587037 0.502604 0.587037 0.502083 0.587963 0.462500 0.587963 0.461979 0.587037 0.457813 0.587037 0.457292 0.586111 0.456250 0.586111 0.455729 0.585185 0.454688 0.585185 0.452604 0.581481 0.452604 0.580556 0.452083 0.579630 0.452083 0.578704 0.451562 0.577778 0.451562 0.576852 0.451042 0.575926 0.451042 0.575000 0.450521 0.574074 0.450521 0.573148 0.450000 0.572222 0.450000 0.571296 0.449479 0.570370 0.449479 0.568519 0.448958 0.567593 0.448958 0.566667 0.448437 0.565741 0.448437 0.564815 0.447917 0.563889 0.447917 0.562963 0.447396 0.562037 0.447396 0.561111 0.446875 0.560185 0.446875 0.559259 0.446354 0.558333 0.446354 0.557407 0.445833 0.556481 0.445833 0.555556 0.445312 0.554630 0.445312 0.553704 0.444792 0.552778 0.444792 0.551852 0.444271 0.550926 0.444271 0.550000 0.443750 0.549074 0.443750 0.548148 0.443229 0.547222 0.443229 0.546296 0.442708 0.545370 0.442708 0.544444 0.442188 0.543519 0.442188 0.541667 0.441667 0.540741 0.441667 0.539815 0.441146 0.538889 0.441146 0.537963 0.440625 0.537037
1 0.598437 0.584259 0.110417 0.077778 0.547396 0.545370 0.545833 0.548148 0.545833 0.549074 0.546875 0.550926 0.546875 0.551852 0.548438 0.554630 0.548438 0.555556 0.549479 0.557407 0.549479 0.558333 0.550521 0.560185 0.550521 0.562037 0.551042 0.562963 0.551042 0.567593 0.551562 0.568519 0.551042 0.569444 0.551042 0.574074 0.550521 0.575000 0.550521 0.575926 0.550000 0.576852 0.550000 0.577778 0.548438 0.580556 0.547917 0.580556 0.547396 0.581481 0.546875 0.581481 0.546354 0.582407 0.545312 0.582407 0.544792 0.583333 0.543229 0.583333 0.544271 0.585185 0.544271 0.586111 0.545312 0.587963 0.545312 0.588889 0.546354 0.590741 0.546354 0.591667 0.547396 0.593519 0.547396 0.594444 0.548438 0.596296 0.548438 0.597222 0.549479 0.599074 0.549479 0.600000 0.550521 0.601852 0.550521 0.602778 0.552083 0.605556 0.552083 0.606481 0.553125 0.608333 0.553125 0.609259 0.554167 0.611111 0.554167 0.612037 0.555208 0.613889 0.555208 0.614815 0.556250 0.616667 0.556250 0.617593 0.557813 0.620370 0.558854 0.620370 0.559375 0.621296 0.560417 0.621296 0.560937 0.622222 0.565104 0.622222 0.565625 0.623148 0.601562 0.623148 0.602083 0.622222 0.619271 0.622222 0.619792 0.621296 0.631250 0.621296 0.631771 0.620370 0.638542 0.620370 0.639062 0.619444 0.643750 0.619444 0.644271 0.618519 0.646875 0.618519 0.647396 0.617593 0.648438 0.617593 0.648958 0.616667 0.650000 0.616667 0.650521 0.615741 0.651042 0.615741 0.651042 0.614815 0.652604 0.612037 0.652604 0.610185 0.653125 0.609259 0.653125 0.605556 0.653646 0.604630 0.653646 0.603704 0.653125 0.602778 0.653125 0.598148 0.652604 0.597222 0.652604 0.596296 0.651563 0.594444 0.651563 0.593519 0.646354 0.584259 0.646354 0.583333 0.644792 0.580556 0.642708 0.580556 0.642188 0.581481 0.634375 0.581481 0.633854 0.582407 0.621875 0.582407 0.621354 0.583333 0.602083 0.583333 0.601562 0.584259 0.571354 0.584259 0.570833 0.583333 0.566667 0.583333 0.566146 0.582407 0.564583 0.582407 0.564063 0.581481 0.563021 0.581481 0.562500 0.580556 0.561979 0.580556 0.559896 0.576852 0.559896 0.575926 0.558333 0.573148 0.558333 0.572222 0.557292 0.570370 0.557292 0.569444 0.555729 0.566667 0.555729 0.565741 0.554688 0.563889 0.554688 0.562963 0.553125 0.560185 0.553125 0.559259 0.552083 0.557407 0.552083 0.556481 0.550521 0.553704 0.550521 0.552778 0.548958 0.550000 0.548958 0.549074 0.547917 0.547222 0.547917 0.546296
1 0.294010 0.565741 0.102604 0.075926 0.336979 0.527778 0.336979 0.531481 0.337500 0.532407 0.337500 0.535185 0.338021 0.536111 0.338021 0.538889 0.338542 0.539815 0.338542 0.548148 0.338021 0.549074 0.338021 0.550926 0.337500 0.551852 0.337500 0.552778 0.335417 0.556481 0.334896 0.556481 0.334375 0.557407 0.333333 0.557407 0.332813 0.558333 0.331250 0.558333 0.330729 0.559259 0.328125 0.559259 0.327604 0.560185 0.321875 0.560185 0.321354 0.561111 0.313021 0.561111 0.312500 0.562037 0.299479 0.562037 0.298958 0.562963 0.277604 0.562963 0.277083 0.563889 0.252083 0.563889 0.251563 0.562963 0.244792 0.562963 0.244271 0.562037 0.242708 0.562037 0.242708 0.562963 0.243229 0.563889 0.243229 0.590741 0.243750 0.591667 0.243750 0.594444 0.244271 0.595370 0.244271 0.596296 0.246354 0.600000 0.246875 0.600000 0.247396 0.600926 0.248438 0.600926 0.248958 0.601852 0.251042 0.601852 0.251563 0.602778 0.260417 0.602778 0.260937 0.603704 0.279687 0.603704 0.280208 0.602778 0.302083 0.602778 0.302604 0.601852 0.316667 0.601852 0.317188 0.600926 0.326562 0.600926 0.327083 0.600000 0.333333 0.600000 0.333854 0.599074 0.336979 0.599074 0.337500 0.598148 0.339583 0.598148 0.340104 0.597222 0.340625 0.597222 0.341146 0.596296 0.342187 0.596296 0.344271 0.592593 0.344271 0.590741 0.344792 0.589815 0.344792 0.586111 0.345313 0.585185 0.345313 0.583333 0.344792 0.582407 0.344792 0.577778 0.344271 0.576852 0.344271 0.574074 0.343750 0.573148 0.343750 0.570370 0.343229 0.569444 0.343229 0.566667 0.342708 0.565741 0.342708 0.562963 0.342187 0.562037 0.342187 0.559259 0.341667 0.558333 0.341667 0.555556 0.341146 0.554630 0.341146 0.553704 0.340625 0.552778 0.340625 0.551852 0.340104 0.550926 0.340104 0.549074 0.339583 0.548148 0.339583 0.545370 0.339062 0.544444 0.339062 0.541667 0.338542 0.540741 0.338542 0.537963 0.338021 0.537037 0.338021 0.534259 0.337500 0.533333 0.337500 0.530556 0.336979 0.529630
1 0.395313 0.572685 0.105208 0.052778 0.440104 0.546296 0.440104 0.548148 0.437500 0.552778 0.436979 0.552778 0.436458 0.553704 0.435417 0.553704 0.434896 0.554630 0.433333 0.554630 0.432812 0.555556 0.429688 0.555556 0.429167 0.556481 0.423438 0.556481 0.422917 0.557407 0.413542 0.557407 0.413021 0.558333 0.398958 0.558333 0.398438 0.559259 0.372917 0.559259 0.372396 0.560185 0.359896 0.560185 0.359375 0.559259 0.348958 0.559259 0.348438 0.558333 0.345833 0.558333 0.345313 0.557407 0.344271 0.557407 0.343750 0.556481 0.342708 0.556481 0.342708 0.557407 0.343229 0.558333 0.343229 0.561111 0.343750 0.562037 0.343750 0.564815 0.344271 0.565741 0.344271 0.568519 0.344792 0.569444 0.344792 0.572222 0.345313 0.573148 0.345313 0.575926 0.345833 0.576852 0.345833 0.579630 0.346354 0.580556 0.346354 0.583333 0.346875 0.584259 0.346875 0.587037 0.347396 0.587963 0.347396 0.589815 0.347917 0.590741 0.347917 0.591667 0.348438 0.592593 0.348438 0.593519 0.349479 0.595370 0.350000 0.595370 0.350521 0.596296 0.351562 0.596296 0.352083 0.597222 0.353646 0.597222 0.354167 0.598148 0.358854 0.598148 0.359375 0.599074 0.390104 0.599074 0.390625 0.598148 0.409896 0.598148 0.410417 0.597222 0.422917 0.597222 0.423438 0.596296 0.431771 0.596296 0.432292 0.595370 0.436979 0.595370 0.437500 0.594444 0.440625 0.594444 0.441146 0.593519 0.442708 0.593519 0.443229 0.592593 0.443750 0.592593 0.444271 0.591667 0.444792 0.591667 0.446875 0.587963 0.446875 0.587037 0.447396 0.586111 0.447396 0.582407 0.447917 0.581481 0.447917 0.578704 0.447396 0.577778 0.447396 0.574074 0.446875 0.573148 0.446875 0.572222 0.446354 0.571296 0.446354 0.569444 0.445833 0.568519 0.445833 0.567593 0.445312 0.566667 0.445312 0.565741 0.444792 0.564815 0.444792 0.563889 0.444271 0.562963 0.444271 0.562037 0.443750 0.561111 0.443750 0.560185 0.443229 0.559259 0.443229 0.558333 0.442708 0.557407 0.442708 0.556481 0.442188 0.555556 0.442188 0.554630 0.441667 0.553704 0.441667 0.551852 0.441146 0.550926 0.441146 0.550000 0.440625 0.549074 0.440625 0.548148 0.440104 0.547222
1 0.494010 0.552778 0.114062 0.068519 0.440625 0.518519 0.440104 0.519444 0.439583 0.519444 0.439063 0.520370 0.438021 0.520370 0.437500 0.521296 0.436979 0.521296 0.437500 0.522222 0.437500 0.524074 0.438021 0.525000 0.438021 0.525926 0.438542 0.526852 0.438542 0.527778 0.439063 0.528704 0.439063 0.529630 0.439583 0.530556 0.439583 0.531481 0.440104 0.532407 0.440104 0.533333 0.440625 0.534259 0.440625 0.535185 0.441146 0.536111 0.441146 0.537037 0.441667 0.537963 0.441667 0.538889 0.442188 0.539815 0.442188 0.540741 0.442708 0.541667 0.442708 0.543519 0.443229 0.544444 0.443229 0.545370 0.443750 0.546296 0.443750 0.547222 0.444271 0.548148 0.444271 0.549074 0.444792 0.550000 0.444792 0.550926 0.445312 0.551852 0.445312 0.552778 0.445833 0.553704 0.445833 0.554630 0.446354 0.555556 0.446354 0.556481 0.446875 0.557407 0.446875 0.558333 0.447396 0.559259 0.447396 0.560185 0.447917 0.561111 0.447917 0.562037 0.448437 0.562963 0.448437 0.563889 0.448958 0.564815 0.448958 0.565741 0.449479 0.566667 0.449479 0.567593 0.450000 0.568519 0.450000 0.570370 0.450521 0.571296 0.450521 0.572222 0.451042 0.573148 0.451042 0.574074 0.451562 0.575000 0.451562 0.575926 0.452083 0.576852 0.452083 0.577778 0.452604 0.578704 0.452604 0.579630 0.453125 0.580556 0.453125 0.581481 0.454688 0.584259 0.455729 0.584259 0.456250 0.585185 0.457292 0.585185 0.457813 0.586111 0.461979 0.586111 0.462500 0.587037 0.502083 0.587037 0.502604 0.586111 0.518229 0.586111 0.518750 0.585185 0.530208 0.585185 0.530729 0.584259 0.536979 0.584259 0.537500 0.583333 0.541667 0.583333 0.542188 0.582407 0.544792 0.582407 0.545312 0.581481 0.546354 0.581481 0.546875 0.580556 0.547396 0.580556 0.547917 0.579630 0.548438 0.579630 0.549479 0.577778 0.549479 0.576852 0.550000 0.575926 0.550000 0.575000 0.550521 0.574074 0.550521 0.569444 0.551042 0.568519 0.550521 0.567593 0.550521 0.562963 0.550000 0.562037 0.550000 0.560185 0.548958 0.558333 0.548958 0.557407 0.547917 0.555556 0.547917 0.554630 0.546354 0.551852 0.546354 0.550926 0.545312 0.549074 0.544792 0.550000 0.544271 0.550000 0.543750 0.550926 0.542708 0.550926 0.542188 0.551852 0.540104 0.551852 0.539583 0.552778 0.536458 0.552778 0.535937 0.553704 0.529167 0.553704 0.528646 0.554630 0.518750 0.554630 0.518229 0.555556 0.503125 0.555556 0.502604 0.556481 0.458333 0.556481 0.457813 0.555556 0.454167 0.555556 0.453646 0.554630 0.452604 0.554630 0.452083 0.553704 0.451562 0.553704 0.448958 0.549074 0.448958 0.548148 0.448437 0.547222 0.448437 0.546296 0.447917 0.545370 0.447917 0.544444 0.447396 0.543519 0.447396 0.542593 0.446875 0.541667 0.446875 0.540741 0.446354 0.539815 0.446354 0.538889 0.445833 0.537963 0.445833 0.537037 0.445312 0.536111 0.445312 0.535185 0.444792 0.534259 0.444792 0.533333 0.444271 0.532407 0.444271 0.531481 0.443750 0.530556 0.443750 0.529630 0.443229 0.528704 0.443229 0.527778 0.442708 0.526852 0.442708 0.525926 0.442188 0.525000 0.442188 0.524074 0.441667 0.523148 0.441667 0.522222 0.441146 0.521296 0.441146 0.520370 0.440625 0.519444
1 0.600781 0.551389 0.113021 0.063889 0.546354 0.519444 0.545833 0.520370 0.544271 0.520370 0.544271 0.521296 0.545833 0.524074 0.545833 0.525000 0.547396 0.527778 0.547396 0.529630 0.547917 0.530556 0.547917 0.531481 0.548438 0.532407 0.548438 0.541667 0.547917 0.542593 0.547917 0.543519 0.547396 0.544444 0.548438 0.546296 0.548438 0.547222 0.549479 0.549074 0.549479 0.550000 0.551042 0.552778 0.551042 0.553704 0.552604 0.556481 0.552604 0.557407 0.553646 0.559259 0.553646 0.560185 0.555208 0.562963 0.555208 0.563889 0.556250 0.565741 0.556250 0.566667 0.557813 0.569444 0.557813 0.570370 0.558854 0.572222 0.558854 0.573148 0.560417 0.575926 0.560417 0.576852 0.561979 0.579630 0.562500 0.579630 0.563021 0.580556 0.564063 0.580556 0.564583 0.581481 0.566146 0.581481 0.566667 0.582407 0.570833 0.582407 0.571354 0.583333 0.601562 0.583333 0.602083 0.582407 0.621354 0.582407 0.621875 0.581481 0.633854 0.581481 0.634375 0.580556 0.642188 0.580556 0.642708 0.579630 0.647396 0.579630 0.647917 0.578704 0.651042 0.578704 0.651563 0.577778 0.652604 0.577778 0.653125 0.576852 0.653646 0.576852 0.654167 0.575926 0.654687 0.575926 0.656250 0.573148 0.656250 0.572222 0.656771 0.571296 0.656771 0.569444 0.657292 0.568519 0.657292 0.559259 0.656771 0.558333 0.656771 0.557407 0.656250 0.556481 0.656250 0.555556 0.651042 0.546296 0.649479 0.546296 0.648958 0.547222 0.645833 0.547222 0.645312 0.548148 0.641146 0.548148 0.640625 0.549074 0.632812 0.549074 0.632292 0.550000 0.620313 0.550000 0.619792 0.550926 0.600000 0.550926 0.599479 0.551852 0.569792 0.551852 0.569271 0.550926 0.564063 0.550926 0.563542 0.550000 0.561979 0.550000 0.561458 0.549074 0.560417 0.549074 0.559896 0.548148 0.559375 0.548148 0.557292 0.544444 0.557292 0.543519 0.555729 0.540741 0.555729 0.539815 0.554167 0.537037 0.554167 0.536111 0.553125 0.534259 0.553125 0.533333 0.551562 0.530556 0.551562 0.529630 0.550000 0.526852 0.550000 0.525926 0.548438 0.523148 0.548438 0.522222 0.546875 0.519444
1 0.287240 0.525926 0.101562 0.074074 0.236458 0.488889 0.236458 0.548148 0.236979 0.549074 0.236979 0.552778 0.237500 0.553704 0.237500 0.555556 0.239583 0.559259 0.240104 0.559259 0.240625 0.560185 0.241667 0.560185 0.242188 0.561111 0.244271 0.561111 0.244792 0.562037 0.251563 0.562037 0.252083 0.562963 0.277083 0.562963 0.277604 0.562037 0.298958 0.562037 0.299479 0.561111 0.312500 0.561111 0.313021 0.560185 0.321354 0.560185 0.321875 0.559259 0.327604 0.559259 0.328125 0.558333 0.330729 0.558333 0.331250 0.557407 0.332813 0.557407 0.333333 0.556481 0.334375 0.556481 0.334896 0.555556 0.335417 0.555556 0.336979 0.552778 0.336979 0.551852 0.337500 0.550926 0.337500 0.549074 0.338021 0.548148 0.338021 0.539815 0.337500 0.538889 0.337500 0.536111 0.336979 0.535185 0.336979 0.532407 0.336458 0.531481 0.336458 0.528704 0.334375 0.528704 0.333854 0.529630 0.330729 0.529630 0.330208 0.530556 0.323958 0.530556 0.323437 0.531481 0.313542 0.531481 0.313021 0.532407 0.297917 0.532407 0.297396 0.533333 0.249479 0.533333 0.248958 0.532407 0.245833 0.532407 0.245312 0.531481 0.244271 0.531481 0.243750 0.530556 0.242708 0.530556 0.240625 0.526852 0.240625 0.525926 0.240104 0.525000 0.240104 0.524074 0.239583 0.523148 0.239583 0.518519 0.239063 0.517593 0.239063 0.490741 0.238021 0.490741 0.237500 0.489815 0.236979 0.489815
1 0.386979 0.505093 0.106250 0.108333 0.333854 0.450926 0.333854 0.453704 0.334375 0.454630 0.334375 0.457407 0.334896 0.458333 0.334896 0.461111 0.335417 0.462037 0.335417 0.463889 0.335938 0.464815 0.335938 0.467593 0.336458 0.468519 0.336458 0.471296 0.336979 0.472222 0.336979 0.475000 0.337500 0.475926 0.337500 0.478704 0.338021 0.479630 0.338021 0.482407 0.338542 0.483333 0.338542 0.485185 0.339062 0.486111 0.339062 0.488889 0.339583 0.489815 0.339583 0.492593 0.340104 0.493519 0.340104 0.496296 0.340625 0.497222 0.340625 0.499074 0.341146 0.500000 0.341146 0.502778 0.341667 0.503704 0.341667 0.506481 0.342187 0.507407 0.342187 0.512037 0.342708 0.512963 0.342708 0.514815 0.342187 0.515741 0.342187 0.519444 0.341667 0.520370 0.341667 0.522222 0.339062 0.526852 0.338542 0.526852 0.338021 0.527778 0.337500 0.527778 0.337500 0.529630 0.338021 0.530556 0.338021 0.533333 0.338542 0.534259 0.338542 0.537037 0.339062 0.537963 0.339062 0.540741 0.339583 0.541667 0.339583 0.544444 0.340104 0.545370 0.340104 0.548148 0.340625 0.549074 0.340625 0.550926 0.341146 0.551852 0.341146 0.552778 0.342708 0.555556 0.343750 0.555556 0.344271 0.556481 0.345313 0.556481 0.345833 0.557407 0.348438 0.557407 0.348958 0.558333 0.359375 0.558333 0.359896 0.559259 0.372396 0.559259 0.372917 0.558333 0.398438 0.558333 0.398958 0.557407 0.413021 0.557407 0.413542 0.556481 0.422917 0.556481 0.423438 0.555556 0.429167 0.555556 0.429688 0.554630 0.432812 0.554630 0.433333 0.553704 0.434896 0.553704 0.435417 0.552778 0.436458 0.552778 0.436979 0.551852 0.437500 0.551852 0.439583 0.548148 0.439583 0.546296 0.440104 0.545370 0.440104 0.535185 0.439583 0.534259 0.439583 0.532407 0.439063 0.531481 0.439063 0.530556 0.438542 0.529630 0.438542 0.528704 0.438021 0.527778 0.438021 0.526852 0.437500 0.525926 0.437500 0.525000 0.436979 0.524074 0.436979 0.522222 0.436458 0.521296 0.434375 0.521296 0.433854 0.522222 0.429167 0.522222 0.428646 0.523148 0.420833 0.523148 0.420312 0.524074 0.407813 0.524074 0.407292 0.525000 0.385417 0.525000 0.384896 0.525926 0.358854 0.525926 0.358333 0.525000 0.351562 0.525000 0.351042 0.524074 0.348438 0.524074 0.347917 0.523148 0.346875 0.523148 0.346354 0.522222 0.345833 0.522222 0.344271 0.519444 0.344271 0.518519 0.343750 0.517593 0.343750 0.516667 0.343229 0.515741 0.343229 0.513889 0.342708 0.512963 0.342708 0.510185 0.342187 0.509259 0.342187 0.507407 0.341667 0.506481 0.341667 0.503704 0.341146 0.502778 0.341146 0.500000 0.340625 0.499074 0.340625 0.496296 0.340104 0.495370 0.340104 0.492593 0.339583 0.491667 0.339583 0.489815 0.339062 0.488889 0.339062 0.486111 0.338542 0.485185 0.338542 0.482407 0.338021 0.481481 0.338021 0.478704 0.337500 0.477778 0.337500 0.475926 0.336979 0.475000 0.336979 0.472222 0.336458 0.471296 0.336458 0.468519 0.335938 0.467593 0.335938 0.464815 0.335417 0.463889 0.335417 0.461111 0.334896 0.460185 0.334896 0.458333 0.334375 0.457407 0.334375 0.454630 0.333854 0.453704
1 0.601302 0.530093 0.107813 0.041667 0.552604 0.509259 0.552083 0.510185 0.552083 0.512037 0.551562 0.512963 0.551562 0.513889 0.549479 0.517593 0.548958 0.517593 0.548438 0.518519 0.547917 0.518519 0.547396 0.519444 0.548958 0.522222 0.548958 0.523148 0.550521 0.525926 0.550521 0.526852 0.552083 0.529630 0.552083 0.530556 0.553646 0.533333 0.553646 0.534259 0.554688 0.536111 0.554688 0.537037 0.556250 0.539815 0.556250 0.540741 0.557813 0.543519 0.557813 0.544444 0.559375 0.547222 0.559896 0.547222 0.560417 0.548148 0.561458 0.548148 0.561979 0.549074 0.563542 0.549074 0.564063 0.550000 0.569271 0.550000 0.569792 0.550926 0.599479 0.550926 0.600000 0.550000 0.619792 0.550000 0.620313 0.549074 0.632292 0.549074 0.632812 0.548148 0.640625 0.548148 0.641146 0.547222 0.645312 0.547222 0.645833 0.546296 0.648958 0.546296 0.649479 0.545370 0.650521 0.545370 0.651042 0.544444 0.651563 0.544444 0.652083 0.543519 0.652604 0.543519 0.654167 0.540741 0.654167 0.539815 0.654687 0.538889 0.654687 0.537037 0.655208 0.536111 0.655208 0.527778 0.654687 0.526852 0.654687 0.525000 0.654167 0.524074 0.654167 0.523148 0.648438 0.512963 0.647917 0.513889 0.647396 0.513889 0.646875 0.514815 0.644792 0.514815 0.644271 0.515741 0.641667 0.515741 0.641146 0.516667 0.635417 0.516667 0.634896 0.517593 0.625521 0.517593 0.625000 0.518519 0.610417 0.518519 0.609896 0.519444 0.562500 0.519444 0.561979 0.518519 0.558854 0.518519 0.558333 0.517593 0.557292 0.517593 0.556771 0.516667 0.556250 0.516667 0.553125 0.511111 0.553125 0.510185
1 0.290885 0.502315 0.102604 0.060185 0.336458 0.472222 0.336458 0.478704 0.335938 0.479630 0.335938 0.481481 0.335417 0.482407 0.335417 0.483333 0.333854 0.486111 0.333333 0.486111 0.332813 0.487037 0.332292 0.487037 0.331771 0.487963 0.330729 0.487963 0.330208 0.488889 0.327604 0.488889 0.327083 0.489815 0.323437 0.489815 0.322917 0.490741 0.316146 0.490741 0.315625 0.491667 0.304167 0.491667 0.303646 0.492593 0.285938 0.492593 0.285417 0.493519 0.246354 0.493519 0.245833 0.492593 0.241667 0.492593 0.241146 0.491667 0.239583 0.491667 0.239583 0.517593 0.240104 0.518519 0.240104 0.523148 0.240625 0.524074 0.240625 0.525000 0.241146 0.525926 0.241146 0.526852 0.242708 0.529630 0.243750 0.529630 0.244271 0.530556 0.245312 0.530556 0.245833 0.531481 0.248958 0.531481 0.249479 0.532407 0.297396 0.532407 0.297917 0.531481 0.313021 0.531481 0.313542 0.530556 0.323437 0.530556 0.323958 0.529630 0.330208 0.529630 0.330729 0.528704 0.333854 0.528704 0.334375 0.527778 0.336458 0.527778 0.336979 0.526852 0.338021 0.526852 0.338542 0.525926 0.339062 0.525926 0.341146 0.522222 0.341146 0.520370 0.341667 0.519444 0.341667 0.515741 0.342187 0.514815 0.342187 0.512963 0.341667 0.512037 0.341667 0.507407 0.341146 0.506481 0.341146 0.503704 0.340625 0.502778 0.340625 0.500000 0.340104 0.499074 0.340104 0.497222 0.339583 0.496296 0.339583 0.493519 0.339062 0.492593 0.339062 0.489815 0.338542 0.488889 0.338542 0.486111 0.338021 0.485185 0.338021 0.483333 0.337500 0.482407 0.337500 0.479630 0.336979 0.478704 0.336979 0.475926 0.336458 0.475000
1 0.388802 0.472222 0.109896 0.105556 0.333854 0.419444 0.333854 0.421296 0.334375 0.422222 0.334375 0.424074 0.334896 0.425000 0.334896 0.427778 0.335417 0.428704 0.335417 0.431481 0.335938 0.432407 0.335938 0.436111 0.336458 0.437037 0.336458 0.440741 0.335938 0.441667 0.335938 0.444444 0.335417 0.445370 0.335417 0.447222 0.333854 0.450000 0.334375 0.450926 0.334375 0.453704 0.334896 0.454630 0.334896 0.457407 0.335417 0.458333 0.335417 0.460185 0.335938 0.461111 0.335938 0.463889 0.336458 0.464815 0.336458 0.467593 0.336979 0.468519 0.336979 0.471296 0.337500 0.472222 0.337500 0.475000 0.338021 0.475926 0.338021 0.477778 0.338542 0.478704 0.338542 0.481481 0.339062 0.482407 0.339062 0.485185 0.339583 0.486111 0.339583 0.488889 0.340104 0.489815 0.340104 0.491667 0.340625 0.492593 0.340625 0.495370 0.341146 0.496296 0.341146 0.499074 0.341667 0.500000 0.341667 0.502778 0.342187 0.503704 0.342187 0.506481 0.342708 0.507407 0.342708 0.509259 0.343229 0.510185 0.343229 0.512963 0.343750 0.513889 0.343750 0.515741 0.344271 0.516667 0.344271 0.517593 0.344792 0.518519 0.344792 0.519444 0.345833 0.521296 0.346354 0.521296 0.346875 0.522222 0.347917 0.522222 0.348438 0.523148 0.351042 0.523148 0.351562 0.524074 0.358333 0.524074 0.358854 0.525000 0.384896 0.525000 0.385417 0.524074 0.407292 0.524074 0.407813 0.523148 0.420312 0.523148 0.420833 0.522222 0.428646 0.522222 0.429167 0.521296 0.433854 0.521296 0.434375 0.520370 0.437500 0.520370 0.438021 0.519444 0.439063 0.519444 0.439583 0.518519 0.440104 0.518519 0.440625 0.517593 0.441146 0.517593 0.442708 0.514815 0.442708 0.513889 0.443229 0.512963 0.443229 0.512037 0.443750 0.511111 0.443750 0.500926 0.443229 0.500000 0.443229 0.499074 0.442708 0.498148 0.442708 0.496296 0.441667 0.494444 0.441667 0.493519 0.441146 0.492593 0.441146 0.491667 0.440625 0.490741 0.440625 0.489815 0.440104 0.488889 0.440104 0.487963 0.439583 0.487037 0.439063 0.487037 0.438542 0.487963 0.435417 0.487963 0.434896 0.488889 0.429688 0.488889 0.429167 0.489815 0.419792 0.489815 0.419271 0.490741 0.404687 0.490741 0.404167 0.491667 0.354687 0.491667 0.354167 0.490741 0.351042 0.490741 0.350521 0.489815 0.349479 0.489815 0.348958 0.488889 0.347917 0.488889 0.345833 0.485185 0.345833 0.484259 0.345313 0.483333 0.345313 0.482407 0.344792 0.481481 0.344792 0.478704 0.344271 0.477778 0.344271 0.475926 0.343750 0.475000 0.343750 0.472222 0.343229 0.471296 0.343229 0.469444 0.342708 0.468519 0.342708 0.465741 0.342187 0.464815 0.342187 0.462963 0.341667 0.462037 0.341667 0.459259 0.341146 0.458333 0.341146 0.456481 0.340625 0.455556 0.340625 0.452778 0.340104 0.451852 0.340104 0.450000 0.339583 0.449074 0.339583 0.446296 0.339062 0.445370 0.339062 0.442593 0.338542 0.441667 0.338542 0.439815 0.338021 0.438889 0.338021 0.436111 0.337500 0.435185 0.337500 0.433333 0.336979 0.432407 0.336979 0.429630 0.336458 0.428704 0.336458 0.426852 0.335938 0.425926 0.335938 0.423148 0.335417 0.422222 0.335417 0.420370 0.334896 0.419444
1 0.497917 0.497222 0.108333 0.053704 0.446354 0.470370 0.446354 0.476852 0.445833 0.477778 0.445833 0.479630 0.445312 0.480556 0.445312 0.481481 0.443750 0.484259 0.443750 0.485185 0.444271 0.486111 0.444271 0.487037 0.444792 0.487963 0.444792 0.488889 0.445312 0.489815 0.445312 0.490741 0.445833 0.491667 0.445833 0.492593 0.446354 0.493519 0.446354 0.494444 0.446875 0.495370 0.446875 0.496296 0.447396 0.497222 0.447396 0.498148 0.447917 0.499074 0.447917 0.500000 0.448437 0.500926 0.448437 0.501852 0.448958 0.502778 0.448958 0.503704 0.450000 0.505556 0.450000 0.506481 0.450521 0.507407 0.450521 0.508333 0.451042 0.509259 0.451042 0.510185 0.451562 0.511111 0.451562 0.512037 0.452083 0.512963 0.452083 0.513889 0.452604 0.514815 0.452604 0.515741 0.453125 0.516667 0.453125 0.517593 0.454688 0.520370 0.455208 0.520370 0.455729 0.521296 0.456771 0.521296 0.457292 0.522222 0.458854 0.522222 0.459375 0.523148 0.463542 0.523148 0.464062 0.524074 0.498437 0.524074 0.498958 0.523148 0.517708 0.523148 0.518229 0.522222 0.530208 0.522222 0.530729 0.521296 0.537500 0.521296 0.538021 0.520370 0.542708 0.520370 0.543229 0.519444 0.545833 0.519444 0.546354 0.518519 0.547396 0.518519 0.547917 0.517593 0.548438 0.517593 0.548958 0.516667 0.549479 0.516667 0.551042 0.513889 0.551042 0.512963 0.551562 0.512037 0.551562 0.510185 0.552083 0.509259 0.552083 0.500926 0.551562 0.500000 0.551562 0.498148 0.551042 0.497222 0.551042 0.496296 0.550000 0.494444 0.550000 0.493519 0.547917 0.489815 0.547917 0.488889 0.545833 0.485185 0.545833 0.484259 0.544271 0.481481 0.544271 0.480556 0.543750 0.481481 0.542708 0.481481 0.542188 0.482407 0.539583 0.482407 0.539062 0.483333 0.535937 0.483333 0.535417 0.484259 0.528646 0.484259 0.528125 0.485185 0.516667 0.485185 0.516146 0.486111 0.498958 0.486111 0.498437 0.487037 0.459896 0.487037 0.459375 0.486111 0.455208 0.486111 0.454688 0.485185 0.453125 0.485185 0.452604 0.484259 0.451562 0.484259 0.448437 0.478704 0.448437 0.477778 0.447917 0.476852 0.447917 0.475926 0.447396 0.475000 0.447396 0.474074 0.446875 0.473148 0.446875 0.472222 0.446354 0.471296
1 0.596875 0.481944 0.110417 0.073148 0.541667 0.445370 0.541667 0.446296 0.543750 0.450000 0.543750 0.450926 0.545833 0.454630 0.545833 0.455556 0.547396 0.458333 0.547396 0.459259 0.547917 0.460185 0.547917 0.461111 0.548438 0.462037 0.548438 0.472222 0.547917 0.473148 0.547917 0.475000 0.546875 0.476852 0.546875 0.477778 0.545833 0.479630 0.545312 0.479630 0.544792 0.480556 0.544792 0.481481 0.546354 0.484259 0.546354 0.485185 0.548438 0.488889 0.548438 0.489815 0.550521 0.493519 0.550521 0.494444 0.551562 0.496296 0.551562 0.497222 0.552083 0.498148 0.552083 0.500000 0.552604 0.500926 0.552604 0.508333 0.553646 0.510185 0.553646 0.511111 0.556250 0.515741 0.556771 0.515741 0.557292 0.516667 0.558333 0.516667 0.558854 0.517593 0.561979 0.517593 0.562500 0.518519 0.609896 0.518519 0.610417 0.517593 0.625000 0.517593 0.625521 0.516667 0.634896 0.516667 0.635417 0.515741 0.641146 0.515741 0.641667 0.514815 0.644271 0.514815 0.644792 0.513889 0.646875 0.513889 0.647396 0.512963 0.647917 0.512963 0.648438 0.512037 0.649479 0.512037 0.650521 0.510185 0.650521 0.509259 0.651042 0.508333 0.651042 0.507407 0.651563 0.506481 0.651563 0.504630 0.652083 0.503704 0.652083 0.496296 0.651563 0.495370 0.651563 0.493519 0.651042 0.492593 0.651042 0.491667 0.642708 0.476852 0.640104 0.476852 0.639583 0.477778 0.632812 0.477778 0.632292 0.478704 0.620833 0.478704 0.620313 0.479630 0.601562 0.479630 0.601042 0.480556 0.566667 0.480556 0.566146 0.479630 0.561458 0.479630 0.560937 0.478704 0.558854 0.478704 0.558333 0.477778 0.557292 0.477778 0.553125 0.470370 0.553125 0.469444 0.551042 0.465741 0.551042 0.464815 0.548438 0.460185 0.548438 0.459259 0.546354 0.455556 0.546354 0.454630 0.544271 0.450926 0.544271 0.450000
1 0.285156 0.470833 0.101562 0.043519 0.234375 0.449074 0.234375 0.480556 0.234896 0.481481 0.234896 0.483333 0.235417 0.484259 0.235417 0.486111 0.236979 0.488889 0.237500 0.488889 0.238021 0.489815 0.239063 0.489815 0.239583 0.490741 0.241146 0.490741 0.241667 0.491667 0.245833 0.491667 0.246354 0.492593 0.285417 0.492593 0.285938 0.491667 0.303646 0.491667 0.304167 0.490741 0.315625 0.490741 0.316146 0.489815 0.322917 0.489815 0.323437 0.488889 0.327083 0.488889 0.327604 0.487963 0.330208 0.487963 0.330729 0.487037 0.331771 0.487037 0.332292 0.486111 0.332813 0.486111 0.333333 0.485185 0.333854 0.485185 0.334896 0.483333 0.334896 0.482407 0.335417 0.481481 0.335417 0.479630 0.335938 0.478704 0.335938 0.468519 0.335417 0.467593 0.335417 0.464815 0.334896 0.463889 0.334896 0.462037 0.334375 0.461111 0.334375 0.458333 0.333854 0.457407 0.333854 0.454630 0.333333 0.453704 0.333333 0.450926 0.332813 0.450926 0.332292 0.451852 0.331771 0.451852 0.331250 0.452778 0.330208 0.452778 0.329688 0.453704 0.327083 0.453704 0.326562 0.454630 0.322396 0.454630 0.321875 0.455556 0.314583 0.455556 0.314063 0.456481 0.301563 0.456481 0.301042 0.457407 0.279687 0.457407 0.279167 0.458333 0.249479 0.458333 0.248958 0.457407 0.242188 0.457407 0.241667 0.456481 0.239583 0.456481 0.239063 0.455556 0.238021 0.455556 0.237500 0.454630 0.236979 0.454630 0.234375 0.450000
1 0.390625 0.452778 0.110417 0.075926 0.336979 0.414815 0.336979 0.415741 0.335417 0.418519 0.335417 0.419444 0.335938 0.420370 0.335938 0.422222 0.336458 0.423148 0.336458 0.425926 0.336979 0.426852 0.336979 0.428704 0.337500 0.429630 0.337500 0.432407 0.338021 0.433333 0.338021 0.435185 0.338542 0.436111 0.338542 0.438889 0.339062 0.439815 0.339062 0.441667 0.339583 0.442593 0.339583 0.445370 0.340104 0.446296 0.340104 0.449074 0.340625 0.450000 0.340625 0.451852 0.341146 0.452778 0.341146 0.455556 0.341667 0.456481 0.341667 0.458333 0.342187 0.459259 0.342187 0.462037 0.342708 0.462963 0.342708 0.464815 0.343229 0.465741 0.343229 0.468519 0.343750 0.469444 0.343750 0.471296 0.344271 0.472222 0.344271 0.475000 0.344792 0.475926 0.344792 0.477778 0.345313 0.478704 0.345313 0.481481 0.345833 0.482407 0.345833 0.483333 0.346354 0.484259 0.346354 0.485185 0.347917 0.487963 0.348958 0.487963 0.349479 0.488889 0.350521 0.488889 0.351042 0.489815 0.354167 0.489815 0.354687 0.490741 0.404167 0.490741 0.404687 0.489815 0.419271 0.489815 0.419792 0.488889 0.429167 0.488889 0.429688 0.487963 0.434896 0.487963 0.435417 0.487037 0.438542 0.487037 0.439063 0.486111 0.440625 0.486111 0.441146 0.485185 0.442188 0.485185 0.442708 0.484259 0.443229 0.484259 0.444792 0.481481 0.444792 0.480556 0.445312 0.479630 0.445312 0.477778 0.445833 0.476852 0.445833 0.467593 0.445312 0.466667 0.445312 0.464815 0.444792 0.463889 0.444792 0.462963 0.444271 0.462037 0.444271 0.461111 0.443750 0.460185 0.443750 0.459259 0.442708 0.457407 0.442708 0.456481 0.442188 0.455556 0.442188 0.454630 0.441667 0.453704 0.441667 0.452778 0.441146 0.451852 0.441146 0.450926 0.440625 0.450000 0.440625 0.449074 0.439583 0.447222 0.438542 0.447222 0.438021 0.448148 0.437500 0.448148 0.436979 0.449074 0.434896 0.449074 0.434375 0.450000 0.431250 0.450000 0.430729 0.450926 0.424479 0.450926 0.423958 0.451852 0.413542 0.451852 0.413021 0.452778 0.396354 0.452778 0.395833 0.453704 0.353125 0.453704 0.352604 0.452778 0.348438 0.452778 0.347917 0.451852 0.346354 0.451852 0.345833 0.450926 0.345313 0.450926 0.344792 0.450000 0.344271 0.450000 0.342187 0.446296 0.342187 0.444444 0.341667 0.443519 0.341667 0.442593 0.341146 0.441667 0.341146 0.438889 0.340625 0.437963 0.340625 0.436111 0.340104 0.435185 0.340104 0.432407 0.339583 0.431481 0.339583 0.429630 0.339062 0.428704 0.339062 0.425926 0.338542 0.425000 0.338542 0.423148 0.338021 0.422222 0.338021 0.419444 0.337500 0.418519 0.337500 0.416667 0.336979 0.415741
1 0.494010 0.459259 0.107813 0.053704 0.442708 0.432407 0.442708 0.438889 0.442188 0.439815 0.442188 0.441667 0.441667 0.442593 0.441667 0.443519 0.440104 0.446296 0.440104 0.447222 0.441146 0.449074 0.441146 0.450000 0.441667 0.450926 0.441667 0.451852 0.442188 0.452778 0.442188 0.453704 0.442708 0.454630 0.442708 0.455556 0.443229 0.456481 0.443229 0.457407 0.444271 0.459259 0.444271 0.460185 0.444792 0.461111 0.444792 0.462037 0.445312 0.462963 0.445312 0.463889 0.445833 0.464815 0.445833 0.466667 0.446354 0.467593 0.446354 0.469444 0.446875 0.470370 0.446875 0.471296 0.447396 0.472222 0.447396 0.473148 0.447917 0.474074 0.447917 0.475000 0.448437 0.475926 0.448437 0.476852 0.448958 0.477778 0.448958 0.478704 0.451562 0.483333 0.452604 0.483333 0.453125 0.484259 0.454688 0.484259 0.455208 0.485185 0.459375 0.485185 0.459896 0.486111 0.498437 0.486111 0.498958 0.485185 0.516146 0.485185 0.516667 0.484259 0.528125 0.484259 0.528646 0.483333 0.535417 0.483333 0.535937 0.482407 0.539062 0.482407 0.539583 0.481481 0.542188 0.481481 0.542708 0.480556 0.543750 0.480556 0.544271 0.479630 0.544792 0.479630 0.545312 0.478704 0.545833 0.478704 0.546354 0.477778 0.546354 0.476852 0.547396 0.475000 0.547396 0.473148 0.547917 0.472222 0.547917 0.462037 0.547396 0.461111 0.547396 0.460185 0.546875 0.459259 0.546875 0.458333 0.545312 0.455556 0.545312 0.454630 0.543229 0.450926 0.543229 0.450000 0.541146 0.446296 0.541146 0.445370 0.540625 0.446296 0.539583 0.446296 0.539062 0.447222 0.535937 0.447222 0.535417 0.448148 0.531250 0.448148 0.530729 0.449074 0.522917 0.449074 0.522396 0.450000 0.509375 0.450000 0.508854 0.450926 0.484896 0.450926 0.484375 0.451852 0.463542 0.451852 0.463021 0.450926 0.454167 0.450926 0.453646 0.450000 0.451042 0.450000 0.450521 0.449074 0.449479 0.449074 0.448958 0.448148 0.448437 0.448148 0.445833 0.443519 0.445833 0.442593 0.445312 0.441667 0.445312 0.440741 0.444271 0.438889 0.444271 0.437963 0.443750 0.437037 0.443750 0.436111 0.443229 0.435185 0.443229 0.434259 0.442708 0.433333
1 0.596094 0.444907 0.113021 0.069444 0.542708 0.410185 0.542188 0.411111 0.541146 0.411111 0.540625 0.412037 0.539583 0.412037 0.540104 0.412963 0.540104 0.413889 0.543229 0.419444 0.543229 0.420370 0.544792 0.423148 0.544792 0.424074 0.545312 0.425000 0.545312 0.426852 0.545833 0.427778 0.545833 0.436111 0.545312 0.437037 0.545312 0.438889 0.544792 0.439815 0.544792 0.440741 0.542708 0.444444 0.542188 0.444444 0.542188 0.445370 0.544792 0.450000 0.544792 0.450926 0.546875 0.454630 0.546875 0.455556 0.548958 0.459259 0.548958 0.460185 0.551562 0.464815 0.551562 0.465741 0.553646 0.469444 0.553646 0.470370 0.557292 0.476852 0.558333 0.476852 0.558854 0.477778 0.560937 0.477778 0.561458 0.478704 0.566146 0.478704 0.566667 0.479630 0.601042 0.479630 0.601562 0.478704 0.620313 0.478704 0.620833 0.477778 0.632292 0.477778 0.632812 0.476852 0.639583 0.476852 0.640104 0.475926 0.643750 0.475926 0.644271 0.475000 0.646354 0.475000 0.646875 0.474074 0.647917 0.474074 0.648438 0.473148 0.649479 0.473148 0.651042 0.470370 0.651042 0.469444 0.651563 0.468519 0.651563 0.467593 0.652083 0.466667 0.652083 0.462037 0.652604 0.461111 0.652083 0.460185 0.652083 0.455556 0.651563 0.454630 0.651563 0.452778 0.647917 0.446296 0.646354 0.446296 0.645833 0.447222 0.639062 0.447222 0.638542 0.448148 0.628125 0.448148 0.627604 0.449074 0.610417 0.449074 0.609896 0.450000 0.569792 0.450000 0.569271 0.449074 0.565104 0.449074 0.564583 0.448148 0.563021 0.448148 0.562500 0.447222 0.561458 0.447222 0.560937 0.446296 0.560417 0.446296 0.558854 0.443519 0.558854 0.442593 0.555729 0.437037 0.555729 0.436111 0.552604 0.430556 0.552604 0.429630 0.548958 0.423148 0.548958 0.422222 0.545833 0.416667 0.545833 0.415741
1 0.284896 0.370833 0.102083 0.173148 0.233854 0.284259 0.233854 0.443519 0.234375 0.444444 0.234375 0.448148 0.234896 0.449074 0.234896 0.450000 0.236979 0.453704 0.237500 0.453704 0.238021 0.454630 0.239063 0.454630 0.239583 0.455556 0.241667 0.455556 0.242188 0.456481 0.248958 0.456481 0.249479 0.457407 0.279167 0.457407 0.279687 0.456481 0.301042 0.456481 0.301563 0.455556 0.314063 0.455556 0.314583 0.454630 0.321875 0.454630 0.322396 0.453704 0.326562 0.453704 0.327083 0.452778 0.329688 0.452778 0.330208 0.451852 0.331250 0.451852 0.331771 0.450926 0.332292 0.450926 0.332813 0.450000 0.333333 0.450000 0.334896 0.447222 0.334896 0.445370 0.335417 0.444444 0.335417 0.441667 0.335938 0.440741 0.335938 0.437037 0.335417 0.436111 0.335417 0.432407 0.334896 0.431481 0.334896 0.428704 0.334375 0.427778 0.334375 0.425000 0.333854 0.424074 0.333854 0.422222 0.333333 0.421296 0.333333 0.420370 0.332813 0.420370 0.332292 0.421296 0.330208 0.421296 0.329688 0.422222 0.326562 0.422222 0.326042 0.423148 0.319792 0.423148 0.319271 0.424074 0.309375 0.424074 0.308854 0.425000 0.292187 0.425000 0.291667 0.425926 0.246875 0.425926 0.246354 0.425000 0.242188 0.425000 0.241667 0.424074 0.240104 0.424074 0.239583 0.423148 0.238542 0.423148 0.235417 0.417593 0.235417 0.415741 0.234896 0.414815 0.234896 0.411111 0.234375 0.410185 0.234375 0.297222 0.233854 0.296296
1 0.490625 0.415278 0.109375 0.071296 0.438021 0.379630 0.437500 0.380556 0.436979 0.380556 0.436458 0.381481 0.435937 0.381481 0.436979 0.383333 0.436979 0.384259 0.437500 0.385185 0.437500 0.386111 0.438542 0.387963 0.438542 0.388889 0.439063 0.389815 0.439063 0.390741 0.440104 0.392593 0.440104 0.393519 0.440625 0.394444 0.440625 0.396296 0.441146 0.397222 0.441146 0.400926 0.441667 0.401852 0.441667 0.403704 0.441146 0.404630 0.441146 0.408333 0.440625 0.409259 0.440625 0.411111 0.438542 0.414815 0.438542 0.415741 0.439063 0.416667 0.439063 0.417593 0.439583 0.418519 0.439583 0.419444 0.440625 0.421296 0.440625 0.422222 0.441146 0.423148 0.441146 0.424074 0.441667 0.425000 0.441667 0.425926 0.442188 0.426852 0.442188 0.428704 0.442708 0.429630 0.442708 0.431481 0.443229 0.432407 0.443229 0.433333 0.443750 0.434259 0.443750 0.435185 0.444271 0.436111 0.444271 0.437037 0.444792 0.437963 0.444792 0.438889 0.445833 0.440741 0.445833 0.441667 0.446354 0.442593 0.446354 0.443519 0.448437 0.447222 0.448958 0.447222 0.449479 0.448148 0.450521 0.448148 0.451042 0.449074 0.453646 0.449074 0.454167 0.450000 0.463021 0.450000 0.463542 0.450926 0.484375 0.450926 0.484896 0.450000 0.508854 0.450000 0.509375 0.449074 0.522396 0.449074 0.522917 0.448148 0.530729 0.448148 0.531250 0.447222 0.535417 0.447222 0.535937 0.446296 0.539062 0.446296 0.539583 0.445370 0.540625 0.445370 0.541146 0.444444 0.541667 0.444444 0.542188 0.443519 0.542708 0.443519 0.544271 0.440741 0.544271 0.439815 0.544792 0.438889 0.544792 0.437037 0.545312 0.436111 0.545312 0.427778 0.544792 0.426852 0.544792 0.425000 0.544271 0.424074 0.544271 0.423148 0.542708 0.420370 0.542708 0.419444 0.539583 0.413889 0.539583 0.412963 0.539062 0.412037 0.537500 0.412037 0.536979 0.412963 0.531771 0.412963 0.531250 0.413889 0.521875 0.413889 0.521354 0.414815 0.506250 0.414815 0.505729 0.415741 0.458333 0.415741 0.457813 0.414815 0.453646 0.414815 0.453125 0.413889 0.452083 0.413889 0.451562 0.412963 0.450521 0.412963 0.447917 0.408333 0.447917 0.407407 0.447396 0.406481 0.447396 0.405556 0.446354 0.403704 0.446354 0.402778 0.445833 0.401852 0.445833 0.400926 0.444792 0.399074 0.444792 0.398148 0.444271 0.397222 0.444271 0.396296 0.443229 0.394444 0.443229 0.393519 0.442708 0.392593 0.442708 0.391667 0.441667 0.389815 0.441667 0.388889 0.441146 0.387963 0.441146 0.387037 0.440104 0.385185 0.440104 0.384259 0.439583 0.383333 0.439583 0.382407 0.438542 0.380556 0.438542 0.379630
1 0.600260 0.419907 0.114062 0.058333 0.547396 0.390741 0.547917 0.391667 0.547917 0.400926 0.547396 0.401852 0.547396 0.403704 0.546875 0.404630 0.546875 0.405556 0.544792 0.409259 0.544271 0.409259 0.543750 0.410185 0.543229 0.410185 0.546354 0.415741 0.546354 0.416667 0.549479 0.422222 0.549479 0.423148 0.553125 0.429630 0.553125 0.430556 0.556250 0.436111 0.556250 0.437037 0.559375 0.442593 0.559375 0.443519 0.560417 0.445370 0.560937 0.445370 0.561458 0.446296 0.562500 0.446296 0.563021 0.447222 0.564583 0.447222 0.565104 0.448148 0.569271 0.448148 0.569792 0.449074 0.609896 0.449074 0.610417 0.448148 0.627604 0.448148 0.628125 0.447222 0.638542 0.447222 0.639062 0.446296 0.645833 0.446296 0.646354 0.445370 0.648958 0.445370 0.649479 0.444444 0.651563 0.444444 0.652083 0.443519 0.653125 0.443519 0.653646 0.442593 0.654167 0.442593 0.656250 0.438889 0.656250 0.437037 0.656771 0.436111 0.656771 0.433333 0.657292 0.432407 0.657292 0.428704 0.656771 0.427778 0.656771 0.424074 0.656250 0.423148 0.656250 0.422222 0.651563 0.413889 0.651042 0.413889 0.647917 0.408333 0.647396 0.408333 0.646875 0.407407 0.646354 0.408333 0.643750 0.408333 0.643229 0.409259 0.638542 0.409259 0.638021 0.410185 0.629687 0.410185 0.629167 0.411111 0.615104 0.411111 0.614583 0.412037 0.564063 0.412037 0.563542 0.411111 0.559896 0.411111 0.559375 0.410185 0.558333 0.410185 0.557813 0.409259 0.556771 0.409259 0.554167 0.404630 0.554167 0.403704 0.549479 0.395370 0.549479 0.394444
1 0.285938 0.353704 0.103125 0.142593 0.234896 0.306481 0.234896 0.410185 0.235417 0.411111 0.235417 0.414815 0.235937 0.415741 0.235937 0.417593 0.238542 0.422222 0.239583 0.422222 0.240104 0.423148 0.241667 0.423148 0.242188 0.424074 0.246354 0.424074 0.246875 0.425000 0.291667 0.425000 0.292187 0.424074 0.308854 0.424074 0.309375 0.423148 0.319271 0.423148 0.319792 0.422222 0.326042 0.422222 0.326562 0.421296 0.329688 0.421296 0.330208 0.420370 0.332292 0.420370 0.332813 0.419444 0.333333 0.419444 0.333854 0.418519 0.334896 0.418519 0.336458 0.415741 0.336458 0.414815 0.336979 0.413889 0.336979 0.412037 0.337500 0.411111 0.337500 0.401852 0.336979 0.400926 0.336979 0.398148 0.336458 0.397222 0.336458 0.395370 0.335938 0.394444 0.335938 0.392593 0.335417 0.391667 0.335417 0.388889 0.334896 0.387963 0.334896 0.386111 0.334375 0.385185 0.333854 0.385185 0.333333 0.386111 0.330729 0.386111 0.330208 0.387037 0.327083 0.387037 0.326562 0.387963 0.319792 0.387963 0.319271 0.388889 0.307292 0.388889 0.306771 0.389815 0.286979 0.389815 0.286458 0.390741 0.252083 0.390741 0.251563 0.389815 0.244792 0.389815 0.244271 0.388889 0.242188 0.388889 0.241667 0.387963 0.240625 0.387963 0.240104 0.387037 0.239063 0.387037 0.236979 0.383333 0.236979 0.382407 0.236458 0.381481 0.236458 0.379630 0.235937 0.378704 0.235937 0.361111 0.235417 0.360185 0.235417 0.340741 0.234896 0.339815
1 0.388281 0.384722 0.105729 0.073148 0.336458 0.350000 0.336458 0.351852 0.336979 0.352778 0.336979 0.354630 0.337500 0.355556 0.337500 0.357407 0.338021 0.358333 0.338021 0.360185 0.338542 0.361111 0.338542 0.362963 0.339062 0.363889 0.339062 0.366667 0.339583 0.367593 0.339583 0.375000 0.339062 0.375926 0.339062 0.377778 0.338542 0.378704 0.338542 0.379630 0.335938 0.384259 0.335417 0.384259 0.335417 0.385185 0.335938 0.386111 0.335938 0.388889 0.336458 0.389815 0.336458 0.391667 0.336979 0.392593 0.336979 0.394444 0.337500 0.395370 0.337500 0.398148 0.338021 0.399074 0.338021 0.400926 0.338542 0.401852 0.338542 0.404630 0.339062 0.405556 0.339062 0.407407 0.339583 0.408333 0.339583 0.410185 0.340104 0.411111 0.340104 0.412963 0.340625 0.413889 0.340625 0.414815 0.342708 0.418519 0.343750 0.418519 0.344271 0.419444 0.345833 0.419444 0.346354 0.420370 0.350521 0.420370 0.351042 0.421296 0.396354 0.421296 0.396875 0.420370 0.413021 0.420370 0.413542 0.419444 0.423438 0.419444 0.423958 0.418519 0.430208 0.418519 0.430729 0.417593 0.433333 0.417593 0.433854 0.416667 0.435417 0.416667 0.435937 0.415741 0.436979 0.415741 0.437500 0.414815 0.438021 0.414815 0.440104 0.411111 0.440104 0.409259 0.440625 0.408333 0.440625 0.404630 0.441146 0.403704 0.441146 0.401852 0.440625 0.400926 0.440625 0.397222 0.440104 0.396296 0.440104 0.394444 0.439583 0.393519 0.439583 0.392593 0.438542 0.390741 0.438542 0.389815 0.438021 0.388889 0.438021 0.387963 0.436979 0.386111 0.436979 0.385185 0.436458 0.384259 0.436458 0.383333 0.435417 0.381481 0.433854 0.381481 0.433333 0.382407 0.429688 0.382407 0.429167 0.383333 0.421875 0.383333 0.421354 0.384259 0.408333 0.384259 0.407813 0.385185 0.383333 0.385185 0.382812 0.386111 0.359896 0.386111 0.359375 0.385185 0.350521 0.385185 0.350000 0.384259 0.346875 0.384259 0.346354 0.383333 0.345313 0.383333 0.344792 0.382407 0.343750 0.382407 0.341667 0.378704 0.341667 0.377778 0.341146 0.376852 0.341146 0.375926 0.340625 0.375000 0.340625 0.373148 0.340104 0.372222 0.340104 0.370370 0.339583 0.369444 0.339583 0.366667 0.339062 0.365741 0.339062 0.363889 0.338542 0.362963 0.338542 0.361111 0.338021 0.360185 0.338021 0.358333 0.337500 0.357407 0.337500 0.355556 0.336979 0.354630 0.336979 0.352778 0.336458 0.351852
1 0.492448 0.379630 0.109896 0.070370 0.437500 0.344444 0.437500 0.346296 0.438542 0.348148 0.438542 0.349074 0.439583 0.350926 0.439583 0.351852 0.440104 0.352778 0.440104 0.353704 0.441146 0.355556 0.441146 0.356481 0.441667 0.357407 0.441667 0.358333 0.442188 0.359259 0.442188 0.361111 0.442708 0.362037 0.442708 0.371296 0.442188 0.372222 0.442188 0.373148 0.441667 0.374074 0.441667 0.375000 0.439063 0.379630 0.439063 0.380556 0.440104 0.382407 0.440104 0.383333 0.440625 0.384259 0.440625 0.385185 0.441667 0.387037 0.441667 0.387963 0.442188 0.388889 0.442188 0.389815 0.443229 0.391667 0.443229 0.392593 0.443750 0.393519 0.443750 0.394444 0.444792 0.396296 0.444792 0.397222 0.445312 0.398148 0.445312 0.399074 0.446354 0.400926 0.446354 0.401852 0.446875 0.402778 0.446875 0.403704 0.447917 0.405556 0.447917 0.406481 0.448437 0.407407 0.448437 0.408333 0.450521 0.412037 0.451562 0.412037 0.452083 0.412963 0.453125 0.412963 0.453646 0.413889 0.457813 0.413889 0.458333 0.414815 0.505729 0.414815 0.506250 0.413889 0.521354 0.413889 0.521875 0.412963 0.531250 0.412963 0.531771 0.412037 0.536979 0.412037 0.537500 0.411111 0.540625 0.411111 0.541146 0.410185 0.542188 0.410185 0.542708 0.409259 0.543750 0.409259 0.544271 0.408333 0.544792 0.408333 0.546354 0.405556 0.546354 0.404630 0.546875 0.403704 0.546875 0.401852 0.547396 0.400926 0.547396 0.391667 0.546875 0.390741 0.546875 0.389815 0.546354 0.388889 0.546354 0.387963 0.545312 0.386111 0.545312 0.385185 0.540625 0.376852 0.538542 0.376852 0.538021 0.377778 0.533333 0.377778 0.532813 0.378704 0.523958 0.378704 0.523438 0.379630 0.508333 0.379630 0.507812 0.380556 0.458854 0.380556 0.458333 0.379630 0.454167 0.379630 0.453646 0.378704 0.452604 0.378704 0.452083 0.377778 0.451042 0.377778 0.448437 0.373148 0.448437 0.372222 0.447396 0.370370 0.447396 0.369444 0.446354 0.367593 0.446354 0.366667 0.445833 0.365741 0.445833 0.364815 0.444792 0.362963 0.444792 0.362037 0.443750 0.360185 0.443750 0.359259 0.442708 0.357407 0.442708 0.356481 0.442188 0.355556 0.442188 0.354630 0.441146 0.352778 0.441146 0.351852 0.440104 0.350000 0.440104 0.349074 0.439063 0.347222 0.439063 0.346296 0.438542 0.345370 0.438542 0.344444
1 0.596875 0.387500 0.111458 0.047222 0.548438 0.363889 0.548438 0.366667 0.547917 0.367593 0.547917 0.368519 0.547396 0.369444 0.547396 0.370370 0.545312 0.374074 0.544792 0.374074 0.544271 0.375000 0.543750 0.375000 0.543229 0.375926 0.542188 0.375926 0.541667 0.376852 0.541146 0.376852 0.545833 0.385185 0.545833 0.386111 0.546875 0.387963 0.546875 0.388889 0.550000 0.394444 0.550000 0.395370 0.554688 0.403704 0.554688 0.404630 0.556771 0.408333 0.557813 0.408333 0.558333 0.409259 0.559375 0.409259 0.559896 0.410185 0.563542 0.410185 0.564063 0.411111 0.614583 0.411111 0.615104 0.410185 0.629167 0.410185 0.629687 0.409259 0.638021 0.409259 0.638542 0.408333 0.643229 0.408333 0.643750 0.407407 0.646354 0.407407 0.646875 0.406481 0.647917 0.406481 0.648438 0.405556 0.649479 0.405556 0.652083 0.400926 0.652083 0.399074 0.652604 0.398148 0.652604 0.387963 0.652083 0.387037 0.652083 0.385185 0.650521 0.382407 0.650521 0.381481 0.650000 0.381481 0.647396 0.376852 0.643229 0.376852 0.642708 0.377778 0.638542 0.377778 0.638021 0.378704 0.629687 0.378704 0.629167 0.379630 0.614583 0.379630 0.614062 0.380556 0.563542 0.380556 0.563021 0.379630 0.558854 0.379630 0.558333 0.378704 0.557813 0.378704 0.557292 0.377778 0.556250 0.377778
1 0.287500 0.367593 0.103125 0.044444 0.235937 0.345370 0.235937 0.360185 0.236458 0.361111 0.236458 0.378704 0.236979 0.379630 0.236979 0.381481 0.237500 0.382407 0.237500 0.383333 0.239063 0.386111 0.240104 0.386111 0.240625 0.387037 0.241667 0.387037 0.242188 0.387963 0.244271 0.387963 0.244792 0.388889 0.251563 0.388889 0.252083 0.389815 0.286458 0.389815 0.286979 0.388889 0.306771 0.388889 0.307292 0.387963 0.319271 0.387963 0.319792 0.387037 0.326562 0.387037 0.327083 0.386111 0.330208 0.386111 0.330729 0.385185 0.333333 0.385185 0.333854 0.384259 0.334896 0.384259 0.335417 0.383333 0.335938 0.383333 0.338021 0.379630 0.338021 0.378704 0.338542 0.377778 0.338542 0.375926 0.339062 0.375000 0.339062 0.367593 0.338542 0.366667 0.338542 0.363889 0.338021 0.362963 0.338021 0.361111 0.337500 0.360185 0.337500 0.358333 0.336979 0.357407 0.336979 0.355556 0.336458 0.354630 0.336458 0.352778 0.335938 0.351852 0.335938 0.349074 0.335417 0.348148 0.334896 0.349074 0.333854 0.349074 0.333333 0.350000 0.332292 0.350000 0.331771 0.350926 0.329167 0.350926 0.328646 0.351852 0.323437 0.351852 0.322917 0.352778 0.314583 0.352778 0.314063 0.353704 0.298438 0.353704 0.297917 0.354630 0.246875 0.354630 0.246354 0.353704 0.242188 0.353704 0.241667 0.352778 0.240625 0.352778 0.240104 0.351852 0.239063 0.351852 0.238542 0.350926 0.238021 0.350926 0.236458 0.348148 0.236458 0.347222 0.235937 0.346296
1 0.388542 0.347685 0.107292 0.075000 0.335417 0.310185 0.334896 0.311111 0.335417 0.312037 0.335417 0.313889 0.335938 0.314815 0.335938 0.316667 0.336458 0.317593 0.336458 0.319444 0.336979 0.320370 0.336979 0.322222 0.337500 0.323148 0.337500 0.325000 0.338021 0.325926 0.338021 0.327778 0.338542 0.328704 0.338542 0.331481 0.339062 0.332407 0.339062 0.338889 0.338542 0.339815 0.338542 0.341667 0.338021 0.342593 0.338021 0.344444 0.336458 0.347222 0.336458 0.349074 0.336979 0.350000 0.336979 0.351852 0.337500 0.352778 0.337500 0.354630 0.338021 0.355556 0.338021 0.357407 0.338542 0.358333 0.338542 0.360185 0.339062 0.361111 0.339062 0.362963 0.339583 0.363889 0.339583 0.365741 0.340104 0.366667 0.340104 0.369444 0.340625 0.370370 0.340625 0.372222 0.341146 0.373148 0.341146 0.375000 0.341667 0.375926 0.341667 0.376852 0.342187 0.377778 0.342187 0.378704 0.343750 0.381481 0.344792 0.381481 0.345313 0.382407 0.346354 0.382407 0.346875 0.383333 0.350000 0.383333 0.350521 0.384259 0.359375 0.384259 0.359896 0.385185 0.382812 0.385185 0.383333 0.384259 0.407813 0.384259 0.408333 0.383333 0.421354 0.383333 0.421875 0.382407 0.429167 0.382407 0.429688 0.381481 0.433333 0.381481 0.433854 0.380556 0.436458 0.380556 0.436979 0.379630 0.437500 0.379630 0.438021 0.378704 0.439063 0.378704 0.441146 0.375000 0.441146 0.374074 0.441667 0.373148 0.441667 0.372222 0.442188 0.371296 0.442188 0.362037 0.441667 0.361111 0.441667 0.359259 0.441146 0.358333 0.441146 0.357407 0.440625 0.356481 0.440625 0.355556 0.439583 0.353704 0.439583 0.352778 0.439063 0.351852 0.439063 0.350926 0.438021 0.349074 0.438021 0.348148 0.436979 0.346296 0.436979 0.345370 0.433854 0.345370 0.433333 0.346296 0.429688 0.346296 0.429167 0.347222 0.421354 0.347222 0.420833 0.348148 0.406771 0.348148 0.406250 0.349074 0.352083 0.349074 0.351562 0.348148 0.347396 0.348148 0.346875 0.347222 0.345833 0.347222 0.345313 0.346296 0.344271 0.346296 0.342187 0.342593 0.342187 0.341667 0.341667 0.340741 0.341667 0.339815 0.341146 0.338889 0.341146 0.337037 0.340625 0.336111 0.340625 0.334259 0.340104 0.333333 0.340104 0.331481 0.339583 0.330556 0.339583 0.328704 0.339062 0.327778 0.339062 0.325926 0.338542 0.325000 0.338542 0.323148 0.338021 0.322222 0.338021 0.320370 0.337500 0.319444 0.337500 0.317593 0.336979 0.316667 0.336979 0.314815 0.336458 0.313889 0.336458 0.312963 0.335938 0.312037 0.335938 0.310185
1 0.476042 0.300463 0.143750 0.158333 0.441667 0.320370 0.442188 0.321296 0.442188 0.322222 0.442708 0.323148 0.442708 0.325000 0.443229 0.325926 0.443229 0.334259 0.442708 0.335185 0.442708 0.337037 0.442188 0.337963 0.442188 0.338889 0.439583 0.343519 0.438542 0.343519 0.439063 0.344444 0.439063 0.345370 0.439583 0.346296 0.439583 0.347222 0.440625 0.349074 0.440625 0.350000 0.441667 0.351852 0.441667 0.352778 0.442708 0.354630 0.442708 0.355556 0.443229 0.356481 0.443229 0.357407 0.444271 0.359259 0.444271 0.360185 0.445312 0.362037 0.445312 0.362963 0.446354 0.364815 0.446354 0.365741 0.446875 0.366667 0.446875 0.367593 0.447917 0.369444 0.447917 0.370370 0.448958 0.372222 0.448958 0.373148 0.451042 0.376852 0.452083 0.376852 0.452604 0.377778 0.453646 0.377778 0.454167 0.378704 0.458333 0.378704 0.458854 0.379630 0.507812 0.379630 0.508333 0.378704 0.523438 0.378704 0.523958 0.377778 0.532813 0.377778 0.533333 0.376852 0.538021 0.376852 0.538542 0.375926 0.541667 0.375926 0.542188 0.375000 0.543229 0.375000 0.543750 0.374074 0.544271 0.374074 0.544792 0.373148 0.545312 0.373148 0.546875 0.370370 0.546875 0.369444 0.547396 0.368519 0.547396 0.367593 0.547917 0.366667 0.547917 0.356481 0.547396 0.355556 0.547396 0.353704 0.545833 0.350926 0.545833 0.350000 0.543229 0.345370 0.541667 0.345370 0.541146 0.346296 0.538021 0.346296 0.537500 0.347222 0.530208 0.347222 0.529687 0.348148 0.517188 0.348148 0.516667 0.349074 0.491146 0.349074 0.490625 0.350000 0.468750 0.350000 0.468229 0.349074 0.458854 0.349074 0.458333 0.348148 0.455208 0.348148 0.454688 0.347222 0.453646 0.347222 0.453125 0.346296 0.452083 0.346296 0.449479 0.341667 0.449479 0.340741 0.448437 0.338889 0.448437 0.337963 0.447396 0.336111 0.447396 0.335185 0.446354 0.333333 0.446354 0.332407 0.445312 0.330556 0.445312 0.329630 0.444271 0.327778 0.444271 0.326852 0.443229 0.325000 0.443229 0.324074 0.442188 0.322222 0.442188 0.321296
1 0.598177 0.356019 0.108854 0.047222 0.550521 0.332407 0.550521 0.335185 0.550000 0.336111 0.550000 0.337963 0.548438 0.340741 0.548438 0.341667 0.547917 0.342593 0.547396 0.342593 0.546875 0.343519 0.546354 0.343519 0.545833 0.344444 0.544792 0.344444 0.544271 0.345370 0.543750 0.345370 0.546354 0.350000 0.546354 0.350926 0.547917 0.353704 0.547917 0.355556 0.548438 0.356481 0.548438 0.362963 0.556250 0.376852 0.557292 0.376852 0.557813 0.377778 0.558333 0.377778 0.558854 0.378704 0.563021 0.378704 0.563542 0.379630 0.614062 0.379630 0.614583 0.378704 0.629167 0.378704 0.629687 0.377778 0.638021 0.377778 0.638542 0.376852 0.642708 0.376852 0.643229 0.375926 0.646354 0.375926 0.646875 0.375000 0.647917 0.375000 0.648438 0.374074 0.648958 0.374074 0.649479 0.373148 0.650000 0.373148 0.651563 0.370370 0.651563 0.368519 0.652083 0.367593 0.652083 0.365741 0.652604 0.364815 0.652604 0.357407 0.652083 0.356481 0.652083 0.354630 0.651563 0.353704 0.651563 0.352778 0.648438 0.347222 0.647917 0.347222 0.646354 0.344444 0.645833 0.344444 0.643750 0.340741 0.643229 0.340741 0.641667 0.337963 0.640104 0.337963 0.639583 0.338889 0.633854 0.338889 0.633333 0.339815 0.623437 0.339815 0.622917 0.340741 0.605208 0.340741 0.604688 0.341667 0.564583 0.341667 0.564063 0.340741 0.558854 0.340741 0.558333 0.339815 0.556250 0.339815 0.555729 0.338889 0.554688 0.338889 0.554167 0.337963 0.553646 0.337963