1 0.311979 0.663889 0.100000 0.066667 0.355208 0.630556 0.353125 0.634259 0.353125 0.635185 0.351042 0.638889 0.351042 0.639815 0.348958 0.643519 0.348958 0.644444 0.346875 0.648148 0.346875 0.649074 0.344792 0.652778 0.344792 0.653704 0.341667 0.659259 0.341146 0.659259 0.340625 0.660185 0.338021 0.660185 0.337500 0.661111 0.319271 0.661111 0.318750 0.660185 0.308854 0.660185 0.308333 0.659259 0.300521 0.659259 0.300000 0.658333 0.293229 0.658333 0.292708 0.657407 0.286458 0.657407 0.285938 0.656481 0.279687 0.656481 0.279167 0.655556 0.273958 0.655556 0.273438 0.654630 0.268229 0.654630 0.267188 0.656481 0.267188 0.657407 0.263021 0.664815 0.263021 0.665741 0.262500 0.666667 0.262500 0.667593 0.261979 0.668519 0.261979 0.679630 0.262500 0.680556 0.262500 0.681481 0.265104 0.686111 0.265625 0.686111 0.266146 0.687037 0.266667 0.687037 0.267188 0.687963 0.268229 0.687963 0.268750 0.688889 0.271354 0.688889 0.271875 0.689815 0.275000 0.689815 0.275521 0.690741 0.279687 0.690741 0.280208 0.691667 0.285417 0.691667 0.285938 0.692593 0.291667 0.692593 0.292187 0.693519 0.298958 0.693519 0.299479 0.694444 0.306771 0.694444 0.307292 0.695370 0.315104 0.695370 0.315625 0.696296 0.324479 0.696296 0.325000 0.697222 0.347917 0.697222 0.348438 0.696296 0.349479 0.696296 0.350000 0.695370 0.350521 0.695370 0.353125 0.690741 0.353125 0.689815 0.354687 0.687037 0.354687 0.686111 0.356250 0.683333 0.356250 0.682407 0.357812 0.679630 0.357812 0.678704 0.359896 0.675000 0.359896 0.674074 0.361458 0.671296 0.361458 0.670370 0.361979 0.669444 0.361979 0.668519 0.361458 0.667593 0.360417 0.667593 0.359896 0.666667 0.357812 0.666667 0.357292 0.665741 0.356250 0.665741 0.355729 0.664815 0.355208 0.664815 0.353125 0.661111 0.353125 0.660185 0.352604 0.659259 0.352604 0.655556 0.352083 0.654630 0.352083 0.650926 0.352604 0.650000 0.352604 0.646296 0.354167 0.643519 0.354167 0.642593 0.356250 0.638889 0.356250 0.637963 0.358333 0.634259 0.358333 0.633333 0.358854 0.632407 0.358854 0.631481 0.358333 0.630556
1 0.595833 0.636574 0.100000 0.045370 0.551562 0.613889 0.551562 0.614815 0.550521 0.616667 0.550521 0.617593 0.550000 0.618519 0.550000 0.619444 0.549479 0.620370 0.549479 0.621296 0.548958 0.622222 0.548958 0.623148 0.548438 0.624074 0.548438 0.625000 0.547396 0.626852 0.547396 0.627778 0.546875 0.628704 0.546875 0.630556 0.546354 0.631481 0.546354 0.635185 0.545833 0.636111 0.546354 0.637037 0.546354 0.641667 0.546875 0.642593 0.546875 0.644444 0.548438 0.647222 0.548958 0.647222 0.549479 0.648148 0.550000 0.648148 0.550521 0.649074 0.551562 0.649074 0.552083 0.650000 0.554167 0.650000 0.554688 0.650926 0.557292 0.650926 0.557813 0.651852 0.561979 0.651852 0.562500 0.652778 0.567187 0.652778 0.567708 0.653704 0.573438 0.653704 0.573958 0.654630 0.580208 0.654630 0.580729 0.655556 0.588021 0.655556 0.588542 0.656481 0.595833 0.656481 0.596354 0.657407 0.604688 0.657407 0.605208 0.658333 0.615625 0.658333 0.616146 0.659259 0.635417 0.659259 0.635938 0.658333 0.636979 0.658333 0.637500 0.657407 0.638542 0.657407 0.640104 0.654630 0.640104 0.653704 0.640625 0.652778 0.640625 0.651852 0.641146 0.650926 0.641146 0.649074 0.641667 0.648148 0.641667 0.647222 0.642188 0.646296 0.642188 0.644444 0.642708 0.643519 0.642708 0.642593 0.643229 0.641667 0.643229 0.639815 0.643750 0.638889 0.643750 0.637963 0.644271 0.637037 0.644271 0.635185 0.644792 0.634259 0.644792 0.633333 0.645312 0.632407 0.645312 0.631481 0.645833 0.630556 0.645312 0.630556 0.644271 0.632407 0.643229 0.632407 0.642708 0.633333 0.639062 0.633333 0.638542 0.634259 0.626042 0.634259 0.625521 0.633333 0.614062 0.633333 0.613542 0.632407 0.604688 0.632407 0.604167 0.631481 0.596354 0.631481 0.595833 0.630556 0.588542 0.630556 0.588021 0.629630 0.581250 0.629630 0.580729 0.628704 0.575000 0.628704 0.574479 0.627778 0.569271 0.627778 0.568750 0.626852 0.564583 0.626852 0.564063 0.625926 0.560937 0.625926 0.560417 0.625000 0.558333 0.625000 0.557813 0.624074 0.556771 0.624074 0.556250 0.623148 0.555208 0.623148 0.554688 0.622222 0.554167 0.622222 0.552083 0.618519 0.552083 0.617593 0.551562 0.616667
1 0.503125 0.533333 0.101042 0.040741 0.550000 0.512963 0.550000 0.513889 0.549479 0.514815 0.549479 0.515741 0.548958 0.516667 0.548958 0.517593 0.547917 0.519444 0.547917 0.520370 0.545833 0.524074 0.545312 0.524074 0.544792 0.525000 0.543229 0.525000 0.542708 0.525926 0.538021 0.525926 0.537500 0.526852 0.533854 0.526852 0.533333 0.525926 0.515625 0.525926 0.515104 0.525000 0.505729 0.525000 0.505208 0.524074 0.496354 0.524074 0.495833 0.523148 0.488021 0.523148 0.487500 0.522222 0.480729 0.522222 0.480208 0.521296 0.473958 0.521296 0.473438 0.520370 0.468750 0.520370 0.468229 0.519444 0.464062 0.519444 0.463542 0.518519 0.461458 0.518519 0.460938 0.517593 0.458854 0.517593 0.458333 0.516667 0.457292 0.516667 0.456771 0.515741 0.455208 0.518519 0.455208 0.519444 0.453646 0.522222 0.453646 0.523148 0.453125 0.524074 0.453125 0.525926 0.452604 0.526852 0.452604 0.534259 0.453125 0.535185 0.453125 0.537037 0.453646 0.537963 0.453646 0.538889 0.455729 0.542593 0.456250 0.542593 0.456771 0.543519 0.457813 0.543519 0.458333 0.544444 0.460417 0.544444 0.460938 0.545370 0.463021 0.545370 0.463542 0.546296 0.468229 0.546296 0.468750 0.547222 0.473438 0.547222 0.473958 0.548148 0.480208 0.548148 0.480729 0.549074 0.487500 0.549074 0.488021 0.550000 0.495833 0.550000 0.496354 0.550926 0.504687 0.550926 0.505208 0.551852 0.515104 0.551852 0.515625 0.552778 0.532813 0.552778 0.533333 0.553704 0.535937 0.553704 0.536458 0.552778 0.541667 0.552778 0.542188 0.551852 0.543229 0.551852 0.543750 0.550926 0.544271 0.550926 0.544792 0.550000 0.545312 0.550000 0.545833 0.549074 0.545833 0.548148 0.546354 0.547222 0.546354 0.546296 0.547396 0.544444 0.547396 0.543519 0.547917 0.542593 0.547917 0.541667 0.548958 0.539815 0.548958 0.538889 0.549479 0.537963 0.549479 0.537037 0.550000 0.536111 0.550000 0.535185 0.551042 0.533333 0.551042 0.532407 0.551562 0.531481 0.551562 0.530556 0.552083 0.529630 0.552083 0.528704 0.553125 0.526852 0.553125 0.525926 0.553646 0.525000 0.553646 0.524074 0.551042 0.519444 0.551042 0.518519 0.550521 0.517593 0.550521 0.514815 0.550000 0.513889
1 0.406510 0.410648 0.102604 0.063889 0.457292 0.378704 0.457292 0.379630 0.455208 0.383333 0.455208 0.384259 0.452604 0.388889 0.452604 0.389815 0.450521 0.393519 0.450521 0.394444 0.447917 0.399074 0.447917 0.400000 0.445833 0.403704 0.445833 0.404630 0.443229 0.409259 0.443229 0.410185 0.441146 0.413889 0.440104 0.413889 0.439583 0.414815 0.438542 0.414815 0.438021 0.415741 0.411458 0.415741 0.410938 0.414815 0.400000 0.414815 0.399479 0.413889 0.390625 0.413889 0.390104 0.412963 0.381771 0.412963 0.381250 0.412037 0.374479 0.412037 0.373958 0.411111 0.367708 0.411111 0.367188 0.410185 0.362500 0.410185 0.361979 0.409259 0.358333 0.409259 0.356250 0.412963 0.356250 0.413889 0.355729 0.414815 0.355729 0.418519 0.355208 0.419444 0.355208 0.421296 0.355729 0.422222 0.355729 0.425926 0.356250 0.426852 0.356250 0.427778 0.356771 0.428704 0.356771 0.429630 0.357812 0.431481 0.358333 0.431481 0.358854 0.432407 0.359375 0.432407 0.359896 0.433333 0.360938 0.433333 0.361458 0.434259 0.363542 0.434259 0.364063 0.435185 0.366667 0.435185 0.367188 0.436111 0.371875 0.436111 0.372396 0.437037 0.377604 0.437037 0.378125 0.437963 0.384896 0.437963 0.385417 0.438889 0.393229 0.438889 0.393750 0.439815 0.402083 0.439815 0.402604 0.440741 0.413021 0.440741 0.413542 0.441667 0.426563 0.441667 0.427083 0.442593 0.439063 0.442593 0.439583 0.441667 0.443750 0.441667 0.444271 0.440741 0.445312 0.440741 0.445833 0.439815 0.446354 0.439815 0.448437 0.436111 0.448437 0.435185 0.450000 0.432407 0.450000 0.426852 0.450521 0.425926 0.450521 0.425000 0.451042 0.424074 0.451042 0.423148 0.452083 0.421296 0.452083 0.420370 0.454167 0.416667 0.454167 0.415741 0.456250 0.412037 0.456250 0.411111 0.455208 0.411111 0.453125 0.407407 0.453125 0.406481 0.452604 0.405556 0.452604 0.403704 0.452083 0.402778 0.452083 0.394444 0.452604 0.393519 0.452604 0.391667 0.453125 0.390741 0.453125 0.389815 0.455208 0.386111 0.455208 0.385185 0.457813 0.380556 0.457813 0.379630
1 0.365104 0.220833 0.220833 0.241667 0.469792 0.100000 0.468750 0.101852 0.468229 0.101852 0.461458 0.113889 0.460938 0.113889 0.453646 0.126852 0.453125 0.126852 0.446354 0.138889 0.445833 0.138889 0.439063 0.150926 0.438542 0.150926 0.431250 0.163889 0.430729 0.163889 0.423958 0.175926 0.423438 0.175926 0.416146 0.188889 0.415625 0.188889 0.408854 0.200926 0.408333 0.200926 0.401562 0.212963 0.401042 0.212963 0.393750 0.225926 0.393229 0.225926 0.386458 0.237963 0.385937 0.237963 0.378646 0.250926 0.378125 0.250926 0.371354 0.262963 0.370833 0.262963 0.364063 0.275000 0.363542 0.275000 0.356250 0.287963 0.355729 0.287963 0.348958 0.300000 0.348438 0.300000 0.345833 0.304630 0.345313 0.304630 0.344792 0.305556 0.343750 0.305556 0.343229 0.306481 0.338542 0.306481 0.338021 0.307407 0.325521 0.307407 0.325000 0.306481 0.309896 0.306481 0.309375 0.305556 0.298438 0.305556 0.297917 0.304630 0.288542 0.304630 0.288021 0.303704 0.280208 0.303704 0.279687 0.302778 0.273438 0.302778 0.272917 0.301852 0.268229 0.301852 0.267708 0.300926 0.264583 0.300926 0.264062 0.300000 0.263542 0.300000 0.262500 0.301852 0.261979 0.301852 0.259896 0.305556 0.259375 0.305556 0.255208 0.312963 0.255208 0.314815 0.254688 0.315741 0.254688 0.323148 0.255208 0.324074 0.255208 0.325926 0.255729 0.326852 0.255729 0.328704 0.257292 0.331481 0.257812 0.331481 0.258333 0.332407 0.258854 0.332407 0.259375 0.333333 0.260417 0.333333 0.260937 0.334259 0.263542 0.334259 0.264062 0.335185 0.267188 0.335185 0.267708 0.336111 0.272396 0.336111 0.272917 0.337037 0.279687 0.337037 0.280208 0.337963 0.287500 0.337963 0.288021 0.338889 0.296875 0.338889 0.297396 0.339815 0.307812 0.339815 0.308333 0.340741 0.322396 0.340741 0.322917 0.341667 0.338542 0.341667 0.339062 0.340741 0.342708 0.340741 0.343229 0.339815 0.344271 0.339815 0.344792 0.338889 0.345313 0.338889 0.349479 0.331481 0.350000 0.331481 0.352604 0.326852 0.352604 0.319444 0.353125 0.318519 0.353125 0.316667 0.356250 0.311111 0.356771 0.311111 0.367188 0.292593 0.367708 0.292593 0.378646 0.273148 0.379167 0.273148 0.389583 0.254630 0.390104 0.254630 0.400521 0.236111 0.401042 0.236111 0.411458 0.217593 0.411979 0.217593 0.422917 0.198148 0.423438 0.198148 0.433854 0.179630 0.434375 0.179630 0.444792 0.161111 0.445312 0.161111 0.455729 0.142593 0.456250 0.142593 0.467187 0.123148 0.467708 0.123148 0.475521 0.109259 0.475000 0.108333 0.475000 0.105556 0.472917 0.101852 0.472396 0.101852 0.471875 0.100926 0.470313 0.100926
1 0.453646 0.222222 0.201042 0.248148 0.493229 0.098148 0.492708 0.099074 0.483854 0.099074 0.483333 0.100000 0.482292 0.100000 0.481771 0.100926 0.481250 0.100926 0.478646 0.105556 0.478125 0.105556 0.467708 0.124074 0.467187 0.124074 0.456250 0.143519 0.455729 0.143519 0.445312 0.162037 0.444792 0.162037 0.434375 0.180556 0.433854 0.180556 0.423438 0.199074 0.422917 0.199074 0.411979 0.218519 0.411458 0.218519 0.401042 0.237037 0.400521 0.237037 0.390104 0.255556 0.389583 0.255556 0.379167 0.274074 0.378646 0.274074 0.367708 0.293519 0.367188 0.293519 0.356771 0.312037 0.356250 0.312037 0.353646 0.316667 0.353646 0.318519 0.353125 0.319444 0.353125 0.329630 0.353646 0.330556 0.353646 0.332407 0.355208 0.335185 0.355208 0.336111 0.355729 0.336111 0.356250 0.337037 0.357292 0.337037 0.357812 0.337963 0.358333 0.337963 0.358854 0.338889 0.361458 0.338889 0.361979 0.339815 0.365104 0.339815 0.365625 0.340741 0.370312 0.340741 0.370833 0.341667 0.377083 0.341667 0.377604 0.342593 0.384375 0.342593 0.384896 0.343519 0.393750 0.343519 0.394271 0.344444 0.404687 0.344444 0.405208 0.345370 0.417708 0.345370 0.418229 0.346296 0.439063 0.346296 0.439583 0.345370 0.442188 0.345370 0.442708 0.344444 0.444271 0.344444 0.447917 0.337963 0.447917 0.337037 0.448958 0.335185 0.448958 0.334259 0.449479 0.333333 0.449479 0.331481 0.451042 0.328704 0.451042 0.327778 0.454688 0.321296 0.454688 0.320370 0.457813 0.314815 0.457813 0.313889 0.461458 0.307407 0.461458 0.306481 0.464583 0.300926 0.464583 0.300000 0.468229 0.293519 0.468229 0.292593 0.471354 0.287037 0.471354 0.286111 0.475000 0.279630 0.475000 0.278704 0.478125 0.273148 0.478125 0.272222 0.481771 0.265741 0.481771 0.264815 0.484896 0.259259 0.484896 0.258333 0.488542 0.251852 0.488542 0.250926 0.492188 0.244444 0.492188 0.243519 0.495312 0.237963 0.495312 0.237037 0.498958 0.230556 0.498958 0.229630 0.502083 0.224074 0.502083 0.223148 0.505729 0.216667 0.505729 0.215741 0.508854 0.210185 0.508854 0.209259 0.512500 0.202778 0.512500 0.201852 0.515625 0.196296 0.515625 0.195370 0.519271 0.188889 0.519271 0.187963 0.522396 0.182407 0.522396 0.181481 0.526042 0.175000 0.526042 0.174074 0.529167 0.168519 0.529167 0.167593 0.532813 0.161111 0.532813 0.160185 0.535937 0.154630 0.535937 0.153704 0.539583 0.147222 0.539583 0.146296 0.543229 0.139815 0.543229 0.138889 0.546354 0.133333 0.546354 0.132407 0.550000 0.125926 0.550000 0.125000 0.553125 0.119444 0.553125 0.118519 0.554167 0.116667 0.554167 0.111111 0.553646 0.110185 0.553646 0.108333 0.551562 0.104630 0.550521 0.104630 0.550000 0.103704 0.548438 0.103704 0.547917 0.102778 0.544792 0.102778 0.544271 0.101852 0.538542 0.101852 0.538021 0.100926 0.529167 0.100926 0.528646 0.100000 0.517188 0.100000 0.516667 0.099074 0.496875 0.099074 0.496354 0.098148
1 0.541146 0.234259 0.183333 0.253704 0.561979 0.107407 0.561458 0.108333 0.559896 0.108333 0.559375 0.109259 0.558333 0.109259 0.557292 0.111111 0.557292 0.112037 0.553646 0.118519 0.553646 0.119444 0.550521 0.125000 0.550521 0.125926 0.546875 0.132407 0.546875 0.133333 0.543750 0.138889 0.543750 0.139815 0.540104 0.146296 0.540104 0.147222 0.536458 0.153704 0.536458 0.154630 0.533333 0.160185 0.533333 0.161111 0.529687 0.167593 0.529687 0.168519 0.526563 0.174074 0.526563 0.175000 0.522917 0.181481 0.522917 0.182407 0.519792 0.187963 0.519792 0.188889 0.516146 0.195370 0.516146 0.196296 0.513021 0.201852 0.513021 0.202778 0.509375 0.209259 0.509375 0.210185 0.506250 0.215741 0.506250 0.216667 0.502604 0.223148 0.502604 0.224074 0.499479 0.229630 0.499479 0.230556 0.495833 0.237037 0.495833 0.237963 0.492708 0.243519 0.492708 0.244444 0.489063 0.250926 0.489063 0.251852 0.485417 0.258333 0.485417 0.259259 0.482292 0.264815 0.482292 0.265741 0.478646 0.272222 0.478646 0.273148 0.475521 0.278704 0.475521 0.279630 0.471875 0.286111 0.471875 0.287037 0.468750 0.292593 0.468750 0.293519 0.465104 0.300000 0.465104 0.300926 0.461979 0.306481 0.461979 0.307407 0.458333 0.313889 0.458333 0.314815 0.455208 0.320370 0.455208 0.321296 0.451562 0.327778 0.451562 0.328704 0.450000 0.331481 0.450000 0.333333 0.449479 0.334259 0.449479 0.343519 0.450000 0.344444 0.450000 0.346296 0.450521 0.347222 0.450521 0.348148 0.452083 0.350926 0.453125 0.350926 0.453646 0.351852 0.454167 0.351852 0.454688 0.352778 0.456250 0.352778 0.456771 0.353704 0.459375 0.353704 0.459896 0.354630 0.464062 0.354630 0.464583 0.355556 0.469271 0.355556 0.469792 0.356481 0.477083 0.356481 0.477604 0.357407 0.485417 0.357407 0.485938 0.358333 0.495312 0.358333 0.495833 0.359259 0.506771 0.359259 0.507292 0.360185 0.521875 0.360185 0.522396 0.361111 0.534896 0.361111 0.535417 0.360185 0.540104 0.360185 0.540625 0.359259 0.541667 0.359259 0.542188 0.358333 0.543229 0.358333 0.544271 0.356481 0.544271 0.355556 0.545833 0.352778 0.545833 0.351852 0.546875 0.350000 0.546875 0.349074 0.547917 0.347222 0.547917 0.346296 0.548958 0.344444 0.548958 0.343519 0.550000 0.341667 0.550000 0.340741 0.551562 0.337963 0.551562 0.337037 0.552083 0.336111 0.552083 0.335185 0.552604 0.334259 0.552604 0.333333 0.553125 0.332407 0.553125 0.331481 0.553646 0.330556 0.553646 0.329630 0.554688 0.327778 0.554688 0.326852 0.555729 0.325000 0.555729 0.324074 0.556771 0.322222 0.556771 0.321296 0.557813 0.319444 0.557813 0.318519 0.559375 0.315741 0.559375 0.314815 0.560417 0.312963 0.560417 0.312037 0.561458 0.310185 0.561458 0.309259 0.562500 0.307407 0.562500 0.306481 0.563542 0.304630 0.563542 0.303704 0.565104 0.300926 0.565104 0.300000 0.566146 0.298148 0.566146 0.297222 0.567187 0.295370 0.567187 0.294444 0.568229 0.292593 0.568229 0.291667 0.569271 0.289815 0.569271 0.288889 0.570833 0.286111 0.570833 0.285185 0.571875 0.283333 0.571875 0.282407 0.572917 0.280556 0.572917 0.279630 0.573958 0.277778 0.573958 0.276852 0.575521 0.274074 0.575521 0.273148 0.576562 0.271296 0.576562 0.270370 0.577604 0.268519 0.577604 0.267593 0.578646 0.265741 0.578646 0.264815 0.579688 0.262963 0.579688 0.262037 0.581250 0.259259 0.581250 0.258333 0.582292 0.256481 0.582292 0.255556 0.583333 0.253704 0.583333 0.252778 0.584375 0.250926 0.584375 0.250000 0.585417 0.248148 0.585417 0.247222 0.586979 0.244444 0.586979 0.243519 0.588021 0.241667 0.588021 0.240741 0.589063 0.238889 0.589063 0.237963 0.590104 0.236111 0.590104 0.235185 0.591146 0.233333 0.591146 0.232407 0.592708 0.229630 0.592708 0.228704 0.593750 0.226852 0.593750 0.225926 0.594792 0.224074 0.594792 0.223148 0.595833 0.221296 0.595833 0.220370 0.596875 0.218519 0.596875 0.217593 0.598437 0.214815 0.598437 0.213889 0.599479 0.212037 0.599479 0.211111 0.600521 0.209259 0.600521 0.208333 0.601562 0.206481 0.601562 0.205556 0.603125 0.202778 0.603125 0.201852 0.604167 0.200000 0.604167 0.199074 0.605208 0.197222 0.605208 0.196296 0.606250 0.194444 0.606250 0.193519 0.607292 0.191667 0.607292 0.190741 0.608854 0.187963 0.608854 0.187037 0.609896 0.185185 0.609896 0.184259 0.610938 0.182407 0.610938 0.181481 0.611979 0.179630 0.611979 0.178704 0.613021 0.176852 0.613021 0.175926 0.614583 0.173148 0.614583 0.172222 0.615625 0.170370 0.615625 0.169444 0.616667 0.167593 0.616667 0.166667 0.617708 0.164815 0.617708 0.163889 0.618750 0.162037 0.618750 0.161111 0.620313 0.158333 0.620313 0.157407 0.621354 0.155556 0.621354 0.154630 0.622396 0.152778 0.622396 0.151852 0.623437 0.150000 0.623437 0.149074 0.624479 0.147222 0.624479 0.146296 0.626042 0.143519 0.626042 0.142593 0.627083 0.140741 0.627083 0.139815 0.628125 0.137963 0.628125 0.137037 0.629167 0.135185 0.629167 0.134259 0.630208 0.132407 0.630208 0.131481 0.631771 0.128704 0.631771 0.127778 0.632292 0.126852 0.632292 0.125000 0.632812 0.124074 0.632812 0.121296 0.632292 0.120370 0.632292 0.117593 0.631771 0.116667 0.631771 0.115741 0.630729 0.113889 0.630208 0.113889 0.629687 0.112963 0.628646 0.112963 0.628125 0.112037 0.626042 0.112037 0.625521 0.111111 0.621354 0.111111 0.620833 0.110185 0.614583 0.110185 0.614062 0.109259 0.604688 0.109259 0.604167 0.108333 0.591146 0.108333 0.590625 0.107407
1 0.633594 0.234259 0.161979 0.253704 0.645312 0.107407 0.644792 0.108333 0.641667 0.108333 0.641146 0.109259 0.640104 0.109259 0.638021 0.112963 0.638021 0.113889 0.636979 0.115741 0.636979 0.116667 0.635417 0.119444 0.635417 0.120370 0.634375 0.122222 0.634375 0.123148 0.633333 0.125000 0.633333 0.125926 0.632292 0.127778 0.632292 0.128704 0.630729 0.131481 0.630729 0.132407 0.629687 0.134259 0.629687 0.135185 0.628646 0.137037 0.628646 0.137963 0.627604 0.139815 0.627604 0.140741 0.626563 0.142593 0.626563 0.143519 0.625000 0.146296 0.625000 0.147222 0.623958 0.149074 0.623958 0.150000 0.622917 0.151852 0.622917 0.152778 0.621875 0.154630 0.621875 0.155556 0.620833 0.157407 0.620833 0.158333 0.619271 0.161111 0.619271 0.162037 0.618229 0.163889 0.618229 0.164815 0.617188 0.166667 0.617188 0.167593 0.616146 0.169444 0.616146 0.170370 0.615104 0.172222 0.615104 0.173148 0.613542 0.175926 0.613542 0.176852 0.612500 0.178704 0.612500 0.179630 0.611458 0.181481 0.611458 0.182407 0.610417 0.184259 0.610417 0.185185 0.609375 0.187037 0.609375 0.187963 0.607812 0.190741 0.607812 0.191667 0.606771 0.193519 0.606771 0.194444 0.605729 0.196296 0.605729 0.197222 0.604688 0.199074 0.604688 0.200000 0.603646 0.201852 0.603646 0.202778 0.602083 0.205556 0.602083 0.206481 0.601042 0.208333 0.601042 0.209259 0.600000 0.211111 0.600000 0.212037 0.598958 0.213889 0.598958 0.214815 0.597396 0.217593 0.597396 0.218519 0.596354 0.220370 0.596354 0.221296 0.595313 0.223148 0.595313 0.224074 0.594271 0.225926 0.594271 0.226852 0.593229 0.228704 0.593229 0.229630 0.591667 0.232407 0.591667 0.233333 0.590625 0.235185 0.590625 0.236111 0.589583 0.237963 0.589583 0.238889 0.588542 0.240741 0.588542 0.241667 0.587500 0.243519 0.587500 0.244444 0.585938 0.247222 0.585938 0.248148 0.584896 0.250000 0.584896 0.250926 0.583854 0.252778 0.583854 0.253704 0.582812 0.255556 0.582812 0.256481 0.581771 0.258333 0.581771 0.259259 0.580208 0.262037 0.580208 0.262963 0.579167 0.264815 0.579167 0.265741 0.578125 0.267593 0.578125 0.268519 0.577083 0.270370 0.577083 0.271296 0.576042 0.273148 0.576042 0.274074 0.574479 0.276852 0.574479 0.277778 0.573438 0.279630 0.573438 0.280556 0.572396 0.282407 0.572396 0.283333 0.571354 0.285185 0.571354 0.286111 0.569792 0.288889 0.569792 0.289815 0.568750 0.291667 0.568750 0.292593 0.567708 0.294444 0.567708 0.295370 0.566667 0.297222 0.566667 0.298148 0.565625 0.300000 0.565625 0.300926 0.564063 0.303704 0.564063 0.304630 0.563021 0.306481 0.563021 0.307407 0.561979 0.309259 0.561979 0.310185 0.560937 0.312037 0.560937 0.312963 0.559896 0.314815 0.559896 0.315741 0.558333 0.318519 0.558333 0.319444 0.557292 0.321296 0.557292 0.322222 0.556250 0.324074 0.556250 0.325000 0.555208 0.326852 0.555208 0.327778 0.554167 0.329630 0.554167 0.330556 0.553646 0.331481 0.553646 0.332407 0.553125 0.333333 0.553125 0.334259 0.552604 0.335185 0.552604 0.344444 0.553125 0.345370 0.553125 0.346296 0.553646 0.347222 0.553646 0.348148 0.555208 0.350926 0.555729 0.350926 0.556250 0.351852 0.556771 0.351852 0.557292 0.352778 0.558333 0.352778 0.558854 0.353704 0.561458 0.353704 0.561979 0.354630 0.564583 0.354630 0.565104 0.355556 0.570312 0.355556 0.570833 0.356481 0.576562 0.356481 0.577083 0.357407 0.584375 0.357407 0.584896 0.358333 0.593750 0.358333 0.594271 0.359259 0.604167 0.359259 0.604688 0.360185 0.616146 0.360185 0.616667 0.361111 0.642708 0.361111 0.643229 0.360185 0.644792 0.360185 0.645312 0.359259 0.646875 0.359259 0.648438 0.356481 0.648438 0.355556 0.648958 0.354630 0.648958 0.353704 0.650000 0.351852 0.650000 0.350926 0.650521 0.350000 0.650521 0.349074 0.651042 0.348148 0.651042 0.347222 0.651563 0.346296 0.651563 0.345370 0.652083 0.344444 0.652083 0.343519 0.652604 0.342593 0.652604 0.341667 0.653125 0.340741 0.653125 0.339815 0.653646 0.338889 0.653646 0.337963 0.654167 0.337037 0.654167 0.336111 0.654687 0.335185 0.654687 0.334259 0.655208 0.333333 0.655208 0.332407 0.655729 0.331481 0.655729 0.330556 0.656250 0.329630 0.656250 0.328704 0.656771 0.327778 0.656771 0.326852 0.657292 0.325926 0.657292 0.325000 0.657813 0.324074 0.657813 0.323148 0.658333 0.322222 0.658333 0.321296 0.658854 0.320370 0.658854 0.319444 0.659375 0.318519 0.659375 0.317593 0.659896 0.316667 0.659896 0.315741 0.660417 0.314815 0.660417 0.313889 0.660937 0.312963 0.660937 0.312037 0.661979 0.310185 0.661979 0.309259 0.662500 0.308333 0.662500 0.307407 0.663021 0.306481 0.663021 0.305556 0.663542 0.304630 0.663542 0.303704 0.664062 0.302778 0.664062 0.301852 0.664583 0.300926 0.664583 0.300000 0.665104 0.299074 0.665104 0.298148 0.665625 0.297222 0.665625 0.296296 0.666146 0.295370 0.666146 0.294444 0.666667 0.293519 0.666667 0.292593 0.667188 0.291667 0.667188 0.290741 0.667708 0.289815 0.667708 0.288889 0.668229 0.287963 0.668229 0.287037 0.668750 0.286111 0.668750 0.285185 0.669271 0.284259 0.669271 0.283333 0.669792 0.282407 0.669792 0.281481 0.670312 0.280556 0.670312 0.279630 0.670833 0.278704 0.670833 0.277778 0.671354 0.276852 0.671354 0.275926 0.671875 0.275000 0.671875 0.274074 0.672396 0.273148 0.672396 0.272222 0.672917 0.271296 0.672917 0.270370 0.673438 0.269444 0.673438 0.268519 0.674479 0.266667 0.674479 0.265741 0.675000 0.264815 0.675000 0.263889 0.675521 0.262963 0.675521 0.262037 0.676042 0.261111 0.676042 0.260185 0.676562 0.259259 0.676562 0.258333 0.677083 0.257407 0.677083 0.256481 0.677604 0.255556 0.677604 0.254630 0.678125 0.253704 0.678125 0.252778 0.678646 0.251852 0.678646 0.250926 0.679167 0.250000 0.679167 0.249074 0.679688 0.248148 0.679688 0.247222 0.680208 0.246296 0.680208 0.245370 0.680729 0.244444 0.680729 0.243519 0.681250 0.242593 0.681250 0.241667 0.681771 0.240741 0.681771 0.239815 0.682292 0.238889 0.682292 0.237963 0.682813 0.237037 0.682813 0.236111 0.683333 0.235185 0.683333 0.234259 0.683854 0.233333 0.683854 0.232407 0.684375 0.231481 0.684375 0.230556 0.684896 0.229630 0.684896 0.228704 0.685417 0.227778 0.685417 0.226852 0.685937 0.225926 0.685937 0.225000 0.686979 0.223148 0.686979 0.222222 0.687500 0.221296 0.687500 0.220370 0.688021 0.219444 0.688021 0.218519 0.688542 0.217593 0.688542 0.216667 0.689063 0.215741 0.689063 0.214815 0.689583 0.213889 0.689583 0.212963 0.690104 0.212037 0.690104 0.211111 0.690625 0.210185 0.690625 0.209259 0.691146 0.208333 0.691146 0.207407 0.691667 0.206481 0.691667 0.205556 0.692187 0.204630 0.692187 0.203704 0.692708 0.202778 0.692708 0.201852 0.693229 0.200926 0.693229 0.200000 0.693750 0.199074 0.693750 0.198148 0.694271 0.197222 0.694271 0.196296 0.694792 0.195370 0.694792 0.194444 0.695312 0.193519 0.695312 0.192593 0.695833 0.191667 0.695833 0.190741 0.696354 0.189815 0.696354 0.188889 0.696875 0.187963 0.696875 0.187037 0.697396 0.186111 0.697396 0.185185 0.697917 0.184259 0.697917 0.183333 0.698438 0.182407 0.698438 0.181481 0.699479 0.179630 0.699479 0.178704 0.700000 0.177778 0.700000 0.176852 0.700521 0.175926 0.700521 0.175000 0.701042 0.174074 0.701042 0.173148 0.701562 0.172222 0.701562 0.171296 0.702083 0.170370 0.702083 0.169444 0.702604 0.168519 0.702604 0.167593 0.703125 0.166667 0.703125 0.165741 0.703646 0.164815 0.703646 0.163889 0.704167 0.162963 0.704167 0.162037 0.704688 0.161111 0.704688 0.160185 0.705208 0.159259 0.705208 0.158333 0.705729 0.157407 0.705729 0.156481 0.706250 0.155556 0.706250 0.154630 0.706771 0.153704 0.706771 0.152778 0.707292 0.151852 0.707292 0.150926 0.707812 0.150000 0.707812 0.149074 0.708333 0.148148 0.708333 0.147222 0.708854 0.146296 0.708854 0.145370 0.709375 0.144444 0.709375 0.143519 0.709896 0.142593 0.709896 0.141667 0.710417 0.140741 0.710417 0.139815 0.711458 0.137963 0.711458 0.137037 0.711979 0.136111 0.711979 0.135185 0.712500 0.134259 0.712500 0.133333 0.713021 0.132407 0.713021 0.131481 0.713542 0.130556 0.713542 0.128704 0.714063 0.127778 0.714063 0.125000 0.714583 0.124074 0.714583 0.121296 0.714063 0.120370 0.714063 0.117593 0.711979 0.113889 0.711458 0.113889 0.710938 0.112963 0.709375 0.112963 0.708854 0.112037 0.706250 0.112037 0.705729 0.111111 0.700521 0.111111 0.700000 0.110185 0.692187 0.110185 0.691667 0.109259 0.681250 0.109259 0.680729 0.108333 0.666667 0.108333 0.666146 0.107407
1 0.365625 0.187037 0.220833 0.238889 0.409375 0.067593 0.408854 0.068519 0.405729 0.068519 0.405208 0.069444 0.404167 0.069444 0.403646 0.070370 0.403125 0.070370 0.401562 0.073148 0.401042 0.073148 0.398958 0.076852 0.398438 0.076852 0.396875 0.079630 0.396354 0.079630 0.394271 0.083333 0.393750 0.083333 0.391667 0.087037 0.391146 0.087037 0.389583 0.089815 0.389062 0.089815 0.386979 0.093519 0.386458 0.093519 0.384375 0.097222 0.383854 0.097222 0.382292 0.100000 0.381771 0.100000 0.379688 0.103704 0.379167 0.103704 0.377083 0.107407 0.376563 0.107407 0.374479 0.111111 0.373958 0.111111 0.372396 0.113889 0.371875 0.113889 0.369792 0.117593 0.369271 0.117593 0.367188 0.121296 0.366667 0.121296 0.365104 0.124074 0.364583 0.124074 0.362500 0.127778 0.361979 0.127778 0.359896 0.131481 0.359375 0.131481 0.357812 0.134259 0.357292 0.134259 0.355208 0.137963 0.354687 0.137963 0.352604 0.141667 0.352083 0.141667 0.350000 0.145370 0.349479 0.145370 0.347917 0.148148 0.347396 0.148148 0.345313 0.151852 0.344792 0.151852 0.342708 0.155556 0.342187 0.155556 0.340625 0.158333 0.340104 0.158333 0.338021 0.162037 0.337500 0.162037 0.335417 0.165741 0.334896 0.165741 0.333333 0.168519 0.332813 0.168519 0.330729 0.172222 0.330208 0.172222 0.328125 0.175926 0.327604 0.175926 0.325521 0.179630 0.325000 0.179630 0.323437 0.182407 0.322917 0.182407 0.320833 0.186111 0.320312 0.186111 0.318229 0.189815 0.317708 0.189815 0.316146 0.192593 0.315625 0.192593 0.313542 0.196296 0.313021 0.196296 0.310937 0.200000 0.310417 0.200000 0.308854 0.202778 0.308333 0.202778 0.306250 0.206481 0.305729 0.206481 0.303646 0.210185 0.303125 0.210185 0.301042 0.213889 0.300521 0.213889 0.298958 0.216667 0.298438 0.216667 0.296354 0.220370 0.295833 0.220370 0.293750 0.224074 0.293229 0.224074 0.291667 0.226852 0.291146 0.226852 0.289062 0.230556 0.288542 0.230556 0.286458 0.234259 0.285938 0.234259 0.284375 0.237037 0.283854 0.237037 0.281771 0.240741 0.281250 0.240741 0.279167 0.244444 0.278646 0.244444 0.276562 0.248148 0.276042 0.248148 0.274479 0.250926 0.273958 0.250926 0.271875 0.254630 0.271354 0.254630 0.269271 0.258333 0.268750 0.258333 0.267188 0.261111 0.266667 0.261111 0.264583 0.264815 0.264062 0.264815 0.261979 0.268519 0.261458 0.268519 0.259896 0.271296 0.259375 0.271296 0.256250 0.276852 0.256250 0.277778 0.255729 0.278704 0.255729 0.279630 0.255208 0.280556 0.255208 0.287963 0.255729 0.288889 0.255729 0.290741 0.256250 0.291667 0.256250 0.293519 0.257812 0.296296 0.258333 0.296296 0.258854 0.297222 0.259375 0.297222 0.259896 0.298148 0.260937 0.298148 0.261458 0.299074 0.264062 0.299074 0.264583 0.300000 0.267708 0.300000 0.268229 0.300926 0.272917 0.300926 0.273438 0.301852 0.279687 0.301852 0.280208 0.302778 0.288021 0.302778 0.288542 0.303704 0.297917 0.303704 0.298438 0.304630 0.309375 0.304630 0.309896 0.305556 0.325000 0.305556 0.325521 0.306481 0.338021 0.306481 0.338542 0.305556 0.343229 0.305556 0.343750 0.304630 0.344792 0.304630 0.345313 0.303704 0.345833 0.303704 0.348438 0.299074 0.348958 0.299074 0.355729 0.287037 0.356250 0.287037 0.363542 0.274074 0.364063 0.274074 0.370833 0.262037 0.371354 0.262037 0.378125 0.250000 0.378646 0.250000 0.385937 0.237037 0.386458 0.237037 0.393229 0.225000 0.393750 0.225000 0.401042 0.212037 0.401562 0.212037 0.408333 0.200000 0.408854 0.200000 0.415625 0.187963 0.416146 0.187963 0.423438 0.175000 0.423958 0.175000 0.430729 0.162963 0.431250 0.162963 0.438542 0.150000 0.439063 0.150000 0.445833 0.137963 0.446354 0.137963 0.453125 0.125926 0.453646 0.125926 0.460938 0.112963 0.461458 0.112963 0.468229 0.100926 0.468750 0.100926 0.475000 0.089815 0.475000 0.088889 0.475521 0.087963 0.475521 0.084259 0.476042 0.083333 0.475521 0.082407 0.475521 0.078704 0.475000 0.077778 0.475000 0.076852 0.473438 0.074074 0.472917 0.074074 0.472396 0.073148 0.471354 0.073148 0.470833 0.072222 0.468229 0.072222 0.467708 0.071296 0.463021 0.071296 0.462500 0.070370 0.455208 0.070370 0.454688 0.069444 0.444271 0.069444 0.443750 0.068519 0.428646 0.068519 0.428125 0.067593
1 0.411198 0.669444 0.098437 0.059259 0.455729 0.639815 0.455729 0.640741 0.454688 0.642593 0.454688 0.643519 0.453646 0.645370 0.453646 0.646296 0.452604 0.648148 0.452604 0.649074 0.451562 0.650926 0.451562 0.651852 0.450521 0.653704 0.450521 0.654630 0.449479 0.656481 0.449479 0.657407 0.448437 0.659259 0.448437 0.660185 0.447396 0.662037 0.447396 0.662963 0.446354 0.664815 0.446354 0.665741 0.445312 0.667593 0.445312 0.668519 0.444271 0.670370 0.444271 0.671296 0.442188 0.675000 0.441146 0.675000 0.440625 0.675926 0.439583 0.675926 0.439063 0.676852 0.420833 0.676852 0.420312 0.675926 0.410417 0.675926 0.409896 0.675000 0.401562 0.675000 0.401042 0.674074 0.393750 0.674074 0.393229 0.673148 0.386458 0.673148 0.385937 0.672222 0.379688 0.672222 0.379167 0.671296 0.373437 0.671296 0.372917 0.670370 0.368750 0.670370 0.368229 0.669444 0.364063 0.669444 0.363542 0.668519 0.363021 0.668519 0.362500 0.669444 0.362500 0.670370 0.361979 0.671296 0.361979 0.681481 0.362500 0.682407 0.362500 0.683333 0.363021 0.684259 0.363021 0.685185 0.364063 0.687037 0.364583 0.687037 0.365104 0.687963 0.365625 0.687963 0.366146 0.688889 0.367188 0.688889 0.367708 0.689815 0.369792 0.689815 0.370312 0.690741 0.372917 0.690741 0.373437 0.691667 0.377604 0.691667 0.378125 0.692593 0.382292 0.692593 0.382812 0.693519 0.388542 0.693519 0.389062 0.694444 0.394792 0.694444 0.395313 0.695370 0.402083 0.695370 0.402604 0.696296 0.409896 0.696296 0.410417 0.697222 0.418750 0.697222 0.419271 0.698148 0.429167 0.698148 0.429688 0.699074 0.447917 0.699074 0.448437 0.698148 0.449479 0.698148 0.450000 0.697222 0.451042 0.697222 0.452604 0.694444 0.452604 0.693519 0.453125 0.692593 0.453125 0.690741 0.453646 0.689815 0.453646 0.687963 0.454167 0.687037 0.454167 0.685185 0.455208 0.683333 0.455208 0.682407 0.456250 0.680556 0.456250 0.679630 0.457292 0.677778 0.457292 0.676852 0.457813 0.675926 0.457813 0.675000 0.458854 0.673148 0.458854 0.672222 0.459896 0.670370 0.459896 0.669444 0.460417 0.668519 0.460417 0.667593 0.459896 0.667593 0.457813 0.663889 0.457813 0.662963 0.457292 0.662037 0.457292 0.661111 0.456771 0.660185 0.456771 0.650926 0.457292 0.650000 0.457292 0.649074 0.457813 0.648148 0.457813 0.647222 0.458333 0.646296 0.458333 0.645370 0.459375 0.643519 0.459375 0.642593 0.459896 0.641667 0.459896 0.640741 0.457813 0.640741 0.457292 0.639815
1 0.503646 0.692593 0.100000 0.048148 0.460938 0.668519 0.460417 0.669444 0.460417 0.670370 0.459375 0.672222 0.459375 0.673148 0.458333 0.675000 0.458333 0.675926 0.457813 0.676852 0.457813 0.677778 0.456771 0.679630 0.456771 0.680556 0.455729 0.682407 0.455729 0.683333 0.454688 0.685185 0.454688 0.687037 0.454167 0.687963 0.454167 0.689815 0.453646 0.690741 0.453646 0.696296 0.454167 0.697222 0.454167 0.699074 0.454688 0.700000 0.454688 0.701852 0.456250 0.704630 0.457292 0.704630 0.457813 0.705556 0.458333 0.705556 0.458854 0.706481 0.460417 0.706481 0.460938 0.707407 0.463021 0.707407 0.463542 0.708333 0.466667 0.708333 0.467187 0.709259 0.471354 0.709259 0.471875 0.710185 0.477083 0.710185 0.477604 0.711111 0.482812 0.711111 0.483333 0.712037 0.490104 0.712037 0.490625 0.712963 0.497396 0.712963 0.497917 0.713889 0.505208 0.713889 0.505729 0.714815 0.513542 0.714815 0.514062 0.715741 0.524479 0.715741 0.525000 0.716667 0.540625 0.716667 0.541146 0.715741 0.543229 0.715741 0.543750 0.714815 0.544792 0.714815 0.546354 0.712037 0.546354 0.711111 0.546875 0.710185 0.546875 0.709259 0.547396 0.708333 0.547396 0.707407 0.547917 0.706481 0.547917 0.705556 0.548438 0.704630 0.548438 0.703704 0.548958 0.702778 0.548958 0.701852 0.549479 0.700926 0.549479 0.700000 0.550000 0.699074 0.550000 0.698148 0.550521 0.697222 0.550521 0.696296 0.551042 0.695370 0.551042 0.694444 0.551562 0.693519 0.551562 0.692593 0.552083 0.691667 0.552083 0.690741 0.552604 0.689815 0.552604 0.688889 0.553125 0.687963 0.553125 0.687037 0.553646 0.686111 0.553646 0.684259 0.553125 0.684259 0.551042 0.680556 0.551042 0.679630 0.550521 0.678704 0.550521 0.676852 0.550000 0.675926 0.550000 0.673148 0.550000 0.674074 0.548438 0.676852 0.547917 0.676852 0.547396 0.677778 0.546354 0.677778 0.545833 0.678704 0.542188 0.678704 0.541667 0.679630 0.530729 0.679630 0.530208 0.678704 0.519271 0.678704 0.518750 0.677778 0.510417 0.677778 0.509896 0.676852 0.501563 0.676852 0.501042 0.675926 0.494271 0.675926 0.493750 0.675000 0.486979 0.675000 0.486458 0.674074 0.480729 0.674074 0.480208 0.673148 0.475000 0.673148 0.474479 0.672222 0.470313 0.672222 0.469792 0.671296 0.466667 0.671296 0.466146 0.670370 0.464062 0.670370 0.463542 0.669444 0.461979 0.669444 0.461458 0.668519
1 0.633073 0.562500 0.157812 0.317593 0.708333 0.403704 0.708333 0.404630 0.707812 0.405556 0.707812 0.407407 0.707292 0.408333 0.707292 0.409259 0.706771 0.410185 0.706771 0.412037 0.706250 0.412963 0.706250 0.414815 0.705729 0.415741 0.705729 0.416667 0.705208 0.417593 0.705208 0.419444 0.704688 0.420370 0.704688 0.421296 0.704167 0.422222 0.704167 0.424074 0.703646 0.425000 0.703646 0.425926 0.703125 0.426852 0.703125 0.428704 0.702604 0.429630 0.702604 0.430556 0.702083 0.431481 0.702083 0.433333 0.701562 0.434259 0.701562 0.435185 0.701042 0.436111 0.701042 0.437963 0.700521 0.438889 0.700521 0.440741 0.700000 0.441667 0.700000 0.442593 0.699479 0.443519 0.699479 0.445370 0.698958 0.446296 0.698958 0.447222 0.698438 0.448148 0.698438 0.450000 0.697917 0.450926 0.697917 0.451852 0.697396 0.452778 0.697396 0.454630 0.696875 0.455556 0.696875 0.456481 0.696354 0.457407 0.696354 0.459259 0.695833 0.460185 0.695833 0.461111 0.695312 0.462037 0.695312 0.463889 0.694792 0.464815 0.694792 0.466667 0.694271 0.467593 0.694271 0.468519 0.693750 0.469444 0.693750 0.471296 0.693229 0.472222 0.693229 0.473148 0.692708 0.474074 0.692708 0.475926 0.692187 0.476852 0.692187 0.477778 0.691667 0.478704 0.691667 0.480556 0.691146 0.481481 0.691146 0.482407 0.690625 0.483333 0.690625 0.485185 0.690104 0.486111 0.690104 0.487037 0.689583 0.487963 0.689583 0.489815 0.689063 0.490741 0.689063 0.492593 0.688542 0.493519 0.688542 0.494444 0.688021 0.495370 0.688021 0.497222 0.687500 0.498148 0.687500 0.499074 0.686979 0.500000 0.686979 0.501852 0.686458 0.502778 0.686458 0.503704 0.685937 0.504630 0.685937 0.506481 0.685417 0.507407 0.685417 0.508333 0.684896 0.509259 0.684896 0.511111 0.684375 0.512037 0.684375 0.512963 0.683854 0.513889 0.683854 0.515741 0.683333 0.516667 0.683333 0.518519 0.682813 0.519444 0.682813 0.520370 0.682292 0.521296 0.682292 0.523148 0.681771 0.524074 0.681771 0.525000 0.681250 0.525926 0.681250 0.527778 0.680729 0.528704 0.680729 0.529630 0.680208 0.530556 0.680208 0.532407 0.679688 0.533333 0.679688 0.534259 0.679167 0.535185 0.679167 0.537037 0.678646 0.537963 0.678646 0.538889 0.678125 0.539815 0.678125 0.541667 0.677604 0.542593 0.677604 0.544444 0.677083 0.545370 0.677083 0.546296 0.676562 0.547222 0.676562 0.549074 0.676042 0.550000 0.676042 0.550926 0.675521 0.551852 0.675521 0.553704 0.675000 0.554630 0.675000 0.555556 0.674479 0.556481 0.674479 0.558333 0.673958 0.559259 0.673958 0.560185 0.673438 0.561111 0.673438 0.562963 0.672917 0.563889 0.672917 0.564815 0.672396 0.565741 0.672396 0.567593 0.671875 0.568519 0.671875 0.570370 0.671354 0.571296 0.671354 0.572222 0.670833 0.573148 0.670833 0.575000 0.670312 0.575926 0.670312 0.576852 0.669792 0.577778 0.669792 0.579630 0.669271 0.580556 0.669271 0.581481 0.668750 0.582407 0.668750 0.584259 0.668229 0.585185 0.668229 0.586111 0.667708 0.587037 0.667708 0.588889 0.667188 0.589815 0.667188 0.590741 0.666667 0.591667 0.666667 0.593519 0.666146 0.594444 0.666146 0.596296 0.665625 0.597222 0.665625 0.598148 0.665104 0.599074 0.665104 0.600926 0.664583 0.601852 0.664583 0.602778 0.664062 0.603704 0.664062 0.605556 0.663542 0.606481 0.663542 0.607407 0.663021 0.608333 0.663021 0.610185 0.662500 0.611111 0.662500 0.612037 0.661979 0.612963 0.661979 0.614815 0.661458 0.615741 0.661458 0.616667 0.660937 0.617593 0.660937 0.619444 0.660417 0.620370 0.660417 0.622222 0.659896 0.623148 0.659896 0.624074 0.659375 0.625000 0.659375 0.626852 0.658854 0.627778 0.658854 0.628704 0.658333 0.629630 0.658333 0.631481 0.657813 0.632407 0.657813 0.633333 0.657292 0.634259 0.657292 0.636111 0.656771 0.637037 0.656771 0.637963 0.656250 0.638889 0.656250 0.640741 0.655729 0.641667 0.655729 0.642593 0.655208 0.643519 0.655208 0.645370 0.654687 0.646296 0.654687 0.648148 0.654167 0.649074 0.654167 0.650000 0.653646 0.650926 0.653646 0.652778 0.653125 0.653704 0.653125 0.654630 0.652604 0.655556 0.652604 0.657407 0.652083 0.658333 0.652083 0.659259 0.651563 0.660185 0.651563 0.662037 0.651042 0.662963 0.651042 0.663889 0.650521 0.664815 0.650521 0.666667 0.650000 0.667593 0.650000 0.668519 0.649479 0.669444 0.649479 0.671296 0.648958 0.672222 0.648958 0.674074 0.648438 0.675000 0.648438 0.675926 0.647917 0.676852 0.647917 0.678704 0.647396 0.679630 0.647396 0.680556 0.646875 0.681481 0.646875 0.683333 0.646354 0.684259 0.646354 0.685185 0.645833 0.686111 0.645833 0.687963 0.645312 0.688889 0.645312 0.689815 0.642708 0.694444 0.641667 0.694444 0.641146 0.695370 0.639583 0.695370 0.639062 0.696296 0.622917 0.696296 0.622396 0.695370 0.611979 0.695370 0.611458 0.694444 0.603125 0.694444 0.602604 0.693519 0.594792 0.693519 0.594271 0.692593 0.587500 0.692593 0.586979 0.691667 0.580729 0.691667 0.580208 0.690741 0.574479 0.690741 0.573958 0.689815 0.568750 0.689815 0.568229 0.688889 0.564063 0.688889 0.563542 0.687963 0.560417 0.687963 0.559896 0.687037 0.557813 0.687037 0.557292 0.686111 0.556250 0.686111 0.556250 0.687037 0.555729 0.687963 0.555729 0.688889 0.555208 0.689815 0.555208 0.690741 0.554688 0.691667 0.554688 0.692593 0.554167 0.693519 0.554167 0.702778 0.554688 0.703704 0.554688 0.705556 0.556771 0.709259 0.557292 0.709259 0.557813 0.710185 0.558333 0.710185 0.558854 0.711111 0.560417 0.711111 0.560937 0.712037 0.563021 0.712037 0.563542 0.712963 0.566667 0.712963 0.567187 0.713889 0.571354 0.713889 0.571875 0.714815 0.577083 0.714815 0.577604 0.715741 0.582812 0.715741 0.583333 0.716667 0.589583 0.716667 0.590104 0.717593 0.596875 0.717593 0.597396 0.718519 0.605208 0.718519 0.605729 0.719444 0.613542 0.719444 0.614062 0.720370 0.623958 0.720370 0.624479 0.721296 0.642708 0.721296 0.643229 0.720370 0.644271 0.720370 0.644792 0.719444 0.645833 0.719444 0.647396 0.716667 0.647396 0.715741 0.647917 0.714815 0.647917 0.713889 0.648438 0.712963 0.648438 0.711111 0.648958 0.710185 0.648958 0.709259 0.649479 0.708333 0.649479 0.706481 0.650000 0.705556 0.650000 0.704630 0.650521 0.703704 0.650521 0.701852 0.651042 0.700926 0.651042 0.699074 0.651563 0.698148 0.651563 0.697222 0.652083 0.696296 0.652083 0.694444 0.652604 0.693519 0.652604 0.691667 0.653125 0.690741 0.653125 0.689815 0.653646 0.688889 0.653646 0.687037 0.654167 0.686111 0.654167 0.685185 0.654687 0.684259 0.654687 0.682407 0.655208 0.681481 0.655208 0.679630 0.655729 0.678704 0.655729 0.677778 0.656250 0.676852 0.656250 0.675000 0.656771 0.674074 0.656771 0.673148 0.657292 0.672222 0.657292 0.670370 0.657813 0.669444 0.657813 0.667593 0.658333 0.666667 0.658333 0.665741 0.658854 0.664815 0.658854 0.662963 0.659375 0.662037 0.659375 0.660185 0.659896 0.659259 0.659896 0.658333 0.660417 0.657407 0.660417 0.655556 0.660937 0.654630 0.660937 0.653704 0.661458 0.652778 0.661458 0.650926 0.661979 0.650000 0.661979 0.648148 0.662500 0.647222 0.662500 0.646296 0.663021 0.645370 0.663021 0.643519 0.663542 0.642593 0.663542 0.640741 0.664062 0.639815 0.664062 0.638889 0.664583 0.637963 0.664583 0.636111 0.665104 0.635185 0.665104 0.634259 0.665625 0.633333 0.665625 0.631481 0.666146 0.630556 0.666146 0.628704 0.666667 0.627778 0.666667 0.626852 0.667188 0.625926 0.667188 0.624074 0.667708 0.623148 0.667708 0.622222 0.668229 0.621296 0.668229 0.619444 0.668750 0.618519 0.668750 0.616667 0.669271 0.615741 0.669271 0.614815 0.669792 0.613889 0.669792 0.612037 0.670312 0.611111 0.670312 0.609259 0.670833 0.608333 0.670833 0.607407 0.671354 0.606481 0.671354 0.604630 0.671875 0.603704 0.671875 0.602778 0.672396 0.601852 0.672396 0.600000 0.672917 0.599074 0.672917 0.597222 0.673438 0.596296 0.673438 0.595370 0.673958 0.594444 0.673958 0.592593 0.674479 0.591667 0.674479 0.590741 0.675000 0.589815 0.675000 0.587963 0.675521 0.587037 0.675521 0.585185 0.676042 0.584259 0.676042 0.583333 0.676562 0.582407 0.676562 0.580556 0.677083 0.579630 0.677083 0.577778 0.677604 0.576852 0.677604 0.575926 0.678125 0.575000 0.678125 0.573148 0.678646 0.572222 0.678646 0.571296 0.679167 0.570370 0.679167 0.568519 0.679688 0.567593 0.679688 0.565741 0.680208 0.564815 0.680208 0.563889 0.680729 0.562963 0.680729 0.561111 0.681250 0.560185 0.681250 0.558333 0.681771 0.557407 0.681771 0.556481 0.682292 0.555556 0.682292 0.553704 0.682813 0.552778 0.682813 0.551852 0.683333 0.550926 0.683333 0.549074 0.683854 0.548148 0.683854 0.546296 0.684375 0.545370 0.684375 0.544444 0.684896 0.543519 0.684896 0.541667 0.685417 0.540741 0.685417 0.539815 0.685937 0.538889 0.685937 0.537037 0.686458 0.536111 0.686458 0.534259 0.686979 0.533333 0.686979 0.532407 0.687500 0.531481 0.687500 0.529630 0.688021 0.528704 0.688021 0.526852 0.688542 0.525926 0.688542 0.525000 0.689063 0.524074 0.689063 0.522222 0.689583 0.521296 0.689583 0.520370 0.690104 0.519444 0.690104 0.517593 0.690625 0.516667 0.690625 0.514815 0.691146 0.513889 0.691146 0.512963 0.691667 0.512037 0.691667 0.510185 0.692187 0.509259 0.692187 0.507407 0.692708 0.506481 0.692708 0.505556 0.693229 0.504630 0.693229 0.502778 0.693750 0.501852 0.693750 0.500926 0.694271 0.500000 0.694271 0.498148 0.694792 0.497222 0.694792 0.495370 0.695312 0.494444 0.695312 0.493519 0.695833 0.492593 0.695833 0.490741 0.696354 0.489815 0.696354 0.488889 0.696875 0.487963 0.696875 0.486111 0.697396 0.485185 0.697396 0.483333 0.697917 0.482407 0.697917 0.481481 0.698438 0.480556 0.698438 0.478704 0.698958 0.477778 0.698958 0.475926 0.699479 0.475000 0.699479 0.474074 0.700000 0.473148 0.700000 0.471296 0.700521 0.470370 0.700521 0.469444 0.701042 0.468519 0.701042 0.466667 0.701562 0.465741 0.701562 0.463889 0.702083 0.462963 0.702083 0.462037 0.702604 0.461111 0.702604 0.459259 0.703125 0.458333 0.703125 0.457407 0.703646 0.456481 0.703646 0.454630 0.704167 0.453704 0.704167 0.451852 0.704688 0.450926 0.704688 0.450000 0.705208 0.449074 0.705208 0.447222 0.705729 0.446296 0.705729 0.444444 0.706250 0.443519 0.706250 0.442593 0.706771 0.441667 0.706771 0.439815 0.707292 0.438889 0.707292 0.437963 0.707812 0.437037 0.707812 0.435185 0.708333 0.434259 0.708333 0.432407 0.708854 0.431481 0.708854 0.430556 0.709375 0.429630 0.709375 0.427778 0.709896 0.426852 0.709896 0.425000 0.710417 0.424074 0.710417 0.423148 0.710938 0.422222 0.710938 0.420370 0.711458 0.419444 0.711458 0.418519 0.711979 0.417593 0.711979 0.410185 0.711458 0.409259 0.711458 0.407407 0.709896 0.404630 0.708854 0.404630
1 0.304167 0.637500 0.101042 0.047222 0.263542 0.613889 0.256250 0.626852 0.256250 0.627778 0.254167 0.631481 0.254167 0.633333 0.253646 0.634259 0.253646 0.641667 0.254167 0.642593 0.254167 0.644444 0.254688 0.645370 0.254688 0.646296 0.256250 0.649074 0.256771 0.649074 0.257292 0.650000 0.257812 0.650000 0.258333 0.650926 0.259375 0.650926 0.259896 0.651852 0.261979 0.651852 0.262500 0.652778 0.265104 0.652778 0.265625 0.653704 0.269792 0.653704 0.270313 0.654630 0.275000 0.654630 0.275521 0.655556 0.281250 0.655556 0.281771 0.656481 0.288021 0.656481 0.288542 0.657407 0.295312 0.657407 0.295833 0.658333 0.303125 0.658333 0.303646 0.659259 0.311979 0.659259 0.312500 0.660185 0.323437 0.660185 0.323958 0.661111 0.336458 0.661111 0.336979 0.660185 0.340104 0.660185 0.340625 0.659259 0.341667 0.659259 0.344271 0.654630 0.344271 0.653704 0.346354 0.650000 0.346354 0.649074 0.348438 0.645370 0.348438 0.644444 0.350521 0.640741 0.350521 0.639815 0.352604 0.636111 0.352604 0.635185 0.354687 0.631481 0.354687 0.630556 0.354167 0.630556 0.353646 0.629630 0.352604 0.629630 0.352083 0.628704 0.351562 0.628704 0.351042 0.627778 0.350521 0.627778 0.348438 0.624074 0.348438 0.623148 0.347917 0.622222 0.347917 0.621296 0.347396 0.620370 0.347396 0.619444 0.345833 0.622222 0.344792 0.622222 0.344271 0.623148 0.340104 0.623148 0.339583 0.624074 0.329688 0.624074 0.329167 0.623148 0.317708 0.623148 0.317188 0.622222 0.308854 0.622222 0.308333 0.621296 0.300521 0.621296 0.300000 0.620370 0.292708 0.620370 0.292187 0.619444 0.285938 0.619444 0.285417 0.618519 0.279687 0.618519 0.279167 0.617593 0.274479 0.617593 0.273958 0.616667 0.269792 0.616667 0.269271 0.615741 0.266667 0.615741 0.266146 0.614815 0.264062 0.614815
1 0.404687 0.634259 0.105208 0.083333 0.455208 0.592593 0.455208 0.593519 0.454167 0.595370 0.454167 0.596296 0.453125 0.598148 0.453125 0.599074 0.452083 0.600926 0.452083 0.601852 0.451042 0.603704 0.451042 0.604630 0.449479 0.607407 0.449479 0.608333 0.448437 0.610185 0.448437 0.611111 0.447396 0.612963 0.447396 0.613889 0.446354 0.615741 0.446354 0.616667 0.445312 0.618519 0.445312 0.619444 0.444271 0.621296 0.444271 0.622222 0.442708 0.625000 0.442708 0.625926 0.441667 0.627778 0.441667 0.628704 0.440625 0.630556 0.440625 0.631481 0.439583 0.633333 0.439583 0.634259 0.438021 0.637037 0.437500 0.637037 0.436979 0.637963 0.435937 0.637963 0.435417 0.638889 0.431771 0.638889 0.431250 0.639815 0.420312 0.639815 0.419792 0.638889 0.408854 0.638889 0.408333 0.637963 0.399479 0.637963 0.398958 0.637037 0.391146 0.637037 0.390625 0.636111 0.383333 0.636111 0.382812 0.635185 0.376563 0.635185 0.376042 0.634259 0.370312 0.634259 0.369792 0.633333 0.365104 0.633333 0.364583 0.632407 0.359896 0.632407 0.359375 0.631481 0.358854 0.632407 0.358854 0.633333 0.356771 0.637037 0.356771 0.637963 0.354687 0.641667 0.354687 0.642593 0.353125 0.645370 0.353125 0.646296 0.352604 0.647222 0.352604 0.650926 0.352083 0.651852 0.352083 0.653704 0.352604 0.654630 0.352604 0.658333 0.353125 0.659259 0.353125 0.660185 0.353646 0.661111 0.353646 0.662037 0.354687 0.663889 0.355208 0.663889 0.355729 0.664815 0.356250 0.664815 0.356771 0.665741 0.357812 0.665741 0.358333 0.666667 0.360417 0.666667 0.360938 0.667593 0.363542 0.667593 0.364063 0.668519 0.368229 0.668519 0.368750 0.669444 0.372917 0.669444 0.373437 0.670370 0.379167 0.670370 0.379688 0.671296 0.385937 0.671296 0.386458 0.672222 0.393229 0.672222 0.393750 0.673148 0.401042 0.673148 0.401562 0.674074 0.409896 0.674074 0.410417 0.675000 0.420312 0.675000 0.420833 0.675926 0.439063 0.675926 0.439583 0.675000 0.440625 0.675000 0.441146 0.674074 0.442188 0.674074 0.443750 0.671296 0.443750 0.670370 0.444792 0.668519 0.444792 0.667593 0.445833 0.665741 0.445833 0.664815 0.446875 0.662963 0.446875 0.662037 0.447917 0.660185 0.447917 0.659259 0.448958 0.657407 0.448958 0.656481 0.450000 0.654630 0.450000 0.653704 0.451042 0.651852 0.451042 0.650926 0.452083 0.649074 0.452083 0.648148 0.453125 0.646296 0.453125 0.645370 0.454167 0.643519 0.454167 0.642593 0.455208 0.640741 0.455208 0.638889 0.454167 0.638889 0.453646 0.637963 0.453125 0.637963 0.450521 0.633333 0.450521 0.631481 0.450000 0.630556 0.450000 0.626852 0.449479 0.625926 0.450000 0.625000 0.450000 0.620370 0.450521 0.619444 0.450521 0.618519 0.451042 0.617593 0.451042 0.616667 0.452083 0.614815 0.452083 0.613889 0.453125 0.612037 0.453125 0.611111 0.454167 0.609259 0.454167 0.608333 0.455208 0.606481 0.455208 0.605556 0.456250 0.603704 0.456250 0.602778 0.457292 0.600926 0.455729 0.598148 0.455729 0.596296 0.455208 0.595370
1 0.505990 0.656944 0.097396 0.043519 0.545312 0.637037 0.545312 0.637963 0.544271 0.639815 0.544271 0.640741 0.543750 0.641667 0.543750 0.642593 0.543229 0.643519 0.543229 0.644444 0.542708 0.645370 0.542188 0.645370 0.541146 0.647222 0.540625 0.647222 0.540104 0.648148 0.539062 0.648148 0.538542 0.649074 0.516667 0.649074 0.516146 0.648148 0.506250 0.648148 0.505729 0.647222 0.497396 0.647222 0.496875 0.646296 0.489583 0.646296 0.489063 0.645370 0.482292 0.645370 0.481771 0.644444 0.475521 0.644444 0.475000 0.643519 0.469271 0.643519 0.468750 0.642593 0.464583 0.642593 0.464062 0.641667 0.460417 0.641667 0.459896 0.642593 0.459896 0.643519 0.458854 0.645370 0.458854 0.646296 0.458333 0.647222 0.458333 0.648148 0.457813 0.649074 0.457813 0.650000 0.457292 0.650926 0.457292 0.660185 0.457813 0.661111 0.457813 0.662037 0.458333 0.662963 0.458333 0.663889 0.459896 0.666667 0.460417 0.666667 0.460938 0.667593 0.461458 0.667593 0.461979 0.668519 0.463542 0.668519 0.464062 0.669444 0.466146 0.669444 0.466667 0.670370 0.469792 0.670370 0.470313 0.671296 0.474479 0.671296 0.475000 0.672222 0.480208 0.672222 0.480729 0.673148 0.486458 0.673148 0.486979 0.674074 0.493750 0.674074 0.494271 0.675000 0.501042 0.675000 0.501563 0.675926 0.509896 0.675926 0.510417 0.676852 0.518750 0.676852 0.519271 0.677778 0.530208 0.677778 0.530729 0.678704 0.541667 0.678704 0.542188 0.677778 0.545833 0.677778 0.546354 0.676852 0.547396 0.676852 0.547917 0.675926 0.548438 0.675926 0.549479 0.674074 0.549479 0.673148 0.550000 0.672222 0.550000 0.667593 0.550521 0.666667 0.550521 0.665741 0.551042 0.664815 0.551042 0.663889 0.551562 0.662963 0.551562 0.662037 0.552083 0.661111 0.552083 0.660185 0.552604 0.659259 0.552604 0.658333 0.553125 0.657407 0.553125 0.656481 0.553646 0.655556 0.553646 0.654630 0.554167 0.653704 0.554167 0.652778 0.554688 0.651852 0.554167 0.650926 0.552083 0.650926 0.551562 0.650000 0.550521 0.650000 0.550000 0.649074 0.549479 0.649074 0.548958 0.648148 0.548438 0.648148 0.546354 0.644444 0.546354 0.642593 0.545833 0.641667 0.545833 0.637037
1 0.630208 0.537963 0.159375 0.314815 0.703646 0.380556 0.703646 0.382407 0.703125 0.383333 0.703125 0.384259 0.702604 0.385185 0.702604 0.386111 0.702083 0.387037 0.702083 0.388889 0.701562 0.389815 0.701562 0.390741 0.701042 0.391667 0.701042 0.393519 0.700521 0.394444 0.700521 0.395370 0.700000 0.396296 0.700000 0.398148 0.699479 0.399074 0.699479 0.400000 0.698958 0.400926 0.698958 0.402778 0.698438 0.403704 0.698438 0.404630 0.697917 0.405556 0.697917 0.406481 0.697396 0.407407 0.697396 0.409259 0.696875 0.410185 0.696875 0.411111 0.696354 0.412037 0.696354 0.413889 0.695833 0.414815 0.695833 0.415741 0.695312 0.416667 0.695312 0.418519 0.694792 0.419444 0.694792 0.420370 0.694271 0.421296 0.694271 0.423148 0.693750 0.424074 0.693750 0.425000 0.693229 0.425926 0.693229 0.426852 0.692708 0.427778 0.692708 0.429630 0.692187 0.430556 0.692187 0.431481 0.691667 0.432407 0.691667 0.434259 0.691146 0.435185 0.691146 0.436111 0.690625 0.437037 0.690625 0.438889 0.690104 0.439815 0.690104 0.440741 0.689583 0.441667 0.689583 0.443519 0.689063 0.444444 0.689063 0.445370 0.688542 0.446296 0.688542 0.447222 0.688021 0.448148 0.688021 0.450000 0.687500 0.450926 0.687500 0.451852 0.686979 0.452778 0.686979 0.454630 0.686458 0.455556 0.686458 0.456481 0.685937 0.457407 0.685937 0.459259 0.685417 0.460185 0.685417 0.461111 0.684896 0.462037 0.684896 0.463889 0.684375 0.464815 0.684375 0.465741 0.683854 0.466667 0.683854 0.467593 0.683333 0.468519 0.683333 0.470370 0.682813 0.471296 0.682813 0.472222 0.682292 0.473148 0.682292 0.475000 0.681771 0.475926 0.681771 0.476852 0.681250 0.477778 0.681250 0.479630 0.680729 0.480556 0.680729 0.481481 0.680208 0.482407 0.680208 0.484259 0.679688 0.485185 0.679688 0.486111 0.679167 0.487037 0.679167 0.487963 0.678646 0.488889 0.678646 0.490741 0.678125 0.491667 0.678125 0.492593 0.677604 0.493519 0.677604 0.495370 0.677083 0.496296 0.677083 0.497222 0.676562 0.498148 0.676562 0.500000 0.676042 0.500926 0.676042 0.501852 0.675521 0.502778 0.675521 0.504630 0.675000 0.505556 0.675000 0.506481 0.674479 0.507407 0.674479 0.508333 0.673958 0.509259 0.673958 0.511111 0.673438 0.512037 0.673438 0.512963 0.672917 0.513889 0.672917 0.515741 0.672396 0.516667 0.672396 0.517593 0.671875 0.518519 0.671875 0.520370 0.671354 0.521296 0.671354 0.522222 0.670833 0.523148 0.670833 0.525000 0.670312 0.525926 0.670312 0.526852 0.669792 0.527778 0.669792 0.528704 0.669271 0.529630 0.669271 0.531481 0.668750 0.532407 0.668750 0.533333 0.668229 0.534259 0.668229 0.536111 0.667708 0.537037 0.667708 0.537963 0.667188 0.538889 0.667188 0.540741 0.666667 0.541667 0.666667 0.542593 0.666146 0.543519 0.666146 0.545370 0.665625 0.546296 0.665625 0.547222 0.665104 0.548148 0.665104 0.549074 0.664583 0.550000 0.664583 0.551852 0.664062 0.552778 0.664062 0.553704 0.663542 0.554630 0.663542 0.556481 0.663021 0.557407 0.663021 0.558333 0.662500 0.559259 0.662500 0.561111 0.661979 0.562037 0.661979 0.562963 0.661458 0.563889 0.661458 0.565741 0.660937 0.566667 0.660937 0.567593 0.660417 0.568519 0.660417 0.569444 0.659896 0.570370 0.659896 0.572222 0.659375 0.573148 0.659375 0.574074 0.658854 0.575000 0.658854 0.576852 0.658333 0.577778 0.658333 0.578704 0.657813 0.579630 0.657813 0.581481 0.657292 0.582407 0.657292 0.583333 0.656771 0.584259 0.656771 0.586111 0.656250 0.587037 0.656250 0.587963 0.655729 0.588889 0.655729 0.590741 0.655208 0.591667 0.655208 0.592593 0.654687 0.593519 0.654687 0.594444 0.654167 0.595370 0.654167 0.597222 0.653646 0.598148 0.653646 0.599074 0.653125 0.600000 0.653125 0.601852 0.652604 0.602778 0.652604 0.603704 0.652083 0.604630 0.652083 0.606481 0.651563 0.607407 0.651563 0.608333 0.651042 0.609259 0.651042 0.611111 0.650521 0.612037 0.650521 0.612963 0.650000 0.613889 0.650000 0.614815 0.649479 0.615741 0.649479 0.617593 0.648958 0.618519 0.648958 0.619444 0.648438 0.620370 0.648438 0.622222 0.647917 0.623148 0.647917 0.624074 0.647396 0.625000 0.647396 0.626852 0.646875 0.627778 0.646875 0.628704 0.646354 0.629630 0.646354 0.630556 0.645833 0.631481 0.645833 0.632407 0.645312 0.633333 0.645312 0.634259 0.644792 0.635185 0.644792 0.637037 0.644271 0.637963 0.644271 0.638889 0.643750 0.639815 0.643750 0.641667 0.643229 0.642593 0.643229 0.643519 0.642708 0.644444 0.642708 0.646296 0.642188 0.647222 0.642188 0.648148 0.641667 0.649074 0.641667 0.650926 0.641146 0.651852 0.641146 0.652778 0.640625 0.653704 0.640625 0.654630 0.638542 0.658333 0.637500 0.658333 0.636979 0.659259 0.635938 0.659259 0.635417 0.660185 0.616146 0.660185 0.615625 0.659259 0.605208 0.659259 0.604688 0.658333 0.596354 0.658333 0.595833 0.657407 0.588542 0.657407 0.588021 0.656481 0.580729 0.656481 0.580208 0.655556 0.573958 0.655556 0.573438 0.654630 0.567708 0.654630 0.567187 0.653704 0.562500 0.653704 0.561979 0.652778 0.557813 0.652778 0.557292 0.651852 0.555208 0.651852 0.554688 0.652778 0.554688 0.653704 0.554167 0.654630 0.554167 0.655556 0.553646 0.656481 0.553646 0.657407 0.553125 0.658333 0.553125 0.659259 0.552604 0.660185 0.552604 0.661111 0.552083 0.662037 0.552083 0.662963 0.551562 0.663889 0.551562 0.664815 0.551042 0.665741 0.551042 0.666667 0.550521 0.667593 0.550521 0.675926 0.551042 0.676852 0.551042 0.678704 0.551562 0.679630 0.551562 0.680556 0.553125 0.683333 0.553646 0.683333 0.554167 0.684259 0.555208 0.684259 0.555729 0.685185 0.557292 0.685185 0.557813 0.686111 0.559896 0.686111 0.560417 0.687037 0.563542 0.687037 0.564063 0.687963 0.568229 0.687963 0.568750 0.688889 0.573958 0.688889 0.574479 0.689815 0.580208 0.689815 0.580729 0.690741 0.586979 0.690741 0.587500 0.691667 0.594271 0.691667 0.594792 0.692593 0.602604 0.692593 0.603125 0.693519 0.611458 0.693519 0.611979 0.694444 0.622396 0.694444 0.622917 0.695370 0.639062 0.695370 0.639583 0.694444 0.641146 0.694444 0.641667 0.693519 0.642708 0.693519 0.644792 0.689815 0.644792 0.688889 0.645312 0.687963 0.645312 0.686111 0.645833 0.685185 0.645833 0.684259 0.646354 0.683333 0.646354 0.681481 0.646875 0.680556 0.646875 0.679630 0.647396 0.678704 0.647396 0.676852 0.647917 0.675926 0.647917 0.675000 0.648438 0.674074 0.648438 0.672222 0.648958 0.671296 0.648958 0.669444 0.649479 0.668519 0.649479 0.667593 0.650000 0.666667 0.650000 0.664815 0.650521 0.663889 0.650521 0.662963 0.651042 0.662037 0.651042 0.660185 0.651563 0.659259 0.651563 0.658333 0.652083 0.657407 0.652083 0.655556 0.652604 0.654630 0.652604 0.653704 0.653125 0.652778 0.653125 0.650926 0.653646 0.650000 0.653646 0.649074 0.654167 0.648148 0.654167 0.646296 0.654687 0.645370 0.654687 0.643519 0.655208 0.642593 0.655208 0.641667 0.655729 0.640741 0.655729 0.638889 0.656250 0.637963 0.656250 0.637037 0.656771 0.636111 0.656771 0.634259 0.657292 0.633333 0.657292 0.632407 0.657813 0.631481 0.657813 0.629630 0.658333 0.628704 0.658333 0.627778 0.658854 0.626852 0.658854 0.625000 0.659375 0.624074 0.659375 0.623148 0.659896 0.622222 0.659896 0.620370 0.660417 0.619444 0.660417 0.617593 0.660937 0.616667 0.660937 0.615741 0.661458 0.614815 0.661458 0.612963 0.661979 0.612037 0.661979 0.611111 0.662500 0.610185 0.662500 0.608333 0.663021 0.607407 0.663021 0.606481 0.663542 0.605556 0.663542 0.603704 0.664062 0.602778 0.664062 0.601852 0.664583 0.600926 0.664583 0.599074 0.665104 0.598148 0.665104 0.597222 0.665625 0.596296 0.665625 0.594444 0.666146 0.593519 0.666146 0.591667 0.666667 0.590741 0.666667 0.589815 0.667188 0.588889 0.667188 0.587037 0.667708 0.586111 0.667708 0.585185 0.668229 0.584259 0.668229 0.582407 0.668750 0.581481 0.668750 0.580556 0.669271 0.579630 0.669271 0.577778 0.669792 0.576852 0.669792 0.575926 0.670312 0.575000 0.670312 0.573148 0.670833 0.572222 0.670833 0.571296 0.671354 0.570370 0.671354 0.568519 0.671875 0.567593 0.671875 0.565741 0.672396 0.564815 0.672396 0.563889 0.672917 0.562963 0.672917 0.561111 0.673438 0.560185 0.673438 0.559259 0.673958 0.558333 0.673958 0.556481 0.674479 0.555556 0.674479 0.554630 0.675000 0.553704 0.675000 0.551852 0.675521 0.550926 0.675521 0.550000 0.676042 0.549074 0.676042 0.547222 0.676562 0.546296 0.676562 0.545370 0.677083 0.544444 0.677083 0.542593 0.677604 0.541667 0.677604 0.539815 0.678125 0.538889 0.678125 0.537963 0.678646 0.537037 0.678646 0.535185 0.679167 0.534259 0.679167 0.533333 0.679688 0.532407 0.679688 0.530556 0.680208 0.529630 0.680208 0.528704 0.680729 0.527778 0.680729 0.525926 0.681250 0.525000 0.681250 0.524074 0.681771 0.523148 0.681771 0.521296 0.682292 0.520370 0.682292 0.519444 0.682813 0.518519 0.682813 0.516667 0.683333 0.515741 0.683333 0.513889 0.683854 0.512963 0.683854 0.512037 0.684375 0.511111 0.684375 0.509259 0.684896 0.508333 0.684896 0.507407 0.685417 0.506481 0.685417 0.504630 0.685937 0.503704 0.685937 0.502778 0.686458 0.501852 0.686458 0.500000 0.686979 0.499074 0.686979 0.498148 0.687500 0.497222 0.687500 0.495370 0.688021 0.494444 0.688021 0.493519 0.688542 0.492593 0.688542 0.490741 0.689063 0.489815 0.689063 0.487963 0.689583 0.487037 0.689583 0.486111 0.690104 0.485185 0.690104 0.483333 0.690625 0.482407 0.690625 0.481481 0.691146 0.480556 0.691146 0.478704 0.691667 0.477778 0.691667 0.476852 0.692187 0.475926 0.692187 0.474074 0.692708 0.473148 0.692708 0.472222 0.693229 0.471296 0.693229 0.469444 0.693750 0.468519 0.693750 0.467593 0.694271 0.466667 0.694271 0.464815 0.694792 0.463889 0.694792 0.462037 0.695312 0.461111 0.695312 0.460185 0.695833 0.459259 0.695833 0.457407 0.696354 0.456481 0.696354 0.455556 0.696875 0.454630 0.696875 0.452778 0.697396 0.451852 0.697396 0.450926 0.697917 0.450000 0.697917 0.448148 0.698438 0.447222 0.698438 0.446296 0.698958 0.445370 0.698958 0.443519 0.699479 0.442593 0.699479 0.441667 0.700000 0.440741 0.700000 0.438889 0.700521 0.437963 0.700521 0.436111 0.701042 0.435185 0.701042 0.434259 0.701562 0.433333 0.701562 0.431481 0.702083 0.430556 0.702083 0.429630 0.702604 0.428704 0.702604 0.426852 0.703125 0.425926 0.703125 0.425000 0.703646 0.424074 0.703646 0.422222 0.704167 0.421296 0.704167 0.420370 0.704688 0.419444 0.704688 0.417593 0.705208 0.416667 0.705208 0.415741 0.705729 0.414815 0.705729 0.412963 0.706250 0.412037 0.706250 0.410185 0.706771 0.409259 0.706771 0.408333 0.707292 0.407407 0.707292 0.405556 0.707812 0.404630 0.707812 0.403704 0.708333 0.402778 0.708333 0.400926 0.708854 0.400000 0.708854 0.399074 0.709375 0.398148 0.709375 0.396296 0.709896 0.395370 0.709896 0.387037 0.709375 0.386111 0.709375 0.385185 0.707812 0.382407 0.707292 0.382407 0.706771 0.381481 0.705729 0.381481 0.705208 0.380556
1 0.305729 0.606481 0.094792 0.033333 0.260937 0.589815 0.258854 0.593519 0.258854 0.595370 0.258333 0.596296 0.258333 0.603704 0.258854 0.604630 0.258854 0.606481 0.259375 0.607407 0.259375 0.608333 0.261458 0.612037 0.262500 0.612037 0.263021 0.612963 0.263542 0.612963 0.264062 0.613889 0.266146 0.613889 0.266667 0.614815 0.269271 0.614815 0.269792 0.615741 0.273958 0.615741 0.274479 0.616667 0.279167 0.616667 0.279687 0.617593 0.285417 0.617593 0.285938 0.618519 0.292187 0.618519 0.292708 0.619444 0.300000 0.619444 0.300521 0.620370 0.308333 0.620370 0.308854 0.621296 0.317188 0.621296 0.317708 0.622222 0.329167 0.622222 0.329688 0.623148 0.339583 0.623148 0.340104 0.622222 0.344271 0.622222 0.344792 0.621296 0.345833 0.621296 0.347396 0.618519 0.347396 0.612037 0.347917 0.611111 0.347917 0.609259 0.348438 0.608333 0.348438 0.607407 0.350521 0.603704 0.350521 0.602778 0.353125 0.598148 0.353125 0.596296 0.352604 0.595370 0.352604 0.593519 0.352083 0.592593 0.352083 0.589815 0.351042 0.591667 0.351042 0.592593 0.346875 0.600000 0.345833 0.600000 0.345313 0.600926 0.342187 0.600926 0.341667 0.601852 0.328646 0.601852 0.328125 0.600926 0.316667 0.600926 0.316146 0.600000 0.307292 0.600000 0.306771 0.599074 0.298958 0.599074 0.298438 0.598148 0.291146 0.598148 0.290625 0.597222 0.284896 0.597222 0.284375 0.596296 0.278125 0.596296 0.277604 0.595370 0.273438 0.595370 0.272917 0.594444 0.268750 0.594444 0.268229 0.593519 0.266146 0.593519 0.265625 0.592593 0.264062 0.592593 0.263542 0.591667 0.262500 0.591667 0.261979 0.590741 0.261458 0.590741
1 0.404167 0.603241 0.112500 0.071296 0.458854 0.567593 0.457813 0.569444 0.457813 0.570370 0.456771 0.572222 0.456771 0.573148 0.455729 0.575000 0.455729 0.575926 0.454688 0.577778 0.454688 0.578704 0.453125 0.581481 0.453125 0.582407 0.452083 0.584259 0.452083 0.585185 0.451042 0.587037 0.451042 0.587963 0.449479 0.590741 0.449479 0.591667 0.448437 0.593519 0.448437 0.594444 0.447396 0.596296 0.447396 0.597222 0.446354 0.599074 0.446354 0.600000 0.444792 0.602778 0.444792 0.603704 0.442188 0.608333 0.441667 0.608333 0.441146 0.609259 0.440104 0.609259 0.439583 0.610185 0.417708 0.610185 0.417187 0.609259 0.407292 0.609259 0.406771 0.608333 0.397917 0.608333 0.397396 0.607407 0.390104 0.607407 0.389583 0.606481 0.382812 0.606481 0.382292 0.605556 0.376563 0.605556 0.376042 0.604630 0.370312 0.604630 0.369792 0.603704 0.365625 0.603704 0.365104 0.602778 0.361979 0.602778 0.361458 0.601852 0.359375 0.601852 0.358854 0.600926 0.357292 0.600926 0.356771 0.600000 0.355729 0.600000 0.355208 0.599074 0.354687 0.599074 0.353646 0.597222 0.353646 0.598148 0.351042 0.602778 0.351042 0.603704 0.348958 0.607407 0.348958 0.608333 0.348438 0.609259 0.348438 0.611111 0.347917 0.612037 0.347917 0.620370 0.348438 0.621296 0.348438 0.622222 0.348958 0.623148 0.348958 0.624074 0.350521 0.626852 0.351042 0.626852 0.351562 0.627778 0.352083 0.627778 0.352604 0.628704 0.353646 0.628704 0.354167 0.629630 0.356250 0.629630 0.356771 0.630556 0.359375 0.630556 0.359896 0.631481 0.364583 0.631481 0.365104 0.632407 0.369792 0.632407 0.370312 0.633333 0.376042 0.633333 0.376563 0.634259 0.382812 0.634259 0.383333 0.635185 0.390625 0.635185 0.391146 0.636111 0.398958 0.636111 0.399479 0.637037 0.408333 0.637037 0.408854 0.637963 0.419792 0.637963 0.420312 0.638889 0.431250 0.638889 0.431771 0.637963 0.435417 0.637963 0.435937 0.637037 0.436979 0.637037 0.437500 0.636111 0.438021 0.636111 0.439063 0.634259 0.439063 0.633333 0.440104 0.631481 0.440104 0.630556 0.441146 0.628704 0.441146 0.627778 0.442188 0.625926 0.442188 0.625000 0.443750 0.622222 0.443750 0.621296 0.444792 0.619444 0.444792 0.618519 0.445833 0.616667 0.445833 0.615741 0.446875 0.613889 0.446875 0.612963 0.447917 0.611111 0.447917 0.610185 0.448958 0.608333 0.448958 0.607407 0.450521 0.604630 0.450521 0.603704 0.451562 0.601852 0.451562 0.600926 0.452604 0.599074 0.452604 0.598148 0.453646 0.596296 0.453646 0.595370 0.454688 0.593519 0.454688 0.592593 0.455208 0.591667 0.454688 0.590741 0.455208 0.589815 0.455208 0.585185 0.455729 0.584259 0.455729 0.583333 0.456250 0.582407 0.456250 0.581481 0.457292 0.579630 0.457292 0.578704 0.458333 0.576852 0.458333 0.575926 0.459375 0.574074 0.459375 0.573148 0.460417 0.571296 0.460417 0.570370
1 0.505208 0.609722 0.110417 0.076852 0.559896 0.571296 0.559896 0.572222 0.558854 0.574074 0.558854 0.575000 0.558333 0.575926 0.558333 0.576852 0.557813 0.577778 0.557813 0.578704 0.557292 0.579630 0.557292 0.580556 0.556250 0.582407 0.556250 0.583333 0.555729 0.584259 0.555729 0.585185 0.555208 0.586111 0.555208 0.587037 0.554688 0.587963 0.554688 0.588889 0.554167 0.589815 0.554167 0.590741 0.553125 0.592593 0.553125 0.593519 0.552604 0.594444 0.552604 0.595370 0.552083 0.596296 0.552083 0.597222 0.551562 0.598148 0.551562 0.599074 0.550521 0.600926 0.550521 0.601852 0.550000 0.602778 0.550000 0.603704 0.549479 0.604630 0.549479 0.605556 0.548958 0.606481 0.548958 0.607407 0.546354 0.612037 0.545312 0.612037 0.544792 0.612963 0.543229 0.612963 0.542708 0.613889 0.524479 0.613889 0.523958 0.612963 0.513021 0.612963 0.512500 0.612037 0.503646 0.612037 0.503125 0.611111 0.495833 0.611111 0.495312 0.610185 0.488021 0.610185 0.487500 0.609259 0.481250 0.609259 0.480729 0.608333 0.475000 0.608333 0.474479 0.607407 0.470313 0.607407 0.469792 0.606481 0.466146 0.606481 0.465625 0.605556 0.463021 0.605556 0.462500 0.604630 0.460938 0.604630 0.460417 0.603704 0.459375 0.603704 0.458854 0.602778 0.458333 0.602778 0.457813 0.601852 0.457292 0.601852 0.456771 0.602778 0.456771 0.603704 0.455729 0.605556 0.455729 0.606481 0.454688 0.608333 0.454688 0.609259 0.453646 0.611111 0.453646 0.612037 0.452604 0.613889 0.452604 0.614815 0.451562 0.616667 0.451562 0.617593 0.451042 0.618519 0.451042 0.619444 0.450521 0.620370 0.450521 0.625000 0.450000 0.625926 0.450521 0.626852 0.450521 0.630556 0.451042 0.631481 0.451042 0.633333 0.453125 0.637037 0.453646 0.637037 0.454167 0.637963 0.455208 0.637963 0.455729 0.638889 0.457292 0.638889 0.457813 0.639815 0.459896 0.639815 0.460417 0.640741 0.464062 0.640741 0.464583 0.641667 0.468750 0.641667 0.469271 0.642593 0.475000 0.642593 0.475521 0.643519 0.481771 0.643519 0.482292 0.644444 0.489063 0.644444 0.489583 0.645370 0.496875 0.645370 0.497396 0.646296 0.505729 0.646296 0.506250 0.647222 0.516146 0.647222 0.516667 0.648148 0.538542 0.648148 0.539062 0.647222 0.540104 0.647222 0.540625 0.646296 0.541146 0.646296 0.542188 0.644444 0.542708 0.644444 0.542708 0.643519 0.543229 0.642593 0.543229 0.641667 0.543750 0.640741 0.543750 0.639815 0.544792 0.637963 0.544792 0.637037 0.545312 0.636111 0.545312 0.635185 0.545833 0.634259 0.545833 0.631481 0.546354 0.630556 0.546354 0.628704 0.546875 0.627778 0.546875 0.626852 0.547917 0.625000 0.547917 0.624074 0.548438 0.623148 0.548438 0.622222 0.548958 0.621296 0.548958 0.620370 0.549479 0.619444 0.549479 0.618519 0.550000 0.617593 0.550000 0.616667 0.551042 0.614815 0.551042 0.607407 0.551562 0.606481 0.551562 0.604630 0.552083 0.603704 0.552083 0.601852 0.552604 0.600926 0.552604 0.600000 0.553646 0.598148 0.553646 0.597222 0.554167 0.596296 0.554167 0.595370 0.554688 0.594444 0.554688 0.593519 0.555208 0.592593 0.555208 0.591667 0.555729 0.590741 0.555729 0.589815 0.556771 0.587963 0.556771 0.587037 0.557292 0.586111 0.557292 0.585185 0.557813 0.584259 0.557813 0.583333 0.558333 0.582407 0.558333 0.581481 0.558854 0.580556 0.558854 0.579630 0.559896 0.577778 0.559896 0.576852 0.560417 0.575926 0.559896 0.575000
1 0.307812 0.580556 0.098958 0.040741 0.265104 0.560185 0.259375 0.570370 0.259375 0.571296 0.258854 0.572222 0.258854 0.573148 0.258333 0.574074 0.258333 0.580556 0.258854 0.581481 0.258854 0.584259 0.259375 0.585185 0.259375 0.586111 0.261458 0.589815 0.261979 0.589815 0.262500 0.590741 0.263542 0.590741 0.264062 0.591667 0.265625 0.591667 0.266146 0.592593 0.268229 0.592593 0.268750 0.593519 0.272917 0.593519 0.273438 0.594444 0.277604 0.594444 0.278125 0.595370 0.284375 0.595370 0.284896 0.596296 0.290625 0.596296 0.291146 0.597222 0.298438 0.597222 0.298958 0.598148 0.306771 0.598148 0.307292 0.599074 0.316146 0.599074 0.316667 0.600000 0.328125 0.600000 0.328646 0.600926 0.341667 0.600926 0.342187 0.600000 0.345313 0.600000 0.345833 0.599074 0.346875 0.599074 0.350521 0.592593 0.350521 0.591667 0.351562 0.589815 0.351562 0.583333 0.352083 0.582407 0.352083 0.580556 0.352604 0.579630 0.352604 0.578704 0.355208 0.574074 0.355208 0.573148 0.357292 0.569444 0.357292 0.568519 0.355729 0.565741 0.355729 0.563889 0.355208 0.562963 0.355208 0.562037 0.355208 0.562963 0.351042 0.570370 0.349479 0.570370 0.348958 0.571296 0.344271 0.571296 0.343750 0.572222 0.337500 0.572222 0.336979 0.571296 0.322917 0.571296 0.322396 0.570370 0.313021 0.570370 0.312500 0.569444 0.304688 0.569444 0.304167 0.568519 0.296354 0.568519 0.295833 0.567593 0.289583 0.567593 0.289062 0.566667 0.282813 0.566667 0.282292 0.565741 0.278125 0.565741 0.277604 0.564815 0.273438 0.564815 0.272917 0.563889 0.270313 0.563889 0.269792 0.562963 0.267708 0.562963 0.267188 0.562037 0.266667 0.562037 0.266146 0.561111 0.265625 0.561111
1 0.406510 0.577315 0.108854 0.063889 0.460417 0.545370 0.459896 0.546296 0.459896 0.547222 0.458854 0.549074 0.458854 0.550000 0.457292 0.552778 0.457292 0.553704 0.456250 0.555556 0.456250 0.556481 0.454688 0.559259 0.454688 0.560185 0.453646 0.562037 0.453646 0.562963 0.452604 0.564815 0.452604 0.565741 0.451042 0.568519 0.451042 0.569444 0.450000 0.571296 0.450000 0.572222 0.448958 0.574074 0.448958 0.575000 0.446354 0.579630 0.445833 0.579630 0.445312 0.580556 0.444271 0.580556 0.443750 0.581481 0.439583 0.581481 0.439063 0.582407 0.430208 0.582407 0.429688 0.581481 0.417187 0.581481 0.416667 0.580556 0.407292 0.580556 0.406771 0.579630 0.398438 0.579630 0.397917 0.578704 0.390625 0.578704 0.390104 0.577778 0.383854 0.577778 0.383333 0.576852 0.377083 0.576852 0.376563 0.575926 0.371875 0.575926 0.371354 0.575000 0.367188 0.575000 0.366667 0.574074 0.364063 0.574074 0.363542 0.573148 0.361458 0.573148 0.360938 0.572222 0.359896 0.572222 0.359375 0.571296 0.358854 0.571296 0.358333 0.570370 0.357292 0.570370 0.355729 0.573148 0.355729 0.574074 0.353125 0.578704 0.353125 0.579630 0.352604 0.580556 0.352604 0.582407 0.352083 0.583333 0.352083 0.588889 0.352604 0.589815 0.352604 0.592593 0.353125 0.593519 0.353125 0.595370 0.354687 0.598148 0.355208 0.598148 0.355729 0.599074 0.356771 0.599074 0.357292 0.600000 0.358854 0.600000 0.359375 0.600926 0.361458 0.600926 0.361979 0.601852 0.365104 0.601852 0.365625 0.602778 0.369792 0.602778 0.370312 0.603704 0.376042 0.603704 0.376563 0.604630 0.382292 0.604630 0.382812 0.605556 0.389583 0.605556 0.390104 0.606481 0.397396 0.606481 0.397917 0.607407 0.406771 0.607407 0.407292 0.608333 0.417187 0.608333 0.417708 0.609259 0.439583 0.609259 0.440104 0.608333 0.441146 0.608333 0.441667 0.607407 0.442188 0.607407 0.444271 0.603704 0.444271 0.602778 0.445833 0.600000 0.445833 0.599074 0.446875 0.597222 0.446875 0.596296 0.447917 0.594444 0.447917 0.593519 0.448958 0.591667 0.448958 0.590741 0.450521 0.587963 0.450521 0.587037 0.451562 0.585185 0.451562 0.584259 0.452604 0.582407 0.452604 0.581481 0.454167 0.578704 0.454167 0.577778 0.455208 0.575926 0.455208 0.575000 0.456250 0.573148 0.456250 0.572222 0.457292 0.570370 0.457292 0.569444 0.458854 0.566667 0.458854 0.565741 0.458333 0.564815 0.458333 0.562963 0.457813 0.562037 0.457813 0.555556 0.458333 0.554630 0.458333 0.552778 0.458854 0.551852 0.458854 0.550926 0.459896 0.549074 0.459896 0.548148 0.460938 0.546296
1 0.509115 0.582870 0.107813 0.060185 0.559375 0.552778 0.558854 0.553704 0.558854 0.554630 0.558333 0.555556 0.558333 0.556481 0.557292 0.558333 0.557292 0.559259 0.556771 0.560185 0.556771 0.561111 0.556250 0.562037 0.556250 0.562963 0.555729 0.563889 0.555729 0.564815 0.554688 0.566667 0.554688 0.567593 0.554167 0.568519 0.554167 0.569444 0.553646 0.570370 0.553646 0.571296 0.552604 0.573148 0.552604 0.574074 0.552083 0.575000 0.552083 0.575926 0.549479 0.580556 0.548438 0.580556 0.547917 0.581481 0.545833 0.581481 0.545312 0.582407 0.527604 0.582407 0.527083 0.581481 0.516146 0.581481 0.515625 0.580556 0.506250 0.580556 0.505729 0.579630 0.497917 0.579630 0.497396 0.578704 0.490104 0.578704 0.489583 0.577778 0.483333 0.577778 0.482812 0.576852 0.477083 0.576852 0.476562 0.575926 0.472396 0.575926 0.471875 0.575000 0.468229 0.575000 0.467708 0.574074 0.465625 0.574074 0.465104 0.573148 0.463542 0.573148 0.463021 0.572222 0.462500 0.572222 0.461979 0.571296 0.460938 0.571296 0.459896 0.573148 0.459896 0.574074 0.458854 0.575926 0.458854 0.576852 0.457813 0.578704 0.457813 0.579630 0.456771 0.581481 0.456771 0.582407 0.456250 0.583333 0.456250 0.584259 0.455729 0.585185 0.455729 0.589815 0.455208 0.590741 0.455729 0.591667 0.455729 0.595370 0.456250 0.596296 0.456250 0.598148 0.458333 0.601852 0.458854 0.601852 0.459375 0.602778 0.460417 0.602778 0.460938 0.603704 0.462500 0.603704 0.463021 0.604630 0.465625 0.604630 0.466146 0.605556 0.469792 0.605556 0.470313 0.606481 0.474479 0.606481 0.475000 0.607407 0.480729 0.607407 0.481250 0.608333 0.487500 0.608333 0.488021 0.609259 0.495312 0.609259 0.495833 0.610185 0.503125 0.610185 0.503646 0.611111 0.512500 0.611111 0.513021 0.612037 0.523958 0.612037 0.524479 0.612963 0.542708 0.612963 0.543229 0.612037 0.544792 0.612037 0.545312 0.611111 0.546354 0.611111 0.548438 0.607407 0.548438 0.606481 0.548958 0.605556 0.548958 0.604630 0.549479 0.603704 0.549479 0.602778 0.550000 0.601852 0.550000 0.600926 0.551042 0.599074 0.551042 0.598148 0.551562 0.597222 0.551562 0.596296 0.552083 0.595370 0.552083 0.594444 0.552604 0.593519 0.552604 0.592593 0.553646 0.590741 0.553646 0.589815 0.554167 0.588889 0.554167 0.587963 0.554688 0.587037 0.554688 0.586111 0.555208 0.585185 0.555208 0.584259 0.555729 0.583333 0.555729 0.582407 0.556771 0.580556 0.556771 0.579630 0.557292 0.578704 0.557292 0.577778 0.557813 0.576852 0.557813 0.575926 0.558333 0.575000 0.558333 0.574074 0.559375 0.572222 0.559375 0.571296 0.559896 0.570370 0.559896 0.566667 0.560417 0.565741 0.560417 0.564815 0.560937 0.563889 0.560937 0.562037 0.561979 0.560185 0.561979 0.559259 0.562500 0.558333 0.562500 0.557407 0.563021 0.556481 0.563021 0.555556 0.562500 0.554630 0.561458 0.554630 0.560937 0.553704 0.559896 0.553704
1 0.631771 0.487963 0.160417 0.290741 0.707292 0.362963 0.707292 0.363889 0.706771 0.364815 0.706771 0.365741 0.706250 0.366667 0.706250 0.368519 0.705729 0.369444 0.705729 0.370370 0.705208 0.371296 0.705208 0.373148 0.704688 0.374074 0.704688 0.375000 0.704167 0.375926 0.704167 0.377778 0.703646 0.378704 0.703646 0.379630 0.703125 0.380556 0.703125 0.382407 0.702604 0.383333 0.702604 0.384259 0.702083 0.385185 0.702083 0.386111 0.701562 0.387037 0.701562 0.388889 0.701042 0.389815 0.701042 0.390741 0.700521 0.391667 0.700521 0.393519 0.700000 0.394444 0.700000 0.395370 0.699479 0.396296 0.699479 0.398148 0.698958 0.399074 0.698958 0.400000 0.698438 0.400926 0.698438 0.402778 0.697917 0.403704 0.697917 0.404630 0.697396 0.405556 0.697396 0.406481 0.696875 0.407407 0.696875 0.409259 0.696354 0.410185 0.696354 0.411111 0.695833 0.412037 0.695833 0.413889 0.695312 0.414815 0.695312 0.415741 0.694792 0.416667 0.694792 0.418519 0.694271 0.419444 0.694271 0.420370 0.693750 0.421296 0.693750 0.422222 0.693229 0.423148 0.693229 0.425000 0.692708 0.425926 0.692708 0.426852 0.692187 0.427778 0.692187 0.429630 0.691667 0.430556 0.691667 0.431481 0.691146 0.432407 0.691146 0.434259 0.690625 0.435185 0.690625 0.436111 0.690104 0.437037 0.690104 0.438889 0.689583 0.439815 0.689583 0.440741 0.689063 0.441667 0.689063 0.442593 0.688542 0.443519 0.688542 0.445370 0.688021 0.446296 0.688021 0.447222 0.687500 0.448148 0.687500 0.450000 0.686979 0.450926 0.686979 0.451852 0.686458 0.452778 0.686458 0.454630 0.685937 0.455556 0.685937 0.456481 0.685417 0.457407 0.685417 0.459259 0.684896 0.460185 0.684896 0.461111 0.684375 0.462037 0.684375 0.462963 0.683854 0.463889 0.683854 0.465741 0.683333 0.466667 0.683333 0.467593 0.682813 0.468519 0.682813 0.470370 0.682292 0.471296 0.682292 0.472222 0.681771 0.473148 0.681771 0.475000 0.681250 0.475926 0.681250 0.476852 0.680729 0.477778 0.680729 0.479630 0.680208 0.480556 0.680208 0.481481 0.679688 0.482407 0.679688 0.483333 0.679167 0.484259 0.679167 0.486111 0.678646 0.487037 0.678646 0.487963 0.678125 0.488889 0.678125 0.490741 0.677604 0.491667 0.677604 0.492593 0.677083 0.493519 0.677083 0.495370 0.676562 0.496296 0.676562 0.497222 0.676042 0.498148 0.676042 0.499074 0.675521 0.500000 0.675521 0.501852 0.675000 0.502778 0.675000 0.503704 0.674479 0.504630 0.674479 0.506481 0.673958 0.507407 0.673958 0.508333 0.673438 0.509259 0.673438 0.511111 0.672917 0.512037 0.672917 0.512963 0.672396 0.513889 0.672396 0.515741 0.671875 0.516667 0.671875 0.517593 0.671354 0.518519 0.671354 0.519444 0.670833 0.520370 0.670833 0.522222 0.670312 0.523148 0.670312 0.524074 0.669792 0.525000 0.669792 0.526852 0.669271 0.527778 0.669271 0.528704 0.668750 0.529630 0.668750 0.531481 0.668229 0.532407 0.668229 0.533333 0.667708 0.534259 0.667708 0.536111 0.667188 0.537037 0.667188 0.537963 0.666667 0.538889 0.666667 0.539815 0.666146 0.540741 0.666146 0.542593 0.665625 0.543519 0.665625 0.544444 0.665104 0.545370 0.665104 0.547222 0.664583 0.548148 0.664583 0.549074 0.664062 0.550000 0.664062 0.551852 0.663542 0.552778 0.663542 0.553704 0.663021 0.554630 0.663021 0.555556 0.662500 0.556481 0.662500 0.558333 0.661979 0.559259 0.661979 0.560185 0.661458 0.561111 0.661458 0.562963 0.660937 0.563889 0.660937 0.564815 0.660417 0.565741 0.660417 0.567593 0.659896 0.568519 0.659896 0.569444 0.659375 0.570370 0.659375 0.572222 0.658854 0.573148 0.658854 0.574074 0.658333 0.575000 0.658333 0.575926 0.657813 0.576852 0.657813 0.578704 0.657292 0.579630 0.657292 0.580556 0.656771 0.581481 0.656771 0.583333 0.656250 0.584259 0.656250 0.585185 0.655729 0.586111 0.655729 0.587037 0.655208 0.587963 0.655208 0.588889 0.653125 0.592593 0.651563 0.592593 0.651042 0.593519 0.648438 0.593519 0.647917 0.594444 0.632812 0.594444 0.632292 0.593519 0.620833 0.593519 0.620313 0.592593 0.610938 0.592593 0.610417 0.591667 0.602604 0.591667 0.602083 0.590741 0.594792 0.590741 0.594271 0.589815 0.588021 0.589815 0.587500 0.588889 0.581250 0.588889 0.580729 0.587963 0.576042 0.587963 0.575521 0.587037 0.571354 0.587037 0.570833 0.586111 0.568750 0.586111 0.568229 0.585185 0.566146 0.585185 0.565625 0.584259 0.564583 0.584259 0.564063 0.583333 0.563542 0.583333 0.563021 0.582407 0.562500 0.582407 0.561458 0.580556 0.561458 0.579630 0.560417 0.577778 0.560417 0.576852 0.560417 0.577778 0.559375 0.579630 0.559375 0.580556 0.558854 0.581481 0.558854 0.582407 0.558333 0.583333 0.558333 0.584259 0.557813 0.585185 0.557813 0.586111 0.557292 0.587037 0.557292 0.587963 0.556250 0.589815 0.556250 0.590741 0.555729 0.591667 0.555729 0.592593 0.555208 0.593519 0.555208 0.594444 0.554688 0.595370 0.554688 0.596296 0.554167 0.597222 0.554167 0.598148 0.553125 0.600000 0.553125 0.600926 0.552604 0.601852 0.552604 0.603704 0.552083 0.604630 0.552083 0.606481 0.551562 0.607407 0.551562 0.612963 0.552083 0.613889 0.552083 0.616667 0.552604 0.617593 0.552604 0.618519 0.554167 0.621296 0.554688 0.621296 0.555208 0.622222 0.556250 0.622222 0.556771 0.623148 0.557813 0.623148 0.558333 0.624074 0.560417 0.624074 0.560937 0.625000 0.564063 0.625000 0.564583 0.625926 0.568750 0.625926 0.569271 0.626852 0.574479 0.626852 0.575000 0.627778 0.580729 0.627778 0.581250 0.628704 0.588021 0.628704 0.588542 0.629630 0.595833 0.629630 0.596354 0.630556 0.604167 0.630556 0.604688 0.631481 0.613542 0.631481 0.614062 0.632407 0.625521 0.632407 0.626042 0.633333 0.638542 0.633333 0.639062 0.632407 0.642708 0.632407 0.643229 0.631481 0.644271 0.631481 0.645312 0.629630 0.645833 0.629630 0.646354 0.628704 0.646354 0.627778 0.646875 0.626852 0.646875 0.625000 0.647396 0.624074 0.647396 0.623148 0.647917 0.622222 0.647917 0.620370 0.648438 0.619444 0.648438 0.618519 0.648958 0.617593 0.648958 0.615741 0.649479 0.614815 0.649479 0.613889 0.650000 0.612963 0.650000 0.612037 0.650521 0.611111 0.650521 0.609259 0.651042 0.608333 0.651042 0.607407 0.651563 0.606481 0.651563 0.604630 0.652083 0.603704 0.652083 0.602778 0.652604 0.601852 0.652604 0.600000 0.653125 0.599074 0.653125 0.598148 0.653646 0.597222 0.653646 0.595370 0.654167 0.594444 0.654167 0.593519 0.654687 0.592593 0.654687 0.591667 0.655208 0.590741 0.655208 0.588889 0.655729 0.587963 0.655729 0.587037 0.656250 0.586111 0.656250 0.584259 0.656771 0.583333 0.656771 0.582407 0.657292 0.581481 0.657292 0.579630 0.657813 0.578704 0.657813 0.577778 0.658333 0.576852 0.658333 0.575000 0.658854 0.574074 0.658854 0.573148 0.659375 0.572222 0.659375 0.570370 0.659896 0.569444 0.659896 0.568519 0.660417 0.567593 0.660417 0.566667 0.660937 0.565741 0.660937 0.563889 0.661458 0.562963 0.661458 0.562037 0.661979 0.561111 0.661979 0.559259 0.662500 0.558333 0.662500 0.557407 0.663021 0.556481 0.663021 0.554630 0.663542 0.553704 0.663542 0.552778 0.664062 0.551852 0.664062 0.550000 0.664583 0.549074 0.664583 0.548148 0.665104 0.547222 0.665104 0.546296 0.665625 0.545370 0.665625 0.543519 0.666146 0.542593 0.666146 0.541667 0.666667 0.540741 0.666667 0.538889 0.667188 0.537963 0.667188 0.537037 0.667708 0.536111 0.667708 0.534259 0.668229 0.533333 0.668229 0.532407 0.668750 0.531481 0.668750 0.529630 0.669271 0.528704 0.669271 0.527778 0.669792 0.526852 0.669792 0.525926 0.670312 0.525000 0.670312 0.523148 0.670833 0.522222 0.670833 0.521296 0.671354 0.520370 0.671354 0.518519 0.671875 0.517593 0.671875 0.516667 0.672396 0.515741 0.672396 0.513889 0.672917 0.512963 0.672917 0.512037 0.673438 0.511111 0.673438 0.509259 0.673958 0.508333 0.673958 0.507407 0.674479 0.506481 0.674479 0.505556 0.675000 0.504630 0.675000 0.502778 0.675521 0.501852 0.675521 0.500926 0.676042 0.500000 0.676042 0.498148 0.676562 0.497222 0.676562 0.496296 0.677083 0.495370 0.677083 0.493519 0.677604 0.492593 0.677604 0.491667 0.678125 0.490741 0.678125 0.488889 0.678646 0.487963 0.678646 0.487037 0.679167 0.486111 0.679167 0.485185 0.679688 0.484259 0.679688 0.482407 0.680208 0.481481 0.680208 0.480556 0.680729 0.479630 0.680729 0.477778 0.681250 0.476852 0.681250 0.475926 0.681771 0.475000 0.681771 0.473148 0.682292 0.472222 0.682292 0.471296 0.682813 0.470370 0.682813 0.468519 0.683333 0.467593 0.683333 0.466667 0.683854 0.465741 0.683854 0.464815 0.684375 0.463889 0.684375 0.462037 0.684896 0.461111 0.684896 0.460185 0.685417 0.459259 0.685417 0.457407 0.685937 0.456481 0.685937 0.455556 0.686458 0.454630 0.686458 0.452778 0.686979 0.451852 0.686979 0.450926 0.687500 0.450000 0.687500 0.448148 0.688021 0.447222 0.688021 0.446296 0.688542 0.445370 0.688542 0.444444 0.689063 0.443519 0.689063 0.441667 0.689583 0.440741 0.689583 0.439815 0.690104 0.438889 0.690104 0.437037 0.690625 0.436111 0.690625 0.435185 0.691146 0.434259 0.691146 0.432407 0.691667 0.431481 0.691667 0.430556 0.692187 0.429630 0.692187 0.427778 0.692708 0.426852 0.692708 0.425926 0.693229 0.425000 0.693229 0.424074 0.693750 0.423148 0.693750 0.421296 0.694271 0.420370 0.694271 0.419444 0.694792 0.418519 0.694792 0.416667 0.695312 0.415741 0.695312 0.414815 0.695833 0.413889 0.695833 0.412037 0.696354 0.411111 0.696354 0.410185 0.696875 0.409259 0.696875 0.407407 0.697396 0.406481 0.697396 0.405556 0.697917 0.404630 0.697917 0.403704 0.698438 0.402778 0.698438 0.400926 0.698958 0.400000 0.698958 0.399074 0.699479 0.398148 0.699479 0.396296 0.700000 0.395370 0.700000 0.394444 0.700521 0.393519 0.700521 0.391667 0.701042 0.390741 0.701042 0.389815 0.701562 0.388889 0.701562 0.387037 0.702083 0.386111 0.702083 0.385185 0.702604 0.384259 0.702604 0.383333 0.703125 0.382407 0.703125 0.380556 0.703646 0.379630 0.703646 0.378704 0.704167 0.377778 0.704167 0.375926 0.704688 0.375000 0.704688 0.374074 0.705208 0.373148 0.705208 0.371296 0.705729 0.370370 0.705729 0.369444 0.706250 0.368519 0.706250 0.366667 0.706771 0.365741 0.706771 0.364815 0.707292 0.363889
1 0.313281 0.546759 0.101562 0.049074 0.353125 0.522222 0.351562 0.525000 0.351562 0.525926 0.350000 0.528704 0.349479 0.528704 0.348958 0.529630 0.347917 0.529630 0.347396 0.530556 0.343750 0.530556 0.343229 0.531481 0.331250 0.531481 0.330729 0.530556 0.318229 0.530556 0.317708 0.529630 0.308333 0.529630 0.307812 0.528704 0.300000 0.528704 0.299479 0.527778 0.292187 0.527778 0.291667 0.526852 0.285417 0.526852 0.284896 0.525926 0.279167 0.525926 0.278646 0.525000 0.273958 0.525000 0.273438 0.524074 0.272396 0.524074 0.263021 0.540741 0.263021 0.542593 0.262500 0.543519 0.262500 0.552778 0.263021 0.553704 0.263021 0.555556 0.263542 0.556481 0.263542 0.557407 0.264583 0.559259 0.265104 0.559259 0.265625 0.560185 0.266146 0.560185 0.266667 0.561111 0.267188 0.561111 0.267708 0.562037 0.269792 0.562037 0.270313 0.562963 0.272917 0.562963 0.273438 0.563889 0.277604 0.563889 0.278125 0.564815 0.282292 0.564815 0.282813 0.565741 0.289062 0.565741 0.289583 0.566667 0.295833 0.566667 0.296354 0.567593 0.304167 0.567593 0.304688 0.568519 0.312500 0.568519 0.313021 0.569444 0.322396 0.569444 0.322917 0.570370 0.336979 0.570370 0.337500 0.571296 0.343750 0.571296 0.344271 0.570370 0.348958 0.570370 0.349479 0.569444 0.351042 0.569444 0.354687 0.562963 0.354687 0.562037 0.355208 0.561111 0.355208 0.553704 0.355729 0.552778 0.355729 0.551852 0.356250 0.550926 0.356250 0.550000 0.358333 0.546296 0.358333 0.545370 0.361458 0.539815 0.361458 0.538889 0.364063 0.534259 0.363542 0.534259 0.363021 0.533333 0.360417 0.533333 0.359896 0.532407 0.358854 0.532407 0.358333 0.531481 0.357292 0.531481 0.356771 0.530556 0.356250 0.530556 0.354167 0.526852 0.354167 0.525926 0.353646 0.525000 0.353646 0.524074 0.353125 0.523148
1 0.407813 0.547685 0.104167 0.067593 0.454688 0.513889 0.453646 0.515741 0.453646 0.516667 0.452604 0.518519 0.452604 0.519444 0.451042 0.522222 0.451042 0.523148 0.449479 0.525926 0.449479 0.526852 0.448437 0.528704 0.448437 0.529630 0.446875 0.532407 0.446875 0.533333 0.443229 0.539815 0.442188 0.539815 0.441667 0.540741 0.438542 0.540741 0.438021 0.541667 0.423958 0.541667 0.423438 0.540741 0.411458 0.540741 0.410938 0.539815 0.402083 0.539815 0.401562 0.538889 0.393229 0.538889 0.392708 0.537963 0.385417 0.537963 0.384896 0.537037 0.378646 0.537037 0.378125 0.536111 0.372396 0.536111 0.371875 0.535185 0.367188 0.535185 0.366667 0.534259 0.364583 0.534259 0.361979 0.538889 0.361979 0.539815 0.358854 0.545370 0.358854 0.546296 0.356771 0.550000 0.356771 0.550926 0.356250 0.551852 0.356250 0.552778 0.355729 0.553704 0.355729 0.562963 0.356250 0.563889 0.356250 0.565741 0.357812 0.568519 0.357812 0.569444 0.358333 0.569444 0.358854 0.570370 0.359375 0.570370 0.359896 0.571296 0.360938 0.571296 0.361458 0.572222 0.363542 0.572222 0.364063 0.573148 0.366667 0.573148 0.367188 0.574074 0.371354 0.574074 0.371875 0.575000 0.376563 0.575000 0.377083 0.575926 0.383333 0.575926 0.383854 0.576852 0.390104 0.576852 0.390625 0.577778 0.397917 0.577778 0.398438 0.578704 0.406771 0.578704 0.407292 0.579630 0.416667 0.579630 0.417187 0.580556 0.429688 0.580556 0.430208 0.581481 0.439063 0.581481 0.439583 0.580556 0.443750 0.580556 0.444271 0.579630 0.445312 0.579630 0.445833 0.578704 0.446354 0.578704 0.448437 0.575000 0.448437 0.574074 0.449479 0.572222 0.449479 0.571296 0.450521 0.569444 0.450521 0.568519 0.452083 0.565741 0.452083 0.564815 0.453125 0.562963 0.453125 0.562037 0.454167 0.560185 0.454167 0.559259 0.455729 0.556481 0.455729 0.555556 0.456771 0.553704 0.456771 0.552778 0.458333 0.550000 0.458333 0.549074 0.459375 0.547222 0.459375 0.546296 0.459896 0.545370 0.458333 0.545370 0.457813 0.544444 0.456771 0.544444 0.456250 0.543519 0.455729 0.543519 0.453125 0.538889 0.453125 0.537963 0.452604 0.537037 0.452604 0.535185 0.452083 0.534259 0.452083 0.526852 0.452604 0.525926 0.452604 0.524074 0.453125 0.523148 0.453125 0.522222 0.454688 0.519444 0.454688 0.518519 0.456250 0.515741 0.455208 0.513889
1 0.508594 0.552778 0.100521 0.057407 0.554167 0.524074 0.554167 0.525000 0.553646 0.525926 0.553646 0.526852 0.552604 0.528704 0.552604 0.529630 0.552083 0.530556 0.552083 0.531481 0.551562 0.532407 0.551562 0.533333 0.550521 0.535185 0.550521 0.536111 0.550000 0.537037 0.550000 0.537963 0.549479 0.538889 0.549479 0.539815 0.548438 0.541667 0.548438 0.542593 0.547917 0.543519 0.547917 0.544444 0.546875 0.546296 0.546875 0.547222 0.546354 0.548148 0.546354 0.549074 0.545312 0.550926 0.544792 0.550926 0.544271 0.551852 0.543750 0.551852 0.543229 0.552778 0.542188 0.552778 0.541667 0.553704 0.536458 0.553704 0.535937 0.554630 0.533333 0.554630 0.532813 0.553704 0.515625 0.553704 0.515104 0.552778 0.505208 0.552778 0.504687 0.551852 0.496354 0.551852 0.495833 0.550926 0.488021 0.550926 0.487500 0.550000 0.480729 0.550000 0.480208 0.549074 0.473958 0.549074 0.473438 0.548148 0.468750 0.548148 0.468229 0.547222 0.463542 0.547222 0.463021 0.546296 0.461458 0.546296 0.460417 0.548148 0.460417 0.549074 0.459375 0.550926 0.459375 0.551852 0.458854 0.552778 0.458854 0.554630 0.458333 0.555556 0.458333 0.562037 0.458854 0.562963 0.458854 0.564815 0.459375 0.565741 0.459375 0.567593 0.460938 0.570370 0.461979 0.570370 0.462500 0.571296 0.463021 0.571296 0.463542 0.572222 0.465104 0.572222 0.465625 0.573148 0.467708 0.573148 0.468229 0.574074 0.471875 0.574074 0.472396 0.575000 0.476562 0.575000 0.477083 0.575926 0.482812 0.575926 0.483333 0.576852 0.489583 0.576852 0.490104 0.577778 0.497396 0.577778 0.497917 0.578704 0.505729 0.578704 0.506250 0.579630 0.515625 0.579630 0.516146 0.580556 0.527083 0.580556 0.527604 0.581481 0.545312 0.581481 0.545833 0.580556 0.547917 0.580556 0.548438 0.579630 0.549479 0.579630 0.551562 0.575926 0.551562 0.575000 0.552083 0.574074 0.552083 0.573148 0.553125 0.571296 0.553125 0.570370 0.553646 0.569444 0.553646 0.568519 0.554167 0.567593 0.554167 0.566667 0.555208 0.564815 0.555208 0.563889 0.555729 0.562963 0.555729 0.562037 0.556250 0.561111 0.556250 0.560185 0.556771 0.559259 0.556771 0.558333 0.557813 0.556481 0.557813 0.555556 0.558333 0.554630 0.558333 0.553704 0.558854 0.552778 0.556771 0.549074 0.556771 0.547222 0.556250 0.546296 0.556250 0.543519 0.555729 0.542593 0.555729 0.538889 0.556250 0.537963 0.556250 0.535185 0.556771 0.534259 0.556771 0.532407 0.557813 0.530556 0.557813 0.529630 0.558333 0.528704 0.558333 0.527778 0.558854 0.526852 0.558854 0.525926 0.556250 0.525926 0.555729 0.525000 0.555208 0.525000 0.554688 0.524074
1 0.639323 0.446296 0.157812 0.294444 0.713542 0.299074 0.713542 0.300000 0.713021 0.300926 0.713021 0.301852 0.712500 0.302778 0.712500 0.304630 0.711979 0.305556 0.711979 0.306481 0.711458 0.307407 0.711458 0.308333 0.710938 0.309259 0.710938 0.311111 0.710417 0.312037 0.710417 0.312963 0.709896 0.313889 0.709896 0.314815 0.709375 0.315741 0.709375 0.317593 0.708854 0.318519 0.708854 0.319444 0.708333 0.320370 0.708333 0.321296 0.707812 0.322222 0.707812 0.324074 0.707292 0.325000 0.707292 0.325926 0.706771 0.326852 0.706771 0.328704 0.706250 0.329630 0.706250 0.330556 0.705729 0.331481 0.705729 0.332407 0.705208 0.333333 0.705208 0.335185 0.704688 0.336111 0.704688 0.337037 0.704167 0.337963 0.704167 0.338889 0.703646 0.339815 0.703646 0.341667 0.703125 0.342593 0.703125 0.343519 0.702604 0.344444 0.702604 0.345370 0.702083 0.346296 0.702083 0.348148 0.701562 0.349074 0.701562 0.350000 0.701042 0.350926 0.701042 0.351852 0.700521 0.352778 0.700521 0.354630 0.700000 0.355556 0.700000 0.356481 0.699479 0.357407 0.699479 0.358333 0.698958 0.359259 0.698958 0.361111 0.698438 0.362037 0.698438 0.362963 0.697917 0.363889 0.697917 0.365741 0.697396 0.366667 0.697396 0.367593 0.696875 0.368519 0.696875 0.369444 0.696354 0.370370 0.696354 0.372222 0.695833 0.373148 0.695833 0.374074 0.695312 0.375000 0.695312 0.375926 0.694792 0.376852 0.694792 0.378704 0.694271 0.379630 0.694271 0.380556 0.693750 0.381481 0.693750 0.382407 0.693229 0.383333 0.693229 0.385185 0.692708 0.386111 0.692708 0.387037 0.692187 0.387963 0.692187 0.388889 0.691667 0.389815 0.691667 0.391667 0.691146 0.392593 0.691146 0.393519 0.690625 0.394444 0.690625 0.396296 0.690104 0.397222 0.690104 0.398148 0.689583 0.399074 0.689583 0.400000 0.689063 0.400926 0.689063 0.402778 0.688542 0.403704 0.688542 0.404630 0.688021 0.405556 0.688021 0.406481 0.687500 0.407407 0.687500 0.409259 0.686979 0.410185 0.686979 0.411111 0.686458 0.412037 0.686458 0.412963 0.685937 0.413889 0.685937 0.415741 0.685417 0.416667 0.685417 0.417593 0.684896 0.418519 0.684896 0.419444 0.684375 0.420370 0.684375 0.422222 0.683854 0.423148 0.683854 0.424074 0.683333 0.425000 0.683333 0.426852 0.682813 0.427778 0.682813 0.428704 0.682292 0.429630 0.682292 0.430556 0.681771 0.431481 0.681771 0.433333 0.681250 0.434259 0.681250 0.435185 0.680729 0.436111 0.680729 0.437037 0.680208 0.437963 0.680208 0.439815 0.679688 0.440741 0.679688 0.441667 0.679167 0.442593 0.679167 0.443519 0.678646 0.444444 0.678646 0.446296 0.678125 0.447222 0.678125 0.448148 0.677604 0.449074 0.677604 0.450000 0.677083 0.450926 0.677083 0.452778 0.676562 0.453704 0.676562 0.454630 0.676042 0.455556 0.676042 0.456481 0.675521 0.457407 0.675521 0.459259 0.675000 0.460185 0.675000 0.461111 0.674479 0.462037 0.674479 0.463889 0.673958 0.464815 0.673958 0.465741 0.673438 0.466667 0.673438 0.467593 0.672917 0.468519 0.672917 0.470370 0.672396 0.471296 0.672396 0.472222 0.671875 0.473148 0.671875 0.474074 0.671354 0.475000 0.671354 0.476852 0.670833 0.477778 0.670833 0.478704 0.670312 0.479630 0.670312 0.480556 0.669792 0.481481 0.669792 0.483333 0.669271 0.484259 0.669271 0.485185 0.668750 0.486111 0.668750 0.487037 0.668229 0.487963 0.668229 0.489815 0.667708 0.490741 0.667708 0.491667 0.667188 0.492593 0.667188 0.494444 0.666667 0.495370 0.666667 0.496296 0.666146 0.497222 0.666146 0.498148 0.665625 0.499074 0.665625 0.500926 0.665104 0.501852 0.665104 0.502778 0.664583 0.503704 0.664583 0.504630 0.664062 0.505556 0.664062 0.507407 0.663542 0.508333 0.663542 0.509259 0.663021 0.510185 0.663021 0.511111 0.662500 0.512037 0.662500 0.513889 0.661979 0.514815 0.661979 0.515741 0.661458 0.516667 0.661458 0.517593 0.660937 0.518519 0.660937 0.520370 0.660417 0.521296 0.660417 0.522222 0.659896 0.523148 0.659896 0.525000 0.659375 0.525926 0.659375 0.526852 0.658854 0.527778 0.658854 0.528704 0.658333 0.529630 0.658333 0.531481 0.657813 0.532407 0.657813 0.533333 0.657292 0.534259 0.657292 0.535185 0.656771 0.536111 0.656771 0.537963 0.656250 0.538889 0.656250 0.539815 0.655729 0.540741 0.655729 0.541667 0.655208 0.542593 0.655208 0.544444 0.654687 0.545370 0.654687 0.546296 0.654167 0.547222 0.654167 0.548148 0.653646 0.549074 0.653646 0.550926 0.653125 0.551852 0.653125 0.552778 0.652604 0.553704 0.652604 0.555556 0.652083 0.556481 0.652083 0.557407 0.649479 0.562037 0.648958 0.562037 0.648438 0.562963 0.646875 0.562963 0.646354 0.563889 0.623437 0.563889 0.622917 0.562963 0.612500 0.562963 0.611979 0.562037 0.603125 0.562037 0.602604 0.561111 0.594792 0.561111 0.594271 0.560185 0.586979 0.560185 0.586458 0.559259 0.580208 0.559259 0.579688 0.558333 0.574479 0.558333 0.573958 0.557407 0.569792 0.557407 0.569271 0.556481 0.566146 0.556481 0.565625 0.555556 0.563542 0.555556 0.563542 0.556481 0.563021 0.557407 0.563021 0.558333 0.562500 0.559259 0.562500 0.560185 0.561458 0.562037 0.561458 0.563889 0.560937 0.564815 0.560937 0.565741 0.560417 0.566667 0.560417 0.575000 0.560937 0.575926 0.560937 0.577778 0.561979 0.579630 0.561979 0.580556 0.562500 0.581481 0.563021 0.581481 0.563542 0.582407 0.564063 0.582407 0.564583 0.583333 0.565625 0.583333 0.566146 0.584259 0.568229 0.584259 0.568750 0.585185 0.570833 0.585185 0.571354 0.586111 0.575521 0.586111 0.576042 0.587037 0.580729 0.587037 0.581250 0.587963 0.587500 0.587963 0.588021 0.588889 0.594271 0.588889 0.594792 0.589815 0.602083 0.589815 0.602604 0.590741 0.610417 0.590741 0.610938 0.591667 0.620313 0.591667 0.620833 0.592593 0.632292 0.592593 0.632812 0.593519 0.647917 0.593519 0.648438 0.592593 0.651042 0.592593 0.651563 0.591667 0.653125 0.591667 0.654687 0.588889 0.654687 0.587963 0.655208 0.587037 0.655208 0.586111 0.655729 0.585185 0.655729 0.584259 0.656250 0.583333 0.656250 0.581481 0.656771 0.580556 0.656771 0.579630 0.657292 0.578704 0.657292 0.576852 0.657813 0.575926 0.657813 0.575000 0.658333 0.574074 0.658333 0.573148 0.658854 0.572222 0.658854 0.570370 0.659375 0.569444 0.659375 0.568519 0.659896 0.567593 0.659896 0.565741 0.660417 0.564815 0.660417 0.563889 0.660937 0.562963 0.660937 0.561111 0.661458 0.560185 0.661458 0.559259 0.661979 0.558333 0.661979 0.556481 0.662500 0.555556 0.662500 0.554630 0.663021 0.553704 0.663021 0.552778 0.663542 0.551852 0.663542 0.550000 0.664062 0.549074 0.664062 0.548148 0.664583 0.547222 0.664583 0.545370 0.665104 0.544444 0.665104 0.543519 0.665625 0.542593 0.665625 0.540741 0.666146 0.539815 0.666146 0.538889 0.666667 0.537963 0.666667 0.537037 0.667188 0.536111 0.667188 0.534259 0.667708 0.533333 0.667708 0.532407 0.668229 0.531481 0.668229 0.529630 0.668750 0.528704 0.668750 0.527778 0.669271 0.526852 0.669271 0.525000 0.669792 0.524074 0.669792 0.523148 0.670312 0.522222 0.670312 0.520370 0.670833 0.519444 0.670833 0.518519 0.671354 0.517593 0.671354 0.516667 0.671875 0.515741 0.671875 0.513889 0.672396 0.512963 0.672396 0.512037 0.672917 0.511111 0.672917 0.509259 0.673438 0.508333 0.673438 0.507407 0.673958 0.506481 0.673958 0.504630 0.674479 0.503704 0.674479 0.502778 0.675000 0.501852 0.675000 0.500000 0.675521 0.499074 0.675521 0.498148 0.676042 0.497222 0.676042 0.496296 0.676562 0.495370 0.676562 0.493519 0.677083 0.492593 0.677083 0.491667 0.677604 0.490741 0.677604 0.488889 0.678125 0.487963 0.678125 0.487037 0.678646 0.486111 0.678646 0.484259 0.679167 0.483333 0.679167 0.482407 0.679688 0.481481 0.679688 0.480556 0.680208 0.479630 0.680208 0.477778 0.680729 0.476852 0.680729 0.475926 0.681250 0.475000 0.681250 0.473148 0.681771 0.472222 0.681771 0.471296 0.682292 0.470370 0.682292 0.468519 0.682813 0.467593 0.682813 0.466667 0.683333 0.465741 0.683333 0.463889 0.683854 0.462963 0.683854 0.462037 0.684375 0.461111 0.684375 0.460185 0.684896 0.459259 0.684896 0.457407 0.685417 0.456481 0.685417 0.455556 0.685937 0.454630 0.685937 0.452778 0.686458 0.451852 0.686458 0.450926 0.686979 0.450000 0.686979 0.448148 0.687500 0.447222 0.687500 0.446296 0.688021 0.445370 0.688021 0.443519 0.688542 0.442593 0.688542 0.441667 0.689063 0.440741 0.689063 0.439815 0.689583 0.438889 0.689583 0.437037 0.690104 0.436111 0.690104 0.435185 0.690625 0.434259 0.690625 0.432407 0.691146 0.431481 0.691146 0.430556 0.691667 0.429630 0.691667 0.427778 0.692187 0.426852 0.692187 0.425926 0.692708 0.425000 0.692708 0.423148 0.693229 0.422222 0.693229 0.421296 0.693750 0.420370 0.693750 0.419444 0.694271 0.418519 0.694271 0.416667 0.694792 0.415741 0.694792 0.414815 0.695312 0.413889 0.695312 0.412037 0.695833 0.411111 0.695833 0.410185 0.696354 0.409259 0.696354 0.407407 0.696875 0.406481 0.696875 0.405556 0.697396 0.404630 0.697396 0.403704 0.697917 0.402778 0.697917 0.400926 0.698438 0.400000 0.698438 0.399074 0.698958 0.398148 0.698958 0.396296 0.699479 0.395370 0.699479 0.394444 0.700000 0.393519 0.700000 0.391667 0.700521 0.390741 0.700521 0.389815 0.701042 0.388889 0.701042 0.387037 0.701562 0.386111 0.701562 0.385185 0.702083 0.384259 0.702083 0.383333 0.702604 0.382407 0.702604 0.380556 0.703125 0.379630 0.703125 0.378704 0.703646 0.377778 0.703646 0.375926 0.704167 0.375000 0.704167 0.374074 0.704688 0.373148 0.704688 0.371296 0.705208 0.370370 0.705208 0.369444 0.705729 0.368519 0.705729 0.366667 0.706250 0.365741 0.706250 0.364815 0.706771 0.363889 0.706771 0.362963 0.707292 0.362037 0.707292 0.360185 0.707812 0.359259 0.707812 0.358333 0.708333 0.357407 0.708333 0.355556 0.708854 0.354630 0.708854 0.353704 0.709375 0.352778 0.709375 0.350926 0.709896 0.350000 0.709896 0.349074 0.710417 0.348148 0.710417 0.347222 0.710938 0.346296 0.710938 0.344444 0.711458 0.343519 0.711458 0.342593 0.711979 0.341667 0.711979 0.339815 0.712500 0.338889 0.712500 0.337963 0.713021 0.337037 0.713021 0.335185 0.713542 0.334259 0.713542 0.333333 0.714063 0.332407 0.714063 0.330556 0.714583 0.329630 0.714583 0.328704 0.715104 0.327778 0.715104 0.326852 0.715625 0.325926 0.715625 0.324074 0.716146 0.323148 0.716146 0.322222 0.716667 0.321296 0.716667 0.319444 0.717187 0.318519 0.717187 0.317593 0.717708 0.316667 0.717708 0.314815 0.718229 0.313889 0.718229 0.305556 0.717708 0.304630 0.717708 0.303704 0.716667 0.301852 0.716667 0.300926 0.715625 0.300926 0.715104 0.300000 0.714063 0.300000
1 0.309896 0.511111 0.097917 0.038889 0.355208 0.491667 0.354687 0.492593 0.354687 0.493519 0.350521 0.500926 0.350521 0.501852 0.348958 0.504630 0.348438 0.504630 0.347917 0.505556 0.346354 0.505556 0.345833 0.506481 0.341667 0.506481 0.341146 0.507407 0.332813 0.507407 0.332292 0.506481 0.318750 0.506481 0.318229 0.505556 0.308333 0.505556 0.307812 0.504630 0.299479 0.504630 0.298958 0.503704 0.291146 0.503704 0.290625 0.502778 0.284375 0.502778 0.283854 0.501852 0.277604 0.501852 0.277083 0.500926 0.272917 0.500926 0.272396 0.500000 0.268750 0.500000 0.268229 0.499074 0.266146 0.499074 0.265625 0.498148 0.264062 0.498148 0.263542 0.497222 0.261458 0.500926 0.261458 0.501852 0.260937 0.502778 0.260937 0.512963 0.261458 0.513889 0.261458 0.514815 0.261979 0.515741 0.261979 0.516667 0.263542 0.519444 0.264062 0.519444 0.264583 0.520370 0.265104 0.520370 0.265625 0.521296 0.267188 0.521296 0.267708 0.522222 0.269792 0.522222 0.270313 0.523148 0.273438 0.523148 0.273958 0.524074 0.278646 0.524074 0.279167 0.525000 0.284896 0.525000 0.285417 0.525926 0.291667 0.525926 0.292187 0.526852 0.299479 0.526852 0.300000 0.527778 0.307812 0.527778 0.308333 0.528704 0.317708 0.528704 0.318229 0.529630 0.330729 0.529630 0.331250 0.530556 0.343229 0.530556 0.343750 0.529630 0.347396 0.529630 0.347917 0.528704 0.348958 0.528704 0.349479 0.527778 0.350000 0.527778 0.351042 0.525926 0.351042 0.525000 0.353125 0.521296 0.353125 0.513889 0.353646 0.512963 0.353646 0.511111 0.355208 0.508333 0.355208 0.507407 0.358854 0.500926 0.358854 0.500000 0.358333 0.500000 0.355729 0.495370 0.355729 0.493519 0.355208 0.492593
1 0.406771 0.510648 0.106250 0.060185 0.458333 0.480556 0.457813 0.481481 0.457813 0.482407 0.456250 0.485185 0.456250 0.486111 0.454688 0.488889 0.454688 0.489815 0.453125 0.492593 0.453125 0.493519 0.451562 0.496296 0.451562 0.497222 0.450521 0.499074 0.450521 0.500000 0.448958 0.502778 0.448958 0.503704 0.445833 0.509259 0.444271 0.509259 0.443750 0.510185 0.441146 0.510185 0.440625 0.511111 0.425521 0.511111 0.425000 0.510185 0.413021 0.510185 0.412500 0.509259 0.402604 0.509259 0.402083 0.508333 0.394271 0.508333 0.393750 0.507407 0.386458 0.507407 0.385937 0.506481 0.379688 0.506481 0.379167 0.505556 0.373437 0.505556 0.372917 0.504630 0.368229 0.504630 0.367708 0.503704 0.365104 0.503704 0.364583 0.502778 0.361979 0.502778 0.361458 0.501852 0.360417 0.501852 0.359896 0.500926 0.359375 0.500926 0.355729 0.507407 0.355729 0.508333 0.354167 0.511111 0.354167 0.512963 0.353646 0.513889 0.353646 0.523148 0.354167 0.524074 0.354167 0.525000 0.354687 0.525926 0.354687 0.526852 0.356250 0.529630 0.356771 0.529630 0.357292 0.530556 0.358333 0.530556 0.358854 0.531481 0.359896 0.531481 0.360417 0.532407 0.363021 0.532407 0.363542 0.533333 0.366667 0.533333 0.367188 0.534259 0.371875 0.534259 0.372396 0.535185 0.378125 0.535185 0.378646 0.536111 0.384896 0.536111 0.385417 0.537037 0.392708 0.537037 0.393229 0.537963 0.401562 0.537963 0.402083 0.538889 0.410938 0.538889 0.411458 0.539815 0.423438 0.539815 0.423958 0.540741 0.438021 0.540741 0.438542 0.539815 0.441667 0.539815 0.442188 0.538889 0.443229 0.538889 0.446354 0.533333 0.446354 0.532407 0.447917 0.529630 0.447917 0.528704 0.448958 0.526852 0.448958 0.525926 0.450521 0.523148 0.450521 0.522222 0.452083 0.519444 0.452083 0.518519 0.453125 0.516667 0.453125 0.515741 0.454688 0.512963 0.453646 0.511111 0.453646 0.509259 0.453125 0.508333 0.453125 0.505556 0.452604 0.504630 0.452604 0.500926 0.453125 0.500000 0.453125 0.497222 0.453646 0.496296 0.453646 0.495370 0.454167 0.494444 0.454167 0.493519 0.455729 0.490741 0.455729 0.489815 0.457292 0.487037 0.457292 0.486111 0.458854 0.483333 0.458854 0.482407 0.459896 0.480556
1 0.635938 0.418519 0.159375 0.288889 0.709896 0.274074 0.709375 0.275000 0.709375 0.275926 0.708854 0.276852 0.708854 0.278704 0.708333 0.279630 0.708333 0.280556 0.707812 0.281481 0.707812 0.282407 0.707292 0.283333 0.707292 0.284259 0.706771 0.285185 0.706771 0.287037 0.706250 0.287963 0.706250 0.288889 0.705729 0.289815 0.705729 0.290741 0.705208 0.291667 0.705208 0.292593 0.704688 0.293519 0.704688 0.295370 0.704167 0.296296 0.704167 0.297222 0.703646 0.298148 0.703646 0.299074 0.703125 0.300000 0.703125 0.301852 0.702604 0.302778 0.702604 0.303704 0.702083 0.304630 0.702083 0.305556 0.701562 0.306481 0.701562 0.307407 0.701042 0.308333 0.701042 0.310185 0.700521 0.311111 0.700521 0.312037 0.700000 0.312963 0.700000 0.313889 0.699479 0.314815 0.699479 0.315741 0.698958 0.316667 0.698958 0.318519 0.698438 0.319444 0.698438 0.320370 0.697917 0.321296 0.697917 0.322222 0.697396 0.323148 0.697396 0.324074 0.696875 0.325000 0.696875 0.326852 0.696354 0.327778 0.696354 0.328704 0.695833 0.329630 0.695833 0.330556 0.695312 0.331481 0.695312 0.332407 0.694792 0.333333 0.694792 0.335185 0.694271 0.336111 0.694271 0.337037 0.693750 0.337963 0.693750 0.338889 0.693229 0.339815 0.693229 0.340741 0.692708 0.341667 0.692708 0.343519 0.692187 0.344444 0.692187 0.345370 0.691667 0.346296 0.691667 0.347222 0.691146 0.348148 0.691146 0.349074 0.690625 0.350000 0.690625 0.351852 0.690104 0.352778 0.690104 0.353704 0.689583 0.354630 0.689583 0.355556 0.689063 0.356481 0.689063 0.358333 0.688542 0.359259 0.688542 0.360185 0.688021 0.361111 0.688021 0.362037 0.687500 0.362963 0.687500 0.363889 0.686979 0.364815 0.686979 0.366667 0.686458 0.367593 0.686458 0.368519 0.685937 0.369444 0.685937 0.370370 0.685417 0.371296 0.685417 0.372222 0.684896 0.373148 0.684896 0.375000 0.684375 0.375926 0.684375 0.376852 0.683854 0.377778 0.683854 0.378704 0.683333 0.379630 0.683333 0.380556 0.682813 0.381481 0.682813 0.383333 0.682292 0.384259 0.682292 0.385185 0.681771 0.386111 0.681771 0.387037 0.681250 0.387963 0.681250 0.388889 0.680729 0.389815 0.680729 0.391667 0.680208 0.392593 0.680208 0.393519 0.679688 0.394444 0.679688 0.395370 0.679167 0.396296 0.679167 0.397222 0.678646 0.398148 0.678646 0.400000 0.678125 0.400926 0.678125 0.401852 0.677604 0.402778 0.677604 0.403704 0.677083 0.404630 0.677083 0.406481 0.676562 0.407407 0.676562 0.408333 0.676042 0.409259 0.676042 0.410185 0.675521 0.411111 0.675521 0.412037 0.675000 0.412963 0.675000 0.414815 0.674479 0.415741 0.674479 0.416667 0.673958 0.417593 0.673958 0.418519 0.673438 0.419444 0.673438 0.420370 0.672917 0.421296 0.672917 0.423148 0.672396 0.424074 0.672396 0.425000 0.671875 0.425926 0.671875 0.426852 0.671354 0.427778 0.671354 0.428704 0.670833 0.429630 0.670833 0.431481 0.670312 0.432407 0.670312 0.433333 0.669792 0.434259 0.669792 0.435185 0.669271 0.436111 0.669271 0.437037 0.668750 0.437963 0.668750 0.439815 0.668229 0.440741 0.668229 0.441667 0.667708 0.442593 0.667708 0.443519 0.667188 0.444444 0.667188 0.445370 0.666667 0.446296 0.666667 0.448148 0.666146 0.449074 0.666146 0.450000 0.665625 0.450926 0.665625 0.451852 0.665104 0.452778 0.665104 0.454630 0.664583 0.455556 0.664583 0.456481 0.664062 0.457407 0.664062 0.458333 0.663542 0.459259 0.663542 0.460185 0.663021 0.461111 0.663021 0.462963 0.662500 0.463889 0.662500 0.464815 0.661979 0.465741 0.661979 0.466667 0.661458 0.467593 0.661458 0.468519 0.660937 0.469444 0.660937 0.471296 0.660417 0.472222 0.660417 0.473148 0.659896 0.474074 0.659896 0.475000 0.659375 0.475926 0.659375 0.476852 0.658854 0.477778 0.658854 0.479630 0.658333 0.480556 0.658333 0.481481 0.657813 0.482407 0.657813 0.483333 0.657292 0.484259 0.657292 0.485185 0.656771 0.486111 0.656771 0.487963 0.656250 0.488889 0.656250 0.489815 0.655729 0.490741 0.655729 0.491667 0.655208 0.492593 0.655208 0.493519 0.654687 0.494444 0.654687 0.496296 0.654167 0.497222 0.654167 0.498148 0.653646 0.499074 0.653646 0.500000 0.653125 0.500926 0.653125 0.501852 0.652604 0.502778 0.652604 0.504630 0.652083 0.505556 0.652083 0.506481 0.651563 0.507407 0.651563 0.508333 0.651042 0.509259 0.651042 0.511111 0.650521 0.512037 0.650521 0.512963 0.650000 0.513889 0.650000 0.514815 0.649479 0.515741 0.649479 0.516667 0.648958 0.517593 0.648958 0.519444 0.648438 0.520370 0.648438 0.521296 0.647917 0.522222 0.647917 0.523148 0.647396 0.524074 0.647396 0.525000 0.646875 0.525926 0.646875 0.527778 0.644271 0.532407 0.643750 0.532407 0.643229 0.533333 0.642188 0.533333 0.641667 0.534259 0.635938 0.534259 0.635417 0.535185 0.634375 0.535185 0.633854 0.534259 0.615104 0.534259 0.614583 0.533333 0.604688 0.533333 0.604167 0.532407 0.595313 0.532407 0.594792 0.531481 0.586979 0.531481 0.586458 0.530556 0.579688 0.530556 0.579167 0.529630 0.572396 0.529630 0.571875 0.528704 0.567187 0.528704 0.566667 0.527778 0.561979 0.527778 0.561458 0.526852 0.559375 0.526852 0.558854 0.527778 0.558854 0.528704 0.558333 0.529630 0.558333 0.530556 0.557292 0.532407 0.557292 0.534259 0.556771 0.535185 0.556771 0.537963 0.556250 0.538889 0.556250 0.542593 0.556771 0.543519 0.556771 0.546296 0.557292 0.547222 0.557292 0.549074 0.558854 0.551852 0.559375 0.551852 0.559896 0.552778 0.560937 0.552778 0.561458 0.553704 0.562500 0.553704 0.563021 0.554630 0.565625 0.554630 0.566146 0.555556 0.569271 0.555556 0.569792 0.556481 0.573958 0.556481 0.574479 0.557407 0.579688 0.557407 0.580208 0.558333 0.586458 0.558333 0.586979 0.559259 0.594271 0.559259 0.594792 0.560185 0.602604 0.560185 0.603125 0.561111 0.611979 0.561111 0.612500 0.562037 0.622917 0.562037 0.623437 0.562963 0.646354 0.562963 0.646875 0.562037 0.648438 0.562037 0.648958 0.561111 0.649479 0.561111 0.651563 0.557407 0.651563 0.556481 0.652083 0.555556 0.652083 0.553704 0.652604 0.552778 0.652604 0.551852 0.653125 0.550926 0.653125 0.549074 0.653646 0.548148 0.653646 0.547222 0.654167 0.546296 0.654167 0.545370 0.654687 0.544444 0.654687 0.542593 0.655208 0.541667 0.655208 0.540741 0.655729 0.539815 0.655729 0.538889 0.656250 0.537963 0.656250 0.536111 0.656771 0.535185 0.656771 0.534259 0.657292 0.533333 0.657292 0.532407 0.657813 0.531481 0.657813 0.529630 0.658333 0.528704 0.658333 0.527778 0.658854 0.526852 0.658854 0.525926 0.659375 0.525000 0.659375 0.523148 0.659896 0.522222 0.659896 0.521296 0.660417 0.520370 0.660417 0.518519 0.660937 0.517593 0.660937 0.516667 0.661458 0.515741 0.661458 0.514815 0.661979 0.513889 0.661979 0.512037 0.662500 0.511111 0.662500 0.510185 0.663021 0.509259 0.663021 0.508333 0.663542 0.507407 0.663542 0.505556 0.664062 0.504630 0.664062 0.503704 0.664583 0.502778 0.664583 0.501852 0.665104 0.500926 0.665104 0.499074 0.665625 0.498148 0.665625 0.497222 0.666146 0.496296 0.666146 0.495370 0.666667 0.494444 0.666667 0.492593 0.667188 0.491667 0.667188 0.490741 0.667708 0.489815 0.667708 0.487963 0.668229 0.487037 0.668229 0.486111 0.668750 0.485185 0.668750 0.484259 0.669271 0.483333 0.669271 0.481481 0.669792 0.480556 0.669792 0.479630 0.670312 0.478704 0.670312 0.477778 0.670833 0.476852 0.670833 0.475000 0.671354 0.474074 0.671354 0.473148 0.671875 0.472222 0.671875 0.471296 0.672396 0.470370 0.672396 0.468519 0.672917 0.467593 0.672917 0.466667 0.673438 0.465741 0.673438 0.464815 0.673958 0.463889 0.673958 0.462037 0.674479 0.461111 0.674479 0.460185 0.675000 0.459259 0.675000 0.457407 0.675521 0.456481 0.675521 0.455556 0.676042 0.454630 0.676042 0.453704 0.676562 0.452778 0.676562 0.450926 0.677083 0.450000 0.677083 0.449074 0.677604 0.448148 0.677604 0.447222 0.678125 0.446296 0.678125 0.444444 0.678646 0.443519 0.678646 0.442593 0.679167 0.441667 0.679167 0.440741 0.679688 0.439815 0.679688 0.437963 0.680208 0.437037 0.680208 0.436111 0.680729 0.435185 0.680729 0.434259 0.681250 0.433333 0.681250 0.431481 0.681771 0.430556 0.681771 0.429630 0.682292 0.428704 0.682292 0.427778 0.682813 0.426852 0.682813 0.425000 0.683333 0.424074 0.683333 0.423148 0.683854 0.422222 0.683854 0.420370 0.684375 0.419444 0.684375 0.418519 0.684896 0.417593 0.684896 0.416667 0.685417 0.415741 0.685417 0.413889 0.685937 0.412963 0.685937 0.412037 0.686458 0.411111 0.686458 0.410185 0.686979 0.409259 0.686979 0.407407 0.687500 0.406481 0.687500 0.405556 0.688021 0.404630 0.688021 0.403704 0.688542 0.402778 0.688542 0.400926 0.689063 0.400000 0.689063 0.399074 0.689583 0.398148 0.689583 0.397222 0.690104 0.396296 0.690104 0.394444 0.690625 0.393519 0.690625 0.392593 0.691146 0.391667 0.691146 0.389815 0.691667 0.388889 0.691667 0.387963 0.692187 0.387037 0.692187 0.386111 0.692708 0.385185 0.692708 0.383333 0.693229 0.382407 0.693229 0.381481 0.693750 0.380556 0.693750 0.379630 0.694271 0.378704 0.694271 0.376852 0.694792 0.375926 0.694792 0.375000 0.695312 0.374074 0.695312 0.373148 0.695833 0.372222 0.695833 0.370370 0.696354 0.369444 0.696354 0.368519 0.696875 0.367593 0.696875 0.366667 0.697396 0.365741 0.697396 0.363889 0.697917 0.362963 0.697917 0.362037 0.698438 0.361111 0.698438 0.359259 0.698958 0.358333 0.698958 0.357407 0.699479 0.356481 0.699479 0.355556 0.700000 0.354630 0.700000 0.352778 0.700521 0.351852 0.700521 0.350926 0.701042 0.350000 0.701042 0.349074 0.701562 0.348148 0.701562 0.346296 0.702083 0.345370 0.702083 0.344444 0.702604 0.343519 0.702604 0.342593 0.703125 0.341667 0.703125 0.339815 0.703646 0.338889 0.703646 0.337963 0.704167 0.337037 0.704167 0.336111 0.704688 0.335185 0.704688 0.333333 0.705208 0.332407 0.705208 0.331481 0.705729 0.330556 0.705729 0.329630 0.706250 0.328704 0.706250 0.326852 0.706771 0.325926 0.706771 0.325000 0.707292 0.324074 0.707292 0.322222 0.707812 0.321296 0.707812 0.320370 0.708333 0.319444 0.708333 0.318519 0.708854 0.317593 0.708854 0.315741 0.709375 0.314815 0.709375 0.313889 0.709896 0.312963 0.709896 0.312037 0.710417 0.311111 0.710417 0.309259 0.710938 0.308333 0.710938 0.307407 0.711458 0.306481 0.711458 0.305556 0.711979 0.304630 0.711979 0.302778 0.712500 0.301852 0.712500 0.300926 0.713021 0.300000 0.713021 0.299074 0.713542 0.298148 0.713542 0.296296 0.714063 0.295370 0.714063 0.294444 0.714583 0.293519 0.714583 0.291667 0.715104 0.290741 0.715104 0.289815 0.715625 0.288889 0.715625 0.280556 0.715104 0.279630 0.715104 0.278704 0.713542 0.275926 0.713021 0.275926 0.712500 0.275000 0.710938 0.275000 0.710417 0.274074
1 0.311198 0.470833 0.104688 0.071296 0.363021 0.435185 0.359375 0.441667 0.359375 0.442593 0.353125 0.453704 0.353125 0.454630 0.347396 0.464815 0.346875 0.464815 0.346354 0.465741 0.344792 0.465741 0.344271 0.466667 0.318750 0.466667 0.318229 0.465741 0.308333 0.465741 0.307812 0.464815 0.298958 0.464815 0.298438 0.463889 0.290104 0.463889 0.289583 0.462963 0.283333 0.462963 0.282813 0.462037 0.276562 0.462037 0.276042 0.461111 0.271875 0.461111 0.271354 0.460185 0.269271 0.460185 0.265625 0.466667 0.265104 0.466667 0.259896 0.475926 0.259896 0.476852 0.259375 0.477778 0.259375 0.480556 0.258854 0.481481 0.258854 0.485185 0.259375 0.486111 0.259375 0.489815 0.259896 0.490741 0.259896 0.491667 0.261458 0.494444 0.261458 0.495370 0.262500 0.495370 0.263021 0.496296 0.263542 0.496296 0.264062 0.497222 0.265625 0.497222 0.266146 0.498148 0.268229 0.498148 0.268750 0.499074 0.272396 0.499074 0.272917 0.500000 0.277083 0.500000 0.277604 0.500926 0.283854 0.500926 0.284375 0.501852 0.290625 0.501852 0.291146 0.502778 0.298958 0.502778 0.299479 0.503704 0.307812 0.503704 0.308333 0.504630 0.318229 0.504630 0.318750 0.505556 0.332292 0.505556 0.332813 0.506481 0.341146 0.506481 0.341667 0.505556 0.345833 0.505556 0.346354 0.504630 0.347917 0.504630 0.348438 0.503704 0.348958 0.503704 0.350000 0.501852 0.350000 0.500926 0.354167 0.493519 0.354167 0.492593 0.355208 0.490741 0.355208 0.482407 0.355729 0.481481 0.355729 0.480556 0.357292 0.477778 0.357292 0.476852 0.360417 0.471296 0.359896 0.471296 0.359375 0.470370 0.358333 0.470370 0.356250 0.466667 0.356250 0.465741 0.355729 0.464815 0.355729 0.462963 0.355208 0.462037 0.355208 0.453704 0.355729 0.452778 0.355729 0.450926 0.356771 0.449074 0.356771 0.448148 0.363021 0.437037 0.363021 0.436111 0.363542 0.435185
1 0.407031 0.488426 0.102604 0.043519 0.452083 0.466667 0.452083 0.467593 0.450521 0.470370 0.450521 0.471296 0.448437 0.475000 0.448437 0.475926 0.446875 0.478704 0.445833 0.478704 0.445312 0.479630 0.444271 0.479630 0.443750 0.480556 0.418229 0.480556 0.417708 0.479630 0.407292 0.479630 0.406771 0.478704 0.397917 0.478704 0.397396 0.477778 0.389583 0.477778 0.389062 0.476852 0.382292 0.476852 0.381771 0.475926 0.375521 0.475926 0.375000 0.475000 0.370312 0.475000 0.369792 0.474074 0.366146 0.474074 0.365625 0.473148 0.363021 0.473148 0.362500 0.472222 0.360417 0.472222 0.357812 0.476852 0.357812 0.477778 0.356250 0.480556 0.356250 0.481481 0.355729 0.482407 0.355729 0.492593 0.356250 0.493519 0.356250 0.495370 0.358333 0.499074 0.358854 0.499074 0.359375 0.500000 0.359896 0.500000 0.360417 0.500926 0.361458 0.500926 0.361979 0.501852 0.364583 0.501852 0.365104 0.502778 0.367708 0.502778 0.368229 0.503704 0.372917 0.503704 0.373437 0.504630 0.379167 0.504630 0.379688 0.505556 0.385937 0.505556 0.386458 0.506481 0.393750 0.506481 0.394271 0.507407 0.402083 0.507407 0.402604 0.508333 0.412500 0.508333 0.413021 0.509259 0.425000 0.509259 0.425521 0.510185 0.440625 0.510185 0.441146 0.509259 0.443750 0.509259 0.444271 0.508333 0.445833 0.508333 0.448437 0.503704 0.448437 0.502778 0.450000 0.500000 0.450000 0.499074 0.451042 0.497222 0.451042 0.496296 0.452604 0.493519 0.452604 0.492593 0.454167 0.489815 0.454167 0.488889 0.455729 0.486111 0.455729 0.485185 0.457292 0.482407 0.457292 0.481481 0.458333 0.479630 0.457292 0.479630 0.456771 0.478704 0.455729 0.478704 0.452604 0.473148 0.452604 0.471296 0.452083 0.470370
1 0.505469 0.490278 0.104688 0.071296 0.556250 0.454630 0.556250 0.455556 0.555208 0.457407 0.555208 0.458333 0.554688 0.459259 0.554688 0.460185 0.553646 0.462037 0.553646 0.462963 0.553125 0.463889 0.553125 0.464815 0.552083 0.466667 0.552083 0.467593 0.551562 0.468519 0.551562 0.469444 0.550521 0.471296 0.550521 0.472222 0.550000 0.473148 0.550000 0.474074 0.548958 0.475926 0.548958 0.476852 0.547917 0.478704 0.547917 0.479630 0.547396 0.480556 0.547396 0.481481 0.544271 0.487037 0.542708 0.487037 0.542188 0.487963 0.539062 0.487963 0.538542 0.488889 0.523438 0.488889 0.522917 0.487963 0.510417 0.487963 0.509896 0.487037 0.500000 0.487037 0.499479 0.486111 0.491146 0.486111 0.490625 0.485185 0.482812 0.485185 0.482292 0.484259 0.476042 0.484259 0.475521 0.483333 0.469792 0.483333 0.469271 0.482407 0.465104 0.482407 0.464583 0.481481 0.461458 0.481481 0.460938 0.480556 0.460417 0.480556 0.459375 0.482407 0.459375 0.483333 0.457813 0.486111 0.457813 0.487037 0.456250 0.489815 0.456250 0.490741 0.454688 0.493519 0.454688 0.494444 0.454167 0.495370 0.454167 0.496296 0.453646 0.497222 0.453646 0.500000 0.453125 0.500926 0.453125 0.504630 0.453646 0.505556 0.453646 0.508333 0.454167 0.509259 0.454167 0.511111 0.456250 0.514815 0.456771 0.514815 0.457292 0.515741 0.458333 0.515741 0.458854 0.516667 0.460938 0.516667 0.461458 0.517593 0.463542 0.517593 0.464062 0.518519 0.468229 0.518519 0.468750 0.519444 0.473438 0.519444 0.473958 0.520370 0.480208 0.520370 0.480729 0.521296 0.487500 0.521296 0.488021 0.522222 0.495833 0.522222 0.496354 0.523148 0.505208 0.523148 0.505729 0.524074 0.515104 0.524074 0.515625 0.525000 0.533333 0.525000 0.533854 0.525926 0.537500 0.525926 0.538021 0.525000 0.542708 0.525000 0.543229 0.524074 0.544792 0.524074 0.545312 0.523148 0.545833 0.523148 0.547396 0.520370 0.547396 0.519444 0.548438 0.517593 0.548438 0.516667 0.548958 0.515741 0.548958 0.514815 0.549479 0.513889 0.549479 0.512963 0.550000 0.512037 0.550000 0.508333 0.550521 0.507407 0.550521 0.505556 0.551042 0.504630 0.551042 0.502778 0.552083 0.500926 0.552083 0.500000 0.552604 0.499074 0.552604 0.498148 0.553646 0.496296 0.553646 0.495370 0.554167 0.494444 0.554167 0.493519 0.555208 0.491667 0.555208 0.490741 0.555729 0.489815 0.555729 0.488889 0.556771 0.487037 0.556771 0.486111 0.557292 0.485185 0.557292 0.484259 0.557813 0.483333 0.556250 0.480556 0.556250 0.479630 0.555729 0.478704 0.555729 0.476852 0.555208 0.475926 0.555208 0.467593 0.555729 0.466667 0.555729 0.464815 0.556250 0.463889 0.556250 0.462963 0.557292 0.461111 0.557292 0.460185 0.557813 0.459259 0.557813 0.458333 0.556250 0.455556
1 0.631250 0.393981 0.161458 0.280556 0.710938 0.253704 0.710417 0.254630 0.710417 0.255556 0.709896 0.256481 0.709896 0.258333 0.709375 0.259259 0.709375 0.260185 0.708854 0.261111 0.708854 0.262037 0.708333 0.262963 0.708333 0.263889 0.707812 0.264815 0.707812 0.265741 0.707292 0.266667 0.707292 0.268519 0.706771 0.269444 0.706771 0.270370 0.706250 0.271296 0.706250 0.272222 0.705729 0.273148 0.705729 0.274074 0.705208 0.275000 0.705208 0.276852 0.704688 0.277778 0.704688 0.278704 0.704167 0.279630 0.704167 0.280556 0.703646 0.281481 0.703646 0.282407 0.703125 0.283333 0.703125 0.284259 0.702604 0.285185 0.702604 0.287037 0.702083 0.287963 0.702083 0.288889 0.701562 0.289815 0.701562 0.290741 0.701042 0.291667 0.701042 0.292593 0.700521 0.293519 0.700521 0.294444 0.700000 0.295370 0.700000 0.297222 0.699479 0.298148 0.699479 0.299074 0.698958 0.300000 0.698958 0.300926 0.698438 0.301852 0.698438 0.302778 0.697917 0.303704 0.697917 0.305556 0.697396 0.306481 0.697396 0.307407 0.696875 0.308333 0.696875 0.309259 0.696354 0.310185 0.696354 0.311111 0.695833 0.312037 0.695833 0.312963 0.695312 0.313889 0.695312 0.315741 0.694792 0.316667 0.694792 0.317593 0.694271 0.318519 0.694271 0.319444 0.693750 0.320370 0.693750 0.321296 0.693229 0.322222 0.693229 0.324074 0.692708 0.325000 0.692708 0.325926 0.692187 0.326852 0.692187 0.327778 0.691667 0.328704 0.691667 0.329630 0.691146 0.330556 0.691146 0.331481 0.690625 0.332407 0.690625 0.334259 0.690104 0.335185 0.690104 0.336111 0.689583 0.337037 0.689583 0.337963 0.689063 0.338889 0.689063 0.339815 0.688542 0.340741 0.688542 0.342593 0.688021 0.343519 0.688021 0.344444 0.687500 0.345370 0.687500 0.346296 0.686979 0.347222 0.686979 0.348148 0.686458 0.349074 0.686458 0.350000 0.685937 0.350926 0.685937 0.352778 0.685417 0.353704 0.685417 0.354630 0.684896 0.355556 0.684896 0.356481 0.684375 0.357407 0.684375 0.358333 0.683854 0.359259 0.683854 0.360185 0.683333 0.361111 0.683333 0.362963 0.682813 0.363889 0.682813 0.364815 0.682292 0.365741 0.682292 0.366667 0.681771 0.367593 0.681771 0.368519 0.681250 0.369444 0.681250 0.371296 0.680729 0.372222 0.680729 0.373148 0.680208 0.374074 0.680208 0.375000 0.679688 0.375926 0.679688 0.376852 0.679167 0.377778 0.679167 0.378704 0.678646 0.379630 0.678646 0.381481 0.678125 0.382407 0.678125 0.383333 0.677604 0.384259 0.677604 0.385185 0.677083 0.386111 0.677083 0.387037 0.676562 0.387963 0.676562 0.389815 0.676042 0.390741 0.676042 0.391667 0.675521 0.392593 0.675521 0.393519 0.675000 0.394444 0.675000 0.395370 0.674479 0.396296 0.674479 0.397222 0.673958 0.398148 0.673958 0.400000 0.673438 0.400926 0.673438 0.401852 0.672917 0.402778 0.672917 0.403704 0.672396 0.404630 0.672396 0.405556 0.671875 0.406481 0.671875 0.407407 0.671354 0.408333 0.671354 0.410185 0.670833 0.411111 0.670833 0.412037 0.670312 0.412963 0.670312 0.413889 0.669792 0.414815 0.669792 0.415741 0.669271 0.416667 0.669271 0.418519 0.668750 0.419444 0.668750 0.420370 0.668229 0.421296 0.668229 0.422222 0.667708 0.423148 0.667708 0.424074 0.667188 0.425000 0.667188 0.425926 0.666667 0.426852 0.666667 0.428704 0.666146 0.429630 0.666146 0.430556 0.665625 0.431481 0.665625 0.432407 0.665104 0.433333 0.665104 0.434259 0.664583 0.435185 0.664583 0.437037 0.664062 0.437963 0.664062 0.438889 0.663542 0.439815 0.663542 0.440741 0.663021 0.441667 0.663021 0.442593 0.662500 0.443519 0.662500 0.444444 0.661979 0.445370 0.661979 0.447222 0.661458 0.448148 0.661458 0.449074 0.660937 0.450000 0.660937 0.450926 0.660417 0.451852 0.660417 0.452778 0.659896 0.453704 0.659896 0.455556 0.659375 0.456481 0.659375 0.457407 0.658854 0.458333 0.658854 0.459259 0.658333 0.460185 0.658333 0.461111 0.657813 0.462037 0.657813 0.462963 0.657292 0.463889 0.657292 0.465741 0.656771 0.466667 0.656771 0.467593 0.656250 0.468519 0.656250 0.469444 0.655729 0.470370 0.655729 0.471296 0.655208 0.472222 0.655208 0.473148 0.654687 0.474074 0.654687 0.475926 0.654167 0.476852 0.654167 0.477778 0.653646 0.478704 0.653646 0.479630 0.653125 0.480556 0.653125 0.481481 0.652604 0.482407 0.652604 0.484259 0.652083 0.485185 0.652083 0.486111 0.651563 0.487037 0.651563 0.487963 0.648958 0.492593 0.648438 0.492593 0.647917 0.493519 0.646875 0.493519 0.646354 0.494444 0.619271 0.494444 0.618750 0.493519 0.608333 0.493519 0.607812 0.492593 0.598958 0.492593 0.598437 0.491667 0.590625 0.491667 0.590104 0.490741 0.583333 0.490741 0.582812 0.489815 0.576042 0.489815 0.575521 0.488889 0.570833 0.488889 0.570312 0.487963 0.566146 0.487963 0.565625 0.487037 0.563542 0.487037 0.563021 0.486111 0.560937 0.486111 0.560417 0.485185 0.559896 0.485185 0.559375 0.484259 0.557813 0.484259 0.557813 0.485185 0.557292 0.486111 0.557292 0.487037 0.556250 0.488889 0.556250 0.489815 0.555729 0.490741 0.555729 0.491667 0.554688 0.493519 0.554688 0.494444 0.554167 0.495370 0.554167 0.496296 0.553125 0.498148 0.553125 0.499074 0.552604 0.500000 0.552604 0.500926 0.551562 0.502778 0.551562 0.504630 0.551042 0.505556 0.551042 0.507407 0.550521 0.508333 0.550521 0.513889 0.551042 0.514815 0.551042 0.517593 0.551562 0.518519 0.551562 0.519444 0.553646 0.523148 0.554688 0.523148 0.555208 0.524074 0.555729 0.524074 0.556250 0.525000 0.558854 0.525000 0.559375 0.525926 0.561458 0.525926 0.561979 0.526852 0.566667 0.526852 0.567187 0.527778 0.571875 0.527778 0.572396 0.528704 0.579167 0.528704 0.579688 0.529630 0.586458 0.529630 0.586979 0.530556 0.594792 0.530556 0.595313 0.531481 0.604167 0.531481 0.604688 0.532407 0.614583 0.532407 0.615104 0.533333 0.633854 0.533333 0.634375 0.534259 0.635417 0.534259 0.635938 0.533333 0.641667 0.533333 0.642188 0.532407 0.643229 0.532407 0.643750 0.531481 0.644271 0.531481 0.646354 0.527778 0.646354 0.525926 0.646875 0.525000 0.646875 0.524074 0.647396 0.523148 0.647396 0.522222 0.647917 0.521296 0.647917 0.520370 0.648438 0.519444 0.648438 0.517593 0.648958 0.516667 0.648958 0.515741 0.649479 0.514815 0.649479 0.513889 0.650000 0.512963 0.650000 0.512037 0.650521 0.511111 0.650521 0.509259 0.651042 0.508333 0.651042 0.507407 0.651563 0.506481 0.651563 0.505556 0.652083 0.504630 0.652083 0.502778 0.652604 0.501852 0.652604 0.500926 0.653125 0.500000 0.653125 0.499074 0.653646 0.498148 0.653646 0.497222 0.654167 0.496296 0.654167 0.494444 0.654687 0.493519 0.654687 0.492593 0.655208 0.491667 0.655208 0.490741 0.655729 0.489815 0.655729 0.488889 0.656250 0.487963 0.656250 0.486111 0.656771 0.485185 0.656771 0.484259 0.657292 0.483333 0.657292 0.482407 0.657813 0.481481 0.657813 0.480556 0.658333 0.479630 0.658333 0.477778 0.658854 0.476852 0.658854 0.475926 0.659375 0.475000 0.659375 0.474074 0.659896 0.473148 0.659896 0.472222 0.660417 0.471296 0.660417 0.469444 0.660937 0.468519 0.660937 0.467593 0.661458 0.466667 0.661458 0.465741 0.661979 0.464815 0.661979 0.463889 0.662500 0.462963 0.662500 0.461111 0.663021 0.460185 0.663021 0.459259 0.663542 0.458333 0.663542 0.457407 0.664062 0.456481 0.664062 0.455556 0.664583 0.454630 0.664583 0.452778 0.665104 0.451852 0.665104 0.450926 0.665625 0.450000 0.665625 0.449074 0.666146 0.448148 0.666146 0.446296 0.666667 0.445370 0.666667 0.444444 0.667188 0.443519 0.667188 0.442593 0.667708 0.441667 0.667708 0.440741 0.668229 0.439815 0.668229 0.437963 0.668750 0.437037 0.668750 0.436111 0.669271 0.435185 0.669271 0.434259 0.669792 0.433333 0.669792 0.432407 0.670312 0.431481 0.670312 0.429630 0.670833 0.428704 0.670833 0.427778 0.671354 0.426852 0.671354 0.425926 0.671875 0.425000 0.671875 0.424074 0.672396 0.423148 0.672396 0.421296 0.672917 0.420370 0.672917 0.419444 0.673438 0.418519 0.673438 0.417593 0.673958 0.416667 0.673958 0.415741 0.674479 0.414815 0.674479 0.412963 0.675000 0.412037 0.675000 0.411111 0.675521 0.410185 0.675521 0.409259 0.676042 0.408333 0.676042 0.407407 0.676562 0.406481 0.676562 0.404630 0.677083 0.403704 0.677083 0.402778 0.677604 0.401852 0.677604 0.400926 0.678125 0.400000 0.678125 0.398148 0.678646 0.397222 0.678646 0.396296 0.679167 0.395370 0.679167 0.394444 0.679688 0.393519 0.679688 0.392593 0.680208 0.391667 0.680208 0.389815 0.680729 0.388889 0.680729 0.387963 0.681250 0.387037 0.681250 0.386111 0.681771 0.385185 0.681771 0.384259 0.682292 0.383333 0.682292 0.381481 0.682813 0.380556 0.682813 0.379630 0.683333 0.378704 0.683333 0.377778 0.683854 0.376852 0.683854 0.375926 0.684375 0.375000 0.684375 0.373148 0.684896 0.372222 0.684896 0.371296 0.685417 0.370370 0.685417 0.369444 0.685937 0.368519 0.685937 0.367593 0.686458 0.366667 0.686458 0.364815 0.686979 0.363889 0.686979 0.362963 0.687500 0.362037 0.687500 0.361111 0.688021 0.360185 0.688021 0.359259 0.688542 0.358333 0.688542 0.356481 0.689063 0.355556 0.689063 0.354630 0.689583 0.353704 0.689583 0.352778 0.690104 0.351852 0.690104 0.350000 0.690625 0.349074 0.690625 0.348148 0.691146 0.347222 0.691146 0.346296 0.691667 0.345370 0.691667 0.344444 0.692187 0.343519 0.692187 0.341667 0.692708 0.340741 0.692708 0.339815 0.693229 0.338889 0.693229 0.337963 0.693750 0.337037 0.693750 0.336111 0.694271 0.335185 0.694271 0.333333 0.694792 0.332407 0.694792 0.331481 0.695312 0.330556 0.695312 0.329630 0.695833 0.328704 0.695833 0.327778 0.696354 0.326852 0.696354 0.325000 0.696875 0.324074 0.696875 0.323148 0.697396 0.322222 0.697396 0.321296 0.697917 0.320370 0.697917 0.319444 0.698438 0.318519 0.698438 0.316667 0.698958 0.315741 0.698958 0.314815 0.699479 0.313889 0.699479 0.312963 0.700000 0.312037 0.700000 0.311111 0.700521 0.310185 0.700521 0.308333 0.701042 0.307407 0.701042 0.306481 0.701562 0.305556 0.701562 0.304630 0.702083 0.303704 0.702083 0.302778 0.702604 0.301852 0.702604 0.300000 0.703125 0.299074 0.703125 0.298148 0.703646 0.297222 0.703646 0.296296 0.704167 0.295370 0.704167 0.293519 0.704688 0.292593 0.704688 0.291667 0.705208 0.290741 0.705208 0.289815 0.705729 0.288889 0.705729 0.287963 0.706250 0.287037 0.706250 0.285185 0.706771 0.284259 0.706771 0.283333 0.707292 0.282407 0.707292 0.281481 0.707812 0.280556 0.707812 0.279630 0.708333 0.278704 0.708333 0.276852 0.708854 0.275926 0.708854 0.275000 0.709375 0.274074 0.709375 0.273148 0.709896 0.272222 0.709896 0.271296 0.710417 0.270370 0.710417 0.268519 0.710938 0.267593 0.710938 0.266667 0.711458 0.265741 0.711458 0.263889 0.711979 0.262963 0.711979 0.257407 0.711458 0.256481 0.711458 0.255556 0.710938 0.254630
1 0.310417 0.441667 0.104167 0.048148 0.355208 0.417593 0.346875 0.432407 0.346354 0.432407 0.345833 0.433333 0.344792 0.433333 0.344271 0.434259 0.318750 0.434259 0.318229 0.433333 0.307812 0.433333 0.307292 0.432407 0.297917 0.432407 0.297396 0.431481 0.289062 0.431481 0.288542 0.430556 0.282292 0.430556 0.281771 0.429630 0.275521 0.429630 0.275000 0.428704 0.270313 0.428704 0.269792 0.427778 0.267188 0.427778 0.266667 0.426852 0.264583 0.426852 0.258854 0.437037 0.258854 0.438889 0.258333 0.439815 0.258333 0.448148 0.258854 0.449074 0.258854 0.450926 0.259375 0.451852 0.259375 0.452778 0.260937 0.455556 0.261458 0.455556 0.261979 0.456481 0.262500 0.456481 0.263021 0.457407 0.264583 0.457407 0.265104 0.458333 0.267188 0.458333 0.267708 0.459259 0.271354 0.459259 0.271875 0.460185 0.276042 0.460185 0.276562 0.461111 0.282813 0.461111 0.283333 0.462037 0.289583 0.462037 0.290104 0.462963 0.298438 0.462963 0.298958 0.463889 0.307812 0.463889 0.308333 0.464815 0.318229 0.464815 0.318750 0.465741 0.344271 0.465741 0.344792 0.464815 0.346354 0.464815 0.346875 0.463889 0.347396 0.463889 0.352604 0.454630 0.352604 0.453704 0.358854 0.442593 0.358854 0.441667 0.362500 0.435185 0.361458 0.435185 0.360938 0.434259 0.359896 0.434259 0.359375 0.433333 0.358854 0.433333 0.358333 0.432407 0.357812 0.432407 0.356250 0.429630 0.356250 0.428704 0.355729 0.427778 0.355729 0.426852 0.355208 0.425926 0.355208 0.422222 0.354687 0.421296 0.354687 0.419444 0.355208 0.418519
1 0.406771 0.456481 0.102083 0.046296 0.450000 0.433333 0.448958 0.435185 0.448958 0.436111 0.446354 0.440741 0.445833 0.440741 0.445312 0.441667 0.444271 0.441667 0.443750 0.442593 0.439583 0.442593 0.439063 0.443519 0.427083 0.443519 0.426563 0.442593 0.413542 0.442593 0.413021 0.441667 0.402604 0.441667 0.402083 0.440741 0.393750 0.440741 0.393229 0.439815 0.385417 0.439815 0.384896 0.438889 0.378125 0.438889 0.377604 0.437963 0.372396 0.437963 0.371875 0.437037 0.367188 0.437037 0.366667 0.436111 0.363542 0.436111 0.363542 0.437037 0.357292 0.448148 0.357292 0.449074 0.356250 0.450926 0.356250 0.452778 0.355729 0.453704 0.355729 0.462037 0.356250 0.462963 0.356250 0.464815 0.356771 0.465741 0.356771 0.466667 0.358333 0.469444 0.359375 0.469444 0.359896 0.470370 0.360417 0.470370 0.360938 0.471296 0.362500 0.471296 0.363021 0.472222 0.365625 0.472222 0.366146 0.473148 0.369792 0.473148 0.370312 0.474074 0.375000 0.474074 0.375521 0.475000 0.381771 0.475000 0.382292 0.475926 0.389062 0.475926 0.389583 0.476852 0.397396 0.476852 0.397917 0.477778 0.406771 0.477778 0.407292 0.478704 0.417708 0.478704 0.418229 0.479630 0.443750 0.479630 0.444271 0.478704 0.445312 0.478704 0.445833 0.477778 0.446875 0.477778 0.447917 0.475926 0.447917 0.475000 0.450000 0.471296 0.450000 0.470370 0.451562 0.467593 0.451562 0.466667 0.452083 0.465741 0.452083 0.461111 0.452604 0.460185 0.452604 0.458333 0.453646 0.456481 0.453646 0.455556 0.455208 0.452778 0.455208 0.451852 0.456771 0.449074 0.456771 0.448148 0.457813 0.446296 0.455729 0.446296 0.455208 0.445370 0.454688 0.445370 0.454167 0.444444 0.453646 0.444444 0.453125 0.443519 0.452604 0.443519 0.451042 0.440741 0.451042 0.439815 0.450521 0.438889 0.450521 0.437037 0.450000 0.436111
1 0.506771 0.453241 0.108333 0.069444 0.555729 0.418519 0.554688 0.420370 0.554688 0.421296 0.553646 0.423148 0.553646 0.424074 0.553125 0.425000 0.553125 0.425926 0.552083 0.427778 0.552083 0.428704 0.551042 0.430556 0.551042 0.431481 0.550000 0.433333 0.550000 0.434259 0.549479 0.435185 0.549479 0.436111 0.548438 0.437963 0.548438 0.438889 0.547396 0.440741 0.547396 0.441667 0.546875 0.442593 0.546875 0.443519 0.545833 0.445370 0.545833 0.446296 0.544792 0.448148 0.544792 0.449074 0.543229 0.451852 0.542708 0.451852 0.542188 0.452778 0.541146 0.452778 0.540625 0.453704 0.538021 0.453704 0.537500 0.454630 0.518750 0.454630 0.518229 0.453704 0.506250 0.453704 0.505729 0.452778 0.495833 0.452778 0.495312 0.451852 0.486979 0.451852 0.486458 0.450926 0.479167 0.450926 0.478646 0.450000 0.471875 0.450000 0.471354 0.449074 0.466146 0.449074 0.465625 0.448148 0.461458 0.448148 0.460938 0.447222 0.457813 0.447222 0.457292 0.448148 0.457292 0.449074 0.455729 0.451852 0.455729 0.452778 0.454167 0.455556 0.454167 0.456481 0.453125 0.458333 0.453125 0.460185 0.452604 0.461111 0.452604 0.470370 0.453125 0.471296 0.453125 0.473148 0.455729 0.477778 0.456771 0.477778 0.457292 0.478704 0.458333 0.478704 0.458854 0.479630 0.460938 0.479630 0.461458 0.480556 0.464583 0.480556 0.465104 0.481481 0.469271 0.481481 0.469792 0.482407 0.475521 0.482407 0.476042 0.483333 0.482292 0.483333 0.482812 0.484259 0.490625 0.484259 0.491146 0.485185 0.499479 0.485185 0.500000 0.486111 0.509896 0.486111 0.510417 0.487037 0.522917 0.487037 0.523438 0.487963 0.538542 0.487963 0.539062 0.487037 0.542188 0.487037 0.542708 0.486111 0.544271 0.486111 0.546875 0.481481 0.546875 0.480556 0.547396 0.479630 0.547396 0.478704 0.548438 0.476852 0.548438 0.475926 0.549479 0.474074 0.549479 0.473148 0.550000 0.472222 0.550000 0.471296 0.551042 0.469444 0.551042 0.468519 0.551562 0.467593 0.551562 0.466667 0.552604 0.464815 0.552604 0.463889 0.553125 0.462963 0.553125 0.462037 0.554167 0.460185 0.554167 0.459259 0.554688 0.458333 0.554688 0.457407 0.555729 0.455556 0.555729 0.452778 0.555208 0.451852 0.555208 0.450000 0.554688 0.449074 0.554688 0.442593 0.555208 0.441667 0.555208 0.439815 0.555729 0.438889 0.555729 0.437963 0.556250 0.437037 0.556250 0.436111 0.556771 0.435185 0.556771 0.434259 0.557813 0.432407 0.557813 0.431481 0.558333 0.430556 0.558333 0.429630 0.559375 0.427778 0.559375 0.426852 0.560417 0.425000 0.560417 0.424074 0.560937 0.423148 0.560937 0.422222 0.559375 0.422222 0.558854 0.421296 0.558333 0.421296 0.557813 0.420370 0.556771 0.420370
1 0.635677 0.357870 0.159896 0.271296 0.714063 0.222222 0.713542 0.223148 0.713542 0.224074 0.713021 0.225000 0.713021 0.225926 0.712500 0.226852 0.712500 0.227778 0.711979 0.228704 0.711979 0.229630 0.711458 0.230556 0.711458 0.231481 0.710938 0.232407 0.710938 0.234259 0.710417 0.235185 0.710417 0.236111 0.709896 0.237037 0.709896 0.237963 0.709375 0.238889 0.709375 0.239815 0.708854 0.240741 0.708854 0.241667 0.708333 0.242593 0.708333 0.243519 0.707812 0.244444 0.707812 0.246296 0.707292 0.247222 0.707292 0.248148 0.706771 0.249074 0.706771 0.250000 0.706250 0.250926 0.706250 0.251852 0.705729 0.252778 0.705729 0.253704 0.705208 0.254630 0.705208 0.256481 0.704688 0.257407 0.704688 0.258333 0.704167 0.259259 0.704167 0.260185 0.703646 0.261111 0.703646 0.262037 0.703125 0.262963 0.703125 0.263889 0.702604 0.264815 0.702604 0.265741 0.702083 0.266667 0.702083 0.268519 0.701562 0.269444 0.701562 0.270370 0.701042 0.271296 0.701042 0.272222 0.700521 0.273148 0.700521 0.274074 0.700000 0.275000 0.700000 0.275926 0.699479 0.276852 0.699479 0.277778 0.698958 0.278704 0.698958 0.280556 0.698438 0.281481 0.698438 0.282407 0.697917 0.283333 0.697917 0.284259 0.697396 0.285185 0.697396 0.286111 0.696875 0.287037 0.696875 0.287963 0.696354 0.288889 0.696354 0.290741 0.695833 0.291667 0.695833 0.292593 0.695312 0.293519 0.695312 0.294444 0.694792 0.295370 0.694792 0.296296 0.694271 0.297222 0.694271 0.298148 0.693750 0.299074 0.693750 0.300000 0.693229 0.300926 0.693229 0.302778 0.692708 0.303704 0.692708 0.304630 0.692187 0.305556 0.692187 0.306481 0.691667 0.307407 0.691667 0.308333 0.691146 0.309259 0.691146 0.310185 0.690625 0.311111 0.690625 0.312037 0.690104 0.312963 0.690104 0.314815 0.689583 0.315741 0.689583 0.316667 0.689063 0.317593 0.689063 0.318519 0.688542 0.319444 0.688542 0.320370 0.688021 0.321296 0.688021 0.322222 0.687500 0.323148 0.687500 0.325000 0.686979 0.325926 0.686979 0.326852 0.686458 0.327778 0.686458 0.328704 0.685937 0.329630 0.685937 0.330556 0.685417 0.331481 0.685417 0.332407 0.684896 0.333333 0.684896 0.334259 0.684375 0.335185 0.684375 0.337037 0.683854 0.337963 0.683854 0.338889 0.683333 0.339815 0.683333 0.340741 0.682813 0.341667 0.682813 0.342593 0.682292 0.343519 0.682292 0.344444 0.681771 0.345370 0.681771 0.346296 0.681250 0.347222 0.681250 0.349074 0.680729 0.350000 0.680729 0.350926 0.680208 0.351852 0.680208 0.352778 0.679688 0.353704 0.679688 0.354630 0.679167 0.355556 0.679167 0.356481 0.678646 0.357407 0.678646 0.359259 0.678125 0.360185 0.678125 0.361111 0.677604 0.362037 0.677604 0.362963 0.677083 0.363889 0.677083 0.364815 0.676562 0.365741 0.676562 0.366667 0.676042 0.367593 0.676042 0.368519 0.675521 0.369444 0.675521 0.371296 0.675000 0.372222 0.675000 0.373148 0.674479 0.374074 0.674479 0.375000 0.673958 0.375926 0.673958 0.376852 0.673438 0.377778 0.673438 0.378704 0.672917 0.379630 0.672917 0.380556 0.672396 0.381481 0.672396 0.383333 0.671875 0.384259 0.671875 0.385185 0.671354 0.386111 0.671354 0.387037 0.670833 0.387963 0.670833 0.388889 0.670312 0.389815 0.670312 0.390741 0.669792 0.391667 0.669792 0.393519 0.669271 0.394444 0.669271 0.395370 0.668750 0.396296 0.668750 0.397222 0.668229 0.398148 0.668229 0.399074 0.667708 0.400000 0.667708 0.400926 0.667188 0.401852 0.667188 0.402778 0.666667 0.403704 0.666667 0.405556 0.666146 0.406481 0.666146 0.407407 0.665625 0.408333 0.665625 0.409259 0.665104 0.410185 0.665104 0.411111 0.664583 0.412037 0.664583 0.412963 0.664062 0.413889 0.664062 0.414815 0.663542 0.415741 0.663542 0.417593 0.663021 0.418519 0.663021 0.419444 0.662500 0.420370 0.662500 0.421296 0.661979 0.422222 0.661979 0.423148 0.661458 0.424074 0.661458 0.425000 0.660937 0.425926 0.660937 0.427778 0.660417 0.428704 0.660417 0.429630 0.659896 0.430556 0.659896 0.431481 0.659375 0.432407 0.659375 0.433333 0.658854 0.434259 0.658854 0.435185 0.658333 0.436111 0.658333 0.437037 0.657813 0.437963 0.657813 0.439815 0.657292 0.440741 0.657292 0.441667 0.656771 0.442593 0.656771 0.443519 0.656250 0.444444 0.656250 0.445370 0.655729 0.446296 0.655729 0.447222 0.655208 0.448148 0.655208 0.449074 0.654687 0.450000 0.654687 0.451852 0.654167 0.452778 0.654167 0.453704 0.653646 0.454630 0.653646 0.455556 0.653125 0.456481 0.653125 0.457407 0.652604 0.458333 0.652604 0.459259 0.652083 0.460185 0.652083 0.462037 0.649479 0.466667 0.648958 0.466667 0.648438 0.467593 0.646875 0.467593 0.646354 0.468519 0.641146 0.468519 0.640625 0.469444 0.638542 0.469444 0.638021 0.468519 0.618229 0.468519 0.617708 0.467593 0.607292 0.467593 0.606771 0.466667 0.597917 0.466667 0.597396 0.465741 0.589063 0.465741 0.588542 0.464815 0.581771 0.464815 0.581250 0.463889 0.575000 0.463889 0.574479 0.462963 0.569792 0.462963 0.569271 0.462037 0.565625 0.462037 0.565104 0.461111 0.562500 0.461111 0.561979 0.460185 0.560417 0.460185 0.559896 0.459259 0.559375 0.459259 0.558854 0.458333 0.558333 0.458333 0.558333 0.459259 0.557813 0.460185 0.557813 0.461111 0.556771 0.462963 0.556771 0.463889 0.556250 0.464815 0.556250 0.466667 0.555729 0.467593 0.555729 0.475926 0.556250 0.476852 0.556250 0.478704 0.556771 0.479630 0.556771 0.480556 0.558333 0.483333 0.559375 0.483333 0.559896 0.484259 0.560417 0.484259 0.560937 0.485185 0.563021 0.485185 0.563542 0.486111 0.565625 0.486111 0.566146 0.487037 0.570312 0.487037 0.570833 0.487963 0.575521 0.487963 0.576042 0.488889 0.582812 0.488889 0.583333 0.489815 0.590104 0.489815 0.590625 0.490741 0.598437 0.490741 0.598958 0.491667 0.607812 0.491667 0.608333 0.492593 0.618750 0.492593 0.619271 0.493519 0.646354 0.493519 0.646875 0.492593 0.647917 0.492593 0.648438 0.491667 0.648958 0.491667 0.651042 0.487963 0.651042 0.487037 0.651563 0.486111 0.651563 0.485185 0.652083 0.484259 0.652083 0.482407 0.652604 0.481481 0.652604 0.480556 0.653125 0.479630 0.653125 0.478704 0.653646 0.477778 0.653646 0.476852 0.654167 0.475926 0.654167 0.474074 0.654687 0.473148 0.654687 0.472222 0.655208 0.471296 0.655208 0.470370 0.655729 0.469444 0.655729 0.468519 0.656250 0.467593 0.656250 0.466667 0.656771 0.465741 0.656771 0.463889 0.657292 0.462963 0.657292 0.462037 0.657813 0.461111 0.657813 0.460185 0.658333 0.459259 0.658333 0.458333 0.658854 0.457407 0.658854 0.456481 0.659375 0.455556 0.659375 0.453704 0.659896 0.452778 0.659896 0.451852 0.660417 0.450926 0.660417 0.450000 0.660937 0.449074 0.660937 0.448148 0.661458 0.447222 0.661458 0.445370 0.661979 0.444444 0.661979 0.443519 0.662500 0.442593 0.662500 0.441667 0.663021 0.440741 0.663021 0.439815 0.663542 0.438889 0.663542 0.437963 0.664062 0.437037 0.664062 0.435185 0.664583 0.434259 0.664583 0.433333 0.665104 0.432407 0.665104 0.431481 0.665625 0.430556 0.665625 0.429630 0.666146 0.428704 0.666146 0.426852 0.666667 0.425926 0.666667 0.425000 0.667188 0.424074 0.667188 0.423148 0.667708 0.422222 0.667708 0.421296 0.668229 0.420370 0.668229 0.419444 0.668750 0.418519 0.668750 0.416667 0.669271 0.415741 0.669271 0.414815 0.669792 0.413889 0.669792 0.412963 0.670312 0.412037 0.670312 0.411111 0.670833 0.410185 0.670833 0.408333 0.671354 0.407407 0.671354 0.406481 0.671875 0.405556 0.671875 0.404630 0.672396 0.403704 0.672396 0.402778 0.672917 0.401852 0.672917 0.400926 0.673438 0.400000 0.673438 0.398148 0.673958 0.397222 0.673958 0.396296 0.674479 0.395370 0.674479 0.394444 0.675000 0.393519 0.675000 0.392593 0.675521 0.391667 0.675521 0.390741 0.676042 0.389815 0.676042 0.387963 0.676562 0.387037 0.676562 0.386111 0.677083 0.385185 0.677083 0.384259 0.677604 0.383333 0.677604 0.382407 0.678125 0.381481 0.678125 0.379630 0.678646 0.378704 0.678646 0.377778 0.679167 0.376852 0.679167 0.375926 0.679688 0.375000 0.679688 0.374074 0.680208 0.373148 0.680208 0.372222 0.680729 0.371296 0.680729 0.369444 0.681250 0.368519 0.681250 0.367593 0.681771 0.366667 0.681771 0.365741 0.682292 0.364815 0.682292 0.363889 0.682813 0.362963 0.682813 0.361111 0.683333 0.360185 0.683333 0.359259 0.683854 0.358333 0.683854 0.357407 0.684375 0.356481 0.684375 0.355556 0.684896 0.354630 0.684896 0.353704 0.685417 0.352778 0.685417 0.350926 0.685937 0.350000 0.685937 0.349074 0.686458 0.348148 0.686458 0.347222 0.686979 0.346296 0.686979 0.345370 0.687500 0.344444 0.687500 0.343519 0.688021 0.342593 0.688021 0.340741 0.688542 0.339815 0.688542 0.338889 0.689063 0.337963 0.689063 0.337037 0.689583 0.336111 0.689583 0.335185 0.690104 0.334259 0.690104 0.332407 0.690625 0.331481 0.690625 0.330556 0.691146 0.329630 0.691146 0.328704 0.691667 0.327778 0.691667 0.326852 0.692187 0.325926 0.692187 0.325000 0.692708 0.324074 0.692708 0.322222 0.693229 0.321296 0.693229 0.320370 0.693750 0.319444 0.693750 0.318519 0.694271 0.317593 0.694271 0.316667 0.694792 0.315741 0.694792 0.313889 0.695312 0.312963 0.695312 0.312037 0.695833 0.311111 0.695833 0.310185 0.696354 0.309259 0.696354 0.308333 0.696875 0.307407 0.696875 0.306481 0.697396 0.305556 0.697396 0.303704 0.697917 0.302778 0.697917 0.301852 0.698438 0.300926 0.698438 0.300000 0.698958 0.299074 0.698958 0.298148 0.699479 0.297222 0.699479 0.295370 0.700000 0.294444 0.700000 0.293519 0.700521 0.292593 0.700521 0.291667 0.701042 0.290741 0.701042 0.289815 0.701562 0.288889 0.701562 0.287963 0.702083 0.287037 0.702083 0.285185 0.702604 0.284259 0.702604 0.283333 0.703125 0.282407 0.703125 0.281481 0.703646 0.280556 0.703646 0.279630 0.704167 0.278704 0.704167 0.277778 0.704688 0.276852 0.704688 0.275000 0.705208 0.274074 0.705208 0.273148 0.705729 0.272222 0.705729 0.271296 0.706250 0.270370 0.706250 0.269444 0.706771 0.268519 0.706771 0.266667 0.707292 0.265741 0.707292 0.264815 0.707812 0.263889 0.707812 0.262963 0.708333 0.262037 0.708333 0.261111 0.708854 0.260185 0.708854 0.259259 0.709375 0.258333 0.709375 0.256481 0.709896 0.255556 0.709896 0.254630 0.710417 0.253704 0.710417 0.252778 0.710938 0.251852 0.710938 0.250926 0.711458 0.250000 0.711458 0.248148 0.711979 0.247222 0.711979 0.246296 0.712500 0.245370 0.712500 0.244444 0.713021 0.243519 0.713021 0.242593 0.713542 0.241667 0.713542 0.240741 0.714063 0.239815 0.714063 0.237963 0.714583 0.237037 0.714583 0.236111 0.715104 0.235185 0.715104 0.233333 0.715625 0.232407 0.715625 0.226852 0.715104 0.225926 0.715104 0.224074
1 0.308073 0.415278 0.100521 0.036111 0.349479 0.397222 0.344792 0.405556 0.343750 0.405556 0.343229 0.406481 0.340104 0.406481 0.339583 0.407407 0.321875 0.407407 0.321354 0.406481 0.308854 0.406481 0.308333 0.405556 0.298438 0.405556 0.297917 0.404630 0.289583 0.404630 0.289062 0.403704 0.281771 0.403704 0.281250 0.402778 0.274479 0.402778 0.273958 0.401852 0.269271 0.401852 0.268750 0.400926 0.265104 0.400926 0.264583 0.400000 0.262500 0.400000 0.261979 0.399074 0.261458 0.399074 0.258333 0.404630 0.258333 0.406481 0.257812 0.407407 0.257812 0.416667 0.258333 0.417593 0.258333 0.418519 0.258854 0.419444 0.258854 0.420370 0.260417 0.423148 0.260937 0.423148 0.261458 0.424074 0.261979 0.424074 0.262500 0.425000 0.263542 0.425000 0.264062 0.425926 0.266667 0.425926 0.267188 0.426852 0.269792 0.426852 0.270313 0.427778 0.275000 0.427778 0.275521 0.428704 0.281771 0.428704 0.282292 0.429630 0.288542 0.429630 0.289062 0.430556 0.297396 0.430556 0.297917 0.431481 0.307292 0.431481 0.307812 0.432407 0.318229 0.432407 0.318750 0.433333 0.344271 0.433333 0.344792 0.432407 0.345833 0.432407 0.346354 0.431481 0.346875 0.431481 0.355208 0.416667 0.355208 0.414815 0.355729 0.413889 0.355729 0.412963 0.358333 0.408333 0.356250 0.408333 0.355729 0.407407 0.354687 0.407407 0.354167 0.406481 0.353125 0.406481 0.352604 0.405556 0.352083 0.405556 0.350521 0.402778 0.350521 0.401852 0.350000 0.400926 0.350000 0.400000 0.349479 0.399074
1 0.503646 0.424074 0.106250 0.059259 0.554688 0.394444 0.554688 0.395370 0.553646 0.397222 0.553646 0.398148 0.552604 0.400000 0.552604 0.400926 0.551562 0.402778 0.551562 0.403704 0.550521 0.405556 0.550521 0.406481 0.549479 0.408333 0.549479 0.409259 0.548958 0.410185 0.548958 0.411111 0.547917 0.412963 0.547917 0.413889 0.544792 0.419444 0.543229 0.419444 0.542708 0.420370 0.540104 0.420370 0.539583 0.421296 0.520833 0.421296 0.520312 0.420370 0.507812 0.420370 0.507292 0.419444 0.497396 0.419444 0.496875 0.418519 0.488021 0.418519 0.487500 0.417593 0.480208 0.417593 0.479687 0.416667 0.472917 0.416667 0.472396 0.415741 0.467708 0.415741 0.467187 0.414815 0.463021 0.414815 0.462500 0.413889 0.460417 0.413889 0.459896 0.412963 0.457813 0.412963 0.457292 0.412037 0.456771 0.412037 0.454688 0.415741 0.454688 0.416667 0.452604 0.420370 0.452604 0.421296 0.451562 0.423148 0.451562 0.424074 0.451042 0.425000 0.451042 0.425926 0.450521 0.426852 0.450521 0.436111 0.451042 0.437037 0.451042 0.438889 0.451562 0.439815 0.451562 0.440741 0.452604 0.442593 0.453125 0.442593 0.453646 0.443519 0.454167 0.443519 0.454688 0.444444 0.455208 0.444444 0.455729 0.445370 0.457813 0.445370 0.458333 0.446296 0.460938 0.446296 0.461458 0.447222 0.465625 0.447222 0.466146 0.448148 0.471354 0.448148 0.471875 0.449074 0.478646 0.449074 0.479167 0.450000 0.486458 0.450000 0.486979 0.450926 0.495312 0.450926 0.495833 0.451852 0.505729 0.451852 0.506250 0.452778 0.518229 0.452778 0.518750 0.453704 0.537500 0.453704 0.538021 0.452778 0.540625 0.452778 0.541146 0.451852 0.542188 0.451852 0.542708 0.450926 0.543229 0.450926 0.544271 0.449074 0.544271 0.448148 0.545312 0.446296 0.545312 0.445370 0.546354 0.443519 0.546354 0.442593 0.546875 0.441667 0.546875 0.440741 0.547917 0.438889 0.547917 0.437963 0.548958 0.436111 0.548958 0.435185 0.549479 0.434259 0.549479 0.433333 0.550521 0.431481 0.550521 0.430556 0.551562 0.428704 0.551562 0.427778 0.552604 0.425926 0.552604 0.425000 0.553125 0.424074 0.553125 0.423148 0.554167 0.421296 0.554167 0.420370 0.555208 0.418519 0.555208 0.417593 0.554688 0.416667 0.554688 0.414815 0.554167 0.413889 0.554167 0.412037 0.553646 0.411111 0.553646 0.405556 0.554167 0.404630 0.554167 0.401852 0.554688 0.400926 0.554688 0.400000 0.555208 0.399074 0.555208 0.398148 0.556250 0.396296 0.556250 0.395370 0.556771 0.394444
1 0.635677 0.332870 0.160938 0.271296 0.711458 0.197222 0.711458 0.198148 0.710938 0.199074 0.710938 0.200000 0.710417 0.200926 0.710417 0.201852 0.709896 0.202778 0.709896 0.203704 0.709375 0.204630 0.709375 0.205556 0.708854 0.206481 0.708854 0.207407 0.708333 0.208333 0.708333 0.209259 0.707812 0.210185 0.707812 0.211111 0.707292 0.212037 0.707292 0.212963 0.706771 0.213889 0.706771 0.214815 0.706250 0.215741 0.706250 0.217593 0.705729 0.218519 0.705729 0.219444 0.705208 0.220370 0.705208 0.221296 0.704688 0.222222 0.704688 0.223148 0.704167 0.224074 0.704167 0.225000 0.703646 0.225926 0.703646 0.226852 0.703125 0.227778 0.703125 0.228704 0.702604 0.229630 0.702604 0.230556 0.702083 0.231481 0.702083 0.232407 0.701562 0.233333 0.701562 0.234259 0.701042 0.235185 0.701042 0.237037 0.700521 0.237963 0.700521 0.238889 0.700000 0.239815 0.700000 0.240741 0.699479 0.241667 0.699479 0.242593 0.698958 0.243519 0.698958 0.244444 0.698438 0.245370 0.698438 0.246296 0.697917 0.247222 0.697917 0.248148 0.697396 0.249074 0.697396 0.250000 0.696875 0.250926 0.696875 0.251852 0.696354 0.252778 0.696354 0.253704 0.695833 0.254630 0.695833 0.256481 0.695312 0.257407 0.695312 0.258333 0.694792 0.259259 0.694792 0.260185 0.694271 0.261111 0.694271 0.262037 0.693750 0.262963 0.693750 0.263889 0.693229 0.264815 0.693229 0.265741 0.692708 0.266667 0.692708 0.267593 0.692187 0.268519 0.692187 0.269444 0.691667 0.270370 0.691667 0.271296 0.691146 0.272222 0.691146 0.273148 0.690625 0.274074 0.690625 0.275000 0.690104 0.275926 0.690104 0.277778 0.689583 0.278704 0.689583 0.279630 0.689063 0.280556 0.689063 0.281481 0.688542 0.282407 0.688542 0.283333 0.688021 0.284259 0.688021 0.285185 0.687500 0.286111 0.687500 0.287037 0.686979 0.287963 0.686979 0.288889 0.686458 0.289815 0.686458 0.290741 0.685937 0.291667 0.685937 0.292593 0.685417 0.293519 0.685417 0.294444 0.684896 0.295370 0.684896 0.297222 0.684375 0.298148 0.684375 0.299074 0.683854 0.300000 0.683854 0.300926 0.683333 0.301852 0.683333 0.302778 0.682813 0.303704 0.682813 0.304630 0.682292 0.305556 0.682292 0.306481 0.681771 0.307407 0.681771 0.308333 0.681250 0.309259 0.681250 0.310185 0.680729 0.311111 0.680729 0.312037 0.680208 0.312963 0.680208 0.313889 0.679688 0.314815 0.679688 0.316667 0.679167 0.317593 0.679167 0.318519 0.678646 0.319444 0.678646 0.320370 0.678125 0.321296 0.678125 0.322222 0.677604 0.323148 0.677604 0.324074 0.677083 0.325000 0.677083 0.325926 0.676562 0.326852 0.676562 0.327778 0.676042 0.328704 0.676042 0.329630 0.675521 0.330556 0.675521 0.331481 0.675000 0.332407 0.675000 0.333333 0.674479 0.334259 0.674479 0.335185 0.673958 0.336111 0.673958 0.337963 0.673438 0.338889 0.673438 0.339815 0.672917 0.340741 0.672917 0.341667 0.672396 0.342593 0.672396 0.343519 0.671875 0.344444 0.671875 0.345370 0.671354 0.346296 0.671354 0.347222 0.670833 0.348148 0.670833 0.349074 0.670312 0.350000 0.670312 0.350926 0.669792 0.351852 0.669792 0.352778 0.669271 0.353704 0.669271 0.354630 0.668750 0.355556 0.668750 0.357407 0.668229 0.358333 0.668229 0.359259 0.667708 0.360185 0.667708 0.361111 0.667188 0.362037 0.667188 0.362963 0.666667 0.363889 0.666667 0.364815 0.666146 0.365741 0.666146 0.366667 0.665625 0.367593 0.665625 0.368519 0.665104 0.369444 0.665104 0.370370 0.664583 0.371296 0.664583 0.372222 0.664062 0.373148 0.664062 0.374074 0.663542 0.375000 0.663542 0.376852 0.663021 0.377778 0.663021 0.378704 0.662500 0.379630 0.662500 0.380556 0.661979 0.381481 0.661979 0.382407 0.661458 0.383333 0.661458 0.384259 0.660937 0.385185 0.660937 0.386111 0.660417 0.387037 0.660417 0.387963 0.659896 0.388889 0.659896 0.389815 0.659375 0.390741 0.659375 0.391667 0.658854 0.392593 0.658854 0.393519 0.658333 0.394444 0.658333 0.395370 0.657813 0.396296 0.657813 0.398148 0.657292 0.399074 0.657292 0.400000 0.656771 0.400926 0.656771 0.401852 0.656250 0.402778 0.656250 0.403704 0.655729 0.404630 0.655729 0.405556 0.655208 0.406481 0.655208 0.407407 0.654687 0.408333 0.654687 0.409259 0.654167 0.410185 0.654167 0.411111 0.653646 0.412037 0.653646 0.412963 0.653125 0.413889 0.653125 0.414815 0.652604 0.415741 0.652604 0.417593 0.652083 0.418519 0.652083 0.419444 0.651563 0.420370 0.651563 0.421296 0.651042 0.422222 0.651042 0.423148 0.650521 0.424074 0.650521 0.425000 0.648438 0.428704 0.647396 0.428704 0.646875 0.429630 0.645312 0.429630 0.644792 0.430556 0.618229 0.430556 0.617708 0.429630 0.607292 0.429630 0.606771 0.428704 0.596875 0.428704 0.596354 0.427778 0.588021 0.427778 0.587500 0.426852 0.580729 0.426852 0.580208 0.425926 0.573438 0.425926 0.572917 0.425000 0.568229 0.425000 0.567708 0.424074 0.564063 0.424074 0.563542 0.423148 0.561458 0.423148 0.560937 0.424074 0.560937 0.425000 0.559896 0.426852 0.559896 0.427778 0.558854 0.429630 0.558854 0.430556 0.558333 0.431481 0.558333 0.432407 0.557292 0.434259 0.557292 0.435185 0.556771 0.436111 0.556771 0.437037 0.556250 0.437963 0.556250 0.438889 0.555729 0.439815 0.555729 0.441667 0.555208 0.442593 0.555208 0.449074 0.555729 0.450000 0.555729 0.451852 0.556250 0.452778 0.556250 0.453704 0.556771 0.454630 0.556771 0.455556 0.557813 0.457407 0.558854 0.457407 0.559375 0.458333 0.559896 0.458333 0.560417 0.459259 0.561979 0.459259 0.562500 0.460185 0.565104 0.460185 0.565625 0.461111 0.569271 0.461111 0.569792 0.462037 0.574479 0.462037 0.575000 0.462963 0.581250 0.462963 0.581771 0.463889 0.588542 0.463889 0.589063 0.464815 0.597396 0.464815 0.597917 0.465741 0.606771 0.465741 0.607292 0.466667 0.617708 0.466667 0.618229 0.467593 0.638021 0.467593 0.638542 0.468519 0.640625 0.468519 0.641146 0.467593 0.646354 0.467593 0.646875 0.466667 0.648438 0.466667 0.648958 0.465741 0.649479 0.465741 0.651563 0.462037 0.651563 0.460185 0.652083 0.459259 0.652083 0.458333 0.652604 0.457407 0.652604 0.456481 0.653125 0.455556 0.653125 0.454630 0.653646 0.453704 0.653646 0.452778 0.654167 0.451852 0.654167 0.450000 0.654687 0.449074 0.654687 0.448148 0.655208 0.447222 0.655208 0.446296 0.655729 0.445370 0.655729 0.444444 0.656250 0.443519 0.656250 0.442593 0.656771 0.441667 0.656771 0.440741 0.657292 0.439815 0.657292 0.437963 0.657813 0.437037 0.657813 0.436111 0.658333 0.435185 0.658333 0.434259 0.658854 0.433333 0.658854 0.432407 0.659375 0.431481 0.659375 0.430556 0.659896 0.429630 0.659896 0.428704 0.660417 0.427778 0.660417 0.425926 0.660937 0.425000 0.660937 0.424074 0.661458 0.423148 0.661458 0.422222 0.661979 0.421296 0.661979 0.420370 0.662500 0.419444 0.662500 0.418519 0.663021 0.417593 0.663021 0.415741 0.663542 0.414815 0.663542 0.413889 0.664062 0.412963 0.664062 0.412037 0.664583 0.411111 0.664583 0.410185 0.665104 0.409259 0.665104 0.408333 0.665625 0.407407 0.665625 0.406481 0.666146 0.405556 0.666146 0.403704 0.666667 0.402778 0.666667 0.401852 0.667188 0.400926 0.667188 0.400000 0.667708 0.399074 0.667708 0.398148 0.668229 0.397222 0.668229 0.396296 0.668750 0.395370 0.668750 0.394444 0.669271 0.393519 0.669271 0.391667 0.669792 0.390741 0.669792 0.389815 0.670312 0.388889 0.670312 0.387963 0.670833 0.387037 0.670833 0.386111 0.671354 0.385185 0.671354 0.384259 0.671875 0.383333 0.671875 0.381481 0.672396 0.380556 0.672396 0.379630 0.672917 0.378704 0.672917 0.377778 0.673438 0.376852 0.673438 0.375926 0.673958 0.375000 0.673958 0.374074 0.674479 0.373148 0.674479 0.372222 0.675000 0.371296 0.675000 0.369444 0.675521 0.368519 0.675521 0.367593 0.676042 0.366667 0.676042 0.365741 0.676562 0.364815 0.676562 0.363889 0.677083 0.362963 0.677083 0.362037 0.677604 0.361111 0.677604 0.360185 0.678125 0.359259 0.678125 0.357407 0.678646 0.356481 0.678646 0.355556 0.679167 0.354630 0.679167 0.353704 0.679688 0.352778 0.679688 0.351852 0.680208 0.350926 0.680208 0.350000 0.680729 0.349074 0.680729 0.347222 0.681250 0.346296 0.681250 0.345370 0.681771 0.344444 0.681771 0.343519 0.682292 0.342593 0.682292 0.341667 0.682813 0.340741 0.682813 0.339815 0.683333 0.338889 0.683333 0.337963 0.683854 0.337037 0.683854 0.335185 0.684375 0.334259 0.684375 0.333333 0.684896 0.332407 0.684896 0.331481 0.685417 0.330556 0.685417 0.329630 0.685937 0.328704 0.685937 0.327778 0.686458 0.326852 0.686458 0.325926 0.686979 0.325000 0.686979 0.323148 0.687500 0.322222 0.687500 0.321296 0.688021 0.320370 0.688021 0.319444 0.688542 0.318519 0.688542 0.317593 0.689063 0.316667 0.689063 0.315741 0.689583 0.314815 0.689583 0.312963 0.690104 0.312037 0.690104 0.311111 0.690625 0.310185 0.690625 0.309259 0.691146 0.308333 0.691146 0.307407 0.691667 0.306481 0.691667 0.305556 0.692187 0.304630 0.692187 0.303704 0.692708 0.302778 0.692708 0.300926 0.693229 0.300000 0.693229 0.299074 0.693750 0.298148 0.693750 0.297222 0.694271 0.296296 0.694271 0.295370 0.694792 0.294444 0.694792 0.293519 0.695312 0.292593 0.695312 0.291667 0.695833 0.290741 0.695833 0.288889 0.696354 0.287963 0.696354 0.287037 0.696875 0.286111 0.696875 0.285185 0.697396 0.284259 0.697396 0.283333 0.697917 0.282407 0.697917 0.281481 0.698438 0.280556 0.698438 0.278704 0.698958 0.277778 0.698958 0.276852 0.699479 0.275926 0.699479 0.275000 0.700000 0.274074 0.700000 0.273148 0.700521 0.272222 0.700521 0.271296 0.701042 0.270370 0.701042 0.269444 0.701562 0.268519 0.701562 0.266667 0.702083 0.265741 0.702083 0.264815 0.702604 0.263889 0.702604 0.262963 0.703125 0.262037 0.703125 0.261111 0.703646 0.260185 0.703646 0.259259 0.704167 0.258333 0.704167 0.257407 0.704688 0.256481 0.704688 0.254630 0.705208 0.253704 0.705208 0.252778 0.705729 0.251852 0.705729 0.250926 0.706250 0.250000 0.706250 0.249074 0.706771 0.248148 0.706771 0.247222 0.707292 0.246296 0.707292 0.244444 0.707812 0.243519 0.707812 0.242593 0.708333 0.241667 0.708333 0.240741 0.708854 0.239815 0.708854 0.238889 0.709375 0.237963 0.709375 0.237037 0.709896 0.236111 0.709896 0.235185 0.710417 0.234259 0.710417 0.232407 0.710938 0.231481 0.710938 0.230556 0.711458 0.229630 0.711458 0.228704 0.711979 0.227778 0.711979 0.226852 0.712500 0.225926 0.712500 0.225000 0.713021 0.224074 0.713021 0.223148 0.713542 0.222222 0.713542 0.220370 0.714063 0.219444 0.714063 0.218519 0.714583 0.217593 0.714583 0.216667 0.715104 0.215741 0.715104 0.214815 0.715625 0.213889 0.715625 0.212037 0.716146 0.211111 0.716146 0.203704 0.715625 0.202778 0.715625 0.200926 0.714583 0.199074 0.714063 0.199074 0.713542 0.198148 0.713021 0.198148 0.712500 0.197222
1 0.305990 0.384722 0.101562 0.043519 0.351562 0.362963 0.345833 0.373148 0.344792 0.373148 0.344271 0.374074 0.342187 0.374074 0.341667 0.375000 0.318750 0.375000 0.318229 0.374074 0.306250 0.374074 0.305729 0.373148 0.296354 0.373148 0.295833 0.372222 0.286979 0.372222 0.286458 0.371296 0.279687 0.371296 0.279167 0.370370 0.273438 0.370370 0.272917 0.369444 0.268229 0.369444 0.267708 0.368519 0.264583 0.368519 0.264062 0.367593 0.261979 0.367593 0.260937 0.369444 0.260417 0.369444 0.255729 0.377778 0.255729 0.379630 0.255208 0.380556 0.255208 0.387963 0.255729 0.388889 0.255729 0.390741 0.256250 0.391667 0.256250 0.392593 0.256771 0.393519 0.256771 0.394444 0.257812 0.396296 0.258854 0.396296 0.259375 0.397222 0.259896 0.397222 0.260417 0.398148 0.261979 0.398148 0.262500 0.399074 0.264583 0.399074 0.265104 0.400000 0.268750 0.400000 0.269271 0.400926 0.273958 0.400926 0.274479 0.401852 0.281250 0.401852 0.281771 0.402778 0.289062 0.402778 0.289583 0.403704 0.297917 0.403704 0.298438 0.404630 0.308333 0.404630 0.308854 0.405556 0.321354 0.405556 0.321875 0.406481 0.339583 0.406481 0.340104 0.405556 0.343229 0.405556 0.343750 0.404630 0.344792 0.404630 0.349479 0.396296 0.349479 0.395370 0.348958 0.394444 0.348958 0.391667 0.349479 0.390741 0.349479 0.387037 0.350000 0.386111 0.350000 0.385185 0.356771 0.373148 0.356250 0.372222 0.355729 0.372222 0.355208 0.371296 0.354687 0.371296 0.352604 0.367593 0.352604 0.366667 0.352083 0.365741 0.352083 0.364815 0.351562 0.363889
1 0.403125 0.387037 0.107292 0.055556 0.453125 0.359259 0.451562 0.362037 0.451562 0.362963 0.448958 0.367593 0.448958 0.368519 0.445833 0.374074 0.445833 0.375000 0.443750 0.378704 0.443229 0.378704 0.442708 0.379630 0.441667 0.379630 0.441146 0.380556 0.438542 0.380556 0.438021 0.381481 0.418750 0.381481 0.418229 0.380556 0.405729 0.380556 0.405208 0.379630 0.394792 0.379630 0.394271 0.378704 0.385417 0.378704 0.384896 0.377778 0.378125 0.377778 0.377604 0.376852 0.370833 0.376852 0.370312 0.375926 0.365625 0.375926 0.365104 0.375000 0.361458 0.375000 0.360938 0.374074 0.358854 0.374074 0.358333 0.373148 0.357292 0.373148 0.350521 0.385185 0.350521 0.386111 0.350000 0.387037 0.350000 0.390741 0.349479 0.391667 0.349479 0.394444 0.350000 0.395370 0.350000 0.399074 0.350521 0.400000 0.350521 0.400926 0.351042 0.401852 0.351042 0.402778 0.352083 0.404630 0.352604 0.404630 0.353125 0.405556 0.354167 0.405556 0.354687 0.406481 0.355729 0.406481 0.356250 0.407407 0.358333 0.407407 0.358854 0.408333 0.361979 0.408333 0.362500 0.409259 0.367188 0.409259 0.367708 0.410185 0.373958 0.410185 0.374479 0.411111 0.381250 0.411111 0.381771 0.412037 0.390104 0.412037 0.390625 0.412963 0.399479 0.412963 0.400000 0.413889 0.410938 0.413889 0.411458 0.414815 0.438021 0.414815 0.438542 0.413889 0.439583 0.413889 0.440104 0.412963 0.441146 0.412963 0.442708 0.410185 0.442708 0.409259 0.445312 0.404630 0.445312 0.403704 0.447396 0.400000 0.447396 0.399074 0.450000 0.394444 0.450000 0.393519 0.452083 0.389815 0.452083 0.388889 0.454688 0.384259 0.454688 0.383333 0.456771 0.379630 0.456771 0.378704 0.456250 0.378704 0.455729 0.377778 0.455208 0.377778 0.454688 0.376852 0.454688 0.375926 0.453125 0.373148 0.453125 0.371296 0.452604 0.370370 0.452604 0.360185
1 0.503385 0.399537 0.101562 0.041667 0.548958 0.378704 0.548958 0.379630 0.547917 0.381481 0.547917 0.382407 0.545833 0.386111 0.544271 0.386111 0.543750 0.387037 0.542188 0.387037 0.541667 0.387963 0.515625 0.387963 0.515104 0.387037 0.504167 0.387037 0.503646 0.386111 0.493750 0.386111 0.493229 0.385185 0.484896 0.385185 0.484375 0.384259 0.477083 0.384259 0.476562 0.383333 0.470833 0.383333 0.470313 0.382407 0.465625 0.382407 0.465104 0.381481 0.461979 0.381481 0.461458 0.380556 0.458854 0.380556 0.458333 0.379630 0.458333 0.380556 0.455729 0.385185 0.455729 0.386111 0.453646 0.389815 0.453646 0.390741 0.453125 0.391667 0.453125 0.393519 0.452604 0.394444 0.452604 0.402778 0.453125 0.403704 0.453125 0.405556 0.453646 0.406481 0.453646 0.407407 0.455208 0.410185 0.456250 0.410185 0.456771 0.411111 0.457292 0.411111 0.457813 0.412037 0.459896 0.412037 0.460417 0.412963 0.462500 0.412963 0.463021 0.413889 0.467187 0.413889 0.467708 0.414815 0.472396 0.414815 0.472917 0.415741 0.479687 0.415741 0.480208 0.416667 0.487500 0.416667 0.488021 0.417593 0.496875 0.417593 0.497396 0.418519 0.507292 0.418519 0.507812 0.419444 0.520312 0.419444 0.520833 0.420370 0.539583 0.420370 0.540104 0.419444 0.542708 0.419444 0.543229 0.418519 0.544792 0.418519 0.547396 0.413889 0.547396 0.412963 0.548438 0.411111 0.548438 0.410185 0.548958 0.409259 0.548958 0.408333 0.550000 0.406481 0.550000 0.405556 0.551042 0.403704 0.551042 0.402778 0.552083 0.400926 0.552083 0.400000 0.553125 0.398148 0.553125 0.397222 0.554167 0.395370 0.554167 0.393519 0.553646 0.393519 0.553125 0.392593 0.552604 0.392593 0.550000 0.387963 0.550000 0.387037 0.549479 0.386111 0.549479 0.383333 0.548958 0.382407
1 0.634635 0.298611 0.160938 0.262037 0.710417 0.167593 0.709896 0.168519 0.709896 0.169444 0.709375 0.170370 0.709375 0.171296 0.708854 0.172222 0.708854 0.173148 0.708333 0.174074 0.708333 0.175000 0.707812 0.175926 0.707812 0.176852 0.707292 0.177778 0.707292 0.178704 0.706771 0.179630 0.706771 0.180556 0.706250 0.181481 0.706250 0.182407 0.705729 0.183333 0.705729 0.184259 0.705208 0.185185 0.705208 0.186111 0.704688 0.187037 0.704688 0.187963 0.704167 0.188889 0.704167 0.189815 0.703646 0.190741 0.703646 0.191667 0.703125 0.192593 0.703125 0.194444 0.702604 0.195370 0.702604 0.196296 0.702083 0.197222 0.702083 0.198148 0.701562 0.199074 0.701562 0.200000 0.701042 0.200926 0.701042 0.201852 0.700521 0.202778 0.700521 0.203704 0.700000 0.204630 0.700000 0.205556 0.699479 0.206481 0.699479 0.207407 0.698958 0.208333 0.698958 0.209259 0.698438 0.210185 0.698438 0.211111 0.697917 0.212037 0.697917 0.212963 0.697396 0.213889 0.697396 0.214815 0.696875 0.215741 0.696875 0.216667 0.696354 0.217593 0.696354 0.218519 0.695833 0.219444 0.695833 0.220370 0.695312 0.221296 0.695312 0.222222 0.694792 0.223148 0.694792 0.224074 0.694271 0.225000 0.694271 0.225926 0.693750 0.226852 0.693750 0.227778 0.693229 0.228704 0.693229 0.229630 0.692708 0.230556 0.692708 0.231481 0.692187 0.232407 0.692187 0.233333 0.691667 0.234259 0.691667 0.235185 0.691146 0.236111 0.691146 0.237037 0.690625 0.237963 0.690625 0.238889 0.690104 0.239815 0.690104 0.240741 0.689583 0.241667 0.689583 0.242593 0.689063 0.243519 0.689063 0.244444 0.688542 0.245370 0.688542 0.246296 0.688021 0.247222 0.688021 0.248148 0.687500 0.249074 0.687500 0.250000 0.686979 0.250926 0.686979 0.251852 0.686458 0.252778 0.686458 0.253704 0.685937 0.254630 0.685937 0.255556 0.685417 0.256481 0.685417 0.257407 0.684896 0.258333 0.684896 0.259259 0.684375 0.260185 0.684375 0.261111 0.683854 0.262037 0.683854 0.262963 0.683333 0.263889 0.683333 0.264815 0.682813 0.265741 0.682813 0.266667 0.682292 0.267593 0.682292 0.268519 0.681771 0.269444 0.681771 0.270370 0.681250 0.271296 0.681250 0.272222 0.680729 0.273148 0.680729 0.274074 0.680208 0.275000 0.680208 0.275926 0.679688 0.276852 0.679688 0.277778 0.679167 0.278704 0.679167 0.279630 0.678646 0.280556 0.678646 0.281481 0.678125 0.282407 0.678125 0.283333 0.677604 0.284259 0.677604 0.285185 0.677083 0.286111 0.677083 0.287037 0.676562 0.287963 0.676562 0.288889 0.676042 0.289815 0.676042 0.290741 0.675521 0.291667 0.675521 0.292593 0.675000 0.293519 0.675000 0.294444 0.674479 0.295370 0.674479 0.296296 0.673958 0.297222 0.673958 0.298148 0.673438 0.299074 0.673438 0.300000 0.672917 0.300926 0.672917 0.301852 0.672396 0.302778 0.672396 0.304630 0.671875 0.305556 0.671875 0.306481 0.671354 0.307407 0.671354 0.308333 0.670833 0.309259 0.670833 0.310185 0.670312 0.311111 0.670312 0.312037 0.669792 0.312963 0.669792 0.313889 0.669271 0.314815 0.669271 0.315741 0.668750 0.316667 0.668750 0.317593 0.668229 0.318519 0.668229 0.319444 0.667708 0.320370 0.667708 0.321296 0.667188 0.322222 0.667188 0.323148 0.666667 0.324074 0.666667 0.325000 0.666146 0.325926 0.666146 0.326852 0.665625 0.327778 0.665625 0.328704 0.665104 0.329630 0.665104 0.330556 0.664583 0.331481 0.664583 0.332407 0.664062 0.333333 0.664062 0.334259 0.663542 0.335185 0.663542 0.336111 0.663021 0.337037 0.663021 0.337963 0.662500 0.338889 0.662500 0.339815 0.661979 0.340741 0.661979 0.341667 0.661458 0.342593 0.661458 0.343519 0.660937 0.344444 0.660937 0.345370 0.660417 0.346296 0.660417 0.347222 0.659896 0.348148 0.659896 0.349074 0.659375 0.350000 0.659375 0.350926 0.658854 0.351852 0.658854 0.352778 0.658333 0.353704 0.658333 0.354630 0.657813 0.355556 0.657813 0.356481 0.657292 0.357407 0.657292 0.358333 0.656771 0.359259 0.656771 0.360185 0.656250 0.361111 0.656250 0.362037 0.655729 0.362963 0.655729 0.363889 0.655208 0.364815 0.655208 0.365741 0.654687 0.366667 0.654687 0.367593 0.654167 0.368519 0.654167 0.369444 0.653646 0.370370 0.653646 0.371296 0.653125 0.372222 0.653125 0.373148 0.652604 0.374074 0.652604 0.375000 0.652083 0.375926 0.652083 0.376852 0.651563 0.377778 0.651563 0.378704 0.651042 0.379630 0.651042 0.380556 0.650521 0.381481 0.650521 0.382407 0.650000 0.383333 0.650000 0.384259 0.649479 0.385185 0.649479 0.386111 0.648958 0.387037 0.648958 0.387963 0.648438 0.388889 0.648438 0.389815 0.647917 0.390741 0.647917 0.391667 0.647396 0.392593 0.647396 0.393519 0.646875 0.394444 0.646875 0.395370 0.646354 0.396296 0.646354 0.397222 0.644792 0.400000 0.644271 0.400000 0.643750 0.400926 0.642708 0.400926 0.642188 0.401852 0.639583 0.401852 0.639062 0.402778 0.617708 0.402778 0.617188 0.401852 0.605208 0.401852 0.604688 0.400926 0.594271 0.400926 0.593750 0.400000 0.584896 0.400000 0.584375 0.399074 0.577083 0.399074 0.576562 0.398148 0.569792 0.398148 0.569271 0.397222 0.564583 0.397222 0.564063 0.396296 0.559896 0.396296 0.559375 0.395370 0.556771 0.395370 0.556771 0.396296 0.555729 0.398148 0.555729 0.399074 0.555208 0.400000 0.555208 0.400926 0.554688 0.401852 0.554688 0.404630 0.554167 0.405556 0.554167 0.411111 0.554688 0.412037 0.554688 0.413889 0.555208 0.414815 0.555208 0.416667 0.556771 0.419444 0.557813 0.419444 0.558333 0.420370 0.558854 0.420370 0.559375 0.421296 0.560937 0.421296 0.561458 0.422222 0.563542 0.422222 0.564063 0.423148 0.567708 0.423148 0.568229 0.424074 0.572917 0.424074 0.573438 0.425000 0.580208 0.425000 0.580729 0.425926 0.587500 0.425926 0.588021 0.426852 0.596354 0.426852 0.596875 0.427778 0.606771 0.427778 0.607292 0.428704 0.617708 0.428704 0.618229 0.429630 0.644792 0.429630 0.645312 0.428704 0.646875 0.428704 0.647396 0.427778 0.648438 0.427778 0.650000 0.425000 0.650000 0.424074 0.650521 0.423148 0.650521 0.422222 0.651042 0.421296 0.651042 0.420370 0.651563 0.419444 0.651563 0.418519 0.652083 0.417593 0.652083 0.415741 0.652604 0.414815 0.652604 0.413889 0.653125 0.412963 0.653125 0.412037 0.653646 0.411111 0.653646 0.410185 0.654167 0.409259 0.654167 0.408333 0.654687 0.407407 0.654687 0.406481 0.655208 0.405556 0.655208 0.404630 0.655729 0.403704 0.655729 0.402778 0.656250 0.401852 0.656250 0.400926 0.656771 0.400000 0.656771 0.399074 0.657292 0.398148 0.657292 0.396296 0.657813 0.395370 0.657813 0.394444 0.658333 0.393519 0.658333 0.392593 0.658854 0.391667 0.658854 0.390741 0.659375 0.389815 0.659375 0.388889 0.659896 0.387963 0.659896 0.387037 0.660417 0.386111 0.660417 0.385185 0.660937 0.384259 0.660937 0.383333 0.661458 0.382407 0.661458 0.381481 0.661979 0.380556 0.661979 0.379630 0.662500 0.378704 0.662500 0.377778 0.663021 0.376852 0.663021 0.375000 0.663542 0.374074 0.663542 0.373148 0.664062 0.372222 0.664062 0.371296 0.664583 0.370370 0.664583 0.369444 0.665104 0.368519 0.665104 0.367593 0.665625 0.366667 0.665625 0.365741 0.666146 0.364815 0.666146 0.363889 0.666667 0.362963 0.666667 0.362037 0.667188 0.361111 0.667188 0.360185 0.667708 0.359259 0.667708 0.358333 0.668229 0.357407 0.668229 0.355556 0.668750 0.354630 0.668750 0.353704 0.669271 0.352778 0.669271 0.351852 0.669792 0.350926 0.669792 0.350000 0.670312 0.349074 0.670312 0.348148 0.670833 0.347222 0.670833 0.346296 0.671354 0.345370 0.671354 0.344444 0.671875 0.343519 0.671875 0.342593 0.672396 0.341667 0.672396 0.340741 0.672917 0.339815 0.672917 0.338889 0.673438 0.337963 0.673438 0.336111 0.673958 0.335185 0.673958 0.334259 0.674479 0.333333 0.674479 0.332407 0.675000 0.331481 0.675000 0.330556 0.675521 0.329630 0.675521 0.328704 0.676042 0.327778 0.676042 0.326852 0.676562 0.325926 0.676562 0.325000 0.677083 0.324074 0.677083 0.323148 0.677604 0.322222 0.677604 0.321296 0.678125 0.320370 0.678125 0.319444 0.678646 0.318519 0.678646 0.317593 0.679167 0.316667 0.679167 0.314815 0.679688 0.313889 0.679688 0.312963 0.680208 0.312037 0.680208 0.311111 0.680729 0.310185 0.680729 0.309259 0.681250 0.308333 0.681250 0.307407 0.681771 0.306481 0.681771 0.305556 0.682292 0.304630 0.682292 0.303704 0.682813 0.302778 0.682813 0.301852 0.683333 0.300926 0.683333 0.300000 0.683854 0.299074 0.683854 0.298148 0.684375 0.297222 0.684375 0.295370 0.684896 0.294444 0.684896 0.293519 0.685417 0.292593 0.685417 0.291667 0.685937 0.290741 0.685937 0.289815 0.686458 0.288889 0.686458 0.287963 0.686979 0.287037 0.686979 0.286111 0.687500 0.285185 0.687500 0.284259 0.688021 0.283333 0.688021 0.282407 0.688542 0.281481 0.688542 0.280556 0.689063 0.279630 0.689063 0.278704 0.689583 0.277778 0.689583 0.275926 0.690104 0.275000 0.690104 0.274074 0.690625 0.273148 0.690625 0.272222 0.691146 0.271296 0.691146 0.270370 0.691667 0.269444 0.691667 0.268519 0.692187 0.267593 0.692187 0.266667 0.692708 0.265741 0.692708 0.264815 0.693229 0.263889 0.693229 0.262963 0.693750 0.262037 0.693750 0.261111 0.694271 0.260185 0.694271 0.259259 0.694792 0.258333 0.694792 0.257407 0.695312 0.256481 0.695312 0.254630 0.695833 0.253704 0.695833 0.252778 0.696354 0.251852 0.696354 0.250926 0.696875 0.250000 0.696875 0.249074 0.697396 0.248148 0.697396 0.247222 0.697917 0.246296 0.697917 0.245370 0.698438 0.244444 0.698438 0.243519 0.698958 0.242593 0.698958 0.241667 0.699479 0.240741 0.699479 0.239815 0.700000 0.238889 0.700000 0.237963 0.700521 0.237037 0.700521 0.235185 0.701042 0.234259 0.701042 0.233333 0.701562 0.232407 0.701562 0.231481 0.702083 0.230556 0.702083 0.229630 0.702604 0.228704 0.702604 0.227778 0.703125 0.226852 0.703125 0.225926 0.703646 0.225000 0.703646 0.224074 0.704167 0.223148 0.704167 0.222222 0.704688 0.221296 0.704688 0.220370 0.705208 0.219444 0.705208 0.218519 0.705729 0.217593 0.705729 0.215741 0.706250 0.214815 0.706250 0.213889 0.706771 0.212963 0.706771 0.212037 0.707292 0.211111 0.707292 0.210185 0.707812 0.209259 0.707812 0.208333 0.708333 0.207407 0.708333 0.206481 0.708854 0.205556 0.708854 0.204630 0.709375 0.203704 0.709375 0.202778 0.709896 0.201852 0.709896 0.200926 0.710417 0.200000 0.710417 0.199074 0.710938 0.198148 0.710938 0.197222 0.711458 0.196296 0.711458 0.194444 0.711979 0.193519 0.711979 0.192593 0.712500 0.191667 0.712500 0.190741 0.713021 0.189815 0.713021 0.188889 0.713542 0.187963 0.713542 0.187037 0.714063 0.186111 0.714063 0.185185 0.714583 0.184259 0.714583 0.183333 0.715104 0.182407 0.715104 0.174074 0.714583 0.173148 0.714583 0.171296 0.713542 0.169444 0.713021 0.169444 0.712500 0.168519 0.711979 0.168519 0.711458 0.167593
1 0.307031 0.350926 0.102604 0.046296 0.352604 0.327778 0.350000 0.332407 0.349479 0.332407 0.345313 0.339815 0.344792 0.339815 0.344271 0.340741 0.343229 0.340741 0.342708 0.341667 0.339062 0.341667 0.338542 0.342593 0.322917 0.342593 0.322396 0.341667 0.308333 0.341667 0.307812 0.340741 0.297396 0.340741 0.296875 0.339815 0.288021 0.339815 0.287500 0.338889 0.280208 0.338889 0.279687 0.337963 0.272917 0.337963 0.272396 0.337037 0.267708 0.337037 0.267188 0.336111 0.264062 0.336111 0.263542 0.335185 0.262500 0.335185 0.259896 0.339815 0.259375 0.339815 0.256771 0.344444 0.256771 0.345370 0.256250 0.346296 0.256250 0.348148 0.255729 0.349074 0.255729 0.354630 0.256250 0.355556 0.256250 0.358333 0.256771 0.359259 0.256771 0.361111 0.258333 0.363889 0.258854 0.363889 0.259375 0.364815 0.259896 0.364815 0.260417 0.365741 0.261458 0.365741 0.261979 0.366667 0.264062 0.366667 0.264583 0.367593 0.267708 0.367593 0.268229 0.368519 0.272917 0.368519 0.273438 0.369444 0.279167 0.369444 0.279687 0.370370 0.286458 0.370370 0.286979 0.371296 0.295833 0.371296 0.296354 0.372222 0.305729 0.372222 0.306250 0.373148 0.318229 0.373148 0.318750 0.374074 0.341667 0.374074 0.342187 0.373148 0.344271 0.373148 0.344792 0.372222 0.345833 0.372222 0.351562 0.362037 0.351562 0.353704 0.352083 0.352778 0.352083 0.350926 0.358333 0.339815 0.358333 0.338889 0.357812 0.338889 0.357292 0.337963 0.356250 0.337963 0.355729 0.337037 0.355208 0.337037 0.354687 0.336111 0.354687 0.335185 0.353125 0.332407 0.353125 0.330556 0.352604 0.329630
1 0.403646 0.358333 0.103125 0.044444 0.448958 0.336111 0.448437 0.337037 0.448437 0.337963 0.444271 0.345370 0.442708 0.345370 0.442188 0.346296 0.439583 0.346296 0.439063 0.347222 0.418229 0.347222 0.417708 0.346296 0.405208 0.346296 0.404687 0.345370 0.394271 0.345370 0.393750 0.344444 0.384896 0.344444 0.384375 0.343519 0.377604 0.343519 0.377083 0.342593 0.370833 0.342593 0.370312 0.341667 0.365625 0.341667 0.365104 0.340741 0.361979 0.340741 0.361458 0.339815 0.358854 0.339815 0.352604 0.350926 0.352604 0.352778 0.352083 0.353704 0.352083 0.363889 0.352604 0.364815 0.352604 0.365741 0.353125 0.366667 0.353125 0.367593 0.354687 0.370370 0.355208 0.370370 0.355729 0.371296 0.356250 0.371296 0.356771 0.372222 0.358333 0.372222 0.358854 0.373148 0.360938 0.373148 0.361458 0.374074 0.365104 0.374074 0.365625 0.375000 0.370312 0.375000 0.370833 0.375926 0.377604 0.375926 0.378125 0.376852 0.384896 0.376852 0.385417 0.377778 0.394271 0.377778 0.394792 0.378704 0.405208 0.378704 0.405729 0.379630 0.418229 0.379630 0.418750 0.380556 0.438021 0.380556 0.438542 0.379630 0.441146 0.379630 0.441667 0.378704 0.442708 0.378704 0.443229 0.377778 0.443750 0.377778 0.445312 0.375000 0.445312 0.374074 0.448437 0.368519 0.448437 0.367593 0.451042 0.362963 0.451042 0.362037 0.453646 0.357407 0.453646 0.356481 0.455208 0.353704 0.454688 0.353704 0.454167 0.352778 0.453646 0.352778 0.453125 0.351852 0.452083 0.351852 0.450000 0.348148 0.450000 0.347222 0.449479 0.346296 0.449479 0.344444 0.448958 0.343519
1 0.504948 0.362037 0.103646 0.050000 0.552083 0.337037 0.552083 0.337963 0.550521 0.340741 0.550521 0.341667 0.549479 0.343519 0.549479 0.344444 0.548438 0.346296 0.548438 0.347222 0.547396 0.349074 0.547396 0.350000 0.546354 0.351852 0.546354 0.352778 0.544792 0.355556 0.544792 0.356481 0.543229 0.359259 0.542188 0.359259 0.541667 0.360185 0.540625 0.360185 0.540104 0.361111 0.535417 0.361111 0.534896 0.362037 0.522396 0.362037 0.521875 0.361111 0.507292 0.361111 0.506771 0.360185 0.495833 0.360185 0.495312 0.359259 0.485938 0.359259 0.485417 0.358333 0.477604 0.358333 0.477083 0.357407 0.469792 0.357407 0.469271 0.356481 0.464583 0.356481 0.464062 0.355556 0.459896 0.355556 0.459375 0.354630 0.456771 0.354630 0.456250 0.353704 0.455729 0.353704 0.454167 0.356481 0.454167 0.357407 0.453646 0.358333 0.453646 0.359259 0.453125 0.360185 0.453125 0.370370 0.453646 0.371296 0.453646 0.373148 0.455208 0.375926 0.455208 0.376852 0.455729 0.376852 0.456250 0.377778 0.457292 0.377778 0.457813 0.378704 0.458333 0.378704 0.458854 0.379630 0.461458 0.379630 0.461979 0.380556 0.465104 0.380556 0.465625 0.381481 0.470313 0.381481 0.470833 0.382407 0.476562 0.382407 0.477083 0.383333 0.484375 0.383333 0.484896 0.384259 0.493229 0.384259 0.493750 0.385185 0.503646 0.385185 0.504167 0.386111 0.515104 0.386111 0.515625 0.387037 0.541667 0.387037 0.542188 0.386111 0.543750 0.386111 0.544271 0.385185 0.545833 0.385185 0.547396 0.382407 0.547396 0.381481 0.548438 0.379630 0.548438 0.378704 0.549479 0.376852 0.549479 0.374074 0.550000 0.373148 0.550000 0.372222 0.550521 0.371296 0.550521 0.370370 0.551562 0.368519 0.551562 0.367593 0.552604 0.365741 0.552604 0.364815 0.553646 0.362963 0.553646 0.362037 0.554688 0.360185 0.554688 0.359259 0.555729 0.357407 0.555729 0.356481 0.556771 0.354630 0.556771 0.352778 0.556250 0.352778 0.555729 0.351852 0.555208 0.351852 0.553125 0.348148 0.553125 0.347222 0.552604 0.346296 0.552604 0.345370 0.552083 0.344444
1 0.630990 0.273611 0.163021 0.256481 0.709375 0.145370 0.709375 0.146296 0.708854 0.147222 0.708854 0.148148 0.708333 0.149074 0.708333 0.150000 0.707812 0.150926 0.707812 0.151852 0.707292 0.152778 0.707292 0.153704 0.706771 0.154630 0.706771 0.155556 0.706250 0.156481 0.706250 0.157407 0.705729 0.158333 0.705729 0.159259 0.705208 0.160185 0.705208 0.161111 0.704688 0.162037 0.704688 0.162963 0.704167 0.163889 0.704167 0.164815 0.703646 0.165741 0.703646 0.166667 0.703125 0.167593 0.703125 0.168519 0.702604 0.169444 0.702604 0.170370 0.702083 0.171296 0.702083 0.172222 0.701562 0.173148 0.701562 0.174074 0.701042 0.175000 0.701042 0.175926 0.700521 0.176852 0.700521 0.177778 0.700000 0.178704 0.700000 0.179630 0.698958 0.181481 0.698958 0.182407 0.698438 0.183333 0.698438 0.184259 0.697917 0.185185 0.697917 0.186111 0.697396 0.187037 0.697396 0.187963 0.696875 0.188889 0.696875 0.189815 0.696354 0.190741 0.696354 0.191667 0.695833 0.192593 0.695833 0.193519 0.695312 0.194444 0.695312 0.195370 0.694792 0.196296 0.694792 0.197222 0.694271 0.198148 0.694271 0.199074 0.693750 0.200000 0.693750 0.200926 0.693229 0.201852 0.693229 0.202778 0.692708 0.203704 0.692708 0.204630 0.692187 0.205556 0.692187 0.206481 0.691667 0.207407 0.691667 0.208333 0.691146 0.209259 0.691146 0.210185 0.690625 0.211111 0.690625 0.212037 0.690104 0.212963 0.690104 0.213889 0.689583 0.214815 0.689583 0.215741 0.689063 0.216667 0.689063 0.217593 0.688542 0.218519 0.688542 0.219444 0.688021 0.220370 0.688021 0.221296 0.687500 0.222222 0.687500 0.223148 0.686458 0.225000 0.686458 0.225926 0.685937 0.226852 0.685937 0.227778 0.685417 0.228704 0.685417 0.229630 0.684896 0.230556 0.684896 0.231481 0.684375 0.232407 0.684375 0.233333 0.683854 0.234259 0.683854 0.235185 0.683333 0.236111 0.683333 0.237037 0.682813 0.237963 0.682813 0.238889 0.682292 0.239815 0.682292 0.240741 0.681771 0.241667 0.681771 0.242593 0.681250 0.243519 0.681250 0.244444 0.680729 0.245370 0.680729 0.246296 0.680208 0.247222 0.680208 0.248148 0.679688 0.249074 0.679688 0.250000 0.679167 0.250926 0.679167 0.251852 0.678646 0.252778 0.678646 0.253704 0.678125 0.254630 0.678125 0.255556 0.677604 0.256481 0.677604 0.257407 0.677083 0.258333 0.677083 0.259259 0.676562 0.260185 0.676562 0.261111 0.676042 0.262037 0.676042 0.262963 0.675521 0.263889 0.675521 0.264815 0.675000 0.265741 0.675000 0.266667 0.673958 0.268519 0.673958 0.269444 0.673438 0.270370 0.673438 0.271296 0.672917 0.272222 0.672917 0.273148 0.672396 0.274074 0.672396 0.275000 0.671875 0.275926 0.671875 0.276852 0.671354 0.277778 0.671354 0.278704 0.670833 0.279630 0.670833 0.280556 0.670312 0.281481 0.670312 0.282407 0.669792 0.283333 0.669792 0.284259 0.669271 0.285185 0.669271 0.286111 0.668750 0.287037 0.668750 0.287963 0.668229 0.288889 0.668229 0.289815 0.667708 0.290741 0.667708 0.291667 0.667188 0.292593 0.667188 0.293519 0.666667 0.294444 0.666667 0.295370 0.666146 0.296296 0.666146 0.297222 0.665625 0.298148 0.665625 0.299074 0.665104 0.300000 0.665104 0.300926 0.664583 0.301852 0.664583 0.302778 0.664062 0.303704 0.664062 0.304630 0.663542 0.305556 0.663542 0.306481 0.663021 0.307407 0.663021 0.308333 0.662500 0.309259 0.662500 0.310185 0.661458 0.312037 0.661458 0.312963 0.660937 0.313889 0.660937 0.314815 0.660417 0.315741 0.660417 0.316667 0.659896 0.317593 0.659896 0.318519 0.659375 0.319444 0.659375 0.320370 0.658854 0.321296 0.658854 0.322222 0.658333 0.323148 0.658333 0.324074 0.657813 0.325000 0.657813 0.325926 0.657292 0.326852 0.657292 0.327778 0.656771 0.328704 0.656771 0.329630 0.656250 0.330556 0.656250 0.331481 0.655729 0.332407 0.655729 0.333333 0.655208 0.334259 0.655208 0.335185 0.654687 0.336111 0.654687 0.337037 0.654167 0.337963 0.654167 0.338889 0.653646 0.339815 0.653646 0.340741 0.653125 0.341667 0.653125 0.342593 0.652604 0.343519 0.652604 0.344444 0.652083 0.345370 0.652083 0.346296 0.651563 0.347222 0.651563 0.348148 0.651042 0.349074 0.651042 0.350000 0.650521 0.350926 0.650521 0.351852 0.649479 0.353704 0.649479 0.354630 0.648958 0.355556 0.648958 0.356481 0.646875 0.360185 0.645312 0.360185 0.644792 0.361111 0.643229 0.361111 0.642708 0.362037 0.616667 0.362037 0.616146 0.361111 0.604688 0.361111 0.604167 0.360185 0.594271 0.360185 0.593750 0.359259 0.584896 0.359259 0.584375 0.358333 0.577083 0.358333 0.576562 0.357407 0.570833 0.357407 0.570312 0.356481 0.565104 0.356481 0.564583 0.355556 0.561979 0.355556 0.561458 0.354630 0.558854 0.354630 0.558333 0.353704 0.557292 0.353704 0.557292 0.354630 0.556250 0.356481 0.556250 0.357407 0.555208 0.359259 0.555208 0.360185 0.554167 0.362037 0.554167 0.362963 0.553125 0.364815 0.553125 0.365741 0.552083 0.367593 0.552083 0.368519 0.551042 0.370370 0.551042 0.371296 0.550521 0.372222 0.550521 0.373148 0.550000 0.374074 0.550000 0.376852 0.549479 0.377778 0.549479 0.382407 0.550000 0.383333 0.550000 0.386111 0.550521 0.387037 0.550521 0.387963 0.552604 0.391667 0.553125 0.391667 0.553646 0.392593 0.554167 0.392593 0.554688 0.393519 0.556771 0.393519 0.557292 0.394444 0.559375 0.394444 0.559896 0.395370 0.564063 0.395370 0.564583 0.396296 0.569271 0.396296 0.569792 0.397222 0.576562 0.397222 0.577083 0.398148 0.584375 0.398148 0.584896 0.399074 0.593750 0.399074 0.594271 0.400000 0.604688 0.400000 0.605208 0.400926 0.617188 0.400926 0.617708 0.401852 0.639062 0.401852 0.639583 0.400926 0.642188 0.400926 0.642708 0.400000 0.643750 0.400000 0.644271 0.399074 0.644792 0.399074 0.645833 0.397222 0.645833 0.396296 0.646354 0.395370 0.646354 0.394444 0.646875 0.393519 0.646875 0.392593 0.647396 0.391667 0.647396 0.390741 0.647917 0.389815 0.647917 0.388889 0.648438 0.387963 0.648438 0.387037 0.648958 0.386111 0.648958 0.385185 0.649479 0.384259 0.649479 0.383333 0.650000 0.382407 0.650000 0.381481 0.650521 0.380556 0.650521 0.379630 0.651042 0.378704 0.651042 0.377778 0.651563 0.376852 0.651563 0.375926 0.652083 0.375000 0.652083 0.374074 0.652604 0.373148 0.652604 0.372222 0.653125 0.371296 0.653125 0.370370 0.653646 0.369444 0.653646 0.368519 0.654167 0.367593 0.654167 0.366667 0.654687 0.365741 0.654687 0.364815 0.655208 0.363889 0.655208 0.362963 0.655729 0.362037 0.655729 0.361111 0.656250 0.360185 0.656250 0.359259 0.656771 0.358333 0.656771 0.357407 0.657292 0.356481 0.657292 0.355556 0.657813 0.354630 0.657813 0.353704 0.658333 0.352778 0.658333 0.351852 0.658854 0.350926 0.658854 0.350000 0.659375 0.349074 0.659375 0.348148 0.659896 0.347222 0.659896 0.346296 0.660417 0.345370 0.660417 0.344444 0.660937 0.343519 0.660937 0.342593 0.661458 0.341667 0.661458 0.340741 0.661979 0.339815 0.661979 0.338889 0.662500 0.337963 0.662500 0.337037 0.663021 0.336111 0.663021 0.335185 0.663542 0.334259 0.663542 0.333333 0.664062 0.332407 0.664062 0.331481 0.664583 0.330556 0.664583 0.329630 0.665104 0.328704 0.665104 0.327778 0.665625 0.326852 0.665625 0.325926 0.666146 0.325000 0.666146 0.324074 0.666667 0.323148 0.666667 0.322222 0.667188 0.321296 0.667188 0.320370 0.667708 0.319444 0.667708 0.318519 0.668229 0.317593 0.668229 0.316667 0.668750 0.315741 0.668750 0.314815 0.669271 0.313889 0.669271 0.312963 0.669792 0.312037 0.669792 0.311111 0.670312 0.310185 0.670312 0.309259 0.670833 0.308333 0.670833 0.307407 0.671354 0.306481 0.671354 0.305556 0.671875 0.304630 0.671875 0.302778 0.672396 0.301852 0.672396 0.300926 0.672917 0.300000 0.672917 0.299074 0.673438 0.298148 0.673438 0.297222 0.673958 0.296296 0.673958 0.295370 0.674479 0.294444 0.674479 0.293519 0.675000 0.292593 0.675000 0.291667 0.675521 0.290741 0.675521 0.289815 0.676042 0.288889 0.676042 0.287963 0.676562 0.287037 0.676562 0.286111 0.677083 0.285185 0.677083 0.284259 0.677604 0.283333 0.677604 0.282407 0.678125 0.281481 0.678125 0.280556 0.678646 0.279630 0.678646 0.278704 0.679167 0.277778 0.679167 0.276852 0.679688 0.275926 0.679688 0.275000 0.680208 0.274074 0.680208 0.273148 0.680729 0.272222 0.680729 0.271296 0.681250 0.270370 0.681250 0.269444 0.681771 0.268519 0.681771 0.267593 0.682292 0.266667 0.682292 0.265741 0.682813 0.264815 0.682813 0.263889 0.683333 0.262963 0.683333 0.262037 0.683854 0.261111 0.683854 0.260185 0.684375 0.259259 0.684375 0.258333 0.684896 0.257407 0.684896 0.256481 0.685417 0.255556 0.685417 0.254630 0.685937 0.253704 0.685937 0.252778 0.686458 0.251852 0.686458 0.250926 0.686979 0.250000 0.686979 0.249074 0.687500 0.248148 0.687500 0.247222 0.688021 0.246296 0.688021 0.245370 0.688542 0.244444 0.688542 0.243519 0.689063 0.242593 0.689063 0.241667 0.689583 0.240741 0.689583 0.239815 0.690104 0.238889 0.690104 0.237963 0.690625 0.237037 0.690625 0.236111 0.691146 0.235185 0.691146 0.234259 0.691667 0.233333 0.691667 0.232407 0.692187 0.231481 0.692187 0.230556 0.692708 0.229630 0.692708 0.228704 0.693229 0.227778 0.693229 0.226852 0.693750 0.225926 0.693750 0.225000 0.694271 0.224074 0.694271 0.223148 0.694792 0.222222 0.694792 0.221296 0.695312 0.220370 0.695312 0.219444 0.695833 0.218519 0.695833 0.217593 0.696354 0.216667 0.696354 0.215741 0.696875 0.214815 0.696875 0.213889 0.697396 0.212963 0.697396 0.212037 0.697917 0.211111 0.697917 0.210185 0.698438 0.209259 0.698438 0.208333 0.698958 0.207407 0.698958 0.206481 0.699479 0.205556 0.699479 0.204630 0.700000 0.203704 0.700000 0.202778 0.700521 0.201852 0.700521 0.200926 0.701042 0.200000 0.701042 0.199074 0.701562 0.198148 0.701562 0.197222 0.702083 0.196296 0.702083 0.195370 0.702604 0.194444 0.702604 0.192593 0.703125 0.191667 0.703125 0.190741 0.703646 0.189815 0.703646 0.188889 0.704167 0.187963 0.704167 0.187037 0.704688 0.186111 0.704688 0.185185 0.705208 0.184259 0.705208 0.183333 0.705729 0.182407 0.705729 0.181481 0.706250 0.180556 0.706250 0.179630 0.706771 0.178704 0.706771 0.177778 0.707292 0.176852 0.707292 0.175926 0.707812 0.175000 0.707812 0.174074 0.708333 0.173148 0.708333 0.172222 0.708854 0.171296 0.708854 0.170370 0.709375 0.169444 0.709375 0.168519 0.709896 0.167593 0.709896 0.166667 0.710417 0.165741 0.710417 0.164815 0.710938 0.163889 0.710938 0.162963 0.711458 0.162037 0.711458 0.161111 0.711979 0.160185 0.711979 0.159259 0.712500 0.158333 0.712500 0.150926 0.711979 0.150000 0.711979 0.148148 0.710417 0.145370