1 0.300260 0.679630 0.099479 0.077778 0.341146 0.640741 0.341146 0.641667 0.340625 0.642593 0.340625 0.643519 0.340104 0.644444 0.340104 0.647222 0.339583 0.648148 0.339583 0.651852 0.339062 0.652778 0.339062 0.655556 0.338542 0.656481 0.338542 0.660185 0.338021 0.661111 0.338021 0.663889 0.337500 0.664815 0.337500 0.668519 0.336979 0.669444 0.336979 0.672222 0.336458 0.673148 0.336458 0.675000 0.334375 0.678704 0.333854 0.678704 0.333333 0.679630 0.331771 0.679630 0.331250 0.680556 0.328125 0.680556 0.327604 0.681481 0.320833 0.681481 0.320312 0.682407 0.298958 0.682407 0.298438 0.683333 0.285417 0.683333 0.284896 0.682407 0.253646 0.682407 0.253125 0.683333 0.253125 0.685185 0.252604 0.686111 0.252604 0.687963 0.252083 0.688889 0.252083 0.690741 0.251563 0.691667 0.251563 0.693519 0.251042 0.694444 0.251042 0.696296 0.250521 0.697222 0.250521 0.708333 0.251042 0.709259 0.251042 0.710185 0.253646 0.714815 0.254167 0.714815 0.254688 0.715741 0.255729 0.715741 0.256250 0.716667 0.258854 0.716667 0.259375 0.717593 0.268229 0.717593 0.268750 0.718519 0.332813 0.718519 0.333333 0.717593 0.340104 0.717593 0.340625 0.716667 0.342187 0.716667 0.342708 0.715741 0.343750 0.715741 0.344271 0.714815 0.344792 0.714815 0.346354 0.712037 0.346354 0.711111 0.346875 0.710185 0.346875 0.709259 0.347396 0.708333 0.347396 0.705556 0.347917 0.704630 0.347917 0.700926 0.348438 0.700000 0.348438 0.696296 0.348958 0.695370 0.348958 0.691667 0.349479 0.690741 0.349479 0.687963 0.350000 0.687037 0.350000 0.682407 0.349479 0.682407 0.347396 0.678704 0.347396 0.677778 0.346875 0.676852 0.346875 0.664815 0.347396 0.663889 0.347396 0.660185 0.347917 0.659259 0.347917 0.656481 0.348438 0.655556 0.348438 0.647222 0.347917 0.647222 0.347396 0.646296 0.345313 0.646296 0.344792 0.645370 0.343750 0.645370
1 0.594531 0.581019 0.097396 0.134259 0.550521 0.513889 0.550521 0.516667 0.551042 0.517593 0.551042 0.536111 0.551562 0.537037 0.551562 0.555556 0.552083 0.556481 0.552083 0.566667 0.551562 0.567593 0.551562 0.570370 0.551042 0.571296 0.551042 0.572222 0.548958 0.575926 0.547917 0.575926 0.547917 0.576852 0.548438 0.577778 0.548438 0.600926 0.547917 0.601852 0.547917 0.602778 0.547396 0.603704 0.547396 0.604630 0.545833 0.607407 0.545833 0.621296 0.546354 0.622222 0.546354 0.637037 0.546875 0.637963 0.546875 0.638889 0.547396 0.639815 0.547396 0.640741 0.548958 0.643519 0.549479 0.643519 0.550000 0.644444 0.551042 0.644444 0.551562 0.645370 0.554167 0.645370 0.554688 0.646296 0.559896 0.646296 0.560417 0.647222 0.576562 0.647222 0.577083 0.648148 0.617708 0.648148 0.618229 0.647222 0.631771 0.647222 0.632292 0.646296 0.635938 0.646296 0.636458 0.645370 0.638021 0.645370 0.638542 0.644444 0.639583 0.644444 0.640104 0.643519 0.640625 0.643519 0.642188 0.640741 0.642188 0.639815 0.642708 0.638889 0.642708 0.635185 0.643229 0.634259 0.643229 0.630556 0.642708 0.629630 0.642708 0.624074 0.642188 0.623148 0.642188 0.620370 0.640625 0.620370 0.640104 0.621296 0.630208 0.621296 0.629687 0.622222 0.581250 0.622222 0.580729 0.621296 0.566667 0.621296 0.566146 0.620370 0.561979 0.620370 0.561458 0.619444 0.558854 0.619444 0.558333 0.618519 0.557292 0.618519 0.556771 0.617593 0.556250 0.617593 0.554167 0.613889 0.554167 0.612037 0.553646 0.611111 0.553646 0.608333 0.553125 0.607407 0.553125 0.591667 0.552604 0.590741 0.552604 0.573148 0.552083 0.572222 0.552083 0.553704 0.551562 0.552778 0.551562 0.535185 0.551042 0.534259 0.551042 0.515741 0.550521 0.514815
1 0.498958 0.517130 0.097917 0.069444 0.453125 0.482407 0.452604 0.483333 0.452604 0.492593 0.452083 0.493519 0.452083 0.502778 0.451562 0.503704 0.451562 0.512037 0.451042 0.512963 0.451042 0.522222 0.450521 0.523148 0.450521 0.532407 0.450000 0.533333 0.450000 0.537037 0.450521 0.537963 0.450521 0.541667 0.451042 0.542593 0.451042 0.543519 0.453125 0.547222 0.454167 0.547222 0.454688 0.548148 0.455729 0.548148 0.456250 0.549074 0.459375 0.549074 0.459896 0.550000 0.467187 0.550000 0.467708 0.550926 0.498437 0.550926 0.498958 0.551852 0.499479 0.550926 0.532292 0.550926 0.532813 0.550000 0.539062 0.550000 0.539583 0.549074 0.542188 0.549074 0.542708 0.548148 0.543750 0.548148 0.544271 0.547222 0.544792 0.547222 0.546875 0.543519 0.546875 0.542593 0.547396 0.541667 0.547396 0.537037 0.547917 0.536111 0.547917 0.534259 0.547396 0.533333 0.547396 0.520370 0.546875 0.520370 0.546354 0.521296 0.545312 0.521296 0.544792 0.522222 0.541667 0.522222 0.541146 0.523148 0.533333 0.523148 0.532813 0.524074 0.472396 0.524074 0.471875 0.523148 0.463021 0.523148 0.462500 0.522222 0.458854 0.522222 0.458333 0.521296 0.457292 0.521296 0.456771 0.520370 0.455729 0.520370 0.452604 0.514815 0.452604 0.512963 0.452083 0.512037 0.452083 0.500926 0.452604 0.500000 0.452604 0.490741 0.453125 0.489815
1 0.402865 0.308333 0.111979 0.279630 0.457292 0.168519 0.457292 0.175926 0.456771 0.176852 0.456771 0.184259 0.456250 0.185185 0.456250 0.191667 0.455729 0.192593 0.455729 0.200000 0.455208 0.200926 0.455208 0.208333 0.454688 0.209259 0.454688 0.216667 0.454167 0.217593 0.454167 0.224074 0.453646 0.225000 0.453646 0.232407 0.453125 0.233333 0.453125 0.240741 0.452604 0.241667 0.452604 0.249074 0.452083 0.250000 0.452083 0.256481 0.451562 0.257407 0.451562 0.264815 0.451042 0.265741 0.451042 0.273148 0.450521 0.274074 0.450521 0.281481 0.450000 0.282407 0.450000 0.288889 0.449479 0.289815 0.449479 0.297222 0.448958 0.298148 0.448958 0.305556 0.448437 0.306481 0.448437 0.313889 0.447917 0.314815 0.447917 0.321296 0.447396 0.322222 0.447396 0.329630 0.446875 0.330556 0.446875 0.337963 0.446354 0.338889 0.446354 0.346296 0.445833 0.347222 0.445833 0.353704 0.445312 0.354630 0.445312 0.362037 0.444792 0.362963 0.444792 0.370370 0.444271 0.371296 0.444271 0.378704 0.443750 0.379630 0.443750 0.386111 0.443229 0.387037 0.443229 0.394444 0.442708 0.395370 0.442708 0.402778 0.442188 0.403704 0.442188 0.410185 0.441667 0.411111 0.441667 0.412963 0.441146 0.413889 0.441146 0.414815 0.439063 0.418519 0.438021 0.418519 0.437500 0.419444 0.436458 0.419444 0.435937 0.420370 0.432292 0.420370 0.431771 0.421296 0.424479 0.421296 0.423958 0.422222 0.363021 0.422222 0.362500 0.421296 0.354167 0.421296 0.353646 0.420370 0.350000 0.420370 0.349479 0.419444 0.348438 0.419444 0.347917 0.420370 0.347917 0.423148 0.347396 0.424074 0.347396 0.426852 0.346875 0.427778 0.346875 0.437037 0.347396 0.437963 0.347396 0.439815 0.350000 0.444444 0.351042 0.444444 0.351562 0.445370 0.352604 0.445370 0.353125 0.446296 0.356771 0.446296 0.357292 0.447222 0.365104 0.447222 0.365625 0.448148 0.428646 0.448148 0.429167 0.447222 0.435417 0.447222 0.435937 0.446296 0.439063 0.446296 0.439583 0.445370 0.440625 0.445370 0.441146 0.444444 0.442188 0.444444 0.443750 0.441667 0.443750 0.439815 0.444271 0.438889 0.444271 0.437037 0.444792 0.436111 0.444792 0.428704 0.445312 0.427778 0.445312 0.419444 0.445833 0.418519 0.445833 0.411111 0.446354 0.410185 0.446354 0.402778 0.446875 0.401852 0.446875 0.393519 0.447396 0.392593 0.447396 0.385185 0.447917 0.384259 0.447917 0.376852 0.448437 0.375926 0.448437 0.367593 0.448958 0.366667 0.448958 0.359259 0.449479 0.358333 0.449479 0.349074 0.448958 0.348148 0.448958 0.346296 0.448437 0.345370 0.448437 0.337037 0.448958 0.336111 0.448958 0.328704 0.449479 0.327778 0.449479 0.320370 0.450000 0.319444 0.450000 0.312037 0.450521 0.311111 0.450521 0.303704 0.451042 0.302778 0.451042 0.295370 0.451562 0.294444 0.451562 0.287037 0.452083 0.286111 0.452083 0.278704 0.452604 0.277778 0.452604 0.270370 0.453125 0.269444 0.453125 0.262037 0.453646 0.261111 0.453646 0.253704 0.454167 0.252778 0.454167 0.245370 0.454688 0.244444 0.454688 0.236111 0.455208 0.235185 0.455208 0.227778 0.455729 0.226852 0.455729 0.219444 0.456250 0.218519 0.456250 0.211111 0.456771 0.210185 0.456771 0.202778 0.457292 0.201852 0.457292 0.194444 0.457813 0.193519 0.457813 0.186111 0.458333 0.185185 0.458333 0.177778 0.458854 0.176852 0.458854 0.169444 0.458333 0.168519
1 0.310677 0.223148 0.138021 0.262963 0.377083 0.091667 0.376563 0.092593 0.376563 0.094444 0.376042 0.095370 0.376042 0.098148 0.375521 0.099074 0.375521 0.100926 0.375000 0.101852 0.375000 0.104630 0.374479 0.105556 0.374479 0.107407 0.373958 0.108333 0.373958 0.110185 0.373437 0.111111 0.373437 0.113889 0.372917 0.114815 0.372917 0.116667 0.372396 0.117593 0.372396 0.120370 0.371875 0.121296 0.371875 0.123148 0.371354 0.124074 0.371354 0.125926 0.370833 0.126852 0.370833 0.129630 0.370312 0.130556 0.370312 0.132407 0.369792 0.133333 0.369792 0.136111 0.369271 0.137037 0.369271 0.138889 0.368750 0.139815 0.368750 0.141667 0.368229 0.142593 0.368229 0.145370 0.367708 0.146296 0.367708 0.148148 0.367188 0.149074 0.367188 0.151852 0.366667 0.152778 0.366667 0.154630 0.366146 0.155556 0.366146 0.157407 0.365625 0.158333 0.365625 0.161111 0.365104 0.162037 0.365104 0.163889 0.364583 0.164815 0.364583 0.167593 0.364063 0.168519 0.364063 0.170370 0.363542 0.171296 0.363542 0.173148 0.363021 0.174074 0.363021 0.176852 0.362500 0.177778 0.362500 0.179630 0.361979 0.180556 0.361979 0.183333 0.361458 0.184259 0.361458 0.186111 0.360938 0.187037 0.360938 0.188889 0.360417 0.189815 0.360417 0.192593 0.359896 0.193519 0.359896 0.195370 0.359375 0.196296 0.359375 0.199074 0.358854 0.200000 0.358854 0.201852 0.358333 0.202778 0.358333 0.204630 0.357812 0.205556 0.357812 0.208333 0.357292 0.209259 0.357292 0.211111 0.356771 0.212037 0.356771 0.214815 0.356250 0.215741 0.356250 0.217593 0.355729 0.218519 0.355729 0.220370 0.355208 0.221296 0.355208 0.224074 0.354687 0.225000 0.354687 0.226852 0.354167 0.227778 0.354167 0.230556 0.353646 0.231481 0.353646 0.233333 0.353125 0.234259 0.353125 0.236111 0.352604 0.237037 0.352604 0.239815 0.352083 0.240741 0.352083 0.242593 0.351562 0.243519 0.351562 0.246296 0.351042 0.247222 0.351042 0.249074 0.350521 0.250000 0.350521 0.251852 0.350000 0.252778 0.350000 0.255556 0.349479 0.256481 0.349479 0.258333 0.348958 0.259259 0.348958 0.262037 0.348438 0.262963 0.348438 0.264815 0.347917 0.265741 0.347917 0.267593 0.347396 0.268519 0.347396 0.271296 0.346875 0.272222 0.346875 0.274074 0.346354 0.275000 0.346354 0.277778 0.345833 0.278704 0.345833 0.280556 0.345313 0.281481 0.345313 0.283333 0.344792 0.284259 0.344792 0.287037 0.344271 0.287963 0.344271 0.289815 0.343750 0.290741 0.343750 0.293519 0.343229 0.294444 0.343229 0.296296 0.342708 0.297222 0.342708 0.299074 0.342187 0.300000 0.342187 0.302778 0.341667 0.303704 0.341667 0.305556 0.341146 0.306481 0.341146 0.308333 0.340625 0.309259 0.340625 0.311111 0.338542 0.314815 0.338021 0.314815 0.337500 0.315741 0.336458 0.315741 0.335938 0.316667 0.334375 0.316667 0.333854 0.317593 0.330208 0.317593 0.329688 0.318519 0.319792 0.318519 0.319271 0.319444 0.266667 0.319444 0.266146 0.318519 0.253646 0.318519 0.253125 0.317593 0.249479 0.317593 0.248958 0.316667 0.246875 0.316667 0.246354 0.315741 0.246354 0.317593 0.245833 0.318519 0.245833 0.319444 0.245312 0.320370 0.245312 0.321296 0.244792 0.322222 0.244792 0.323148 0.244271 0.324074 0.244271 0.325926 0.243750 0.326852 0.243750 0.327778 0.243229 0.328704 0.243229 0.329630 0.242708 0.330556 0.242708 0.332407 0.242188 0.333333 0.242188 0.337963 0.241667 0.338889 0.242188 0.339815 0.242188 0.343519 0.242708 0.344444 0.242708 0.345370 0.243229 0.346296 0.243229 0.347222 0.245312 0.350926 0.246354 0.350926 0.246875 0.351852 0.248438 0.351852 0.248958 0.352778 0.252604 0.352778 0.253125 0.353704 0.261458 0.353704 0.261979 0.354630 0.322917 0.354630 0.323437 0.353704 0.331250 0.353704 0.331771 0.352778 0.335417 0.352778 0.335938 0.351852 0.336979 0.351852 0.337500 0.350926 0.338542 0.350926 0.340104 0.348148 0.340104 0.347222 0.340625 0.346296 0.340625 0.345370 0.341146 0.344444 0.341146 0.341667 0.341667 0.340741 0.341667 0.338889 0.342187 0.337963 0.342187 0.335185 0.342708 0.334259 0.342708 0.332407 0.343229 0.331481 0.343229 0.328704 0.343750 0.327778 0.343750 0.325926 0.344271 0.325000 0.344271 0.322222 0.344792 0.321296 0.344792 0.319444 0.345313 0.318519 0.345313 0.315741 0.345833 0.314815 0.345833 0.312963 0.346354 0.312037 0.346354 0.309259 0.346875 0.308333 0.346875 0.306481 0.347396 0.305556 0.347396 0.302778 0.347917 0.301852 0.347917 0.300000 0.348438 0.299074 0.348438 0.296296 0.348958 0.295370 0.348958 0.293519 0.349479 0.292593 0.349479 0.289815 0.350000 0.288889 0.350000 0.287037 0.350521 0.286111 0.350521 0.283333 0.351042 0.282407 0.351042 0.280556 0.351562 0.279630 0.351562 0.276852 0.352083 0.275926 0.352083 0.274074 0.352604 0.273148 0.352604 0.270370 0.353125 0.269444 0.353125 0.267593 0.353646 0.266667 0.353646 0.263889 0.354167 0.262963 0.354167 0.261111 0.354687 0.260185 0.354687 0.257407 0.355208 0.256481 0.355208 0.254630 0.355729 0.253704 0.355729 0.250926 0.356250 0.250000 0.356250 0.247222 0.356771 0.246296 0.356771 0.244444 0.357292 0.243519 0.357292 0.240741 0.357812 0.239815 0.357812 0.237963 0.358333 0.237037 0.358333 0.234259 0.358854 0.233333 0.358854 0.231481 0.359375 0.230556 0.359375 0.227778 0.359896 0.226852 0.359896 0.225000 0.360417 0.224074 0.360417 0.221296 0.360938 0.220370 0.360938 0.218519 0.361458 0.217593 0.361458 0.214815 0.361979 0.213889 0.361979 0.212037 0.362500 0.211111 0.362500 0.208333 0.363021 0.207407 0.363021 0.205556 0.363542 0.204630 0.363542 0.201852 0.364063 0.200926 0.364063 0.199074 0.364583 0.198148 0.364583 0.195370 0.365104 0.194444 0.365104 0.192593 0.365625 0.191667 0.365625 0.188889 0.366146 0.187963 0.366146 0.186111 0.366667 0.185185 0.366667 0.182407 0.367188 0.181481 0.367188 0.179630 0.367708 0.178704 0.367708 0.175926 0.368229 0.175000 0.368229 0.173148 0.368750 0.172222 0.368750 0.169444 0.369271 0.168519 0.369271 0.166667 0.369792 0.165741 0.369792 0.162963 0.370312 0.162037 0.370312 0.160185 0.370833 0.159259 0.370833 0.156481 0.371354 0.155556 0.371354 0.153704 0.371875 0.152778 0.371875 0.150000 0.372396 0.149074 0.372396 0.147222 0.372917 0.146296 0.372917 0.143519 0.373437 0.142593 0.373437 0.140741 0.373958 0.139815 0.373958 0.137037 0.374479 0.136111 0.374479 0.134259 0.375000 0.133333 0.375000 0.130556 0.375521 0.129630 0.375521 0.127778 0.376042 0.126852 0.376042 0.124074 0.376563 0.123148 0.376563 0.121296 0.377083 0.120370 0.377083 0.117593 0.377604 0.116667 0.377604 0.114815 0.378125 0.113889 0.378125 0.111111 0.378646 0.110185 0.378646 0.108333 0.379167 0.107407 0.379167 0.103704 0.379688 0.102778 0.379688 0.099074 0.379167 0.098148 0.379167 0.095370 0.378125 0.093519 0.378125 0.092593 0.377604 0.091667
1 0.402604 0.218519 0.114583 0.264815 0.397396 0.086111 0.396875 0.087037 0.389583 0.087037 0.389062 0.087963 0.386458 0.087963 0.385937 0.088889 0.385417 0.088889 0.384896 0.089815 0.384375 0.089815 0.383333 0.091667 0.383333 0.092593 0.382812 0.093519 0.382812 0.095370 0.382292 0.096296 0.382292 0.099074 0.381771 0.100000 0.381771 0.101852 0.381250 0.102778 0.381250 0.105556 0.380729 0.106481 0.380729 0.108333 0.380208 0.109259 0.380208 0.112037 0.379688 0.112963 0.379688 0.115741 0.379167 0.116667 0.379167 0.118519 0.378646 0.119444 0.378646 0.122222 0.378125 0.123148 0.378125 0.125000 0.377604 0.125926 0.377604 0.128704 0.377083 0.129630 0.377083 0.131481 0.376563 0.132407 0.376563 0.135185 0.376042 0.136111 0.376042 0.137963 0.375521 0.138889 0.375521 0.141667 0.375000 0.142593 0.375000 0.144444 0.374479 0.145370 0.374479 0.148148 0.373958 0.149074 0.373958 0.151852 0.373437 0.152778 0.373437 0.154630 0.372917 0.155556 0.372917 0.158333 0.372396 0.159259 0.372396 0.161111 0.371875 0.162037 0.371875 0.164815 0.371354 0.165741 0.371354 0.167593 0.370833 0.168519 0.370833 0.171296 0.370312 0.172222 0.370312 0.174074 0.369792 0.175000 0.369792 0.177778 0.369271 0.178704 0.369271 0.180556 0.368750 0.181481 0.368750 0.184259 0.368229 0.185185 0.368229 0.187963 0.367708 0.188889 0.367708 0.190741 0.367188 0.191667 0.367188 0.194444 0.366667 0.195370 0.366667 0.197222 0.366146 0.198148 0.366146 0.200926 0.365625 0.201852 0.365625 0.203704 0.365104 0.204630 0.365104 0.207407 0.364583 0.208333 0.364583 0.210185 0.364063 0.211111 0.364063 0.213889 0.363542 0.214815 0.363542 0.217593 0.363021 0.218519 0.363021 0.220370 0.362500 0.221296 0.362500 0.224074 0.361979 0.225000 0.361979 0.226852 0.361458 0.227778 0.361458 0.230556 0.360938 0.231481 0.360938 0.233333 0.360417 0.234259 0.360417 0.237037 0.359896 0.237963 0.359896 0.239815 0.359375 0.240741 0.359375 0.243519 0.358854 0.244444 0.358854 0.246296 0.358333 0.247222 0.358333 0.250000 0.357812 0.250926 0.357812 0.253704 0.357292 0.254630 0.357292 0.256481 0.356771 0.257407 0.356771 0.260185 0.356250 0.261111 0.356250 0.262963 0.355729 0.263889 0.355729 0.266667 0.355208 0.267593 0.355208 0.269444 0.354687 0.270370 0.354687 0.273148 0.354167 0.274074 0.354167 0.275926 0.353646 0.276852 0.353646 0.279630 0.353125 0.280556 0.353125 0.282407 0.352604 0.283333 0.352604 0.286111 0.352083 0.287037 0.352083 0.289815 0.351562 0.290741 0.351562 0.292593 0.351042 0.293519 0.351042 0.296296 0.350521 0.297222 0.350521 0.299074 0.350000 0.300000 0.350000 0.302778 0.349479 0.303704 0.349479 0.305556 0.348958 0.306481 0.348958 0.309259 0.348438 0.310185 0.348438 0.312037 0.347917 0.312963 0.347917 0.315741 0.347396 0.316667 0.347396 0.319444 0.346875 0.320370 0.346875 0.322222 0.346354 0.323148 0.346354 0.325926 0.345833 0.326852 0.345833 0.328704 0.345313 0.329630 0.345313 0.339815 0.345833 0.340741 0.345833 0.341667 0.346354 0.342593 0.346354 0.343519 0.347917 0.346296 0.348438 0.346296 0.348958 0.347222 0.349479 0.347222 0.350000 0.348148 0.351562 0.348148 0.352083 0.349074 0.355729 0.349074 0.356250 0.350000 0.365104 0.350000 0.365625 0.350926 0.425521 0.350926 0.426042 0.350000 0.433854 0.350000 0.434375 0.349074 0.438021 0.349074 0.438542 0.348148 0.439583 0.348148 0.440104 0.347222 0.441146 0.347222 0.443229 0.343519 0.443229 0.342593 0.443750 0.341667 0.443750 0.338889 0.444271 0.337963 0.444271 0.331481 0.444792 0.330556 0.444792 0.323148 0.445312 0.322222 0.445312 0.315741 0.445833 0.314815 0.445833 0.307407 0.446354 0.306481 0.446354 0.300000 0.446875 0.299074 0.446875 0.291667 0.447396 0.290741 0.447396 0.284259 0.447917 0.283333 0.447917 0.275926 0.448437 0.275000 0.448437 0.268519 0.448958 0.267593 0.448958 0.260185 0.449479 0.259259 0.449479 0.252778 0.450000 0.251852 0.450000 0.244444 0.450521 0.243519 0.450521 0.237037 0.451042 0.236111 0.451042 0.228704 0.451562 0.227778 0.451562 0.221296 0.452083 0.220370 0.452083 0.212963 0.452604 0.212037 0.452604 0.205556 0.453125 0.204630 0.453125 0.197222 0.453646 0.196296 0.453646 0.189815 0.454167 0.188889 0.454167 0.181481 0.454688 0.180556 0.454688 0.174074 0.455208 0.173148 0.455208 0.165741 0.455729 0.164815 0.455729 0.158333 0.456250 0.157407 0.456250 0.150000 0.456771 0.149074 0.456771 0.142593 0.457292 0.141667 0.457292 0.134259 0.457813 0.133333 0.457813 0.126852 0.458333 0.125926 0.458333 0.118519 0.458854 0.117593 0.458854 0.111111 0.459375 0.110185 0.459375 0.102778 0.459896 0.101852 0.459896 0.095370 0.459375 0.094444 0.459375 0.093519 0.458854 0.092593 0.458854 0.091667 0.457813 0.089815 0.457292 0.089815 0.456771 0.088889 0.455729 0.088889 0.455208 0.087963 0.452604 0.087963 0.452083 0.087037 0.444792 0.087037 0.444271 0.086111
1 0.498698 0.223611 0.099479 0.267593 0.479167 0.089815 0.478646 0.090741 0.471354 0.090741 0.470833 0.091667 0.468229 0.091667 0.467708 0.092593 0.466667 0.092593 0.466146 0.093519 0.465625 0.093519 0.464583 0.095370 0.464583 0.096296 0.464062 0.097222 0.464062 0.100926 0.463542 0.101852 0.463542 0.109259 0.463021 0.110185 0.463021 0.117593 0.462500 0.118519 0.462500 0.125926 0.461979 0.126852 0.461979 0.135185 0.461458 0.136111 0.461458 0.143519 0.460938 0.144444 0.460938 0.151852 0.460417 0.152778 0.460417 0.160185 0.459896 0.161111 0.459896 0.168519 0.459375 0.169444 0.459375 0.176852 0.458854 0.177778 0.458854 0.185185 0.458333 0.186111 0.458333 0.193519 0.457813 0.194444 0.457813 0.201852 0.457292 0.202778 0.457292 0.210185 0.456771 0.211111 0.456771 0.218519 0.456250 0.219444 0.456250 0.226852 0.455729 0.227778 0.455729 0.235185 0.455208 0.236111 0.455208 0.244444 0.454688 0.245370 0.454688 0.252778 0.454167 0.253704 0.454167 0.261111 0.453646 0.262037 0.453646 0.269444 0.453125 0.270370 0.453125 0.277778 0.452604 0.278704 0.452604 0.286111 0.452083 0.287037 0.452083 0.294444 0.451562 0.295370 0.451562 0.302778 0.451042 0.303704 0.451042 0.311111 0.450521 0.312037 0.450521 0.319444 0.450000 0.320370 0.450000 0.327778 0.449479 0.328704 0.449479 0.336111 0.448958 0.337037 0.448958 0.345370 0.449479 0.346296 0.449479 0.348148 0.450000 0.349074 0.450000 0.350000 0.451562 0.352778 0.452083 0.352778 0.452604 0.353704 0.453125 0.353704 0.453646 0.354630 0.455208 0.354630 0.455729 0.355556 0.459375 0.355556 0.459896 0.356481 0.468229 0.356481 0.468750 0.357407 0.529687 0.357407 0.530208 0.356481 0.538542 0.356481 0.539062 0.355556 0.542708 0.355556 0.543229 0.354630 0.543750 0.354630 0.544271 0.353704 0.545312 0.353704 0.545833 0.352778 0.546354 0.352778 0.547396 0.350926 0.547396 0.350000 0.547917 0.349074 0.547917 0.347222 0.548438 0.346296 0.548438 0.326852 0.547917 0.325926 0.547917 0.309259 0.547396 0.308333 0.547396 0.292593 0.546875 0.291667 0.546875 0.275000 0.546354 0.274074 0.546354 0.257407 0.545833 0.256481 0.545833 0.239815 0.545312 0.238889 0.545312 0.222222 0.544792 0.221296 0.544792 0.205556 0.544271 0.204630 0.544271 0.187963 0.543750 0.187037 0.543750 0.170370 0.543229 0.169444 0.543229 0.152778 0.542708 0.151852 0.542708 0.135185 0.542188 0.134259 0.542188 0.117593 0.541667 0.116667 0.541667 0.101852 0.541146 0.100926 0.541146 0.097222 0.540625 0.096296 0.540625 0.095370 0.539583 0.093519 0.539062 0.093519 0.538542 0.092593 0.537500 0.092593 0.536979 0.091667 0.534375 0.091667 0.533854 0.090741 0.526042 0.090741 0.525521 0.089815
1 0.597656 0.216667 0.106771 0.264815 0.580729 0.084259 0.580208 0.085185 0.554688 0.085185 0.554167 0.086111 0.550000 0.086111 0.549479 0.087037 0.547917 0.087037 0.547396 0.087963 0.546875 0.087963 0.544792 0.091667 0.544792 0.094444 0.544271 0.095370 0.544271 0.100926 0.544792 0.101852 0.544792 0.116667 0.545312 0.117593 0.545312 0.132407 0.545833 0.133333 0.545833 0.149074 0.546354 0.150000 0.546354 0.164815 0.546875 0.165741 0.546875 0.180556 0.547396 0.181481 0.547396 0.196296 0.547917 0.197222 0.547917 0.212037 0.548438 0.212963 0.548438 0.227778 0.548958 0.228704 0.548958 0.243519 0.549479 0.244444 0.549479 0.259259 0.550000 0.260185 0.550000 0.275000 0.550521 0.275926 0.550521 0.290741 0.551042 0.291667 0.551042 0.306481 0.551562 0.307407 0.551562 0.322222 0.552083 0.323148 0.552083 0.336111 0.552604 0.337037 0.552604 0.338889 0.553125 0.339815 0.553125 0.341667 0.554688 0.344444 0.555208 0.344444 0.555729 0.345370 0.556771 0.345370 0.557292 0.346296 0.559375 0.346296 0.559896 0.347222 0.564063 0.347222 0.564583 0.348148 0.577604 0.348148 0.578125 0.349074 0.628646 0.349074 0.629167 0.348148 0.639583 0.348148 0.640104 0.347222 0.643750 0.347222 0.644271 0.346296 0.645833 0.346296 0.646354 0.345370 0.647396 0.345370 0.647917 0.344444 0.648438 0.344444 0.650000 0.341667 0.650000 0.340741 0.650521 0.339815 0.650521 0.337963 0.651042 0.337037 0.651042 0.328704 0.650521 0.327778 0.650521 0.325000 0.650000 0.324074 0.650000 0.320370 0.649479 0.319444 0.649479 0.316667 0.648958 0.315741 0.648958 0.312037 0.648438 0.311111 0.648438 0.308333 0.647917 0.307407 0.647917 0.303704 0.647396 0.302778 0.647396 0.300000 0.646875 0.299074 0.646875 0.295370 0.646354 0.294444 0.646354 0.291667 0.645833 0.290741 0.645833 0.287037 0.645312 0.286111 0.645312 0.283333 0.644792 0.282407 0.644792 0.278704 0.644271 0.277778 0.644271 0.275000 0.643750 0.274074 0.643750 0.270370 0.643229 0.269444 0.643229 0.266667 0.642708 0.265741 0.642708 0.262037 0.642188 0.261111 0.642188 0.258333 0.641667 0.257407 0.641667 0.253704 0.641146 0.252778 0.641146 0.250000 0.640625 0.249074 0.640625 0.245370 0.640104 0.244444 0.640104 0.241667 0.639583 0.240741 0.639583 0.237037 0.639062 0.236111 0.639062 0.233333 0.638542 0.232407 0.638542 0.228704 0.638021 0.227778 0.638021 0.225000 0.637500 0.224074 0.637500 0.220370 0.636979 0.219444 0.636979 0.216667 0.636458 0.215741 0.636458 0.212037 0.635938 0.211111 0.635938 0.208333 0.635417 0.207407 0.635417 0.203704 0.634896 0.202778 0.634896 0.200000 0.634375 0.199074 0.634375 0.195370 0.633854 0.194444 0.633854 0.191667 0.633333 0.190741 0.633333 0.187037 0.632812 0.186111 0.632812 0.183333 0.632292 0.182407 0.632292 0.178704 0.631771 0.177778 0.631771 0.175000 0.631250 0.174074 0.631250 0.170370 0.630729 0.169444 0.630729 0.166667 0.630208 0.165741 0.630208 0.162037 0.629687 0.161111 0.629687 0.158333 0.629167 0.157407 0.629167 0.153704 0.628646 0.152778 0.628646 0.150000 0.628125 0.149074 0.628125 0.145370 0.627604 0.144444 0.627604 0.141667 0.627083 0.140741 0.627083 0.137037 0.626563 0.136111 0.626563 0.133333 0.626042 0.132407 0.626042 0.128704 0.625521 0.127778 0.625521 0.125000 0.625000 0.124074 0.625000 0.120370 0.624479 0.119444 0.624479 0.116667 0.623958 0.115741 0.623958 0.112037 0.623437 0.111111 0.623437 0.108333 0.622917 0.107407 0.622917 0.103704 0.622396 0.102778 0.622396 0.100000 0.621875 0.099074 0.621875 0.095370 0.621354 0.094444 0.621354 0.092593 0.620833 0.091667 0.620833 0.090741 0.619271 0.087963 0.618229 0.087963 0.617708 0.087037 0.616146 0.087037 0.615625 0.086111 0.610938 0.086111 0.610417 0.085185 0.585417 0.085185 0.584896 0.084259
1 0.310417 0.188889 0.137500 0.259259 0.326562 0.059259 0.326042 0.060185 0.310417 0.060185 0.309896 0.061111 0.306771 0.061111 0.306250 0.062037 0.304688 0.062037 0.304167 0.062963 0.303646 0.062963 0.302083 0.065741 0.302083 0.067593 0.301563 0.068519 0.301563 0.069444 0.301042 0.070370 0.301042 0.071296 0.300521 0.072222 0.300521 0.073148 0.300000 0.074074 0.300000 0.075000 0.299479 0.075926 0.299479 0.076852 0.298958 0.077778 0.298958 0.078704 0.298438 0.079630 0.298438 0.081481 0.297917 0.082407 0.297917 0.083333 0.297396 0.084259 0.297396 0.085185 0.296875 0.086111 0.296875 0.087037 0.296354 0.087963 0.296354 0.088889 0.295833 0.089815 0.295833 0.090741 0.295312 0.091667 0.295312 0.092593 0.294792 0.093519 0.294792 0.095370 0.294271 0.096296 0.294271 0.097222 0.293750 0.098148 0.293750 0.099074 0.293229 0.100000 0.293229 0.100926 0.292708 0.101852 0.292708 0.102778 0.292187 0.103704 0.292187 0.104630 0.291667 0.105556 0.291667 0.106481 0.291146 0.107407 0.291146 0.109259 0.290625 0.110185 0.290625 0.111111 0.290104 0.112037 0.290104 0.112963 0.289583 0.113889 0.289583 0.114815 0.289062 0.115741 0.289062 0.116667 0.288542 0.117593 0.288542 0.118519 0.288021 0.119444 0.288021 0.120370 0.287500 0.121296 0.287500 0.123148 0.286979 0.124074 0.286979 0.125000 0.286458 0.125926 0.286458 0.126852 0.285938 0.127778 0.285938 0.128704 0.285417 0.129630 0.285417 0.130556 0.284896 0.131481 0.284896 0.132407 0.284375 0.133333 0.284375 0.134259 0.283854 0.135185 0.283854 0.137037 0.283333 0.137963 0.283333 0.138889 0.282813 0.139815 0.282813 0.140741 0.282292 0.141667 0.282292 0.142593 0.281771 0.143519 0.281771 0.144444 0.281250 0.145370 0.281250 0.146296 0.280729 0.147222 0.280729 0.149074 0.280208 0.150000 0.280208 0.150926 0.279687 0.151852 0.279687 0.152778 0.279167 0.153704 0.279167 0.154630 0.278646 0.155556 0.278646 0.156481 0.278125 0.157407 0.278125 0.158333 0.277604 0.159259 0.277604 0.160185 0.277083 0.161111 0.277083 0.162963 0.276562 0.163889 0.276562 0.164815 0.276042 0.165741 0.276042 0.166667 0.275521 0.167593 0.275521 0.168519 0.275000 0.169444 0.275000 0.170370 0.274479 0.171296 0.274479 0.172222 0.273958 0.173148 0.273958 0.174074 0.273438 0.175000 0.273438 0.176852 0.272917 0.177778 0.272917 0.178704 0.272396 0.179630 0.272396 0.180556 0.271875 0.181481 0.271875 0.182407 0.271354 0.183333 0.271354 0.184259 0.270833 0.185185 0.270833 0.186111 0.270313 0.187037 0.270313 0.187963 0.269792 0.188889 0.269792 0.190741 0.269271 0.191667 0.269271 0.192593 0.268750 0.193519 0.268750 0.194444 0.268229 0.195370 0.268229 0.196296 0.267708 0.197222 0.267708 0.198148 0.267188 0.199074 0.267188 0.200000 0.266667 0.200926 0.266667 0.201852 0.266146 0.202778 0.266146 0.204630 0.265625 0.205556 0.265625 0.206481 0.265104 0.207407 0.265104 0.208333 0.264583 0.209259 0.264583 0.210185 0.264062 0.211111 0.264062 0.212037 0.263542 0.212963 0.263542 0.213889 0.263021 0.214815 0.263021 0.215741 0.262500 0.216667 0.262500 0.218519 0.261979 0.219444 0.261979 0.220370 0.261458 0.221296 0.261458 0.222222 0.260937 0.223148 0.260937 0.224074 0.260417 0.225000 0.260417 0.225926 0.259896 0.226852 0.259896 0.227778 0.259375 0.228704 0.259375 0.229630 0.258854 0.230556 0.258854 0.232407 0.258333 0.233333 0.258333 0.234259 0.257812 0.235185 0.257812 0.236111 0.257292 0.237037 0.257292 0.237963 0.256771 0.238889 0.256771 0.239815 0.256250 0.240741 0.256250 0.241667 0.255729 0.242593 0.255729 0.243519 0.255208 0.244444 0.255208 0.246296 0.254688 0.247222 0.254688 0.248148 0.254167 0.249074 0.254167 0.250000 0.253646 0.250926 0.253646 0.251852 0.253125 0.252778 0.253125 0.253704 0.252604 0.254630 0.252604 0.255556 0.252083 0.256481 0.252083 0.258333 0.251563 0.259259 0.251563 0.260185 0.251042 0.261111 0.251042 0.262037 0.250521 0.262963 0.250521 0.263889 0.250000 0.264815 0.250000 0.265741 0.249479 0.266667 0.249479 0.267593 0.248958 0.268519 0.248958 0.269444 0.248438 0.270370 0.248438 0.272222 0.247917 0.273148 0.247917 0.274074 0.247396 0.275000 0.247396 0.275926 0.246875 0.276852 0.246875 0.277778 0.246354 0.278704 0.246354 0.279630 0.245833 0.280556 0.245833 0.281481 0.245312 0.282407 0.245312 0.283333 0.244792 0.284259 0.244792 0.286111 0.244271 0.287037 0.244271 0.287963 0.243750 0.288889 0.243750 0.289815 0.243229 0.290741 0.243229 0.291667 0.242708 0.292593 0.242708 0.293519 0.242188 0.294444 0.242188 0.296296 0.241667 0.297222 0.241667 0.306481 0.242188 0.307407 0.242188 0.309259 0.242708 0.310185 0.242708 0.311111 0.244271 0.313889 0.244792 0.313889 0.245312 0.314815 0.246354 0.314815 0.246875 0.315741 0.248958 0.315741 0.249479 0.316667 0.253125 0.316667 0.253646 0.317593 0.266146 0.317593 0.266667 0.318519 0.319271 0.318519 0.319792 0.317593 0.329688 0.317593 0.330208 0.316667 0.333854 0.316667 0.334375 0.315741 0.335938 0.315741 0.336458 0.314815 0.337500 0.314815 0.338021 0.313889 0.338542 0.313889 0.340104 0.311111 0.340104 0.309259 0.340625 0.308333 0.340625 0.306481 0.341146 0.305556 0.341146 0.303704 0.341667 0.302778 0.341667 0.300000 0.342187 0.299074 0.342187 0.297222 0.342708 0.296296 0.342708 0.294444 0.343229 0.293519 0.343229 0.290741 0.343750 0.289815 0.343750 0.287963 0.344271 0.287037 0.344271 0.284259 0.344792 0.283333 0.344792 0.281481 0.345313 0.280556 0.345313 0.278704 0.345833 0.277778 0.345833 0.275000 0.346354 0.274074 0.346354 0.272222 0.346875 0.271296 0.346875 0.268519 0.347396 0.267593 0.347396 0.265741 0.347917 0.264815 0.347917 0.262963 0.348438 0.262037 0.348438 0.259259 0.348958 0.258333 0.348958 0.256481 0.349479 0.255556 0.349479 0.252778 0.350000 0.251852 0.350000 0.250000 0.350521 0.249074 0.350521 0.247222 0.351042 0.246296 0.351042 0.243519 0.351562 0.242593 0.351562 0.240741 0.352083 0.239815 0.352083 0.237037 0.352604 0.236111 0.352604 0.234259 0.353125 0.233333 0.353125 0.231481 0.353646 0.230556 0.353646 0.227778 0.354167 0.226852 0.354167 0.225000 0.354687 0.224074 0.354687 0.221296 0.355208 0.220370 0.355208 0.218519 0.355729 0.217593 0.355729 0.215741 0.356250 0.214815 0.356250 0.212037 0.356771 0.211111 0.356771 0.209259 0.357292 0.208333 0.357292 0.205556 0.357812 0.204630 0.357812 0.202778 0.358333 0.201852 0.358333 0.200000 0.358854 0.199074 0.358854 0.196296 0.359375 0.195370 0.359375 0.193519 0.359896 0.192593 0.359896 0.189815 0.360417 0.188889 0.360417 0.187037 0.360938 0.186111 0.360938 0.184259 0.361458 0.183333 0.361458 0.180556 0.361979 0.179630 0.361979 0.177778 0.362500 0.176852 0.362500 0.174074 0.363021 0.173148 0.363021 0.171296 0.363542 0.170370 0.363542 0.168519 0.364063 0.167593 0.364063 0.164815 0.364583 0.163889 0.364583 0.162037 0.365104 0.161111 0.365104 0.158333 0.365625 0.157407 0.365625 0.155556 0.366146 0.154630 0.366146 0.152778 0.366667 0.151852 0.366667 0.149074 0.367188 0.148148 0.367188 0.146296 0.367708 0.145370 0.367708 0.142593 0.368229 0.141667 0.368229 0.139815 0.368750 0.138889 0.368750 0.137037 0.369271 0.136111 0.369271 0.133333 0.369792 0.132407 0.369792 0.130556 0.370312 0.129630 0.370312 0.126852 0.370833 0.125926 0.370833 0.124074 0.371354 0.123148 0.371354 0.121296 0.371875 0.120370 0.371875 0.117593 0.372396 0.116667 0.372396 0.114815 0.372917 0.113889 0.372917 0.111111 0.373437 0.110185 0.373437 0.108333 0.373958 0.107407 0.373958 0.105556 0.374479 0.104630 0.374479 0.101852 0.375000 0.100926 0.375000 0.099074 0.375521 0.098148 0.375521 0.095370 0.376042 0.094444 0.376042 0.092593 0.376563 0.091667 0.376563 0.089815 0.377083 0.088889 0.377083 0.086111 0.377604 0.085185 0.377604 0.083333 0.378125 0.082407 0.378125 0.079630 0.378646 0.078704 0.378646 0.076852 0.379167 0.075926 0.379167 0.069444 0.378646 0.068519 0.378646 0.066667 0.378125 0.065741 0.378125 0.064815 0.377083 0.062963 0.376042 0.062963 0.375521 0.062037 0.373958 0.062037 0.373437 0.061111 0.369792 0.061111 0.369271 0.060185 0.353646 0.060185 0.353125 0.059259
1 0.402865 0.625926 0.098437 0.166667 0.450521 0.542593 0.450521 0.550926 0.450000 0.551852 0.450000 0.561111 0.449479 0.562037 0.449479 0.571296 0.448958 0.572222 0.448958 0.582407 0.448437 0.583333 0.448437 0.592593 0.447917 0.593519 0.447917 0.602778 0.447396 0.603704 0.447396 0.612963 0.446875 0.613889 0.446875 0.623148 0.446354 0.624074 0.446354 0.633333 0.445833 0.634259 0.445833 0.643519 0.445312 0.644444 0.445312 0.653704 0.444792 0.654630 0.444792 0.663889 0.444271 0.664815 0.444271 0.673148 0.443750 0.674074 0.443750 0.676852 0.443229 0.677778 0.443229 0.679630 0.441146 0.683333 0.440625 0.683333 0.440104 0.684259 0.439063 0.684259 0.438542 0.685185 0.435417 0.685185 0.434896 0.686111 0.429167 0.686111 0.428646 0.687037 0.365625 0.687037 0.365104 0.686111 0.356771 0.686111 0.356250 0.685185 0.354687 0.685185 0.354167 0.686111 0.354167 0.691667 0.353646 0.692593 0.353646 0.694444 0.354167 0.695370 0.354167 0.699074 0.354687 0.700000 0.354687 0.700926 0.356771 0.704630 0.357812 0.704630 0.358333 0.705556 0.359375 0.705556 0.359896 0.706481 0.363021 0.706481 0.363542 0.707407 0.370833 0.707407 0.371354 0.708333 0.401042 0.708333 0.401562 0.709259 0.403646 0.709259 0.404167 0.708333 0.435937 0.708333 0.436458 0.707407 0.441667 0.707407 0.442188 0.706481 0.444792 0.706481 0.445312 0.705556 0.446354 0.705556 0.446875 0.704630 0.447396 0.704630 0.448958 0.701852 0.448958 0.700000 0.449479 0.699074 0.449479 0.695370 0.450000 0.694444 0.450000 0.685185 0.450521 0.684259 0.450521 0.673148 0.451042 0.672222 0.451042 0.662037 0.451562 0.661111 0.451562 0.650926 0.452083 0.650000 0.452083 0.645370 0.451562 0.644444 0.450521 0.644444 0.450000 0.643519 0.449479 0.643519 0.447917 0.640741 0.447917 0.639815 0.447396 0.638889 0.447396 0.637037 0.446875 0.636111 0.446875 0.625926 0.447396 0.625000 0.447396 0.615741 0.447917 0.614815 0.447917 0.605556 0.448437 0.604630 0.448437 0.594444 0.448958 0.593519 0.448958 0.584259 0.449479 0.583333 0.449479 0.574074 0.450000 0.573148 0.450000 0.562963 0.450521 0.562037 0.450521 0.552778 0.451042 0.551852 0.451042 0.544444 0.450521 0.543519
1 0.500521 0.690741 0.096875 0.050000 0.453646 0.665741 0.453646 0.674074 0.453125 0.675000 0.453125 0.686111 0.452604 0.687037 0.452604 0.697222 0.452083 0.698148 0.452083 0.701852 0.452604 0.702778 0.452604 0.706481 0.453125 0.707407 0.453125 0.708333 0.454688 0.711111 0.455208 0.711111 0.455729 0.712037 0.456771 0.712037 0.457292 0.712963 0.458854 0.712963 0.459375 0.713889 0.463021 0.713889 0.463542 0.714815 0.474479 0.714815 0.475000 0.715741 0.530208 0.715741 0.530729 0.714815 0.539062 0.714815 0.539583 0.713889 0.543229 0.713889 0.543750 0.712963 0.544271 0.712963 0.544792 0.712037 0.545833 0.712037 0.547917 0.708333 0.547917 0.707407 0.548438 0.706481 0.548438 0.701852 0.548958 0.700926 0.548958 0.700000 0.548438 0.699074 0.548438 0.676852 0.547917 0.675926 0.547917 0.673148 0.547396 0.674074 0.546354 0.674074 0.545833 0.675000 0.544792 0.675000 0.544271 0.675926 0.540625 0.675926 0.540104 0.676852 0.531250 0.676852 0.530729 0.677778 0.477083 0.677778 0.476562 0.676852 0.465104 0.676852 0.464583 0.675926 0.460938 0.675926 0.460417 0.675000 0.458333 0.675000 0.457813 0.674074 0.457292 0.674074 0.456771 0.673148 0.456250 0.673148 0.454167 0.669444 0.454167 0.668519 0.453646 0.667593
1 0.601302 0.692593 0.096354 0.033333 0.647917 0.675926 0.647917 0.676852 0.645833 0.680556 0.644792 0.680556 0.644271 0.681481 0.643229 0.681481 0.642708 0.682407 0.639583 0.682407 0.639062 0.683333 0.631250 0.683333 0.630729 0.684259 0.573438 0.684259 0.572917 0.683333 0.563021 0.683333 0.562500 0.682407 0.558854 0.682407 0.558333 0.681481 0.556771 0.681481 0.556250 0.680556 0.555208 0.680556 0.554688 0.679630 0.554167 0.679630 0.553125 0.677778 0.553125 0.687963 0.553646 0.688889 0.553646 0.698148 0.554167 0.699074 0.554167 0.700926 0.556250 0.704630 0.556771 0.704630 0.557292 0.705556 0.558333 0.705556 0.558854 0.706481 0.561458 0.706481 0.561979 0.707407 0.567708 0.707407 0.568229 0.708333 0.585417 0.708333 0.585938 0.709259 0.622396 0.709259 0.622917 0.708333 0.638021 0.708333 0.638542 0.707407 0.642708 0.707407 0.643229 0.706481 0.644792 0.706481 0.645312 0.705556 0.646354 0.705556 0.648958 0.700926 0.648958 0.699074 0.649479 0.698148 0.649479 0.688889 0.648958 0.687963 0.648958 0.683333 0.648438 0.682407 0.648438 0.677778 0.647917 0.676852
1 0.291146 0.649074 0.101042 0.066667 0.341667 0.615741 0.341667 0.617593 0.341146 0.618519 0.341146 0.622222 0.340625 0.623148 0.340625 0.625926 0.340104 0.626852 0.340104 0.629630 0.339583 0.630556 0.339583 0.633333 0.339062 0.634259 0.339062 0.635185 0.336458 0.639815 0.335938 0.639815 0.335417 0.640741 0.334375 0.640741 0.333854 0.641667 0.330208 0.641667 0.329688 0.642593 0.320833 0.642593 0.320312 0.643519 0.266667 0.643519 0.266146 0.642593 0.254688 0.642593 0.254167 0.641667 0.250521 0.641667 0.250000 0.640741 0.247917 0.640741 0.247396 0.639815 0.246354 0.639815 0.245312 0.637963 0.245312 0.638889 0.244792 0.639815 0.244792 0.641667 0.244271 0.642593 0.244271 0.644444 0.243750 0.645370 0.243750 0.647222 0.243229 0.648148 0.243229 0.650000 0.242708 0.650926 0.242708 0.652778 0.242188 0.653704 0.242188 0.655556 0.241667 0.656481 0.241667 0.658333 0.241146 0.659259 0.241146 0.660185 0.240625 0.661111 0.240625 0.671296 0.241146 0.672222 0.241146 0.674074 0.243229 0.677778 0.243750 0.677778 0.244271 0.678704 0.245312 0.678704 0.245833 0.679630 0.247917 0.679630 0.248438 0.680556 0.253125 0.680556 0.253646 0.681481 0.268229 0.681481 0.268750 0.682407 0.315625 0.682407 0.316146 0.681481 0.326562 0.681481 0.327083 0.680556 0.330729 0.680556 0.331250 0.679630 0.332813 0.679630 0.333333 0.678704 0.333854 0.678704 0.334375 0.677778 0.334896 0.677778 0.335938 0.675926 0.335938 0.675000 0.336458 0.674074 0.336458 0.672222 0.336979 0.671296 0.336979 0.668519 0.337500 0.667593 0.337500 0.663889 0.338021 0.662963 0.338021 0.660185 0.338542 0.659259 0.338542 0.655556 0.339062 0.654630 0.339062 0.651852 0.339583 0.650926 0.339583 0.647222 0.340104 0.646296 0.340104 0.643519 0.340625 0.642593 0.340625 0.638889 0.340104 0.637963 0.340104 0.634259 0.339583 0.633333 0.340104 0.632407 0.340104 0.626852 0.340625 0.625926 0.340625 0.623148 0.341146 0.622222 0.341146 0.619444 0.341667 0.618519
1 0.398438 0.613889 0.103125 0.144444 0.450000 0.541667 0.450000 0.550926 0.449479 0.551852 0.449479 0.561111 0.448958 0.562037 0.448958 0.571296 0.448437 0.572222 0.448437 0.578704 0.447917 0.579630 0.447917 0.581481 0.447396 0.582407 0.447396 0.583333 0.445833 0.586111 0.445312 0.586111 0.444792 0.587037 0.444271 0.587037 0.444271 0.590741 0.443750 0.591667 0.443750 0.600926 0.443229 0.601852 0.443229 0.608333 0.442708 0.609259 0.442708 0.611111 0.440104 0.615741 0.439583 0.615741 0.439063 0.616667 0.438542 0.616667 0.438542 0.622222 0.438021 0.623148 0.438021 0.631481 0.437500 0.632407 0.437500 0.638889 0.436979 0.639815 0.436979 0.640741 0.436458 0.641667 0.436458 0.642593 0.434896 0.645370 0.434375 0.645370 0.433854 0.646296 0.432812 0.646296 0.432292 0.647222 0.430729 0.647222 0.430208 0.648148 0.426563 0.648148 0.426042 0.649074 0.412500 0.649074 0.411979 0.650000 0.370833 0.650000 0.370312 0.649074 0.354687 0.649074 0.354167 0.648148 0.348958 0.648148 0.348958 0.651852 0.348438 0.652778 0.348438 0.656481 0.347917 0.657407 0.347917 0.660185 0.347396 0.661111 0.347396 0.664815 0.346875 0.665741 0.346875 0.675926 0.347396 0.676852 0.347396 0.677778 0.347917 0.678704 0.347917 0.679630 0.348958 0.681481 0.349479 0.681481 0.350000 0.682407 0.350521 0.682407 0.351042 0.683333 0.352083 0.683333 0.352604 0.684259 0.356250 0.684259 0.356771 0.685185 0.365104 0.685185 0.365625 0.686111 0.428646 0.686111 0.429167 0.685185 0.434896 0.685185 0.435417 0.684259 0.438542 0.684259 0.439063 0.683333 0.440104 0.683333 0.440625 0.682407 0.441146 0.682407 0.442708 0.679630 0.442708 0.677778 0.443229 0.676852 0.443229 0.674074 0.443750 0.673148 0.443750 0.664815 0.444271 0.663889 0.444271 0.654630 0.444792 0.653704 0.444792 0.644444 0.445312 0.643519 0.445312 0.634259 0.445833 0.633333 0.445833 0.624074 0.446354 0.623148 0.446354 0.613889 0.446875 0.612963 0.446875 0.603704 0.447396 0.602778 0.447396 0.593519 0.447917 0.592593 0.447917 0.583333 0.448437 0.582407 0.448437 0.572222 0.448958 0.571296 0.448958 0.562037 0.449479 0.561111 0.449479 0.551852 0.450000 0.550926
1 0.501823 0.642593 0.096354 0.068519 0.544271 0.608333 0.544271 0.629630 0.544792 0.630556 0.544792 0.632407 0.544271 0.633333 0.544271 0.637963 0.543750 0.638889 0.543750 0.639815 0.541146 0.644444 0.540625 0.644444 0.540104 0.645370 0.539062 0.645370 0.538542 0.646296 0.535417 0.646296 0.534896 0.647222 0.528125 0.647222 0.527604 0.648148 0.466667 0.648148 0.466146 0.647222 0.457813 0.647222 0.457292 0.646296 0.454167 0.646296 0.454167 0.655556 0.453646 0.656481 0.453646 0.664815 0.454167 0.665741 0.454167 0.667593 0.454688 0.668519 0.454688 0.669444 0.456250 0.672222 0.456771 0.672222 0.457292 0.673148 0.457813 0.673148 0.458333 0.674074 0.460417 0.674074 0.460938 0.675000 0.464583 0.675000 0.465104 0.675926 0.476562 0.675926 0.477083 0.676852 0.530729 0.676852 0.531250 0.675926 0.540104 0.675926 0.540625 0.675000 0.544271 0.675000 0.544792 0.674074 0.545833 0.674074 0.546354 0.673148 0.547396 0.673148 0.548958 0.670370 0.548958 0.668519 0.549479 0.667593 0.549479 0.665741 0.550000 0.664815 0.550000 0.652778 0.549479 0.651852 0.549479 0.644444 0.548958 0.644444 0.546875 0.640741 0.546875 0.639815 0.546354 0.638889 0.546354 0.637963 0.545833 0.637037 0.545833 0.622222 0.545312 0.621296 0.545312 0.608333
1 0.599740 0.651852 0.097396 0.062963 0.642708 0.620370 0.642708 0.623148 0.643229 0.624074 0.643229 0.629630 0.643750 0.630556 0.643750 0.634259 0.643229 0.635185 0.643229 0.638889 0.642708 0.639815 0.642708 0.640741 0.640625 0.644444 0.640104 0.644444 0.639583 0.645370 0.638542 0.645370 0.638021 0.646296 0.636458 0.646296 0.635938 0.647222 0.632292 0.647222 0.631771 0.648148 0.618229 0.648148 0.617708 0.649074 0.577083 0.649074 0.576562 0.648148 0.560417 0.648148 0.559896 0.647222 0.554688 0.647222 0.554167 0.646296 0.551562 0.646296 0.551042 0.645370 0.551562 0.646296 0.551562 0.666667 0.552083 0.667593 0.552083 0.673148 0.552604 0.674074 0.552604 0.675000 0.553125 0.675926 0.553125 0.676852 0.554167 0.678704 0.554688 0.678704 0.555208 0.679630 0.556250 0.679630 0.556771 0.680556 0.558333 0.680556 0.558854 0.681481 0.562500 0.681481 0.563021 0.682407 0.572917 0.682407 0.573438 0.683333 0.630729 0.683333 0.631250 0.682407 0.639062 0.682407 0.639583 0.681481 0.642708 0.681481 0.643229 0.680556 0.644271 0.680556 0.644792 0.679630 0.645833 0.679630 0.647396 0.676852 0.647396 0.675926 0.647917 0.675000 0.647917 0.674074 0.648438 0.673148 0.648438 0.662037 0.647917 0.661111 0.647917 0.656481 0.647396 0.655556 0.647396 0.650926 0.646875 0.650000 0.646875 0.645370 0.646354 0.644444 0.646354 0.639815 0.645833 0.638889 0.645833 0.634259 0.645312 0.633333 0.645312 0.628704 0.644792 0.627778 0.644792 0.623148 0.644271 0.622222 0.644271 0.620370
1 0.292187 0.625926 0.097917 0.033333 0.245833 0.609259 0.245833 0.610185 0.245312 0.611111 0.245312 0.612963 0.244792 0.613889 0.244792 0.615741 0.244271 0.616667 0.244271 0.618519 0.243750 0.619444 0.243750 0.621296 0.243229 0.622222 0.243229 0.631481 0.243750 0.632407 0.243750 0.634259 0.246354 0.638889 0.247396 0.638889 0.247917 0.639815 0.250000 0.639815 0.250521 0.640741 0.254167 0.640741 0.254688 0.641667 0.266146 0.641667 0.266667 0.642593 0.320312 0.642593 0.320833 0.641667 0.329688 0.641667 0.330208 0.640741 0.333854 0.640741 0.334375 0.639815 0.335417 0.639815 0.335938 0.638889 0.336458 0.638889 0.338542 0.635185 0.338542 0.634259 0.339062 0.633333 0.339062 0.630556 0.339583 0.629630 0.339583 0.626852 0.340104 0.625926 0.340104 0.623148 0.340625 0.622222 0.340625 0.618519 0.341146 0.617593 0.341146 0.616667 0.340625 0.616667 0.340104 0.617593 0.339583 0.617593 0.339062 0.618519 0.337500 0.618519 0.336979 0.619444 0.333333 0.619444 0.332813 0.620370 0.320312 0.620370 0.319792 0.621296 0.275000 0.621296 0.274479 0.620370 0.259896 0.620370 0.259375 0.619444 0.254688 0.619444 0.254167 0.618519 0.251563 0.618519 0.251042 0.617593 0.250000 0.617593 0.249479 0.616667 0.248958 0.616667 0.246875 0.612963 0.246875 0.612037 0.246354 0.611111 0.246354 0.610185
1 0.389062 0.616204 0.097917 0.065741 0.347396 0.583333 0.346875 0.584259 0.346875 0.586111 0.346354 0.587037 0.346354 0.590741 0.345833 0.591667 0.345833 0.594444 0.345313 0.595370 0.345313 0.599074 0.344792 0.600000 0.344792 0.602778 0.344271 0.603704 0.344271 0.606481 0.343750 0.607407 0.343750 0.610185 0.343229 0.611111 0.343229 0.612963 0.342187 0.614815 0.342187 0.618519 0.341667 0.619444 0.341667 0.622222 0.341146 0.623148 0.341146 0.625926 0.340625 0.626852 0.340625 0.632407 0.340104 0.633333 0.340625 0.634259 0.340625 0.637963 0.341146 0.638889 0.341146 0.640741 0.343229 0.644444 0.343750 0.644444 0.344271 0.645370 0.345313 0.645370 0.345833 0.646296 0.348438 0.646296 0.348958 0.647222 0.354167 0.647222 0.354687 0.648148 0.370312 0.648148 0.370833 0.649074 0.411979 0.649074 0.412500 0.648148 0.426042 0.648148 0.426563 0.647222 0.430208 0.647222 0.430729 0.646296 0.432292 0.646296 0.432812 0.645370 0.433854 0.645370 0.434375 0.644444 0.434896 0.644444 0.435937 0.642593 0.435937 0.641667 0.436458 0.640741 0.436458 0.639815 0.436979 0.638889 0.436979 0.632407 0.437500 0.631481 0.437500 0.623148 0.438021 0.622222 0.438021 0.616667 0.437500 0.617593 0.434896 0.617593 0.434375 0.618519 0.428646 0.618519 0.428125 0.619444 0.363542 0.619444 0.363021 0.618519 0.355729 0.618519 0.355208 0.617593 0.351562 0.617593 0.351042 0.616667 0.350000 0.616667 0.349479 0.615741 0.348438 0.615741 0.346354 0.612037 0.346354 0.611111 0.345833 0.610185 0.345833 0.609259 0.345313 0.608333 0.345313 0.597222 0.345833 0.596296 0.345833 0.593519 0.346354 0.592593 0.346354 0.589815 0.346875 0.588889 0.346875 0.585185 0.347396 0.584259
1 0.495833 0.596296 0.096875 0.101852 0.451562 0.545370 0.451562 0.551852 0.451042 0.552778 0.451042 0.562037 0.450521 0.562963 0.450521 0.573148 0.450000 0.574074 0.450000 0.583333 0.449479 0.584259 0.449479 0.593519 0.448958 0.594444 0.448958 0.604630 0.448437 0.605556 0.448437 0.614815 0.447917 0.615741 0.447917 0.625000 0.447396 0.625926 0.447396 0.636111 0.447917 0.637037 0.447917 0.638889 0.448437 0.639815 0.448437 0.640741 0.449479 0.642593 0.450000 0.642593 0.450521 0.643519 0.451562 0.643519 0.452083 0.644444 0.453125 0.644444 0.453646 0.645370 0.457292 0.645370 0.457813 0.646296 0.466146 0.646296 0.466667 0.647222 0.527604 0.647222 0.528125 0.646296 0.534896 0.646296 0.535417 0.645370 0.538542 0.645370 0.539062 0.644444 0.540104 0.644444 0.540625 0.643519 0.541146 0.643519 0.543229 0.639815 0.543229 0.638889 0.543750 0.637963 0.543750 0.633333 0.544271 0.632407 0.544271 0.630556 0.543750 0.629630 0.543750 0.609259 0.542708 0.609259 0.542188 0.610185 0.538542 0.610185 0.538021 0.611111 0.529687 0.611111 0.529167 0.612037 0.474479 0.612037 0.473958 0.611111 0.462500 0.611111 0.461979 0.610185 0.458333 0.610185 0.457813 0.609259 0.456250 0.609259 0.455729 0.608333 0.454688 0.608333 0.453646 0.606481 0.453125 0.606481 0.452083 0.604630 0.452083 0.603704 0.451562 0.602778 0.451562 0.600926 0.451042 0.600000 0.451042 0.587963 0.451562 0.587037 0.451562 0.576852 0.452083 0.575926 0.452083 0.566667 0.452604 0.565741 0.452604 0.555556 0.453125 0.554630 0.453125 0.548148
1 0.296354 0.599537 0.100000 0.041667 0.250521 0.578704 0.250521 0.580556 0.250000 0.581481 0.250000 0.583333 0.249479 0.584259 0.249479 0.585185 0.248958 0.586111 0.248958 0.587963 0.248438 0.588889 0.248438 0.590741 0.247917 0.591667 0.247917 0.593519 0.247396 0.594444 0.247396 0.596296 0.246875 0.597222 0.246875 0.599074 0.246354 0.600000 0.246354 0.609259 0.246875 0.610185 0.246875 0.611111 0.247396 0.612037 0.247396 0.612963 0.248958 0.615741 0.249479 0.615741 0.250000 0.616667 0.251042 0.616667 0.251563 0.617593 0.254167 0.617593 0.254688 0.618519 0.259375 0.618519 0.259896 0.619444 0.274479 0.619444 0.275000 0.620370 0.319792 0.620370 0.320312 0.619444 0.332813 0.619444 0.333333 0.618519 0.336979 0.618519 0.337500 0.617593 0.339062 0.617593 0.339583 0.616667 0.340104 0.616667 0.340625 0.615741 0.341146 0.615741 0.342708 0.612963 0.342708 0.611111 0.343229 0.610185 0.343229 0.607407 0.343750 0.606481 0.343750 0.603704 0.344271 0.602778 0.344271 0.600000 0.344792 0.599074 0.344792 0.595370 0.345313 0.594444 0.345313 0.591667 0.345833 0.590741 0.345833 0.587037 0.346354 0.586111 0.346354 0.585185 0.345833 0.586111 0.345313 0.586111 0.344792 0.587037 0.343750 0.587037 0.343229 0.587963 0.340104 0.587963 0.339583 0.588889 0.333854 0.588889 0.333333 0.589815 0.269271 0.589815 0.268750 0.588889 0.260937 0.588889 0.260417 0.587963 0.257292 0.587963 0.256771 0.587037 0.255729 0.587037 0.255208 0.586111 0.254167 0.586111 0.253125 0.584259 0.252604 0.584259 0.251563 0.582407 0.251563 0.581481 0.251042 0.580556 0.251042 0.578704
1 0.394792 0.582870 0.097917 0.071296 0.352604 0.547222 0.352604 0.550000 0.352083 0.550926 0.352083 0.553704 0.351562 0.554630 0.351562 0.558333 0.351042 0.559259 0.351042 0.562037 0.350521 0.562963 0.350521 0.566667 0.350000 0.567593 0.350000 0.570370 0.349479 0.571296 0.349479 0.575000 0.348958 0.575926 0.348958 0.578704 0.348438 0.579630 0.348438 0.580556 0.347917 0.581481 0.347917 0.584259 0.347396 0.585185 0.347396 0.588889 0.346875 0.589815 0.346875 0.592593 0.346354 0.593519 0.346354 0.596296 0.345833 0.597222 0.345833 0.608333 0.346354 0.609259 0.346354 0.610185 0.346875 0.611111 0.346875 0.612037 0.348438 0.614815 0.349479 0.614815 0.350000 0.615741 0.351042 0.615741 0.351562 0.616667 0.355208 0.616667 0.355729 0.617593 0.363021 0.617593 0.363542 0.618519 0.428125 0.618519 0.428646 0.617593 0.434375 0.617593 0.434896 0.616667 0.437500 0.616667 0.438021 0.615741 0.439063 0.615741 0.439583 0.614815 0.440104 0.614815 0.442188 0.611111 0.442188 0.609259 0.442708 0.608333 0.442708 0.601852 0.443229 0.600926 0.443229 0.591667 0.443750 0.590741 0.443750 0.587037 0.443229 0.587963 0.442188 0.587963 0.441667 0.588889 0.438021 0.588889 0.437500 0.589815 0.427083 0.589815 0.426563 0.590741 0.377604 0.590741 0.377083 0.589815 0.363542 0.589815 0.363021 0.588889 0.358333 0.588889 0.357812 0.587963 0.355729 0.587963 0.355208 0.587037 0.354167 0.587037 0.353646 0.586111 0.353125 0.586111 0.350521 0.581481 0.350521 0.579630 0.350000 0.578704 0.350000 0.568519 0.350521 0.567593 0.350521 0.563889 0.351042 0.562963 0.351042 0.560185 0.351562 0.559259 0.351562 0.555556 0.352083 0.554630 0.352083 0.551852 0.352604 0.550926
1 0.499740 0.579630 0.096354 0.062963 0.453646 0.548148 0.453646 0.554630 0.453125 0.555556 0.453125 0.565741 0.452604 0.566667 0.452604 0.575926 0.452083 0.576852 0.452083 0.587037 0.451562 0.587963 0.451562 0.600000 0.452083 0.600926 0.452083 0.602778 0.452604 0.603704 0.452604 0.604630 0.453125 0.605556 0.453646 0.605556 0.454688 0.607407 0.455729 0.607407 0.456250 0.608333 0.457813 0.608333 0.458333 0.609259 0.461979 0.609259 0.462500 0.610185 0.473958 0.610185 0.474479 0.611111 0.529167 0.611111 0.529687 0.610185 0.538021 0.610185 0.538542 0.609259 0.542188 0.609259 0.542708 0.608333 0.543750 0.608333 0.544271 0.607407 0.545312 0.607407 0.546875 0.604630 0.546875 0.603704 0.547396 0.602778 0.547396 0.601852 0.547917 0.600926 0.547917 0.577778 0.547396 0.576852 0.546875 0.576852 0.546354 0.577778 0.543229 0.577778 0.542708 0.578704 0.536979 0.578704 0.536458 0.579630 0.506771 0.579630 0.506250 0.580556 0.501563 0.580556 0.501042 0.579630 0.471875 0.579630 0.471354 0.578704 0.464062 0.578704 0.463542 0.577778 0.460417 0.577778 0.459896 0.576852 0.458854 0.576852 0.458333 0.575926 0.457292 0.575926 0.455208 0.572222 0.455208 0.571296 0.454688 0.570370 0.454688 0.569444 0.454167 0.568519 0.454167 0.555556 0.454688 0.554630 0.454688 0.549074 0.454167 0.548148
1 0.599479 0.498611 0.103125 0.245370 0.547917 0.375926 0.547917 0.394444 0.548438 0.395370 0.548438 0.416667 0.548958 0.417593 0.548958 0.435185 0.549479 0.436111 0.549479 0.453704 0.550000 0.454630 0.550000 0.473148 0.550521 0.474074 0.550521 0.491667 0.551042 0.492593 0.551042 0.514815 0.551562 0.515741 0.551562 0.534259 0.552083 0.535185 0.552083 0.552778 0.552604 0.553704 0.552604 0.572222 0.553125 0.573148 0.553125 0.590741 0.553646 0.591667 0.553646 0.607407 0.554167 0.608333 0.554167 0.611111 0.554688 0.612037 0.554688 0.613889 0.556250 0.616667 0.556771 0.616667 0.557292 0.617593 0.558333 0.617593 0.558854 0.618519 0.561458 0.618519 0.561979 0.619444 0.566146 0.619444 0.566667 0.620370 0.580729 0.620370 0.581250 0.621296 0.629687 0.621296 0.630208 0.620370 0.640104 0.620370 0.640625 0.619444 0.644792 0.619444 0.645312 0.618519 0.646354 0.618519 0.646875 0.617593 0.647917 0.617593 0.648438 0.616667 0.648958 0.616667 0.650000 0.614815 0.650000 0.613889 0.650521 0.612963 0.650521 0.611111 0.651042 0.610185 0.651042 0.600000 0.650521 0.599074 0.650521 0.595370 0.650000 0.594444 0.650000 0.589815 0.649479 0.588889 0.649479 0.584259 0.648958 0.583333 0.648958 0.579630 0.646875 0.579630 0.646354 0.580556 0.635938 0.580556 0.635417 0.581481 0.586979 0.581481 0.586458 0.580556 0.572396 0.580556 0.571875 0.579630 0.567708 0.579630 0.567187 0.578704 0.565104 0.578704 0.564583 0.577778 0.563542 0.577778 0.563021 0.576852 0.562500 0.576852 0.560417 0.573148 0.560417 0.571296 0.559896 0.570370 0.559896 0.566667 0.559375 0.565741 0.559375 0.551852 0.558854 0.550926 0.558854 0.546296 0.557292 0.543519 0.557292 0.541667 0.556771 0.540741 0.556771 0.537037 0.556250 0.536111 0.556250 0.522222 0.555729 0.521296 0.555729 0.518519 0.555208 0.518519 0.552604 0.513889 0.552604 0.512037 0.552083 0.511111 0.552083 0.504630 0.551562 0.503704 0.551562 0.486111 0.551042 0.485185 0.551042 0.467593 0.550521 0.466667 0.550521 0.450000 0.550000 0.449074 0.550000 0.431481 0.549479 0.430556 0.549479 0.413889 0.548958 0.412963 0.548958 0.395370 0.548438 0.394444 0.548438 0.377778 0.547917 0.376852
1 0.301563 0.547222 0.101042 0.083333 0.347917 0.505556 0.347917 0.507407 0.347396 0.508333 0.347396 0.511111 0.346875 0.512037 0.346875 0.514815 0.346354 0.515741 0.346354 0.518519 0.345833 0.519444 0.345833 0.522222 0.345313 0.523148 0.345313 0.526852 0.344792 0.527778 0.344792 0.530556 0.344271 0.531481 0.344271 0.534259 0.343750 0.535185 0.343750 0.537963 0.343229 0.538889 0.343229 0.539815 0.342708 0.540741 0.342708 0.541667 0.341146 0.544444 0.340104 0.544444 0.339583 0.545370 0.339062 0.545370 0.338542 0.546296 0.335938 0.546296 0.335417 0.547222 0.330208 0.547222 0.329688 0.548148 0.309375 0.548148 0.308854 0.549074 0.288542 0.549074 0.288021 0.548148 0.263021 0.548148 0.262500 0.547222 0.255729 0.547222 0.255208 0.548148 0.255208 0.549074 0.254688 0.550000 0.254688 0.551852 0.254167 0.552778 0.254167 0.554630 0.253646 0.555556 0.253646 0.557407 0.253125 0.558333 0.253125 0.560185 0.252604 0.561111 0.252604 0.562037 0.252083 0.562963 0.252083 0.564815 0.251563 0.565741 0.251563 0.567593 0.251042 0.568519 0.251042 0.577778 0.251563 0.578704 0.251563 0.580556 0.252083 0.581481 0.252083 0.582407 0.252604 0.583333 0.253125 0.583333 0.254167 0.585185 0.255208 0.585185 0.255729 0.586111 0.256771 0.586111 0.257292 0.587037 0.260417 0.587037 0.260937 0.587963 0.268750 0.587963 0.269271 0.588889 0.333333 0.588889 0.333854 0.587963 0.339583 0.587963 0.340104 0.587037 0.343229 0.587037 0.343750 0.586111 0.344792 0.586111 0.345313 0.585185 0.345833 0.585185 0.347396 0.582407 0.347396 0.581481 0.347917 0.580556 0.347917 0.579630 0.348438 0.578704 0.348438 0.575926 0.348958 0.575000 0.348958 0.571296 0.349479 0.570370 0.349479 0.567593 0.350000 0.566667 0.350000 0.562963 0.350521 0.562037 0.350521 0.559259 0.351042 0.558333 0.351042 0.554630 0.351562 0.553704 0.351562 0.550926 0.352083 0.550000 0.352083 0.547222 0.351042 0.547222 0.350521 0.546296 0.349479 0.546296 0.348958 0.545370 0.348438 0.545370 0.347396 0.543519 0.346875 0.543519 0.345833 0.541667 0.345833 0.539815 0.345313 0.538889 0.345313 0.537963 0.344792 0.537037 0.344792 0.528704 0.345313 0.527778 0.345313 0.524074 0.345833 0.523148 0.345833 0.520370 0.346354 0.519444 0.346354 0.516667 0.346875 0.515741 0.346875 0.512963 0.347396 0.512037 0.347396 0.509259 0.347917 0.508333
1 0.401562 0.518056 0.102083 0.143519 0.449479 0.446296 0.449479 0.447222 0.448958 0.448148 0.448958 0.456481 0.448437 0.457407 0.448437 0.465741 0.447917 0.466667 0.447917 0.475000 0.447396 0.475926 0.447396 0.484259 0.446875 0.485185 0.446875 0.493519 0.446354 0.494444 0.446354 0.502778 0.445833 0.503704 0.445833 0.507407 0.445312 0.508333 0.445312 0.510185 0.444271 0.512037 0.444271 0.517593 0.443750 0.518519 0.443750 0.525926 0.443229 0.526852 0.443229 0.535185 0.442708 0.536111 0.442708 0.538889 0.442188 0.539815 0.442188 0.541667 0.440104 0.545370 0.439583 0.545370 0.439063 0.546296 0.438021 0.546296 0.437500 0.547222 0.434896 0.547222 0.434375 0.548148 0.429167 0.548148 0.428646 0.549074 0.403646 0.549074 0.403125 0.550000 0.390104 0.550000 0.389583 0.549074 0.362500 0.549074 0.361979 0.548148 0.355208 0.548148 0.354687 0.547222 0.353125 0.547222 0.353125 0.550926 0.352604 0.551852 0.352604 0.554630 0.352083 0.555556 0.352083 0.559259 0.351562 0.560185 0.351562 0.562963 0.351042 0.563889 0.351042 0.567593 0.350521 0.568519 0.350521 0.578704 0.351042 0.579630 0.351042 0.581481 0.353125 0.585185 0.353646 0.585185 0.354167 0.586111 0.355208 0.586111 0.355729 0.587037 0.357812 0.587037 0.358333 0.587963 0.363021 0.587963 0.363542 0.588889 0.377083 0.588889 0.377604 0.589815 0.426563 0.589815 0.427083 0.588889 0.437500 0.588889 0.438021 0.587963 0.441667 0.587963 0.442188 0.587037 0.443229 0.587037 0.443750 0.586111 0.444792 0.586111 0.445312 0.585185 0.445833 0.585185 0.446875 0.583333 0.446875 0.582407 0.447396 0.581481 0.447396 0.579630 0.447917 0.578704 0.447917 0.572222 0.448437 0.571296 0.448437 0.562037 0.448958 0.561111 0.448958 0.551852 0.449479 0.550926 0.449479 0.541667 0.450000 0.540741 0.450000 0.537963 0.449479 0.537037 0.449479 0.533333 0.450000 0.532407 0.450000 0.523148 0.450521 0.522222 0.450521 0.512963 0.451042 0.512037 0.451042 0.503704 0.451562 0.502778 0.451562 0.493519 0.452083 0.492593 0.452083 0.483333 0.452604 0.482407 0.452604 0.481481 0.450000 0.476852 0.450000 0.475000 0.449479 0.474074 0.449479 0.462963 0.450000 0.462037 0.450000 0.453704 0.450521 0.452778 0.450521 0.448148
1 0.503125 0.547685 0.096875 0.063889 0.550000 0.515741 0.550000 0.516667 0.547917 0.520370 0.547917 0.533333 0.548438 0.534259 0.548438 0.536111 0.547917 0.537037 0.547917 0.541667 0.547396 0.542593 0.547396 0.543519 0.544792 0.548148 0.544271 0.548148 0.543750 0.549074 0.542708 0.549074 0.542188 0.550000 0.539583 0.550000 0.539062 0.550926 0.532813 0.550926 0.532292 0.551852 0.499479 0.551852 0.498958 0.552778 0.498437 0.551852 0.467708 0.551852 0.467187 0.550926 0.459896 0.550926 0.459375 0.550000 0.456250 0.550000 0.455729 0.549074 0.455208 0.549074 0.455208 0.554630 0.454688 0.555556 0.454688 0.568519 0.455208 0.569444 0.455208 0.570370 0.455729 0.571296 0.455729 0.572222 0.457292 0.575000 0.458333 0.575000 0.458854 0.575926 0.459896 0.575926 0.460417 0.576852 0.463542 0.576852 0.464062 0.577778 0.471354 0.577778 0.471875 0.578704 0.501042 0.578704 0.501563 0.579630 0.506250 0.579630 0.506771 0.578704 0.536458 0.578704 0.536979 0.577778 0.542708 0.577778 0.543229 0.576852 0.546354 0.576852 0.546875 0.575926 0.547396 0.575926 0.547917 0.575000 0.548958 0.575000 0.550521 0.572222 0.550521 0.571296 0.551042 0.570370 0.551042 0.567593 0.551562 0.566667 0.551562 0.556481 0.551042 0.555556 0.551042 0.537037 0.550521 0.536111 0.550521 0.517593 0.550000 0.516667
1 0.608333 0.559259 0.097917 0.042593 0.654687 0.537963 0.654687 0.540741 0.654167 0.541667 0.654167 0.542593 0.653646 0.543519 0.653646 0.544444 0.652083 0.547222 0.651563 0.547222 0.651042 0.548148 0.650000 0.548148 0.649479 0.549074 0.647917 0.549074 0.647396 0.550000 0.643750 0.550000 0.643229 0.550926 0.629687 0.550926 0.629167 0.551852 0.586458 0.551852 0.585938 0.550926 0.570833 0.550926 0.570312 0.550000 0.565104 0.550000 0.564583 0.549074 0.561979 0.549074 0.561458 0.548148 0.560937 0.548148 0.560417 0.547222 0.559375 0.547222 0.559375 0.550926 0.559896 0.551852 0.559896 0.565741 0.560417 0.566667 0.560417 0.570370 0.560937 0.571296 0.560937 0.573148 0.562500 0.575926 0.563021 0.575926 0.563542 0.576852 0.564583 0.576852 0.565104 0.577778 0.567187 0.577778 0.567708 0.578704 0.571875 0.578704 0.572396 0.579630 0.586458 0.579630 0.586979 0.580556 0.635417 0.580556 0.635938 0.579630 0.646354 0.579630 0.646875 0.578704 0.650521 0.578704 0.651042 0.577778 0.652604 0.577778 0.653125 0.576852 0.654167 0.576852 0.656250 0.573148 0.656250 0.571296 0.656771 0.570370 0.656771 0.567593 0.657292 0.566667 0.657292 0.562963 0.656771 0.562037 0.656771 0.557407 0.656250 0.556481 0.656250 0.552778 0.655729 0.551852 0.655729 0.548148 0.655208 0.547222 0.655208 0.542593 0.654687 0.541667
1 0.298177 0.514352 0.103646 0.067593 0.350000 0.480556 0.349479 0.481481 0.349479 0.485185 0.348958 0.486111 0.348958 0.488889 0.348438 0.489815 0.348438 0.492593 0.347917 0.493519 0.347917 0.496296 0.347396 0.497222 0.347396 0.500000 0.346875 0.500926 0.346875 0.503704 0.346354 0.504630 0.346354 0.507407 0.345833 0.508333 0.345833 0.512037 0.345313 0.512963 0.345313 0.513889 0.344792 0.514815 0.344792 0.516667 0.343229 0.519444 0.342708 0.519444 0.342187 0.520370 0.341146 0.520370 0.340625 0.521296 0.340104 0.521296 0.339583 0.522222 0.335417 0.522222 0.334896 0.523148 0.326562 0.523148 0.326042 0.524074 0.269271 0.524074 0.268750 0.523148 0.258854 0.523148 0.258333 0.522222 0.254688 0.522222 0.254167 0.521296 0.252083 0.521296 0.251563 0.520370 0.250521 0.520370 0.248438 0.516667 0.248438 0.518519 0.247917 0.519444 0.247917 0.521296 0.247396 0.522222 0.247396 0.523148 0.246875 0.524074 0.246875 0.525926 0.246354 0.526852 0.246354 0.537037 0.246875 0.537963 0.246875 0.538889 0.247396 0.539815 0.247396 0.540741 0.248958 0.543519 0.250000 0.543519 0.250521 0.544444 0.251563 0.544444 0.252083 0.545370 0.255208 0.545370 0.255729 0.546296 0.262500 0.546296 0.263021 0.547222 0.288021 0.547222 0.288542 0.548148 0.308854 0.548148 0.309375 0.547222 0.329688 0.547222 0.330208 0.546296 0.335417 0.546296 0.335938 0.545370 0.338542 0.545370 0.339062 0.544444 0.339583 0.544444 0.340104 0.543519 0.341146 0.543519 0.342187 0.541667 0.342187 0.540741 0.342708 0.539815 0.342708 0.538889 0.343229 0.537963 0.343229 0.535185 0.343750 0.534259 0.343750 0.531481 0.344271 0.530556 0.344271 0.527778 0.344792 0.526852 0.344792 0.523148 0.345313 0.522222 0.345313 0.519444 0.345833 0.518519 0.345833 0.515741 0.346354 0.514815 0.346354 0.512037 0.346875 0.511111 0.346875 0.508333 0.347396 0.507407 0.347396 0.497222 0.347917 0.496296 0.347917 0.493519 0.348438 0.492593 0.348438 0.489815 0.348958 0.488889 0.348958 0.486111 0.349479 0.485185 0.349479 0.482407 0.350000 0.481481
1 0.394531 0.528704 0.098437 0.040741 0.348438 0.508333 0.347917 0.509259 0.347917 0.512037 0.347396 0.512963 0.347396 0.515741 0.346875 0.516667 0.346875 0.519444 0.346354 0.520370 0.346354 0.523148 0.345833 0.524074 0.345833 0.527778 0.345313 0.528704 0.345313 0.537037 0.345833 0.537963 0.345833 0.538889 0.346354 0.539815 0.346354 0.541667 0.346875 0.542593 0.347396 0.542593 0.348438 0.544444 0.348958 0.544444 0.349479 0.545370 0.350521 0.545370 0.351042 0.546296 0.354687 0.546296 0.355208 0.547222 0.361979 0.547222 0.362500 0.548148 0.389583 0.548148 0.390104 0.549074 0.403125 0.549074 0.403646 0.548148 0.428646 0.548148 0.429167 0.547222 0.434375 0.547222 0.434896 0.546296 0.437500 0.546296 0.438021 0.545370 0.439063 0.545370 0.439583 0.544444 0.440104 0.544444 0.441667 0.541667 0.441667 0.539815 0.442188 0.538889 0.442188 0.536111 0.442708 0.535185 0.442708 0.526852 0.443229 0.525926 0.443229 0.518519 0.443750 0.517593 0.443750 0.512963 0.443229 0.513889 0.442708 0.513889 0.442188 0.514815 0.441146 0.514815 0.440625 0.515741 0.439063 0.515741 0.438542 0.516667 0.434896 0.516667 0.434375 0.517593 0.420833 0.517593 0.420312 0.518519 0.378125 0.518519 0.377604 0.517593 0.361979 0.517593 0.361458 0.516667 0.356250 0.516667 0.355729 0.515741 0.353646 0.515741 0.353125 0.514815 0.352083 0.514815 0.351562 0.513889 0.350521 0.513889 0.348438 0.510185
1 0.605469 0.514815 0.098437 0.072222 0.648438 0.478704 0.648438 0.481481 0.648958 0.482407 0.648958 0.487037 0.649479 0.487963 0.649479 0.491667 0.650000 0.492593 0.650000 0.496296 0.650521 0.497222 0.650521 0.500926 0.651042 0.501852 0.651042 0.510185 0.650521 0.511111 0.650521 0.512963 0.650000 0.513889 0.650000 0.514815 0.647917 0.518519 0.647396 0.518519 0.646875 0.519444 0.645833 0.519444 0.645312 0.520370 0.643229 0.520370 0.642708 0.521296 0.639062 0.521296 0.638542 0.522222 0.622396 0.522222 0.621875 0.523148 0.584375 0.523148 0.583854 0.522222 0.567187 0.522222 0.566667 0.521296 0.561458 0.521296 0.560937 0.520370 0.557813 0.520370 0.557292 0.519444 0.556250 0.519444 0.556250 0.521296 0.556771 0.522222 0.556771 0.536111 0.557292 0.537037 0.557292 0.540741 0.557813 0.541667 0.557813 0.543519 0.559375 0.546296 0.560417 0.546296 0.560937 0.547222 0.561458 0.547222 0.561979 0.548148 0.564583 0.548148 0.565104 0.549074 0.570312 0.549074 0.570833 0.550000 0.585938 0.550000 0.586458 0.550926 0.629167 0.550926 0.629687 0.550000 0.643229 0.550000 0.643750 0.549074 0.647396 0.549074 0.647917 0.548148 0.649479 0.548148 0.650000 0.547222 0.651042 0.547222 0.651563 0.546296 0.652083 0.546296 0.653125 0.544444 0.653125 0.543519 0.653646 0.542593 0.653646 0.541667 0.654167 0.540741 0.654167 0.537037 0.654687 0.536111 0.654687 0.534259 0.654167 0.533333 0.654167 0.528704 0.653646 0.527778 0.653646 0.523148 0.653125 0.522222 0.653125 0.518519 0.652604 0.517593 0.652604 0.513889 0.652083 0.512963 0.652083 0.509259 0.651563 0.508333 0.651563 0.504630 0.651042 0.503704 0.651042 0.499074 0.650521 0.498148 0.650521 0.494444 0.650000 0.493519 0.650000 0.489815 0.649479 0.488889 0.649479 0.485185 0.648958 0.484259 0.648958 0.480556 0.648438 0.479630
1 0.299219 0.479630 0.104688 0.087037 0.346354 0.436111 0.346354 0.438889 0.345833 0.439815 0.345833 0.442593 0.345313 0.443519 0.345313 0.446296 0.344792 0.447222 0.344792 0.450000 0.344271 0.450926 0.344271 0.453704 0.343750 0.454630 0.343750 0.457407 0.343229 0.458333 0.343229 0.460185 0.342708 0.461111 0.342708 0.463889 0.342187 0.464815 0.342187 0.467593 0.341667 0.468519 0.341667 0.471296 0.341146 0.472222 0.341146 0.474074 0.338021 0.479630 0.336979 0.479630 0.336458 0.480556 0.334375 0.480556 0.333854 0.481481 0.329688 0.481481 0.329167 0.482407 0.314063 0.482407 0.313542 0.483333 0.274479 0.483333 0.273958 0.482407 0.257812 0.482407 0.257292 0.481481 0.252083 0.481481 0.251563 0.482407 0.251563 0.484259 0.251042 0.485185 0.251042 0.486111 0.250521 0.487037 0.250521 0.488889 0.250000 0.489815 0.250000 0.490741 0.249479 0.491667 0.249479 0.493519 0.248958 0.494444 0.248958 0.496296 0.248438 0.497222 0.248438 0.498148 0.247917 0.499074 0.247917 0.500926 0.247396 0.501852 0.247396 0.506481 0.246875 0.507407 0.247396 0.508333 0.247396 0.512037 0.247917 0.512963 0.247917 0.514815 0.250521 0.519444 0.251563 0.519444 0.252083 0.520370 0.254167 0.520370 0.254688 0.521296 0.258333 0.521296 0.258854 0.522222 0.268750 0.522222 0.269271 0.523148 0.326042 0.523148 0.326562 0.522222 0.334896 0.522222 0.335417 0.521296 0.339583 0.521296 0.340104 0.520370 0.340625 0.520370 0.341146 0.519444 0.342187 0.519444 0.342708 0.518519 0.343229 0.518519 0.344271 0.516667 0.344271 0.514815 0.344792 0.513889 0.344792 0.512963 0.345313 0.512037 0.345313 0.508333 0.345833 0.507407 0.345833 0.504630 0.346354 0.503704 0.346354 0.500926 0.346875 0.500000 0.346875 0.497222 0.347396 0.496296 0.347396 0.493519 0.347917 0.492593 0.347917 0.489815 0.348438 0.488889 0.348438 0.486111 0.348958 0.485185 0.348958 0.481481 0.349479 0.480556 0.349479 0.478704 0.348958 0.477778 0.348958 0.475926 0.348438 0.475000 0.348438 0.466667 0.348958 0.465741 0.348958 0.462963 0.349479 0.462037 0.349479 0.459259 0.350000 0.458333 0.350000 0.455556 0.350521 0.454630 0.350521 0.451852 0.351042 0.450926 0.351042 0.447222 0.351562 0.446296 0.351042 0.445370 0.350000 0.445370 0.346875 0.439815 0.346875 0.437963 0.346354 0.437037
1 0.398438 0.481481 0.101042 0.072222 0.446875 0.477778 0.446875 0.478704 0.446354 0.479630 0.446354 0.480556 0.444792 0.483333 0.444271 0.483333 0.443750 0.484259 0.442708 0.484259 0.442188 0.485185 0.440625 0.485185 0.440104 0.486111 0.435937 0.486111 0.435417 0.487037 0.422396 0.487037 0.421875 0.487963 0.378646 0.487963 0.378125 0.487037 0.363021 0.487037 0.362500 0.486111 0.357292 0.486111 0.356771 0.485185 0.354687 0.485185 0.354167 0.484259 0.353125 0.484259 0.352604 0.483333 0.351562 0.483333 0.350521 0.481481 0.350000 0.482407 0.350000 0.485185 0.349479 0.486111 0.349479 0.488889 0.348958 0.489815 0.348958 0.492593 0.348438 0.493519 0.348438 0.496296 0.347917 0.497222 0.347917 0.504630 0.348438 0.505556 0.348438 0.507407 0.348958 0.508333 0.348958 0.510185 0.350521 0.512963 0.351562 0.512963 0.352083 0.513889 0.353125 0.513889 0.353646 0.514815 0.355729 0.514815 0.356250 0.515741 0.361458 0.515741 0.361979 0.516667 0.377604 0.516667 0.378125 0.517593 0.420312 0.517593 0.420833 0.516667 0.434375 0.516667 0.434896 0.515741 0.438542 0.515741 0.439063 0.514815 0.440625 0.514815 0.441146 0.513889 0.442188 0.513889 0.442708 0.512963 0.443229 0.512963 0.444792 0.510185 0.444792 0.508333 0.445312 0.507407 0.445312 0.503704 0.445833 0.502778 0.445833 0.494444 0.446354 0.493519 0.446354 0.485185 0.446875 0.484259
1 0.501563 0.463889 0.097917 0.118519 0.547917 0.404630 0.547917 0.407407 0.547396 0.408333 0.547396 0.410185 0.546875 0.411111 0.546875 0.418519 0.547396 0.419444 0.547396 0.437963 0.547917 0.438889 0.547917 0.458333 0.548438 0.459259 0.548438 0.474074 0.547917 0.475000 0.547917 0.475926 0.547396 0.476852 0.547396 0.478704 0.545833 0.481481 0.545312 0.481481 0.544792 0.482407 0.544271 0.482407 0.543750 0.483333 0.542708 0.483333 0.542188 0.484259 0.538542 0.484259 0.538021 0.485185 0.530208 0.485185 0.529687 0.486111 0.469792 0.486111 0.469271 0.485185 0.460417 0.485185 0.459896 0.484259 0.456250 0.484259 0.455729 0.483333 0.454688 0.483333 0.454167 0.482407 0.453646 0.482407 0.453646 0.489815 0.453125 0.490741 0.453125 0.500000 0.452604 0.500926 0.452604 0.512037 0.453125 0.512963 0.453125 0.514815 0.455729 0.519444 0.456771 0.519444 0.457292 0.520370 0.458333 0.520370 0.458854 0.521296 0.462500 0.521296 0.463021 0.522222 0.471875 0.522222 0.472396 0.523148 0.532813 0.523148 0.533333 0.522222 0.541146 0.522222 0.541667 0.521296 0.544792 0.521296 0.545312 0.520370 0.546354 0.520370 0.546875 0.519444 0.547917 0.519444 0.549479 0.516667 0.549479 0.515741 0.550000 0.514815 0.550000 0.513889 0.550521 0.512963 0.550521 0.492593 0.550000 0.491667 0.550000 0.474074 0.549479 0.473148 0.549479 0.454630 0.548958 0.453704 0.548958 0.436111 0.548438 0.435185 0.548438 0.417593 0.547917 0.416667
1 0.598177 0.374074 0.104688 0.296296 0.546354 0.225926 0.545833 0.226852 0.545833 0.238889 0.546354 0.239815 0.546354 0.256481 0.546875 0.257407 0.546875 0.274074 0.547396 0.275000 0.547396 0.291667 0.547917 0.292593 0.547917 0.308333 0.548438 0.309259 0.548438 0.325926 0.548958 0.326852 0.548958 0.346296 0.548438 0.347222 0.548438 0.356481 0.548958 0.357407 0.548958 0.372222 0.548438 0.373148 0.548438 0.376852 0.548958 0.377778 0.548958 0.394444 0.549479 0.395370 0.549479 0.412963 0.550000 0.413889 0.550000 0.430556 0.550521 0.431481 0.550521 0.449074 0.551042 0.450000 0.551042 0.466667 0.551562 0.467593 0.551562 0.485185 0.552083 0.486111 0.552083 0.503704 0.552604 0.504630 0.552604 0.511111 0.553125 0.512037 0.553125 0.513889 0.555208 0.517593 0.555729 0.517593 0.556250 0.518519 0.557292 0.518519 0.557813 0.519444 0.560937 0.519444 0.561458 0.520370 0.566667 0.520370 0.567187 0.521296 0.583854 0.521296 0.584375 0.522222 0.621875 0.522222 0.622396 0.521296 0.638542 0.521296 0.639062 0.520370 0.642708 0.520370 0.643229 0.519444 0.645312 0.519444 0.645833 0.518519 0.646875 0.518519 0.647396 0.517593 0.647917 0.517593 0.649479 0.514815 0.649479 0.513889 0.650000 0.512963 0.650000 0.511111 0.650521 0.510185 0.650521 0.501852 0.650000 0.500926 0.650000 0.497222 0.649479 0.496296 0.649479 0.492593 0.648958 0.491667 0.648958 0.487963 0.648438 0.487037 0.648438 0.482407 0.647917 0.481481 0.647917 0.479630 0.646875 0.479630 0.646354 0.480556 0.642188 0.480556 0.641667 0.481481 0.632292 0.481481 0.631771 0.482407 0.580208 0.482407 0.579688 0.481481 0.566667 0.481481 0.566146 0.480556 0.562500 0.480556 0.561979 0.479630 0.559896 0.479630 0.559375 0.478704 0.558333 0.478704 0.557813 0.477778 0.557292 0.477778 0.555729 0.475000 0.555729 0.474074 0.555208 0.473148 0.555208 0.472222 0.554688 0.471296 0.554688 0.464815 0.554167 0.463889 0.554167 0.448148 0.553646 0.447222 0.553646 0.431481 0.553125 0.430556 0.553125 0.415741 0.552604 0.414815 0.552604 0.399074 0.552083 0.398148 0.552083 0.382407 0.551562 0.381481 0.551562 0.369444 0.551042 0.368519 0.551042 0.353704 0.550521 0.352778 0.550521 0.337037 0.550000 0.336111 0.550000 0.320370 0.549479 0.319444 0.549479 0.303704 0.548958 0.302778 0.548958 0.287037 0.548438 0.286111 0.548438 0.271296 0.547917 0.270370 0.547917 0.254630 0.547396 0.253704 0.547396 0.237963 0.546875 0.237037 0.546875 0.225926
1 0.295573 0.449074 0.104688 0.066667 0.344271 0.415741 0.344271 0.417593 0.343750 0.418519 0.343750 0.421296 0.343229 0.422222 0.343229 0.425000 0.342708 0.425926 0.342708 0.428704 0.342187 0.429630 0.342187 0.431481 0.341667 0.432407 0.341667 0.435185 0.341146 0.436111 0.341146 0.438889 0.340625 0.439815 0.340625 0.440741 0.340104 0.441667 0.340104 0.442593 0.338542 0.445370 0.338021 0.445370 0.337500 0.446296 0.336458 0.446296 0.335938 0.447222 0.334375 0.447222 0.333854 0.448148 0.330208 0.448148 0.329688 0.449074 0.316667 0.449074 0.316146 0.450000 0.271354 0.450000 0.270833 0.449074 0.256250 0.449074 0.255729 0.448148 0.251042 0.448148 0.250521 0.447222 0.248438 0.447222 0.247917 0.446296 0.246875 0.446296 0.246875 0.448148 0.246354 0.449074 0.246354 0.450000 0.245833 0.450926 0.245833 0.452778 0.245312 0.453704 0.245312 0.454630 0.244792 0.455556 0.244792 0.457407 0.244271 0.458333 0.244271 0.460185 0.243750 0.461111 0.243750 0.464815 0.243229 0.465741 0.243229 0.466667 0.243750 0.467593 0.243750 0.471296 0.244271 0.472222 0.244271 0.473148 0.244792 0.474074 0.244792 0.475000 0.246354 0.477778 0.246875 0.477778 0.247396 0.478704 0.248438 0.478704 0.248958 0.479630 0.251563 0.479630 0.252083 0.480556 0.257292 0.480556 0.257812 0.481481 0.273958 0.481481 0.274479 0.482407 0.313542 0.482407 0.314063 0.481481 0.329167 0.481481 0.329688 0.480556 0.333854 0.480556 0.334375 0.479630 0.336458 0.479630 0.336979 0.478704 0.338021 0.478704 0.340625 0.474074 0.340625 0.472222 0.341146 0.471296 0.341146 0.468519 0.341667 0.467593 0.341667 0.464815 0.342187 0.463889 0.342187 0.461111 0.342708 0.460185 0.342708 0.458333 0.343229 0.457407 0.343229 0.454630 0.343750 0.453704 0.343750 0.450926 0.344271 0.450000 0.344271 0.447222 0.344792 0.446296 0.344792 0.443519 0.345313 0.442593 0.345313 0.439815 0.345833 0.438889 0.345833 0.436111 0.346354 0.435185 0.346354 0.427778 0.346875 0.426852 0.346875 0.424074 0.347396 0.423148 0.347396 0.420370 0.347917 0.419444 0.347396 0.418519 0.346354 0.418519 0.345833 0.417593 0.345313 0.417593
1 0.399479 0.418981 0.101042 0.136111 0.450000 0.350926 0.450000 0.358333 0.449479 0.359259 0.449479 0.366667 0.448958 0.367593 0.448958 0.375926 0.448437 0.376852 0.448437 0.384259 0.447917 0.385185 0.447917 0.392593 0.447396 0.393519 0.447396 0.401852 0.446875 0.402778 0.446875 0.410185 0.446354 0.411111 0.446354 0.418519 0.445833 0.419444 0.445833 0.427778 0.445312 0.428704 0.445312 0.436111 0.444792 0.437037 0.444792 0.438889 0.444271 0.439815 0.444271 0.441667 0.442188 0.445370 0.441146 0.445370 0.440625 0.446296 0.439583 0.446296 0.439063 0.447222 0.435937 0.447222 0.435417 0.448148 0.429167 0.448148 0.428646 0.449074 0.365625 0.449074 0.365104 0.448148 0.357292 0.448148 0.356771 0.447222 0.353125 0.447222 0.352604 0.446296 0.352083 0.446296 0.351562 0.447222 0.351562 0.450926 0.351042 0.451852 0.351042 0.454630 0.350521 0.455556 0.350521 0.458333 0.350000 0.459259 0.350000 0.462037 0.349479 0.462963 0.349479 0.465741 0.348958 0.466667 0.348958 0.475000 0.349479 0.475926 0.349479 0.477778 0.350000 0.478704 0.350000 0.479630 0.351562 0.482407 0.352604 0.482407 0.353125 0.483333 0.354167 0.483333 0.354687 0.484259 0.356771 0.484259 0.357292 0.485185 0.362500 0.485185 0.363021 0.486111 0.378125 0.486111 0.378646 0.487037 0.421875 0.487037 0.422396 0.486111 0.435417 0.486111 0.435937 0.485185 0.440104 0.485185 0.440625 0.484259 0.442188 0.484259 0.442708 0.483333 0.443750 0.483333 0.444271 0.482407 0.444792 0.482407 0.445833 0.480556 0.445833 0.479630 0.446354 0.478704 0.446354 0.477778 0.446875 0.476852 0.446875 0.471296 0.447396 0.470370 0.447396 0.462037 0.447917 0.461111 0.447917 0.452778 0.448437 0.451852 0.448437 0.444444 0.447917 0.443519 0.447917 0.442593 0.447396 0.441667 0.447396 0.440741 0.446875 0.439815 0.446875 0.429630 0.447396 0.428704 0.447396 0.421296 0.447917 0.420370 0.447917 0.412037 0.448437 0.411111 0.448437 0.402778 0.448958 0.401852 0.448958 0.394444 0.449479 0.393519 0.449479 0.385185 0.450000 0.384259 0.450000 0.374074 0.449479 0.373148 0.449479 0.360185 0.450000 0.359259
1 0.498958 0.448611 0.097917 0.073148 0.546354 0.412037 0.545312 0.413889 0.545312 0.414815 0.545833 0.415741 0.545833 0.440741 0.545312 0.441667 0.545312 0.442593 0.544792 0.443519 0.544792 0.444444 0.542708 0.448148 0.541667 0.448148 0.541146 0.449074 0.540104 0.449074 0.539583 0.450000 0.535937 0.450000 0.535417 0.450926 0.527604 0.450926 0.527083 0.451852 0.467187 0.451852 0.466667 0.450926 0.458333 0.450926 0.457813 0.450000 0.454167 0.450000 0.453646 0.449074 0.452083 0.449074 0.451562 0.448148 0.451042 0.448148 0.451042 0.452778 0.450521 0.453704 0.450521 0.462037 0.450000 0.462963 0.450000 0.474074 0.450521 0.475000 0.450521 0.476852 0.453125 0.481481 0.454167 0.481481 0.454688 0.482407 0.455729 0.482407 0.456250 0.483333 0.459896 0.483333 0.460417 0.484259 0.469271 0.484259 0.469792 0.485185 0.529687 0.485185 0.530208 0.484259 0.538021 0.484259 0.538542 0.483333 0.542188 0.483333 0.542708 0.482407 0.543750 0.482407 0.544271 0.481481 0.544792 0.481481 0.545312 0.480556 0.545833 0.480556 0.546875 0.478704 0.546875 0.476852 0.547396 0.475926 0.547396 0.475000 0.547917 0.474074 0.547917 0.459259 0.547396 0.458333 0.547396 0.438889 0.546875 0.437963 0.546875 0.419444 0.546354 0.418519
1 0.602344 0.430556 0.100521 0.101852 0.552083 0.379630 0.552083 0.381481 0.552604 0.382407 0.552604 0.398148 0.553125 0.399074 0.553125 0.414815 0.553646 0.415741 0.553646 0.430556 0.554167 0.431481 0.554167 0.447222 0.554688 0.448148 0.554688 0.463889 0.555208 0.464815 0.555208 0.471296 0.555729 0.472222 0.555729 0.473148 0.556250 0.474074 0.556250 0.475000 0.557292 0.476852 0.557813 0.476852 0.558333 0.477778 0.559375 0.477778 0.559896 0.478704 0.561979 0.478704 0.562500 0.479630 0.566146 0.479630 0.566667 0.480556 0.579688 0.480556 0.580208 0.481481 0.631771 0.481481 0.632292 0.480556 0.641667 0.480556 0.642188 0.479630 0.646354 0.479630 0.646875 0.478704 0.647917 0.478704 0.648438 0.477778 0.649479 0.477778 0.650521 0.475926 0.651042 0.475926 0.651563 0.475000 0.651563 0.474074 0.652083 0.473148 0.652083 0.471296 0.652604 0.470370 0.652604 0.460185 0.652083 0.459259 0.652083 0.455556 0.651563 0.454630 0.651563 0.453704 0.650521 0.453704 0.650000 0.454630 0.646354 0.454630 0.645833 0.455556 0.638021 0.455556 0.637500 0.456481 0.577083 0.456481 0.576562 0.455556 0.568229 0.455556 0.567708 0.454630 0.564063 0.454630 0.563542 0.453704 0.561979 0.453704 0.561458 0.452778 0.560417 0.452778 0.557813 0.448148 0.557813 0.447222 0.557292 0.446296 0.557292 0.445370 0.556771 0.444444 0.556771 0.434259 0.556250 0.433333 0.556250 0.419444 0.555729 0.418519 0.555729 0.412037 0.555208 0.411111 0.555208 0.410185 0.554688 0.409259 0.554688 0.408333 0.554167 0.407407 0.554167 0.401852 0.553646 0.400926 0.553646 0.386111 0.553125 0.385185 0.553125 0.383333 0.552083 0.381481
1 0.294271 0.414352 0.103125 0.069444 0.342708 0.400000 0.342708 0.401852 0.342187 0.402778 0.342187 0.405556 0.341667 0.406481 0.341667 0.409259 0.341146 0.410185 0.341146 0.412037 0.340625 0.412963 0.340625 0.413889 0.338021 0.418519 0.336979 0.418519 0.336458 0.419444 0.335417 0.419444 0.334896 0.420370 0.331250 0.420370 0.330729 0.421296 0.322396 0.421296 0.321875 0.422222 0.263542 0.422222 0.263021 0.421296 0.253646 0.421296 0.253125 0.420370 0.249479 0.420370 0.248958 0.419444 0.247396 0.419444 0.246875 0.418519 0.245833 0.418519 0.245312 0.417593 0.245312 0.418519 0.244792 0.419444 0.244792 0.421296 0.244271 0.422222 0.244271 0.423148 0.243750 0.424074 0.243750 0.425926 0.243229 0.426852 0.243229 0.428704 0.242708 0.429630 0.242708 0.435185 0.243229 0.436111 0.243229 0.438889 0.243750 0.439815 0.243750 0.440741 0.245833 0.444444 0.246354 0.444444 0.246875 0.445370 0.247917 0.445370 0.248438 0.446296 0.250521 0.446296 0.251042 0.447222 0.255729 0.447222 0.256250 0.448148 0.270833 0.448148 0.271354 0.449074 0.316146 0.449074 0.316667 0.448148 0.329688 0.448148 0.330208 0.447222 0.333854 0.447222 0.334375 0.446296 0.335938 0.446296 0.336458 0.445370 0.337500 0.445370 0.338021 0.444444 0.338542 0.444444 0.339583 0.442593 0.339583 0.441667 0.340104 0.440741 0.340104 0.439815 0.340625 0.438889 0.340625 0.436111 0.341146 0.435185 0.341146 0.432407 0.341667 0.431481 0.341667 0.429630 0.342187 0.428704 0.342187 0.425926 0.342708 0.425000 0.342708 0.422222 0.343229 0.421296 0.343229 0.418519 0.343750 0.417593 0.343750 0.413889 0.343229 0.412963 0.343229 0.412037 0.342708 0.411111 0.342708 0.406481 0.342187 0.405556 0.342708 0.404630
1 0.496354 0.413426 0.097917 0.075000 0.448958 0.402778 0.448958 0.411111 0.448437 0.412037 0.448437 0.420370 0.447917 0.421296 0.447917 0.428704 0.447396 0.429630 0.447396 0.439815 0.447917 0.440741 0.447917 0.441667 0.448437 0.442593 0.448437 0.443519 0.450521 0.447222 0.451562 0.447222 0.452083 0.448148 0.453646 0.448148 0.454167 0.449074 0.457813 0.449074 0.458333 0.450000 0.466667 0.450000 0.467187 0.450926 0.527083 0.450926 0.527604 0.450000 0.535417 0.450000 0.535937 0.449074 0.539583 0.449074 0.540104 0.448148 0.541146 0.448148 0.541667 0.447222 0.542708 0.447222 0.544271 0.444444 0.544271 0.443519 0.544792 0.442593 0.544792 0.441667 0.545312 0.440741 0.545312 0.415741 0.544792 0.414815 0.544792 0.413889 0.544271 0.413889 0.543750 0.414815 0.542708 0.414815 0.542188 0.415741 0.540104 0.415741 0.539583 0.416667 0.534375 0.416667 0.533854 0.417593 0.516667 0.417593 0.516146 0.418519 0.483333 0.418519 0.482812 0.417593 0.465104 0.417593 0.464583 0.416667 0.458333 0.416667 0.457813 0.415741 0.455208 0.415741 0.454688 0.414815 0.453646 0.414815 0.453125 0.413889 0.452083 0.413889 0.450000 0.410185 0.450000 0.409259 0.449479 0.408333 0.449479 0.406481 0.448958 0.405556
1 0.605990 0.431944 0.099479 0.047222 0.652604 0.408333 0.652604 0.409259 0.652083 0.410185 0.652083 0.411111 0.650521 0.413889 0.650000 0.413889 0.649479 0.414815 0.648438 0.414815 0.647917 0.415741 0.646875 0.415741 0.646354 0.416667 0.642708 0.416667 0.642188 0.417593 0.632812 0.417593 0.632292 0.418519 0.578646 0.418519 0.578125 0.417593 0.566146 0.417593 0.565625 0.416667 0.561979 0.416667 0.561458 0.415741 0.559375 0.415741 0.558854 0.414815 0.557813 0.414815 0.557292 0.413889 0.556771 0.413889 0.556250 0.412963 0.556250 0.418519 0.556771 0.419444 0.556771 0.433333 0.557292 0.434259 0.557292 0.444444 0.557813 0.445370 0.557813 0.446296 0.558333 0.447222 0.558333 0.448148 0.560417 0.451852 0.561458 0.451852 0.561979 0.452778 0.563542 0.452778 0.564063 0.453704 0.567708 0.453704 0.568229 0.454630 0.576562 0.454630 0.577083 0.455556 0.637500 0.455556 0.638021 0.454630 0.645833 0.454630 0.646354 0.453704 0.650000 0.453704 0.650521 0.452778 0.651563 0.452778 0.652083 0.451852 0.652604 0.451852 0.653125 0.450926 0.653646 0.450926 0.654687 0.449074 0.654687 0.448148 0.655208 0.447222 0.655208 0.445370 0.655729 0.444444 0.655729 0.434259 0.655208 0.433333 0.655208 0.429630 0.654687 0.428704 0.654687 0.425926 0.654167 0.425000 0.654167 0.421296 0.653646 0.420370 0.653646 0.416667 0.653125 0.415741 0.653125 0.412037 0.652604 0.411111
1 0.294792 0.383796 0.105208 0.075000 0.347396 0.346296 0.346875 0.347222 0.346875 0.349074 0.346354 0.350000 0.346354 0.352778 0.345833 0.353704 0.345833 0.356481 0.345313 0.357407 0.345313 0.359259 0.344792 0.360185 0.344792 0.362963 0.344271 0.363889 0.344271 0.365741 0.343750 0.366667 0.343750 0.369444 0.343229 0.370370 0.343229 0.373148 0.342708 0.374074 0.342708 0.375926 0.342187 0.376852 0.342187 0.378704 0.341667 0.379630 0.341667 0.381481 0.339583 0.385185 0.338542 0.385185 0.338021 0.386111 0.336979 0.386111 0.336458 0.387037 0.333333 0.387037 0.332813 0.387963 0.326042 0.387963 0.325521 0.388889 0.261458 0.388889 0.260937 0.387963 0.253646 0.387963 0.253125 0.387037 0.249479 0.387037 0.248958 0.386111 0.247917 0.386111 0.247396 0.385185 0.245833 0.385185 0.245833 0.387037 0.245312 0.387963 0.245312 0.388889 0.244792 0.389815 0.244792 0.390741 0.244271 0.391667 0.244271 0.393519 0.243750 0.394444 0.243750 0.395370 0.243229 0.396296 0.243229 0.398148 0.242708 0.399074 0.242708 0.400926 0.242188 0.401852 0.242188 0.407407 0.242708 0.408333 0.242708 0.411111 0.243229 0.412037 0.243229 0.412963 0.243750 0.413889 0.243750 0.414815 0.244792 0.416667 0.245312 0.416667 0.245833 0.417593 0.246875 0.417593 0.247396 0.418519 0.248958 0.418519 0.249479 0.419444 0.253125 0.419444 0.253646 0.420370 0.263021 0.420370 0.263542 0.421296 0.321875 0.421296 0.322396 0.420370 0.330729 0.420370 0.331250 0.419444 0.334896 0.419444 0.335417 0.418519 0.336458 0.418519 0.336979 0.417593 0.338021 0.417593 0.340104 0.413889 0.340104 0.412963 0.340625 0.412037 0.340625 0.410185 0.341146 0.409259 0.341146 0.406481 0.341667 0.405556 0.341667 0.402778 0.342187 0.401852 0.342187 0.400000 0.342708 0.399074 0.342708 0.396296 0.343229 0.395370 0.343229 0.392593 0.343750 0.391667 0.343750 0.389815 0.344271 0.388889 0.344271 0.386111 0.344792 0.385185 0.344792 0.382407 0.345313 0.381481 0.345313 0.377778 0.344792 0.376852 0.344792 0.375926 0.344271 0.375000 0.344271 0.363889 0.344792 0.362963 0.344792 0.361111 0.345313 0.360185 0.345313 0.357407 0.345833 0.356481 0.345833 0.353704 0.346354 0.352778 0.346354 0.350926 0.346875 0.350000 0.346875 0.347222
1 0.400260 0.287500 0.115104 0.267593 0.453125 0.225926 0.453125 0.232407 0.452604 0.233333 0.452604 0.240741 0.452083 0.241667 0.452083 0.249074 0.451562 0.250000 0.451562 0.256481 0.451042 0.257407 0.451042 0.264815 0.450521 0.265741 0.450521 0.273148 0.450000 0.274074 0.450000 0.281481 0.449479 0.282407 0.449479 0.288889 0.448958 0.289815 0.448958 0.297222 0.448437 0.298148 0.448437 0.305556 0.447917 0.306481 0.447917 0.312963 0.447396 0.313889 0.447396 0.321296 0.446875 0.322222 0.446875 0.329630 0.446354 0.330556 0.446354 0.337037 0.445833 0.337963 0.445833 0.345370 0.445312 0.346296 0.445312 0.353704 0.444792 0.354630 0.444792 0.361111 0.444271 0.362037 0.444271 0.369444 0.443750 0.370370 0.443750 0.375926 0.443229 0.376852 0.443229 0.377778 0.442708 0.378704 0.442708 0.379630 0.441146 0.382407 0.440625 0.382407 0.440104 0.383333 0.439063 0.383333 0.438542 0.384259 0.436979 0.384259 0.436458 0.385185 0.432812 0.385185 0.432292 0.386111 0.421875 0.386111 0.421354 0.387037 0.370833 0.387037 0.370312 0.386111 0.357292 0.386111 0.356771 0.385185 0.352604 0.385185 0.352083 0.384259 0.350000 0.384259 0.349479 0.383333 0.348438 0.383333 0.347917 0.382407 0.347396 0.382407 0.346354 0.380556 0.346354 0.381481 0.345833 0.382407 0.345833 0.384259 0.345313 0.385185 0.345313 0.387963 0.344792 0.388889 0.344792 0.391667 0.344271 0.392593 0.344271 0.395370 0.343750 0.396296 0.343750 0.398148 0.343229 0.399074 0.343229 0.404630 0.342708 0.405556 0.343229 0.406481 0.343229 0.411111 0.343750 0.412037 0.343750 0.412963 0.344271 0.413889 0.344271 0.414815 0.345313 0.416667 0.345833 0.416667 0.346354 0.417593 0.347396 0.417593 0.347917 0.418519 0.349479 0.418519 0.350000 0.419444 0.353646 0.419444 0.354167 0.420370 0.362500 0.420370 0.363021 0.421296 0.423958 0.421296 0.424479 0.420370 0.431771 0.420370 0.432292 0.419444 0.435937 0.419444 0.436458 0.418519 0.437500 0.418519 0.438021 0.417593 0.439063 0.417593 0.440625 0.414815 0.440625 0.413889 0.441146 0.412963 0.441146 0.411111 0.441667 0.410185 0.441667 0.403704 0.442188 0.402778 0.442188 0.395370 0.442708 0.394444 0.442708 0.387037 0.443229 0.386111 0.443229 0.379630 0.443750 0.378704 0.443750 0.371296 0.444271 0.370370 0.444271 0.362963 0.444792 0.362037 0.444792 0.354630 0.445312 0.353704 0.445312 0.347222 0.445833 0.346296 0.445833 0.338889 0.446354 0.337963 0.446354 0.330556 0.446875 0.329630 0.446875 0.322222 0.447396 0.321296 0.447396 0.314815 0.447917 0.313889 0.447917 0.306481 0.448437 0.305556 0.448437 0.298148 0.448958 0.297222 0.448958 0.289815 0.449479 0.288889 0.449479 0.282407 0.450000 0.281481 0.450000 0.274074 0.450521 0.273148 0.450521 0.265741 0.451042 0.264815 0.451042 0.257407 0.451562 0.256481 0.451562 0.250000 0.452083 0.249074 0.452083 0.241667 0.452604 0.240741 0.452604 0.233333 0.453125 0.232407
1 0.498698 0.397685 0.098437 0.039815 0.450521 0.377778 0.450521 0.386111 0.450000 0.387037 0.450000 0.394444 0.449479 0.395370 0.449479 0.405556 0.450000 0.406481 0.450000 0.408333 0.450521 0.409259 0.450521 0.410185 0.452083 0.412963 0.453125 0.412963 0.453646 0.413889 0.454688 0.413889 0.455208 0.414815 0.457813 0.414815 0.458333 0.415741 0.464583 0.415741 0.465104 0.416667 0.482812 0.416667 0.483333 0.417593 0.516146 0.417593 0.516667 0.416667 0.533854 0.416667 0.534375 0.415741 0.539583 0.415741 0.540104 0.414815 0.542188 0.414815 0.542708 0.413889 0.543750 0.413889 0.544271 0.412963 0.545312 0.412963 0.546875 0.410185 0.546875 0.408333 0.547396 0.407407 0.547396 0.404630 0.547917 0.403704 0.547917 0.395370 0.547396 0.394444 0.547396 0.377778 0.545833 0.380556 0.544792 0.380556 0.544271 0.381481 0.543229 0.381481 0.542708 0.382407 0.540104 0.382407 0.539583 0.383333 0.534375 0.383333 0.533854 0.384259 0.515104 0.384259 0.514583 0.385185 0.488021 0.385185 0.487500 0.384259 0.466146 0.384259 0.465625 0.383333 0.459375 0.383333 0.458854 0.382407 0.455729 0.382407 0.455208 0.381481 0.454167 0.381481 0.453646 0.380556 0.452604 0.380556 0.451042 0.377778
1 0.603385 0.399537 0.099479 0.036111 0.651042 0.381481 0.650521 0.382407 0.650521 0.383333 0.648438 0.387037 0.647396 0.387037 0.646875 0.387963 0.645833 0.387963 0.645312 0.388889 0.642188 0.388889 0.641667 0.389815 0.634375 0.389815 0.633854 0.390741 0.571354 0.390741 0.570833 0.389815 0.562500 0.389815 0.561979 0.388889 0.558333 0.388889 0.557813 0.387963 0.556771 0.387963 0.556250 0.387037 0.555208 0.387037 0.553646 0.384259 0.553646 0.385185 0.554167 0.386111 0.554167 0.400926 0.554688 0.401852 0.554688 0.407407 0.555208 0.408333 0.555208 0.409259 0.555729 0.410185 0.555729 0.411111 0.556771 0.412963 0.557292 0.412963 0.557813 0.413889 0.558854 0.413889 0.559375 0.414815 0.561458 0.414815 0.561979 0.415741 0.565625 0.415741 0.566146 0.416667 0.578125 0.416667 0.578646 0.417593 0.632292 0.417593 0.632812 0.416667 0.642188 0.416667 0.642708 0.415741 0.646354 0.415741 0.646875 0.414815 0.647917 0.414815 0.648438 0.413889 0.649479 0.413889 0.650000 0.412963 0.650521 0.412963 0.651563 0.411111 0.651563 0.410185 0.652083 0.409259 0.652083 0.408333 0.652604 0.407407 0.652604 0.404630 0.653125 0.403704 0.653125 0.400000 0.652604 0.399074 0.652604 0.394444 0.652083 0.393519 0.652083 0.390741 0.651563 0.389815 0.651563 0.386111 0.651042 0.385185
1 0.310677 0.253241 0.134896 0.269444 0.377604 0.118519 0.377604 0.120370 0.377083 0.121296 0.377083 0.123148 0.376563 0.124074 0.376563 0.126852 0.376042 0.127778 0.376042 0.129630 0.375521 0.130556 0.375521 0.133333 0.375000 0.134259 0.375000 0.136111 0.374479 0.137037 0.374479 0.139815 0.373958 0.140741 0.373958 0.142593 0.373437 0.143519 0.373437 0.146296 0.372917 0.147222 0.372917 0.149074 0.372396 0.150000 0.372396 0.152778 0.371875 0.153704 0.371875 0.155556 0.371354 0.156481 0.371354 0.159259 0.370833 0.160185 0.370833 0.162037 0.370312 0.162963 0.370312 0.165741 0.369792 0.166667 0.369792 0.168519 0.369271 0.169444 0.369271 0.172222 0.368750 0.173148 0.368750 0.175000 0.368229 0.175926 0.368229 0.178704 0.367708 0.179630 0.367708 0.181481 0.367188 0.182407 0.367188 0.185185 0.366667 0.186111 0.366667 0.187963 0.366146 0.188889 0.366146 0.191667 0.365625 0.192593 0.365625 0.194444 0.365104 0.195370 0.365104 0.198148 0.364583 0.199074 0.364583 0.200926 0.364063 0.201852 0.364063 0.204630 0.363542 0.205556 0.363542 0.207407 0.363021 0.208333 0.363021 0.211111 0.362500 0.212037 0.362500 0.213889 0.361979 0.214815 0.361979 0.217593 0.361458 0.218519 0.361458 0.220370 0.360938 0.221296 0.360938 0.224074 0.360417 0.225000 0.360417 0.226852 0.359896 0.227778 0.359896 0.230556 0.359375 0.231481 0.359375 0.233333 0.358854 0.234259 0.358854 0.237037 0.358333 0.237963 0.358333 0.239815 0.357812 0.240741 0.357812 0.243519 0.357292 0.244444 0.357292 0.246296 0.356771 0.247222 0.356771 0.250000 0.356250 0.250926 0.356250 0.253704 0.355729 0.254630 0.355729 0.256481 0.355208 0.257407 0.355208 0.260185 0.354687 0.261111 0.354687 0.262963 0.354167 0.263889 0.354167 0.266667 0.353646 0.267593 0.353646 0.269444 0.353125 0.270370 0.353125 0.273148 0.352604 0.274074 0.352604 0.275926 0.352083 0.276852 0.352083 0.279630 0.351562 0.280556 0.351562 0.282407 0.351042 0.283333 0.351042 0.286111 0.350521 0.287037 0.350521 0.288889 0.350000 0.289815 0.350000 0.292593 0.349479 0.293519 0.349479 0.295370 0.348958 0.296296 0.348958 0.299074 0.348438 0.300000 0.348438 0.301852 0.347917 0.302778 0.347917 0.305556 0.347396 0.306481 0.347396 0.308333 0.346875 0.309259 0.346875 0.312037 0.346354 0.312963 0.346354 0.314815 0.345833 0.315741 0.345833 0.318519 0.345313 0.319444 0.345313 0.321296 0.344792 0.322222 0.344792 0.325000 0.344271 0.325926 0.344271 0.327778 0.343750 0.328704 0.343750 0.331481 0.343229 0.332407 0.343229 0.334259 0.342708 0.335185 0.342708 0.337963 0.342187 0.338889 0.342187 0.340741 0.341667 0.341667 0.341667 0.344444 0.341146 0.345370 0.341146 0.346296 0.340625 0.347222 0.340625 0.348148 0.338542 0.351852 0.337500 0.351852 0.336979 0.352778 0.335938 0.352778 0.335417 0.353704 0.331771 0.353704 0.331250 0.354630 0.323437 0.354630 0.322917 0.355556 0.261979 0.355556 0.261458 0.354630 0.253125 0.354630 0.252604 0.353704 0.248958 0.353704 0.248438 0.352778 0.246875 0.352778 0.246354 0.353704 0.246354 0.354630 0.245833 0.355556 0.245833 0.357407 0.245312 0.358333 0.245312 0.359259 0.244792 0.360185 0.244792 0.361111 0.244271 0.362037 0.244271 0.362963 0.243750 0.363889 0.243750 0.365741 0.243229 0.366667 0.243229 0.376852 0.243750 0.377778 0.243750 0.378704 0.244271 0.379630 0.244271 0.380556 0.246354 0.384259 0.247396 0.384259 0.247917 0.385185 0.248958 0.385185 0.249479 0.386111 0.253125 0.386111 0.253646 0.387037 0.260937 0.387037 0.261458 0.387963 0.325521 0.387963 0.326042 0.387037 0.332813 0.387037 0.333333 0.386111 0.336458 0.386111 0.336979 0.385185 0.338021 0.385185 0.338542 0.384259 0.339583 0.384259 0.341146 0.381481 0.341146 0.379630 0.341667 0.378704 0.341667 0.376852 0.342187 0.375926 0.342187 0.374074 0.342708 0.373148 0.342708 0.370370 0.343229 0.369444 0.343229 0.366667 0.343750 0.365741 0.343750 0.363889 0.344271 0.362963 0.344271 0.360185 0.344792 0.359259 0.344792 0.357407 0.345313 0.356481 0.345313 0.353704 0.345833 0.352778 0.345833 0.350000 0.346354 0.349074 0.346354 0.347222 0.346875 0.346296 0.346875 0.345370 0.345833 0.343519 0.345833 0.342593 0.345313 0.341667 0.345313 0.340741 0.344792 0.339815 0.344792 0.329630 0.345313 0.328704 0.345313 0.326852 0.345833 0.325926 0.345833 0.323148 0.346354 0.322222 0.346354 0.320370 0.346875 0.319444 0.346875 0.316667 0.347396 0.315741 0.347396 0.312963 0.347917 0.312037 0.347917 0.310185 0.348438 0.309259 0.348438 0.306481 0.348958 0.305556 0.348958 0.303704 0.349479 0.302778 0.349479 0.300000 0.350000 0.299074 0.350000 0.297222 0.350521 0.296296 0.350521 0.293519 0.351042 0.292593 0.351042 0.290741 0.351562 0.289815 0.351562 0.287037 0.352083 0.286111 0.352083 0.283333 0.352604 0.282407 0.352604 0.280556 0.353125 0.279630 0.353125 0.276852 0.353646 0.275926 0.353646 0.274074 0.354167 0.273148 0.354167 0.270370 0.354687 0.269444 0.354687 0.267593 0.355208 0.266667 0.355208 0.263889 0.355729 0.262963 0.355729 0.261111 0.356250 0.260185 0.356250 0.257407 0.356771 0.256481 0.356771 0.254630 0.357292 0.253704 0.357292 0.250926 0.357812 0.250000 0.357812 0.247222 0.358333 0.246296 0.358333 0.244444 0.358854 0.243519 0.358854 0.240741 0.359375 0.239815 0.359375 0.237963 0.359896 0.237037 0.359896 0.234259 0.360417 0.233333 0.360417 0.231481 0.360938 0.230556 0.360938 0.227778 0.361458 0.226852 0.361458 0.225000 0.361979 0.224074 0.361979 0.221296 0.362500 0.220370 0.362500 0.218519 0.363021 0.217593 0.363021 0.214815 0.363542 0.213889 0.363542 0.211111 0.364063 0.210185 0.364063 0.208333 0.364583 0.207407 0.364583 0.204630 0.365104 0.203704 0.365104 0.201852 0.365625 0.200926 0.365625 0.198148 0.366146 0.197222 0.366146 0.195370 0.366667 0.194444 0.366667 0.191667 0.367188 0.190741 0.367188 0.188889 0.367708 0.187963 0.367708 0.185185 0.368229 0.184259 0.368229 0.181481 0.368750 0.180556 0.368750 0.178704 0.369271 0.177778 0.369271 0.175000 0.369792 0.174074 0.369792 0.172222 0.370312 0.171296 0.370312 0.168519 0.370833 0.167593 0.370833 0.165741 0.371354 0.164815 0.371354 0.162037 0.371875 0.161111 0.371875 0.159259 0.372396 0.158333 0.372396 0.155556 0.372917 0.154630 0.372917 0.152778 0.373437 0.151852 0.373437 0.149074 0.373958 0.148148 0.373958 0.145370 0.374479 0.144444 0.374479 0.142593 0.375000 0.141667 0.375000 0.138889 0.375521 0.137963 0.375521 0.136111 0.376042 0.135185 0.376042 0.132407 0.376563 0.131481 0.376563 0.129630 0.377083 0.128704 0.377083 0.125926 0.377604 0.125000 0.377604 0.123148 0.378125 0.122222 0.378125 0.119444
1 0.402083 0.253704 0.114583 0.264815 0.458854 0.121296 0.458854 0.125926 0.458333 0.126852 0.458333 0.133333 0.457813 0.134259 0.457813 0.141667 0.457292 0.142593 0.457292 0.149074 0.456771 0.150000 0.456771 0.157407 0.456250 0.158333 0.456250 0.164815 0.455729 0.165741 0.455729 0.173148 0.455208 0.174074 0.455208 0.180556 0.454688 0.181481 0.454688 0.188889 0.454167 0.189815 0.454167 0.196296 0.453646 0.197222 0.453646 0.204630 0.453125 0.205556 0.453125 0.212037 0.452604 0.212963 0.452604 0.220370 0.452083 0.221296 0.452083 0.227778 0.451562 0.228704 0.451562 0.236111 0.451042 0.237037 0.451042 0.243519 0.450521 0.244444 0.450521 0.251852 0.450000 0.252778 0.450000 0.259259 0.449479 0.260185 0.449479 0.267593 0.448958 0.268519 0.448958 0.275000 0.448437 0.275926 0.448437 0.283333 0.447917 0.284259 0.447917 0.290741 0.447396 0.291667 0.447396 0.299074 0.446875 0.300000 0.446875 0.306481 0.446354 0.307407 0.446354 0.314815 0.445833 0.315741 0.445833 0.322222 0.445312 0.323148 0.445312 0.330556 0.444792 0.331481 0.444792 0.337963 0.444271 0.338889 0.444271 0.341667 0.443750 0.342593 0.443750 0.343519 0.441146 0.348148 0.440104 0.348148 0.439583 0.349074 0.438542 0.349074 0.438021 0.350000 0.434375 0.350000 0.433854 0.350926 0.426042 0.350926 0.425521 0.351852 0.365625 0.351852 0.365104 0.350926 0.356250 0.350926 0.355729 0.350000 0.352083 0.350000 0.351562 0.349074 0.350000 0.349074 0.349479 0.348148 0.348958 0.348148 0.348438 0.347222 0.347396 0.347222 0.347396 0.350000 0.346875 0.350926 0.346875 0.352778 0.346354 0.353704 0.346354 0.356481 0.345833 0.357407 0.345833 0.360185 0.345313 0.361111 0.345313 0.362963 0.344792 0.363889 0.344792 0.375000 0.345313 0.375926 0.345313 0.376852 0.345833 0.377778 0.345833 0.378704 0.347396 0.381481 0.347917 0.381481 0.348438 0.382407 0.349479 0.382407 0.350000 0.383333 0.352083 0.383333 0.352604 0.384259 0.356771 0.384259 0.357292 0.385185 0.370312 0.385185 0.370833 0.386111 0.421354 0.386111 0.421875 0.385185 0.432292 0.385185 0.432812 0.384259 0.436458 0.384259 0.436979 0.383333 0.438542 0.383333 0.439063 0.382407 0.440104 0.382407 0.440625 0.381481 0.441146 0.381481 0.442188 0.379630 0.442188 0.378704 0.442708 0.377778 0.442708 0.376852 0.443229 0.375926 0.443229 0.370370 0.443750 0.369444 0.443750 0.362037 0.444271 0.361111 0.444271 0.354630 0.444792 0.353704 0.444792 0.346296 0.445312 0.345370 0.445312 0.337963 0.445833 0.337037 0.445833 0.330556 0.446354 0.329630 0.446354 0.322222 0.446875 0.321296 0.446875 0.313889 0.447396 0.312963 0.447396 0.306481 0.447917 0.305556 0.447917 0.298148 0.448437 0.297222 0.448437 0.289815 0.448958 0.288889 0.448958 0.282407 0.449479 0.281481 0.449479 0.274074 0.450000 0.273148 0.450000 0.265741 0.450521 0.264815 0.450521 0.257407 0.451042 0.256481 0.451042 0.250000 0.451562 0.249074 0.451562 0.241667 0.452083 0.240741 0.452083 0.233333 0.452604 0.232407 0.452604 0.225926 0.453125 0.225000 0.453125 0.217593 0.453646 0.216667 0.453646 0.209259 0.454167 0.208333 0.454167 0.201852 0.454688 0.200926 0.454688 0.193519 0.455208 0.192593 0.455208 0.185185 0.455729 0.184259 0.455729 0.177778 0.456250 0.176852 0.456250 0.169444 0.456771 0.168519 0.456771 0.161111 0.457292 0.160185 0.457292 0.153704 0.457813 0.152778 0.457813 0.145370 0.458333 0.144444 0.458333 0.137037 0.458854 0.136111 0.458854 0.128704 0.459375 0.127778 0.459375 0.125000 0.458854 0.124074
1 0.499219 0.367130 0.098437 0.034259 0.547917 0.350000 0.547917 0.350926 0.546354 0.353704 0.545833 0.353704 0.545312 0.354630 0.544271 0.354630 0.543750 0.355556 0.543229 0.355556 0.542708 0.356481 0.539062 0.356481 0.538542 0.357407 0.530208 0.357407 0.529687 0.358333 0.468750 0.358333 0.468229 0.357407 0.459896 0.357407 0.459375 0.356481 0.455729 0.356481 0.455208 0.355556 0.453646 0.355556 0.453125 0.354630 0.452604 0.354630 0.452083 0.353704 0.451562 0.353704 0.450521 0.351852 0.450521 0.359259 0.450000 0.360185 0.450000 0.373148 0.450521 0.374074 0.450521 0.375000 0.451042 0.375926 0.451042 0.376852 0.452604 0.379630 0.453646 0.379630 0.454167 0.380556 0.455208 0.380556 0.455729 0.381481 0.458854 0.381481 0.459375 0.382407 0.465625 0.382407 0.466146 0.383333 0.487500 0.383333 0.488021 0.384259 0.514583 0.384259 0.515104 0.383333 0.533854 0.383333 0.534375 0.382407 0.539583 0.382407 0.540104 0.381481 0.542708 0.381481 0.543229 0.380556 0.544271 0.380556 0.544792 0.379630 0.545833 0.379630 0.547396 0.376852 0.547396 0.375926 0.547917 0.375000 0.547917 0.373148 0.548438 0.372222 0.548438 0.357407 0.547917 0.356481
1 0.597656 0.256019 0.106771 0.267593 0.544792 0.122222 0.544792 0.124074 0.544271 0.125000 0.544271 0.138889 0.544792 0.139815 0.544792 0.154630 0.545312 0.155556 0.545312 0.171296 0.545833 0.172222 0.545833 0.187963 0.546354 0.188889 0.546354 0.204630 0.546875 0.205556 0.546875 0.220370 0.547396 0.221296 0.547396 0.237037 0.547917 0.237963 0.547917 0.253704 0.548438 0.254630 0.548438 0.270370 0.548958 0.271296 0.548958 0.286111 0.549479 0.287037 0.549479 0.302778 0.550000 0.303704 0.550000 0.319444 0.550521 0.320370 0.550521 0.336111 0.551042 0.337037 0.551042 0.352778 0.551562 0.353704 0.551562 0.368519 0.552083 0.369444 0.552083 0.378704 0.552604 0.379630 0.552604 0.381481 0.555208 0.386111 0.556250 0.386111 0.556771 0.387037 0.557813 0.387037 0.558333 0.387963 0.561979 0.387963 0.562500 0.388889 0.570833 0.388889 0.571354 0.389815 0.633854 0.389815 0.634375 0.388889 0.641667 0.388889 0.642188 0.387963 0.645312 0.387963 0.645833 0.387037 0.646875 0.387037 0.647396 0.386111 0.648438 0.386111 0.650000 0.383333 0.650000 0.382407 0.650521 0.381481 0.650521 0.380556 0.651042 0.379630 0.651042 0.367593 0.650521 0.366667 0.650521 0.363889 0.650000 0.362963 0.650000 0.359259 0.649479 0.358333 0.649479 0.354630 0.648958 0.353704 0.648958 0.350926 0.648438 0.350000 0.648438 0.346296 0.647917 0.345370 0.647396 0.346296 0.646354 0.346296 0.645833 0.347222 0.644271 0.347222 0.643750 0.348148 0.640104 0.348148 0.639583 0.349074 0.629167 0.349074 0.628646 0.350000 0.578125 0.350000 0.577604 0.349074 0.564583 0.349074 0.564063 0.348148 0.559896 0.348148 0.559375 0.347222 0.557292 0.347222 0.556771 0.346296 0.555729 0.346296 0.555208 0.345370 0.554688 0.345370 0.552604 0.341667 0.552604 0.339815 0.552083 0.338889 0.552083 0.337037 0.551562 0.336111 0.551562 0.323148 0.551042 0.322222 0.551042 0.307407 0.550521 0.306481 0.550521 0.291667 0.550000 0.290741 0.550000 0.275926 0.549479 0.275000 0.549479 0.260185 0.548958 0.259259 0.548958 0.244444 0.548438 0.243519 0.548438 0.228704 0.547917 0.227778 0.547917 0.212963 0.547396 0.212037 0.547396 0.197222 0.546875 0.196296 0.546875 0.181481 0.546354 0.180556 0.546354 0.165741 0.545833 0.164815 0.545833 0.150000 0.545312 0.149074 0.545312 0.133333 0.544792 0.132407